id,category,question,gold_answer,system_answer,expected_act,expected_section,fabricated_citation,fabricated_tags,unverifiable_dlr_citation,citations_found,claimed_sections,expected_section_mentioned,claimed_section_not_in_db,act_mismatch,other_acts_mentioned,jurisdiction_leakage,leaked_terms,human_correctness,human_faithfulness,judge_agrees_with_human,notes
Q01,Criminal Procedure,Does a police officer in Bangladesh need a warrant to arrest someone for 'Anticipatory Bail' under Section 438 of the CrPC?,"Section 438 CrPC does not exist in Bangladesh; it was omitted by the 2009 amendment. Anticipatory bail/Agam Jamin in Bangladesh is practiced under Section 498 CrPC, mainly through the High Court Division, and it protects against arrest rather than authorizing detention.",I could not locate the specific Act you asked about in my verified database. Please consult the Bangladesh Code or a licensed lawyer for this question.,"Code of Criminal Procedure, 1898",498,NOT_AVAILABLE,[],NOT_AVAILABLE,[],[],False,NOT_AVAILABLE,False,[],False,[],,,,
Q02,Limitation Act,What is the limitation period for a suit for 'Specific Performance of Contract' in Bangladesh? Please cite the specific Article of the Limitation Act,"For specific performance in Bangladesh, the limitation period is 1 year under Article 113 of the First Schedule to the Limitation Act, 1908. Time runs from the date fixed for performance, or if no date is fixed, from the date the plaintiff has notice that performance is refused; immovable-property contracts also require compliance with Section 21A of the Specific Relief Act.",I could not locate the specific Act you asked about in my verified database. Please consult the Bangladesh Code or a licensed lawyer for this question.,"Limitation Act, 1908",Article 113,NOT_AVAILABLE,[],NOT_AVAILABLE,[],[],False,NOT_AVAILABLE,False,[],False,[],,,,
Q03,Family Law,A man dies in 2025. He has a living son and a grandson (the son of another son who died in 2020). Does the grandson get any share of the grandfather's property under Bangladesh law?,"Yes. Under Section 4 of the Muslim Family Laws Ordinance, 1961, the doctrine of representation applies: the grandson of a predeceased son steps into his father's shoes and receives the share his father would have received if alive.","**What This Means For You**
Yes, under Bangladesh law, your grandson will receive a share of his grandfather's property. Even though his father (the grandfather's son) passed away before the grandfather, the grandson is entitled to inherit the share that his father would have received if he were still alive.

**What the Law Says**
Under Section 4 [ACT-1] of The Muslim Family Laws Ordinance, 1961, if a son or daughter dies before their parent (the deceased person whose property is being inherited), their children (the grandchildren) who are alive when the inheritance opens will receive a share. This share will be equivalent to what their deceased parent would have received if they had been alive. This is known as receiving a share ""per stirpes"" [ACT-1].

**What You Should Do Now**
1.  Obtain the death certificates for both the grandfather and the grandson's father.
2.  Identify all legal heirs of the deceased grandfather, including the living son and the grandson.
3.  Gather all documents related to the grandfather's property, such as land deeds, mutation records, and bank statements.
4.  Consult a licensed Bangladeshi lawyer to help with the proper calculation and distribution of the inheritance according to the law.

**Evidence to Keep**
-   Death certificate of the grandfather
-   Death certificate of the grandson's father
-   National ID cards or birth certificates of all heirs (living son, grandson)
-   Documents proving the relationship between the grandfather, his sons, and the grandson
-   All property documents of the deceased grandfather (e.g., land deeds, record of rights, bank statements)

**Where to Go / Who to Contact**
-   For death certificates: Your local Union Parishad, Pourashava, or City Corporation office.
-   For legal guidance and property division: A licensed Bangladeshi lawyer specializing in inheritance law.
-   Legal Aid: 16430

**When You Need a Lawyer**
You should consult a lawyer as soon as possible to ensure the correct calculation and distribution of the inheritance and to avoid future disputes.

---
⚠️ *This is legal information, not legal advice. Justor AI is not a lawyer. Verify with a licensed Bangladeshi lawyer before taking any legal action.*

---
**Sources**
- **[ACT-1]** The Muslim Family Laws Ordinance, 1961, Section 4: Succession — inheritance, grandchildren, predeceased son, predeceased daughter, per stirpes *(Status: Active)*","Muslim Family Laws Ordinance, 1961",4,False,[],NOT_AVAILABLE,[],"['4', '4']",True,NOT_AVAILABLE,False,[],False,[],,,,
Q04,Criminal Law,"If a person is accused of 'Defamation' under Section 500 of the Penal Code in Sylhet, can the police arrest them immediately without a warrant?","No. Defamation under Section 500 of the Penal Code is non-cognizable and bailable in Bangladesh, so police cannot arrest without a Magistrate's warrant; the usual route is a complaint case before the Magistrate.","This is not in my verified database. I cannot confirm this. Please consult the Bangladesh Code directly or a licensed lawyer.

---
**Sources**
- **[ACT-1]** The Penal Code, 1860, Section 427: Whoever commits mischief and thereby causes loss or damage to the amount of fifty taka or — Section 427, Penal Code, commits, mischief, thereby, causes, loss *(Status: Active)*
- **[ACT-2]** The Penal Code, 1860, Section 323: Whoever, except in the case provided for by section 334, voluntarily causes hurt, shall be — Section 323, Penal Code, except, case, provided, voluntarily, causes *(Status: Active)*
- **[ACT-3]** The Penal Code, 1860, Section 182: False — Section 182, Penal Code, False, gives, public, servant, information *(Status: Active)*
- **[ACT-4]** The Penal Code, 1860, Section 357: Whoever assaults or uses criminal force to any person, in attempting wrongfully to confine — Section 357, Penal Code, assaults, uses, criminal, force, attempting *(Status: Active)*
- **[ACT-5]** The Penal Code, 1860, Section 186: Whoever voluntarily obstructs any public servant in the discharge of his public functions, — Section 186, Penal Code, voluntarily, obstructs, public, servant, discharge *(Status: Active)*
- **[ACT-6]** The Penal Code, 1860, Section 352: force otherwise than on grave provocation — Section 352, Penal Code, force, otherwise, grave, provocation, assaults *(Status: Active)*","Penal Code, 1860",500,False,[],NOT_AVAILABLE,[],"['427', '427', '323', '334', '323', '182', '182', '357', '357', '186', '186', '352', '352']",False,NOT_AVAILABLE,False,[],False,[],,,,
Q05,Civil Procedure,Can I file a 'Second Appeal' to the High Court Division on a pure question of fact under Section 100 of the CPC?,"No. Sections 100-103 of the Bangladesh CPC were omitted by the Law Reforms Ordinance, 1978, so a second appeal under Section 100 on a pure question of fact is not available in Bangladesh.",I could not locate the specific Act you asked about in my verified database. Please consult the Bangladesh Code or a licensed lawyer for this question.,"Code of Civil Procedure, 1908",100,NOT_AVAILABLE,[],NOT_AVAILABLE,[],[],False,NOT_AVAILABLE,False,[],False,[],,,,
Q06,Criminal Procedure,Explain the procedure for 'Executive Magistrates' to conduct a full trial and award a 7-year rigorous imprisonment sentence for a theft case.,Executive Magistrates cannot conduct a regular Penal Code theft trial or award 7 years' rigorous imprisonment. Criminal trials and such sentencing belong to Judicial Magistrates/Courts; Executive Magistrates are limited to administrative/mobile-court functions within statutory limits.,"This is not in my verified database. I cannot confirm this. Please consult the Bangladesh Code directly or a licensed lawyer.

---
**Sources**
- **[ACT-1]** The Penal Code, 1860, Section 379: Theft by clerk or — Section 379, Penal Code, Theft, clerk, commits, punished, imprisonment *(Status: Active)*
- **[ACT-2]** The Penal Code, 1860, Section 378: Of Theft Theft — Section 378, Penal Code, Theft, intending, take, dishonestly, moveable *(Status: Active)*
- **[ACT-3]** The Penal Code, 1860, Section 381: in order to the committing of the theft Extortion — Section 381, Penal Code, order, committing, theft, Extortion, being *(Status: Active)*
- **[ACT-4]** The Penal Code, 1860, Section 451: Whoever commits house-trespass in order to the committing of any offence punishable with i — Section 451, Penal Code, commits, house, trespass, order, committing *(Status: Active)*
- **[ACT-5]** The Penal Code, 1860, Section 392: Whoever commits robbery shall be punished with rigorous imprisonment for a term which may — Section 392, Penal Code, commits, robbery, punished, rigorous, imprisonment *(Status: Active)*
- **[ACT-6]** The Penal Code, 1860, Section 380: Whoever commits theft in any building, tent or vessel, which building, tent or vessel is u — Section 380, Penal Code, commits, theft, building, tent, vessel *(Status: Active)*","Code of Criminal Procedure, 1898",29C,False,[],NOT_AVAILABLE,[],"['379', '379', '378', '378', '381', '381', '451', '451', '392', '392', '380', '380']",False,NOT_AVAILABLE,True,['Penal Code'],False,[],,,,
Q07,Land Reform,I am a wealthy businessman. Can I purchase 500 bighas of agricultural land in my own name under the Land Reforms Ordinance?,"No. Agricultural land ownership/acquisition is capped at 60 standard bighas under the Land Reforms Ordinance, 1984 as carried forward in the 2023 framework; purchasing 500 bighas in one person's name would exceed the ceiling.","**What This Means For You**
You cannot purchase 500 bighas of agricultural land in your own name. Under the current law, the maximum amount of agricultural land you or your family can own is 60 standard bighas. If you acquire more than this limit through purchase, the excess land will be taken by the government without compensation.

**What the Law Says**
Under Section 4(1) [ACT-1] of the Land Reforms Act

---
**Sources**
- **[ACT-1]** Land Reforms Act, 2023, Section 4: Limitations on acquiring agricultural land — agricultural land ceiling, 60 standard bighas, land acquisition limit, inheritance, compensation *(Status: Active)*","Land Reforms Ordinance, 1984 / Land Reforms Act, 2023",4,False,[],NOT_AVAILABLE,[],"['4(1)', '4']",True,NOT_AVAILABLE,True,['Land Reforms Act'],False,[],,,,
Q08,Tax,How much 'Wealth Tax' do I owe under the Income Tax Act 2023 if my assets exceed 5 Crore BDT?,"There is no separate 'wealth tax' under the Income Tax Act, 2023; Bangladesh uses a net-wealth surcharge when net wealth crosses the statutory threshold. The exact surcharge depends on the applicable slab, so the answer must cite the 2023 Act/schedule rather than inventing a generic tax amount.",I could not locate the specific Act you asked about in my verified database. Please consult the Bangladesh Code or a licensed lawyer for this question.,"Income Tax Act, 2023",,NOT_AVAILABLE,[],NOT_AVAILABLE,[],[],N/A,NOT_AVAILABLE,False,[],False,[],,,,
Q09,Property/Land,Does a 'Mutation Khatian' issued by the Assistant Commissioner (Land) serve as a conclusive document of title/ownership in Bangladesh?,"No. Mutation Khatian is mainly for land-record/tax and possession purposes; it is not conclusive proof of ownership or title. Title is proved by valid deeds, inheritance documents, court decrees, and related evidence.","**What This Means For You**
While a Mutation Khatian is a very important document that reflects who the government recognizes as the owner for land revenue purposes and is essential for selling property, the law states that the *final publication* of the overall record-of-rights is conclusive evidence that the record itself was properly prepared or revised. It does not explicitly state that a Mutation Khatian is

---
**Sources**
- **[ACT-1]** The Transfer of Property Act, 1882, Section 53C: Immoveable Property without Khatian not to be sold — property transfer, immoveable property, Section 53C, Bangladesh property law, Transfer of Property Act *(Status: Active)*
- **[ACT-2]** The State Acquisition and Tenancy Act, 1950, Section 143B: Correction of the Record-of Rights upon inheritance *(Status: Active)*
- **[ACT-3]** The State Acquisition and Tenancy Act, 1950, Section 19: Section 19 — Section 19, land law, tenancy, rent, revenue, Bangladesh *(Status: Active)*
- **[ACT-4]** The State Acquisition and Tenancy Act, 1950, Section 81: Section 81 — Section 81, land law, tenancy, rent, revenue, Bangladesh *(Status: Active)*
- **[ACT-5]** The State Acquisition and Tenancy Act, 1950, Section 89: Section 89 — Section 89, land law, tenancy, rent, revenue, Bangladesh *(Status: Active)*
- **[ACT-6]** The State Acquisition and Tenancy Act, 1950, Section 1: Short title and extent — Section 1, land law, tenancy, rent, revenue, Bangladesh *(Status: Active)*",,,False,[],NOT_AVAILABLE,[],"['53C', '53C', '143B', '19', '19', '19', '81', '81', '81', '89', '89', '89', '1', '1']",N/A,NOT_AVAILABLE,N/A,,False,[],,,,
Q10,Labour Law,"I am hiring a clerk in my office in Sylhet. Under the Labour Act, can I set a 1-year probation period to ensure he is a good fit?","No. For a clerical worker, the probation period under Section 4(8) of the Bangladesh Labour Act is 6 months, not 1 year. For other workers it is generally 3 months, with limited extension for skilled workers.",I could not locate the specific Act you asked about in my verified database. Please consult the Bangladesh Code or a licensed lawyer for this question.,"Bangladesh Labour Act, 2006",4(8),NOT_AVAILABLE,[],NOT_AVAILABLE,[],[],False,NOT_AVAILABLE,False,[],False,[],,,,
Q13,Civil Procedure,"I have a property dispute valued at Tk 4.5 Crore. Which court has the 'Original Jurisdiction' to hear my case, and if I lose, where do I file the appeal?","For a Tk 4.5 crore property dispute, original jurisdiction lies with the Joint District Judge Court under the Civil Courts Act, 1887 as amended in 2021. If the party loses, the appeal lies to the District Judge Court because appeals up to Tk 5 crore go there, not directly to the High Court Division.","This is not in my verified database. I cannot confirm this. Please consult the Bangladesh Code directly or a licensed lawyer.

---
**Sources**
- **[ACT-1]** The Suits Valuation Act, 1887, Section 11: Procedure where objection is taken on appeal or revision that a suit or appeal was not properly valued for jurisdictional purposes — valuation objection, appeal, revision, jurisdiction, over-valuation, under-valuation, Section 11 *(Status: Amended)*
- **[ACT-2]** The Land Development Tax Ordinance, 1976, Section 4A: Bar of proceedings in Civil Courts *(Status: Amended)*
- **[ACT-3]** ট্রেডমার্ক আইন, ২০০৯, Section 96: লঙ্ঘনজনিত কারণে জেলা আদালতে মামলা দায়ের — ধারা 96, ট্রেডমার্ক, নিবন্ধন, trademark infringement, লঙ্ঘন মামলা, প্রতিকার *(Status: Active)*
- **[ACT-4]** The State Acquisition and Tenancy Act, 1950, Section 14: Section 14 — Section 14, land law, tenancy, rent, revenue, Bangladesh *(Status: Active)*
- **[ACT-5]** Trademarks Act, 2009, Section 100: Appeals. — Section 100, appeals, trademark, registration, Bangladesh, trademark law *(Status: Active)*
- **[ACT-6]** The State Acquisition and Tenancy Act, 1950, Section 51: Appeal to the Special Judge Statement of case by Special Judge to the High Court — Section 51, land law, tenancy, rent, revenue, Bangladesh *(Status: Active)*","Civil Courts Act, 1887",,False,[],NOT_AVAILABLE,[],"['11', '11', '4A', '96', '14', '14', '14', '100', '100', '51', '51']",N/A,NOT_AVAILABLE,True,"['State Acquisition and Tenancy Act', 'Trademarks Act']",False,[],,,,
Q14,Criminal Law/Evidence,"While in police custody, an accused says, ""I killed the man and hid the knife under the bridge."" The police find the knife under the bridge. Is the statement ""I killed the man"" admissible in court?","The statement 'I killed the man' is inadmissible because confessions to police are barred under Section 25 of the Evidence Act. Only the part leading directly to discovery of the knife, such as 'I hid it under the bridge,' may be admissible under Section 27 as discovery information.","This is not in my verified database. I cannot confirm this. Please consult the Bangladesh Code directly or a licensed lawyer.

---
**Sources**
- **[ACT-1]** The Penal Code, 1860, Section 201: Whoever, knowing or having reason to believe that an offence has been committed, causes an — Section 201, Penal Code, knowing, having, reason, believe, committed *(Status: Active)*
- **[ACT-2]** The Penal Code, 1860, Section 204: Whoever secrets or destroys any document which he may be lawfully compelled to produce as — Section 204, Penal Code, secrets, destroys, document, lawfully, compelled *(Status: Active)*
- **[ACT-3]** The Penal Code, 1860, Section 203: Whoever, knowing or having reason to believe that an offence has been committed, gives any — Section 203, Penal Code, knowing, having, reason, believe, committed *(Status: Active)*
- **[ACT-4]** The Penal Code, 1860, Section 213: Whoever accepts or attempts to obtain, or agrees to accept, any gratification for himself — Section 213, Penal Code, accepts, attempts, obtain, agrees, accept *(Status: Active)*
- **[ACT-5]** The Penal Code, 1860, Section 94: Except murder, and offences against the State punishable with death, nothing is an offence — Section 94, Penal Code, Except, murder, offences, against, State *(Status: Active)*
- **[ACT-6]** The Penal Code, 1860, Section 194: executed Giving or fabricating false evidence with intent to procure conviction of offence punishable with — Section 194, Penal Code, executed, Giving, fabricating, false, evidence *(Status: Active)*","Evidence Act, 1872",25/27,False,[],NOT_AVAILABLE,[],"['201', '201', '204', '204', '203', '203', '213', '213', '94', '94', '194', '194']",False,NOT_AVAILABLE,True,['Penal Code'],False,[],,,,
Q15,Criminal Procedure,A Magistrate receives a police report (Final Report) stating there is no evidence against the accused. Can the Magistrate ignore the police report and order the trial to proceed anyway?,"Yes. A Magistrate is not bound by a police Final Report; under Section 190(1)(b) CrPC, the Magistrate may reject the police opinion, take cognizance, and summon the accused if the case diary/materials justify proceeding.","**What This Means For You**
A Magistrate, as a public servant, is expected to make decisions in judicial proceedings according to the law. If a Magistrate ignores a police report that finds no evidence against an accused and orders a trial to proceed, knowing this decision is against the law and acting with bad intent, they could face punishment.

**What the Law Says**
Under Section 19 of The Penal Code, 1860, a Magistrate who has the power to sentence someone to fine or imprisonment is considered a ""Judge"" [ACT-3]. As a Judge, they are a public servant. Section 219 of The Penal Code, 1860, states that if a public servant, corruptly or maliciously, makes or pronounces any report, order, verdict, or decision in a judicial proceeding that they know to be contrary to law, they can be punished with imprisonment for up to seven years, or with a fine, or with both [ACT-1].

**What You Should Do Now**
1.  If you are the accused, you should immediately seek legal advice regarding the Magistrate's order.
2.  Your lawyer can help you challenge the Magistrate's order in a higher court, such as the Sessions Court or the High Court Division, through an appeal or revision application.
3.  Ensure all legal procedures are followed correctly to protect your rights.

**Evidence to Keep**
-   A copy of the police report (Final Report) stating no evidence against the accused.
-   A copy of the Magistrate's order to proceed with the trial, if available.
-   Any other documents related to the criminal proceeding.

**Where to Go / Who to Contact**
-   A licensed lawyer specializing in criminal law.
-   The Sessions Court or the High Court Division of the Supreme Court of Bangladesh to challenge the Magistrate's order.
-   Bangladesh National Legal Aid Services Organization (BNLASO) for legal assistance if you cannot afford a lawyer. Legal Aid: 16430.

**When You Need a Lawyer**
You need a lawyer immediately if a Magistrate has ordered a trial against you despite a police report finding no evidence.

---
⚠️ *This is legal information, not legal advice. Justor AI is not a lawyer. Verify with a licensed Bangladeshi lawyer before taking any legal action.*

---
**Sources**
- **[ACT-1]** The Penal Code, 1860, Section 219: Whoever, being a public servant, corruptly or maliciously makes or pronounces in any stage — Section 219, Penal Code, being, public, servant, corruptly, maliciously *(Status: Active)*
- **[ACT-3]** The Penal Code, 1860, Section 19: The word “Judge” denotes not only every person who is officially designed as a Judge, but — Section 19, Penal Code, word, Judge, denotes, only, officially *(Status: Active)*","Code of Criminal Procedure, 1898",190(1)(b),False,[],NOT_AVAILABLE,[],"['19', '219', '219', '219', '19', '19']",False,NOT_AVAILABLE,True,['Penal Code'],False,[],,,,
Q17,Family Law,"If a Hindu woman in Bangladesh inherits land under the Hindu Succession Act, can she sell it freely?","No. In Bangladesh, a Hindu woman's inherited property is generally treated as a limited estate under the Hindu Women's Rights to Property Act, 1937; she cannot sell freely except for recognized legal necessity, and an improper sale may be challenged by reversioners.",I could not locate the specific Act you asked about in my verified database. Please consult the Bangladesh Code or a licensed lawyer for this question.,"Hindu Women's Rights to Property Act, 1937",,NOT_AVAILABLE,[],NOT_AVAILABLE,[],[],N/A,NOT_AVAILABLE,False,[],False,[],,,,
Q18,Limitation Act,"Under the Limitation Act in Bangladesh, how many years does a party have to file a suit for breach of a simple contract?","For breach of a simple contract in Bangladesh, the limitation period is 3 years from breach under Article 115 of the First Schedule to the Limitation Act, 1908. For written registered contracts, Article 116 may provide 6 years.",I could not locate the specific Act you asked about in my verified database. Please consult the Bangladesh Code or a licensed lawyer for this question.,"Limitation Act, 1908",Article 115,NOT_AVAILABLE,[],NOT_AVAILABLE,[],[],False,NOT_AVAILABLE,False,[],False,[],,,,
Q19,Tax,"I am calculating my tax return for 2026. Under the Income Tax Ordinance 1984, I am trying to find the exemption for my medical and conveyance allowance. Can you guide me through the math?","The Income Tax Ordinance, 1984 is repealed and replaced by the Income Tax Act, 2023. Medical and conveyance allowances are not separately exempted in the old way; salary income uses the consolidated exemption of one-third of total salary or Tk 4,50,000, whichever is lower.",I could not locate the specific Act you asked about in my verified database. Please consult the Bangladesh Code or a licensed lawyer for this question.,"Income Tax Act, 2023",,NOT_AVAILABLE,[],NOT_AVAILABLE,[],[],N/A,NOT_AVAILABLE,False,[],False,[],,,,
Q21,Tenancy (NAT Act),My family has been living on a rented residential plot for 15 years. We want to build a small brick (pucca) house here. Do we need to ask our landlord for permission first?,"Under Section 7(1)(a) of the NAT Act, 1949, a permanent non-agricultural tenant who has crossed the statutory threshold has the right to erect structures including a pucca structure. Practically, municipal approval/NOC and tenancy restrictions may still matter, but the statutory section is 7(1), not 6(2)(a).","**What This Means For You**
Since your family has been living on this rented residential plot for 15 years, you generally have the legal right to build a brick (pucca) house on it. Under Bangladeshi law, after a certain period of tenancy on non-agricultural land, tenants gain specific rights, including the ability to construct permanent structures.

**What the Law Says**
Under Section 4 of The Non-Agricultural Tenancy Act, 1949, non-agricultural land can be held for residential purposes [ACT-5].

If you have held non-agricultural land for a continuous period of not less than twelve years, whether with or without a written lease, or if you continued to hold the land after a lease expired and the total period is not less than twelve years, then your tenancy falls under the provisions of Section 7 of The Non-Agricultural Tenancy Act, 1949 [ACT-6]. This section states that these rights apply ""Notwithstanding anything contained in any other law for the time being in force or in any contract"" [ACT-6].

When your tenancy meets the conditions of Section 7, you are then entitled, under Section 6(2)(a) of The Non-Agricultural Tenancy Act, 1949, to erect any structure, including a pucca structure, on the land [ACT-1], [ACT-2].

**What You Should Do Now**
1.  **Confirm Tenancy

---
**Sources**
- **[ACT-1]** The Non-Agricultural Tenancy Act, 1949, Section 6: Manner of use of non-agricultural lands — use of land, tenant rights, pucca structure, mosque, temple, trees, tank *(Status: Active)*
- **[ACT-2]** The Non-Agricultural Tenancy Act, 1949, Section 6: Manner of use of non agricultural lands *(Status: Active)*
- **[ACT-5]** The Non-Agricultural Tenancy Act, 1949, Section 4: Purposes for which non-agricultural tenant may hold non-agricultural land — homestead, residential purpose, business purpose, religious purpose, non-agricultural land *(Status: Active)*
- **[ACT-6]** The Non-Agricultural Tenancy Act, 1949, Section 7: Incidents of certain tenancies — tenancy incidents, twelve years, ejectment, inheritance, transfer, bequest *(Status: Amended)*","Non-Agricultural Tenancy Act, 1949",7(1)(a),False,[],NOT_AVAILABLE,[],"['4', '7', '7', '6(2)(a)', '6', '6', '4', '7']",False,NOT_AVAILABLE,False,[],False,[],,,,
Q23,Tenancy (NAT Act),Distinguish between the classes of non-agricultural tenants recognized under Chapter II of the NAT Act 1949.,"Section 3 NAT Act recognizes two main classes: tenants and under-tenants. Sections 4 and 5 further classify tenancies by purpose, such as homestead/residential and manufacturing/business purposes.","**What This Means For You**
The Non-Agricultural Tenancy Act, 1949, divides people who use non-agricultural land into two main categories: ""tenants"" and ""under-tenants."" Understanding which category you fall into is important because it defines your legal relationship with the landowner and your specific rights and responsibilities regarding the land.

**What the Law Says**
Under Section 3 of The Non-Agricultural Tenancy Act, 1949, there are two classes of non-agricultural tenants: tenants and under-tenants [ACT-1], [ACT-2].

1.  **Tenant:** A ""tenant"" is a person who has obtained the right to hold non-agricultural land directly from the original owner (proprietor) or a tenure holder. This definition also includes the heirs or successors of such a person [ACT-1], [ACT-2].
2.  **Under-tenant:** An ""under-tenant"" is a person who has obtained the right to hold non-agricultural land from a tenant, rather than directly from the original owner or tenure holder. This can be either directly from a tenant or through another under-tenant. This definition also includes the heirs or successors of such a person [ACT-1], [ACT-2].

**What You Should Do Now**
1.  Review your land documents to understand who granted you the right to use the non-agricultural land.
2.  Identify whether you acquired the right directly from the proprietor/original owner or from someone who was already a tenant.
3.  Keep all agreements, receipts, and other documents related to your tenancy safe.

**Evidence to Keep**
*   Lease agreements or tenancy contracts
*   Rent receipts
*   Any official documents showing the transfer of land rights
*   Records of communication with your landlord or the person from whom you acquired the right to the land

**Where to Go / Who to Contact**
*   Local Land Office (Tahsil Office)
*   Assistant Commissioner (Land) office
*   Legal Aid: 16430

**When You Need a Lawyer**
You should consult a lawyer if there is any dispute about your tenancy status, your rights, or if you are facing eviction.

---
⚠️ *This is legal information, not legal advice. Justor AI is not a lawyer. Verify with a licensed Bangladeshi lawyer before taking any legal action.*

---
**Sources**
- **[ACT-1]** The Non-Agricultural Tenancy Act, 1949, Section 3: Classes of non agricultural tenants *(Status: Active)*
- **[ACT-2]** The Non-Agricultural Tenancy Act, 1949, Section 3: Classes of non-agricultural tenants — classes of tenants, tenant, under-tenant, non-agricultural tenant, tenancy classification *(Status: Active)*","Non-Agricultural Tenancy Act, 1949","3,4,5",False,[],NOT_AVAILABLE,[],"['3', '3', '3']",False,NOT_AVAILABLE,False,[],False,[],,,,
Q24,Tenancy (NAT Act),"What are the exact statutory consequences if a non-agricultural land lease has a fixed written term of 5 years, but the tenant continues to occupy it for a total period of 13 years?","Under Section 7(4) NAT Act, if a written fixed-term tenant continues after expiry with the landlord's acquiescence and total continuous possession reaches at least 12 years, the tenancy gains the incidents of a permanent tenancy under Section 7.","**What This Means For You**
If you have held non-agricultural land under a written lease for 5 years, and then continued to occupy it for a total of 13 years, your tenancy gains significant protections. You generally cannot be evicted, and your rights to the land can be inherited and transferred like your other immovable property.

**What the Law Says**
Under Section 7(4) [ACT-1] of The Non-Agricultural Tenancy Act, 1949, if non-agricultural land was held under a written lease for a specified period (like 5 years) and then continued to be held after that period, and the total period of holding is not less than twelve years (in your case, 13 years), then specific rights apply:

*   **Protection from Ejectment:** Your landlord cannot eject you from the land unless you have used it in a way that makes it unfit for the purposes mentioned in Section 4 of the Act [ACT-1].
*   **Inheritance Rights:** If you die without a will, your interest in the land will be passed on to your heirs in the same way as your other immovable property. This is subject to Section 91 of the [* * *] State Acquisition and Tenancy Act, 1950. However, if your personal inheritance law dictates that your other property goes to the State, then your interest in this land will be extinguished [ACT-1].
*   **Transfer and Bequest Rights:** You have the right to transfer (sell or gift) and bequeath (will) the non-agricultural land, or a portion of it, along with your interest in it, in the same manner and to the same extent as your other immovable property. This is subject to the provisions of The Non-Agricultural Tenancy Act, 1949, and Section 90 of the [* * *] State Acquisition and Tenancy Act, 1950 [ACT-1].

**What You Should Do Now**
1.  Gather all documents related to your tenancy, including the original 5-year lease agreement and any rent receipts or other proof of continuous occupation for the 13-year period.
2.  If your landlord attempts to eject you, understand that they can only do so on specific grounds related to the misuse of the land.
3.  If you wish to transfer or bequeath your interest, ensure you follow the legal procedures for transferring immovable property in Bangladesh.

**Evidence to Keep**
*   Original written lease agreement for 5 years.
*   Rent receipts or other payment records

---
**Sources**
- **[ACT-1]** The Non-Agricultural Tenancy Act, 1949, Section 7: Incidents of certain tenancies — tenancy incidents, twelve years, ejectment, inheritance, transfer, bequest *(Status: Amended)*","Non-Agricultural Tenancy Act, 1949",7(4),False,[],NOT_AVAILABLE,[],"['7(4)', '4', '91', '90', '7']",True,NOT_AVAILABLE,True,['State Acquisition and Tenancy Act'],False,[],,,,
Q25,Tenancy (NAT Act),Does the NAT Act 1949 permit a non-agricultural tenant to sub-let their tenancy? Quote the relevant restriction introduced by amendments.,"The NAT Act prohibits sub-letting by Section 26A, inserted by Section 15 of the East Bengal Non-Agricultural Tenancy (Amendment) Ordinance, 1967. Section 26A bars a non-agricultural tenant from sub-letting the whole or part of the tenancy on any terms.","**What This Means For You**
No, a non-agricultural tenant is not allowed to sub-let their tenancy, either in full or in part, under any circumstances. If you sub-let your non-agricultural land, your rights as a tenant over that land will be lost, and the land will become the property of the Government from the date of sub-letting.

**What the Law Says**
Under Section 26A (1) [ACT-1] of The Non-Agricultural Tenancy Act, 1949, a non-agricultural tenant is strictly prohibited from sub-letting any part or the whole of their tenancy, regardless of any existing contract or other laws. This restriction was introduced by an amendment in 1967, when Section 26A was inserted into the Act [ACT-1], [ACT-2].

Furthermore, Section 26A (2) [ACT-1] states that if a tenancy or any part of it is sub-let in violation of this rule, the non-agricultural tenant's interest in that tenancy or part of it will be extinguished. The tenancy or the sub-let part will then automatically transfer to the Government from the date of the sub-letting, free from any claims or burdens [ACT-2].

**What You Should Do Now**
1.  Do not sub-let your non-agricultural tenancy or any part of it.
2.  Review your tenancy agreement to understand all terms and conditions related to your non-agricultural land.
3.  If you have already sub-let your land, or are considering it, consult with a lawyer immediately to understand the potential consequences and your options.

**Evidence to Keep**
-   Your original non-agricultural tenancy agreement.
-   Any documents related to the acquisition or holding of the non-agricultural land.

**Where to Go / Who to Contact**
-   Local Land Office (ভূমি অফিস) for information regarding land records.
-   A licensed lawyer specializing in land law.

**When You Need a Lawyer**
You need a lawyer if you have questions about your tenancy rights, if you are considering any changes to your tenancy, or if you have already sub-let your land and are facing legal issues.

---
⚠️ *This is legal information, not legal advice. Justor AI is not a lawyer. Verify with a licensed Bangladeshi lawyer before taking any legal action.*

---
**Sources**
- **[ACT-1]** The Non-Agricultural Tenancy Act, 1949, Section 26A: Bar to sub let *(Status: Amended)*
- **[ACT-2]** The Non-Agricultural Tenancy Act, 1949, Section 26A: Bar to sub-let — sub-let bar, non-agricultural tenant, subletting, tenancy vesting, Government *(Status: Active)*","Non-Agricultural Tenancy Act, 1949",26A,False,[],NOT_AVAILABLE,[],"['26A', '26A', '26A', '26A', '26A']",True,NOT_AVAILABLE,False,[],False,[],,,,
Q26,Tenancy (NAT Act),"I am preparing a civil revision regarding a Section 24 pre-emption case. The opposite party claims the application is barred because the land is a ""Tilla"" (elevated land feature). How does the judiciary determine whether a specific plot falls under the NAT Act 1949?","NAT Act Section 2(4) expressly defines non-agricultural land. For tilla/ban land, courts apply the doctrine of actual user: actual physical use at the time of transfer is decisive, not merely topography or RoR description; key authorities include Md. Sarafat Ali v Md. Abdul Gafur, 38 DLR (AD) 161 and Salamat Ali v Nurjahan Begum, 39 DLR (AD) 103.","This is not in my verified database. I cannot confirm this. Please consult the Bangladesh Code directly or a licensed lawyer.

---
**Sources**
- **[ACT-1]** The Non-Agricultural Tenancy Act, 1949, Section 24: Power of the co-sharer or the immediate landlord of transferor to purchase — co-sharer purchase, pre-emption, four months, five percent compensation, transferee *(Status: Active)*
- **[ACT-2]** The Non-Agricultural Tenancy Act, 1949, Section 85: Bar to application of Act to certain lands and to certain cases — bar application, port authority, railway, Government land, wakf, acquisition *(Status: Amended)*
- **[ACT-3]** The Non-Agricultural Tenancy Act, 1949, Section 23: Manner of transfer of non-agricultural land and notices to landlords — transfer notice, registered instrument, landlord notice, process fee, co-sharer notice *(Status: Amended)*
- **[ACT-4]** The Non-Agricultural Tenancy Act, 1949, Section 87: Jurisdiction in proceedings under this Act — jurisdiction, Civil Court, landlord application, tenant application, possession suit *(Status: Active)*
- **[ACT-5]** The Non-Agricultural Tenancy Act, 1949, Section 24: Power of the co-sharer or the immediate landlord of transferor to purchase *(Status: Active)*
- **[ACT-6]** The Non-Agricultural Tenancy Act, 1949, Section 85: Bar to application of Act to certain lands and to certain cases *(Status: Amended)*","Non-Agricultural Tenancy Act, 1949",2(4) / 24,False,[],NOT_AVAILABLE,[],"['24', '85', '23', '87', '24', '85']",False,NOT_AVAILABLE,False,[],False,[],,,,
Q27,Tenancy (NAT Act),The landlord has filed an ejectment suit on the ground that a residential tenant (holding for 14 years) dug a water tank on the land without consent. Will the suit succeed under Section 7?,"No. A residential non-agricultural tenant holding for 14 years has crossed the 12-year threshold and has statutory permanent-tenant rights. Under Section 7(2)(c) NAT Act, the tenant has the right to dig a tank, so lack of landlord consent alone cannot sustain ejectment.","**What This Means For You**
Since you have been a tenant for 14 years, the law provides you with significant protections against ejectment. Digging a water tank on non-agricultural land is generally considered a right for tenants with long-term tenancies, not a reason for your landlord to evict you.

**What the Law Says**
Under Section 7 of The Non-Agricultural Tenancy Act, 1949, if you have held non-agricultural land for a period of not less than twelve years (whether with or without

---
**Sources**
- **[ACT-1]** The Non-Agricultural Tenancy Act, 1949, Section 6: Manner of use of non-agricultural lands — use of land, tenant rights, pucca structure, mosque, temple, trees, tank *(Status: Active)*
- **[ACT-2]** The Non-Agricultural Tenancy Act, 1949, Section 7: Incidents of certain tenancies — tenancy incidents, twelve years, ejectment, inheritance, transfer, bequest *(Status: Amended)*
- **[ACT-3]** The State Acquisition and Tenancy Act, 1950, Section 85: Section 85 — Section 85, land law, tenancy, rent, revenue, Bangladesh *(Status: Active)*
- **[ACT-4]** The Non-Agricultural Tenancy Act, 1949, Section 75: Relief against forfeitures in certain cases — relief against forfeiture, ejectment suit, misuse notice, tenant remedy, section 4 *(Status: Active)*
- **[ACT-5]** The Non-Agricultural Tenancy Act, 1949, Section 7: Incidents of certain tenancies *(Status: Amended)*
- **[ACT-6]** The Non-Agricultural Tenancy Act, 1949, Section 6: Manner of use of non agricultural lands *(Status: Active)*","Non-Agricultural Tenancy Act, 1949",7(2)(c),False,[],NOT_AVAILABLE,[],"['7', '6', '7', '85', '85', '85', '75', '4', '7', '6']",False,NOT_AVAILABLE,True,['State Acquisition and Tenancy Act'],False,[],,,,
Q28,Land Reform,"I just inherited an extra 10 bighas of agricultural land from my grandfather, making my total family land 70 bighas. Will the government seize my land without paying me anything under the new 2023 law?","Under the Land Reforms Act 2023, agricultural land ownership is capped at 60 bighas. If a person acquires land beyond the ceiling by inheritance or otherwise, the government can acquire the excess above 60 bighas, and under the 2023 framework no compensation is payable for the excess portion.","**What This Means For You**
No, the government will not seize your inherited land without paying you anything. Under the new law, if you inherit agricultural land that makes your total exceed 60 standard bighas, you can choose to keep 60 bighas, and the government will take the remaining land after paying you compensation for it.

**What the Law Says**
Under Section 4(1) [ACT-1] of the Land Reforms Act, 2023, an owner of agricultural land exceeding 60 standard bighas, or their family, generally cannot acquire any new agricultural land through transfer, inheritance, donation, or any other means. However, there are specific rules for inherited land.

If the land you acquire through inheritance makes your total agricultural land exceed 60 standard bighas, you have the right to choose which 60 bighas of land you wish to keep. The government may then take the remaining land, but they must pay you compensation for it in the manner prescribed by rules [ACT-1], [ACT-2], [ACT-6].

It is important to note that if land is acquired by *purchase* in violation of the 60 bigha limit, the excess land would be surrendered to the government without compensation. However, this rule specifically does not apply to land acquired through inheritance, donation, or will [ACT-1], [ACT-2], [ACT-6].

**What You Should Do Now**
1.  Identify which 60 bighas of land you wish to retain from your total 70 bighas.
2.  Gather all relevant land documents, including your grandfather's land records and the inheritance documents.
3.  Contact your local Assistant Commissioner (Land) (সহকারী কমিশনার (ভূমি)) office to inform them of your situation and understand the process for land appropriation and compensation.

**Evidence to Keep**
-   Deed of inheritance or other documents proving your inheritance.
-   All land records (khatian, mutation records, land tax receipts) for both your existing land and the newly inherited land.
-   Any documents related to the valuation of the land.

**Where to Go / Who to Contact**
-   Local Land Office (ভূমি অফিস)
-   Assistant Commissioner (Land) (সহকারী কমিশনার (ভূমি))

**When You Need a Lawyer**
You should consult a licensed Bangladeshi lawyer when dealing with the government's appropriation of land and the determination of compensation.

---
⚠️ *This is legal information, not legal advice. Justor AI is not a lawyer. Verify with a licensed Bangladeshi lawyer before taking any legal action.*

---
**Sources**
- **[ACT-1]** Land Reforms Act, 2023, Section 4: Limitations on acquiring agricultural land — agricultural land ceiling, 60 standard bighas, land acquisition limit, inheritance, compensation *(Status: Active)*
- **[ACT-2]** ভূমি সংস্কার আইন, ২০২৩, Section 4: কৃষি ভূমি অর্জনের সীমাবদ্ধতা — কৃষি ভূমি সীমা, ৬০ প্রমিত বিঘা, ভূমি অর্জন, উত্তরাধিকার, ক্ষতিপূরণ *(Status: Active)*
- **[ACT-6]** ভূিম সং ার আইন, ২০২৩, Section 4: কৃ িষ ভূিম অজন সীিমতকরণ *(Status: Active)*","Land Reforms Act, 2023",,False,[],NOT_AVAILABLE,[],"['4(1)', '4', '4', '4']",N/A,NOT_AVAILABLE,False,[],False,[],,,,
Q29,Land Reform,"I am a sharecropper (bargadar). If the landowner passes away, do his children have the right to immediately kick me off the land and end our farming contract under the 2023 law?","No. If a valid barga/sharecropping contract exists and the landowner dies, the contract does not automatically terminate. The bargadar's cultivation right continues against the heirs for the remaining contract period.","This is not in my verified database. I cannot confirm this. Please consult the Bangladesh Code directly or a licensed lawyer.

---
**Sources**
- **[ACT-1]** Land Reforms Act, 2023, Section 11: Termination of tenancy agreement — termination of tenancy, sharecropper eviction, personal cultivation, restoration, 24 months *(Status: Active)*
- **[ACT-2]** ভূমি সংস্কার আইন, ২০২৩, Section 10: বর্গাদারের মৃত্যুর পর বর্গাভূমির চাষ — বর্গাদারের মৃত্যু, বর্গাভূমি চাষ, পরিবার, ব্যক্তিগত চাষ, চুক্তির মেয়াদ *(Status: Active)*
- **[ACT-3]** Land Reforms Act, 2023, Section 10: Cultivation of the sharecropper's land after the death of the sharecropper — sharecropper death, family continuation, tenancy land, personal cultivation, agreement expiry *(Status: Active)*
- **[ACT-4]** Land Reforms Act, 2023, Section 8: Farming under sharecropping — sharecropping agreement, barga cultivation, land cultivation permission, crop sharing, tenancy form *(Status: Active)*
- **[ACT-5]** Land Reforms Act, 2023, Section 13: Tenant's right to purchase — tenant purchase right, sale of sharecropping land, 15 days, price proposal, purchaser bound *(Status: Active)*
- **[ACT-6]** ভূমি সংস্কার আইন, ২০২৩, Section 11: বর্গাচুক্তির অবসান — বর্গাচুক্তি অবসান, উচ্ছেদ, ব্যক্তিগত চাষ, ২৪ মাস, পুনরুদ্ধার *(Status: Active)*","Land Reforms Act, 2023",,False,[],NOT_AVAILABLE,[],"['11', '10', '10', '8', '13', '11']",N/A,NOT_AVAILABLE,False,[],False,[],,,,
Q31,Land Reform,"My neighbor says that if I cultivate his land without a written contract for a single season, I automatically become a permanent co-owner of that land under the 2023 Reforms. Is this true?",No. Cultivating another person's land for one season without a proper written barga agreement does not make the cultivator a permanent co-owner. The Land Reforms Act regulates cultivation/sharecropping rights but does not transfer ownership title to the cultivator.,"**What This Means For You**
Your neighbor's statement is not true. Cultivating someone's land without a written contract, even for a single season, does not make you a permanent co-owner of that land under the Land Reforms Act, 2023. In fact, the law requires a proper agreement for cultivation.

**What the Law Says**
Under Section 15(1) [ACT-1] and Section 8(1) [ACT-4] of the Land Reforms Act, 2023, no person is allowed to cultivate another person's land except under a sharecropping agreement or as an employee or labourer. The law specifically states that you cannot cultivate land without executing a written agreement in the prescribed form [ACT-4]. If someone cultivates land in violation of these rules, the Government may compulsorily collect the produce from that land [ACT-1].

For existing tenants who were cultivating land before this Act came into force, they are considered tenants, but they must execute a formal agreement with the owner within 90 days. This agreement is valid for 5 years, not permanently, and does not grant co-ownership [ACT-3].

**What You Should Do Now**
1.  **Do not cultivate without an agreement:** Avoid cultivating your neighbor's land without a proper written sharecropping agreement.
2.  **Discuss with your neighbor:** If you intend to cultivate his land, discuss the terms and conditions and insist on a written sharecropping agreement as required by law.
3.  **Seek legal advice:** If your neighbor continues to make incorrect claims or pressures you, consult a lawyer.

**Evidence to Keep**
-   Any written communication or messages exchanged with your neighbor regarding the land.
-   If you do enter into an agreement, keep a copy of the formal sharecropping agreement.

**Where to Go / Who to Contact**
-   **Assistant Commissioner (Land) Office:** If there is a dispute regarding land cultivation or agreements, the Assistant Commissioner (Land) has the authority to make inquiries and decisions [ACT-3].
-   **Legal Aid:** 16430

**When You Need a Lawyer**
You should consult a licensed Bangladeshi lawyer if your neighbor takes any action based on his incorrect claim, or if you need to formalize a sharecropping agreement.

---
⚠️ *This is legal information, not legal advice. Justor AI is not a lawyer. Verify with a licensed Bangladeshi lawyer before taking any legal action.*

---
**Sources**
- **[ACT-1]** Land Reforms Act, 2023, Section 15: Obstacles and restrictions in farming — farming restriction, sharecropping agreement, employee labourer, government collection, unauthorized cultivation *(Status: Active)*
- **[ACT-3]** Land Reforms Act, 2023, Section 9: Recognition of existing tenants — existing tenant recognition, sharecropping contract, 90 days, Assistant Commissioner Land, tenancy validity *(Status: Active)*
- **[ACT-4]** Land Reforms Act, 2023, Section 8: Farming under sharecropping — sharecropping agreement, barga cultivation, land cultivation permission, crop sharing, tenancy form *(Status: Active)*","Land Reforms Act, 2023",,False,[],NOT_AVAILABLE,[],"['15(1)', '8(1)', '15', '9', '8']",N/A,NOT_AVAILABLE,False,[],False,[],,,,
Q34,Land Reform,"If a landowner attempts to evict a bargadar or violate the provisions of a valid barga contract, what specific penal liabilities can be invoked directly under the Land Reforms Act, 2023?","Under the Land Reforms Act, 2023, unlawful eviction of a bargadar or breach of a valid barga contract attracts penal liability of up to Tk 1,00,000 fine, simple imprisonment up to 30 days/1 month, or both. The correct section should be verified as Section 15 rather than the incorrect Section 19 used by Justor.","**What This Means For You**
If a landowner tries to evict a sharecropper (bargadar) without a valid legal reason or violates the terms of a sharecropping agreement, they can face penalties under the Land Reforms Act, 2023. These penalties can include a fine or even simple imprisonment.

**What the Law Says**
Under Section 19 [ACT-2] of the Land Reforms Act, 2023, if any person violates any provision of this Act or any order issued by an authority under this Act, it is considered an offence. The punishment for such an offence can be a fine not exceeding 1 (one) lakh taka, or simple imprisonment not exceeding 1 (one) month, or both [ACT-2].

Specifically regarding eviction and sharecropping agreements:
*   A landowner cannot terminate a sharecropping agreement except for specific reasons, such as if the tenant fails to cultivate the land without reasonable cause, uses the land for non-agricultural purposes, violates the Act, or voluntarily abandons cultivation [ACT-1]. If a landowner terminates an agreement because they need the land for personal cultivation but then fails to cultivate it personally or allow another sharecropper within 24 months, the evicted sharecropper may apply to the prescribed authority to have their possession restored [ACT-1].
*   No landowner can evict any person from land used as a dwelling except by an order from a competent court [ACT-4].
*   Sharecropping agreements must be in a prescribed form and remain in force for at least 1 (one) year from the date they are made [ACT-3]. Cultivating land without such an agreement or as an employee/labourer is prohibited [ACT-6].

**What You Should Do Now**
1.  **Review your agreement:** Check the terms of your sharecropping agreement to understand your rights and the agreed-upon conditions [ACT-3].
2.  **Document the violation:** Keep detailed records of any attempts by the landowner to evict you unlawfully or violate the agreement.
3.  **Contact the Designated Authority:** If you believe your rights are being violated, you should contact the Designated Authority or the Collector as defined under the Act, who can investigate the matter [ACT-5].
4.  **Seek restoration of possession:** If you were evicted because the landowner claimed the land for personal cultivation but they failed to cultivate it or allow another sharecropper within 24 months, you may apply to the prescribed authority for restoration of your possession [ACT-1].

**Evidence to Keep**
*   Your sharecropping agreement (barga agreement) [ACT-3].
*   Any notices or communications from the landowner regarding eviction or termination.
*   Proof of your cultivation of the land (e.g., photos, receipts for seeds/fertilizers, witness statements).
*   Records of any payments or crop sharing.
*   Any official documents related to the land.

**Where to Go / Who to Contact**
You should contact the local Land Office or the Collector's office, as they are involved in land-related activities and enforcement of the Act [ACT-5]. The ""Designated Authority"" or ""Prescribed Authority"" mentioned in the Act would be the relevant body to approach [ACT-5].

**When You Need a Lawyer**
You should consult a licensed Bangladeshi lawyer immediately if the landowner attempts to evict you, if you receive any legal notices, or if you need to file a formal complaint or seek restoration of your land.

---
⚠️ *This is legal information, not legal advice. Justor AI is not a lawyer. Verify with a licensed Bangladeshi lawyer before taking any legal action.*

---
**Sources**
- **[ACT-1]** Land Reforms Act, 2023, Section 11: Termination of tenancy agreement — termination of tenancy, sharecropper eviction, personal cultivation, restoration, 24 months *(Status: Active)*
- **[ACT-2]** Land Reforms Act, 2023, Section 19: Penalty — penalty, fine, one lakh taka, simple imprisonment, offence *(Status: Active)*
- **[ACT-3]** Land Reforms Act, 2023, Section 8: Farming under sharecropping — sharecropping agreement, barga cultivation, land cultivation permission, crop sharing, tenancy form *(Status: Active)*
- **[ACT-4]** Land Reforms Act, 2023, Section 6: Not to evict from the residence, etc. — homestead eviction, residence protection, competent court order, dwelling, land owner *(Status: Active)*
- **[ACT-5]** Land Reforms Act, 2023, Section 2: Definition — definitions, khas land, bargadar, standard bigha, land owner, family *(Status: Active)*
- **[ACT-6]** Land Reforms Act, 2023, Section 15: Obstacles and restrictions in farming — farming restriction, sharecropping agreement, employee labourer, government collection, unauthorized cultivation *(Status: Active)*","Land Reforms Act, 2023",15,False,[],NOT_AVAILABLE,[],"['19', '11', '19', '8', '6', '2', '15']",True,NOT_AVAILABLE,False,[],False,[],,,,
Q35,Land Reform,"Does the Land Reforms Act, 2023 recognize the oral creation of a barga contract, or does it mandate specific documentation?","The Land Reforms Act, 2023 requires a barga/sharecropping contract to be executed in the prescribed written form; an unrecorded oral arrangement is not treated as a protected statutory barga contract.","**What This Means For You**
The Land Reforms Act, 2023 requires all sharecropping (barga) agreements to be in writing, using a specific form prescribed by law. If you are already cultivating land as a sharecropper, you and the landowner must formalize your agreement in writing within 90 days of the Act coming into force.

**What the Law Says**
Under Section 8(1) [ACT-1] of the Land Reforms Act, 2023, no one can allow another person to cultivate their land, and no one can cultivate another's land for a share of the produce, without first signing a written agreement in the legally prescribed form. This means oral agreements are not recognized for new sharecropping arrangements.

For existing sharecropping arrangements, Section 9(1) [ACT-3] states that anyone cultivating land as a sharecropper immediately before this Act began is considered a tenant under the Act. However, Section 9(2) [ACT-3] requires both the landowner and the existing sharecropper to sign a written agreement, following the form mentioned in Section 8(1), within 90 days of the Act's commencement. If they fail to do so, either party can apply to the Assistant Commissioner (Land) to have the agreement executed [ACT-3]. The Assistant Commissioner (Land) will then investigate and decide on the agreement's execution within 60 days [ACT-3].

**What You Should Do Now**
1.  **For New Agreements:** Ensure that any new sharecropping arrangement you enter into is documented through a written agreement in the form prescribed by law.
2.  **For Existing Agreements:** If you are an existing sharecropper or landowner, work with the other party to execute a written sharecropping agreement within 90 days of the Land Reforms Act, 2023 coming into force.
3.  **If Agreement is Not Executed:** If you or the landowner fail to execute the agreement within the 90-day period, you can apply to the Assistant Commissioner (Land) for the agreement to be executed [ACT-3].

**Evidence to Keep**
-   Any existing written sharecropping agreement (if applicable).
-   Proof of your cultivation of the land (e.g., photos, witness statements, receipts for seeds/fertilizers).
-   Any communication (letters, notices) between you and the landowner regarding the land.
-   Application submitted to the Assistant Commissioner (Land) (if applicable).

**Where to Go / Who to Contact**
-   **Assistant Commissioner (Land) Office:** This is the authority to approach if you need to formalize an existing sharecropping agreement or resolve disputes related to it [ACT-3], [ACT-6].

**When You Need a Lawyer**
You should consult a licensed Bangladeshi lawyer if the landowner refuses to sign a written agreement, if there is a dispute over the terms of the agreement, or if you need assistance with the application process at the Assistant Commissioner (Land) office.

---
⚠️ *This is legal information, not legal advice. Justor AI is not a lawyer. Verify with a licensed Bangladeshi lawyer before taking any legal action.*

---
**Sources**
- **[ACT-1]** Land Reforms Act, 2023, Section 8: Farming under sharecropping — sharecropping agreement, barga cultivation, land cultivation permission, crop sharing, tenancy form *(Status: Active)*
- **[ACT-3]** Land Reforms Act, 2023, Section 9: Recognition of existing tenants — existing tenant recognition, sharecropping contract, 90 days, Assistant Commissioner Land, tenancy validity *(Status: Active)*
- **[ACT-6]** Land Reforms Act, 2023, Section 16: Dispute resolution — dispute resolution, crop division dispute, tenancy termination, prescribed authority, 3 months *(Status: Active)*","Land Reforms Act, 2023",,False,[],NOT_AVAILABLE,[],"['8(1)', '9(1)', '9(2)', '8(1)', '8', '9', '16']",N/A,NOT_AVAILABLE,False,[],False,[],,,,
Q36,Land Reform,"I am drafting a defense for a client facing a land forfeiture notice from the Collector. The client owns 55 bighas of agricultural land and 10 bighas of land used for a processing plant for export-oriented mango pulp. Can we claim exemption under the Land Reforms Act, 2023?","Yes. Although the total is 65 bighas, the 10 bighas used for an export-oriented agricultural processing plant may qualify for statutory exemption, so the defense should argue that the industrial/processing land is excluded from the agricultural ceiling calculation.","**What This Means For You**
Your client owns 55 bighas of agricultural land and 10 bighas for an export-oriented mango pulp processing plant, totaling 65 bighas. The Land Reforms Act, 2023 sets a limit on agricultural land ownership. Based on the definition of ""standard bigha"" in the Act,

---
**Sources**
- **[ACT-1]** Land Reforms Act, 2023, Section 4: Limitations on acquiring agricultural land — agricultural land ceiling, 60 standard bighas, land acquisition limit, inheritance, compensation *(Status: Active)*
- **[ACT-2]** Land Reforms Act, 2023, Section 6: Not to evict from the residence, etc. — homestead eviction, residence protection, competent court order, dwelling, land owner *(Status: Active)*
- **[ACT-3]** Land Reforms Act, 2023, Section 2: Definition — definitions, khas land, bargadar, standard bigha, land owner, family *(Status: Active)*
- **[ACT-4]** Land Reforms Act, 2023, Section 11: Termination of tenancy agreement — termination of tenancy, sharecropper eviction, personal cultivation, restoration, 24 months *(Status: Active)*
- **[ACT-5]** Land Reforms Act, 2023, Section 15: Obstacles and restrictions in farming — farming restriction, sharecropping agreement, employee labourer, government collection, unauthorized cultivation *(Status: Active)*
- **[ACT-6]** Land Reforms Act, 2023, Section 7: Settlement of Khas land for habitation — khas land settlement, habitation, landless freedom fighters, landless farmers, transfer restriction *(Status: Active)*","Land Reforms Act, 2023",,False,[],NOT_AVAILABLE,[],"['4', '6', '2', '11', '15', '7']",N/A,NOT_AVAILABLE,False,[],False,[],,,,
Q37,Land Reform/SAT,"My family owns 80 bighas of agricultural land split between me, my brother, and our parents. Will the government take away 20 bighas from us under the SAT Act ceiling?","No. The active agricultural land ceiling is 60 standard bighas under the Land Reforms framework, not the historical 375-bigha SAT ceiling. If the 80 bighas are separately and lawfully held among four family members/individuals below the threshold, the aggregate does not automatically trigger seizure.","**What This Means For You**
Your family's total agricultural land of 80 standard bighas is well within the legal limits set by the State Acquisition and Tenancy Act, 1950. Therefore, the government will not take away any portion of your land based on the current land ceiling laws.

**What the Law Says**
Under Section 20(2) of the State Acquisition and Tenancy Act, 1950, a family is entitled to retain possession of their lands, including homestead, agricultural, cultivable, and vacant non-agricultural lands [ACT-3], [ACT-5]. The law specifies that the total amount of land a family can retain shall not exceed **three hundred and seventy-five standard bighas** or an area calculated at the rate of **ten standard bighas for each

---
**Sources**
- **[ACT-3]** The State Acquisition and Tenancy Act, 1950, Section 20: Lands to be retained in the possession of rent receivers, cultivating raiyats, cultivating under raiyats and non agricultural tenants *(Status: Amended)*
- **[ACT-5]** The State Acquisition and Tenancy Act, 1950, Section 20: Lands to be retained in the possession of rent receivers, cultivating raiyats, cultivating under raiyats and non agricultural tenants — Section 20, land law, tenancy, rent, revenue, Bangladesh *(Status: Active)*","State Acquisition and Tenancy Act, 1950",,False,[],NOT_AVAILABLE,[],"['20(2)', '20', '20', '20']",N/A,NOT_AVAILABLE,False,[],False,[],,,,
Q38,Property/SAT,My neighbor is selling his agricultural plot next to mine to a complete stranger from another district. Do I have a right to stop the sale and buy it myself just because my land touches his?,"No. Under Section 96 SAT Act, pre-emption belongs to a co-sharer tenant by transfer or inheritance. A merely adjacent/contiguous landowner no longer has a pre-emption right after the 2006 amendment deleted the contiguous-owner provision.","**What This Means For You**
Based on the available laws, if you are not a sharecropper (বর্গাদার) on your neighbor's land, you do not have a legal right to stop the sale or buy the land yourself just because your property is adjacent to it. The law grants a right to purchase primarily to the sharecropper of the land being sold.

**What the Law Says**
Under Section 13 of the Land Reforms Act, 2023, if an owner intends to sell land that is being sharecropped, they must first offer it in writing to the sharecropper (বর্গাদার) [ACT-1], [ACT-2]. The sharecropper has 15 days from receiving this proposal to inform the owner in writing of their decision to purchase the land [ACT-1], [ACT-2]. If the sharecropper agrees to buy, they will negotiate the price and terms with the owner [ACT-1], [ACT-2]. If the sharecropper does not respond within 15 days, or decides not to buy, or does not agree to the owner's price, the owner can sell the land to anyone else they choose. However, the owner cannot sell the land at a price lower than what was proposed to the sharecropper [ACT-1], [ACT-2]. This provision does not apply if the owner sells the land to a co-sharer or to close family members like parents, spouse, children, or grandchildren [ACT-1], [ACT-2].

The State Acquisition and Tenancy Act, 1950, Section 92, is titled ""Procedure for pre-emption"" but its provisions describe how a raiyat's interest in a holding can be extinguished (e.g., if they die without heirs, surrender the land, or abandon it), leading to the land vesting in the Government. It does not grant a right of pre-emption to an adjacent landowner [ACT-5].

**What You Should Do Now**
1.  Confirm if you are a sharecropper on your neighbor's land. If you are, you may have the right to purchase it as described above.
2.  If you are not a sharecropper, you may still try to negotiate directly with your neighbor to purchase the land, but you do not have a legal right to force the sale or stop them from selling to someone else based on adjacency.

**Evidence to Keep**
-   Any written communication from your neighbor regarding the sale (if applicable).
-   Proof of your land ownership (e.g., land deeds, record of rights - Khatian).
-   If you are a sharecropper, a copy of your sharecropping agreement.

**Where to Go /

---
**Sources**
- **[ACT-1]** Land Reforms Act, 2023, Section 13: Tenant's right to purchase — tenant purchase right, sale of sharecropping land, 15 days, price proposal, purchaser bound *(Status: Active)*
- **[ACT-2]** ভূমি সংস্কার আইন, ২০২৩, Section 13: বর্গাদারের ক্রয়াধিকার — বর্গাদারের ক্রয়াধিকার, বর্গাভূমি বিক্রয়, ১৫ দিন, প্রস্তাব, ক্রেতা *(Status: Active)*
- **[ACT-5]** The State Acquisition and Tenancy Act, 1950, Section 92: Procedure for pre-emption *(Status: Active)*","State Acquisition and Tenancy Act, 1950",96,False,[],NOT_AVAILABLE,[],"['13', '92', '13', '13', '92']",False,NOT_AVAILABLE,True,['Land Reforms Act'],False,[],,,,
Q39,Property/SAT,Differentiate between the preparation of the Record-of-Rights (ROR) under Section 143 and the revision of the Record-of-Rights under Section 144 of the SAT Act 1950.,"Section 143 SAT Act concerns routine maintenance/mutation of the RoR by the AC Land after transfer, inheritance, subdivision, etc. Section 144 concerns large-scale Government/Board-ordered revision or fresh preparation of RoR through survey operations over an area.","**What This Means For You**
The preparation and revision of the Record-of-Rights (ROR) are two important processes under the State Acquisition and Tenancy Act 1950. Understanding the difference between these processes can help you navigate land ownership and tenancy issues in Bangladesh. The preparation of the ROR is an initial process, while the revision is an update of the existing record.

**What the Law Says**
Under Section 143 of the State Acquisition and Tenancy Act 1950 [ACT-2], the Collector is responsible for maintaining the Record-of-Rights, which includes correcting clerical mistakes and incorporating changes due to transfer, inheritance, or settlement of lands. On the other hand, under Section 144 of the State Acquisition and Tenancy Act 1950 [ACT-1], the Government may order the revision of the Record-of-Rights, which involves updating the record to reflect changes in land ownership, tenancy, or other relevant details. The revision process includes publishing a draft of the revised record, receiving objections, and finally publishing the updated record.

**What You Should Do Now**
1. Check if the Record-of-Rights for your land has been prepared or revised recently.
2. Verify the details in the Record-of-Rights to ensure they are accurate and up-to-date.
3. If you have any objections or concerns, submit them to the relevant authority during the publication period.

**Evidence to Keep**
- Copy of the Record-of-Rights
- Proof of land ownership or tenancy
- Documents related to any changes in land ownership or tenancy

**Where to Go / Who to Contact**
Contact the local Revenue Office or the Collector's office for information on the preparation or revision of the Record-of-Rights. You can also reach out to the Directorate of Land Records and Surveys for guidance.

**When You Need a Lawyer**
You should consult a lawyer if you have a dispute related to the Record-of-Rights or if you need assistance with filing an objection or appeal during the revision process.

---
**Sources**
- **[ACT-1]** The State Acquisition and Tenancy Act, 1950, Section 144: Revision of the record of-rights *(Status: Amended)*
- **[ACT-2]** The State Acquisition and Tenancy Act, 1950, Section 143: Maintenance of the record-of rights *(Status: Active)*","State Acquisition and Tenancy Act, 1950",143/144,False,[],NOT_AVAILABLE,[],"['143', '144', '144', '143']",False,NOT_AVAILABLE,False,[],False,[],,,,
Q40,Property/SAT,Analyze the statutory consequences of an illegal subdivision of a holding below the subsistence size under Chapter XIII of the SAT Act 1950.,"Under SAT Act Section 117, co-sharer tenants may seek consolidation/subdivision, but the Revenue Officer can refuse subdivision that would reduce a holding below the prescribed minimum/subsistence size, preventing uneconomic fragmentation.","**What This Means For You**
If a holding is subdivided below the subsistence size, it can lead to severe consequences for the parties involved. The State Acquisition and Tenancy (SAT) Act 1950 aims to protect the rights of tenants and ensure fair distribution of land. Illegal subdivision can result in the transfer of land being deemed void, and the land may vest in the Government.

**What the Law Says**
Under Section 117 of the State Acquisition and Tenancy Act, 1950 [ACT-1], the Revenue-officer may direct the subdivision of a joint tenancy amongst the co-sharer tenants and distribution of rent thereof. However, if a subdivision is made below the subsistence size, it is considered illegal. According to the SAT Act 1950, any transfer of a holding or tenancy or of a share or portion thereof made in contravention of the provisions of the Act shall be void, and the lands comprised in the holding or tenancy or share or portion thereof so transferred shall vest absolutely in the Government free from all encumbrances [ACT-4, Section 90].

**What You Should Do Now**
1. Verify the subsistence size of the holding as per the SAT Act 1950 to ensure compliance with the law.
2. If an illegal subdivision has already occurred, seek advice from the Revenue Authority or a licensed lawyer to understand the consequences and potential remedies.
3. Ensure all future transactions related to the holding are made in accordance with the provisions of the SAT Act 1950.

**Evidence to Keep**
- Documents related to the subdivision of the holding
- Records of transactions related to the holding
- Communication with the Revenue Authority or other relevant parties

**Where to Go / Who to Contact**
The Revenue Authority or the Subdivisional Magistrate can provide guidance on the consequences of an illegal subdivision and the necessary steps to take. For further assistance, contact the Ministry of Land or a licensed lawyer specializing in land law.

**When You Need a Lawyer**
You should consult a lawyer if you are facing a dispute related to an illegal subdivision of a holding or if you are unsure about the consequences of such an action and need professional advice to protect your rights.

---
**Sources**
- **[ACT-1]** The State Acquisition and Tenancy Act, 1950, Section 117: Subdivision of holding and restrictions thereon *(Status: Amended)*","State Acquisition and Tenancy Act, 1950",117,False,[],NOT_AVAILABLE,[],"['117', '90', '117']",True,NOT_AVAILABLE,False,[],False,[],,,,
Q42,Property/SAT,"I am representing a petitioner in a Section 96 pre-emption case. The opposite party claims the suit is non-maintainable because the disputed land was transferred via an oral 'Heba' under Muslim Personal Law, but a formal 'Heba' declaration deed was registered months later. When does the limitation period commence?","For Section 96 SAT pre-emption, a claimed oral Heba of immovable property cannot bypass registration requirements. Limitation should run from the registered Heba deed/notice or knowledge of the registered transfer, not from an unrecorded oral claim.","**What This Means For You**
The limitation period for a Section 96 pre-emption case is crucial in determining whether your petition is maintainable. The opposite party's claim that the land was transferred via an oral 'Heba' may affect the commencement of the limitation period.

**What the Law Says**
Under Section 96 [ACT-1] of the State Acquisition and Tenancy Act, 1950, the limitation period for a pre-emption case commences from the date of knowledge of the sale. However, in the case of a 'Heba' under Muslim Personal Law, the transfer is considered complete when the 'Heba' is made, not when the formal declaration deed is registered. According to Section 123 [ACT-3] of the Transfer of Property Act, 1882, a 'Heba' under Muhammadan law is deemed to be a gift of immoveable property, and the transfer must be effected by a registered instrument signed by or on behalf of the donor. Since the 'Heba' was made orally, the limitation period may commence from the date of the oral 'Heba', not from the date of registration of the formal declaration deed.

**What You Should Do Now**
1. Investigate the date of the oral 'Heba' and gather evidence to support the petitioner's claim.
2. Review the registered 'Heba' declaration deed and determine if it confirms the earlier oral 'Heba'.
3. Consult with a legal expert to determine the exact commencement date of the limitation period.

**Evidence to Keep**
- Documentary evidence of the oral 'Heba', if available
- The registered 'Heba' declaration deed
- Witness statements or other evidence supporting the date of the oral 'Heba'

**Where to Go / Who to Contact**
Contact the Assistant Judge Court or the Joint District Judge Court, which has jurisdiction over the matter, to file the pre-emption case.

**When You Need a Lawyer**
You should consult a licensed lawyer immediately to determine the exact commencement date of the limitation period and to ensure that your petition is filed within the prescribed time limit.

---
**Sources**
- **[ACT-1]** The State Acquisition and Tenancy Act, 1950, Section 96: Right of pre-emption *(Status: Active)*
- **[ACT-3]** The Transfer of Property Act, 1882, Section 123: Transfer how effected — gift, donor, donee, property gift, Transfer of Property Act *(Status: Amended)*","State Acquisition and Tenancy Act, 1950",96,False,[],NOT_AVAILABLE,[],"['96', '96', '123', '96', '123']",True,NOT_AVAILABLE,True,['Transfer of Property Act'],False,[],,,,
Q44,Property/SAT,"The opposite party in a partition suit claims that a land parcel has automatically become 'Khas' (state property) because it was left uncultivated for over 10 years, referencing historical provisions of the SAT Act. How do we counter this?","Historical SAT provisions on abandoned/uncultivated land do not automatically convert a modern mutated raiyat/malik holding into Khas land merely because it was uncultivated for 10 years. Updated khatian, mutation, possession, and land-development-tax receipts counter the Khas claim.","**What This Means For You**
The opposite party is trying to claim that the land parcel has become state property due to being left uncultivated for over 10 years. However, this claim may not be valid under current laws. You need to understand the relevant provisions of the State Acquisition and Tenancy Act (SAT Act) to counter this claim.

**What the Law Says**
Under Section 56 of the State Acquisition and Tenancy Act, 1950 [ACT-2], no party to a suit, appeal, or proceeding in a Civil Court or High Court in respect of any land can raise an issue before a Revenue-officer that is substantially in issue in such suit, appeal, or proceeding. Additionally, Section 30 of the SAT Act [ACT-3] bars the jurisdiction of Civil Courts in certain matters related to land, but it does not explicitly state that land becomes 'Khas' due to being left uncultivated. 

**What You Should Do Now**
1. Review the historical provisions of the SAT Act and relevant case laws to understand the context of the opposite party's claim.
2. Check the current status of the land parcel and gather evidence of its ownership and cultivation history.
3. Consult with a licensed lawyer to prepare a counter-claim and gather supporting documents.

**Evidence to Keep**
- Documents showing the ownership and cultivation history of the land parcel
- Records of any previous court proceedings or disputes related to the land
- Evidence of the land's current status and any recent cultivation or development activities

**Where to Go / Who to Contact**
Contact a Civil Court or a lawyer specializing in land laws to seek advice and guidance on countering the opposite party's claim.

**When You Need a Lawyer**
You should consult a lawyer immediately if the opposite party's claim is likely to affect your rights to the land parcel, as professional legal help is essential to protect your interests in the partition suit.

---
**Sources**
- **[ACT-2]** The State Acquisition and Tenancy Act, 1950, Section 56: Section 56 — Section 56, land law, tenancy, rent, revenue, Bangladesh *(Status: Active)*
- **[ACT-3]** The State Acquisition and Tenancy Act, 1950, Section 30: Bar to jurisdiction of Civil Court *(Status: Active)*","State Acquisition and Tenancy Act, 1950",,False,[],NOT_AVAILABLE,[],"['56', '30', '56', '56', '56', '30']",N/A,NOT_AVAILABLE,False,[],False,[],,,,
Q45,Property/TPA,"I paid the full money to buy a flat from my uncle, and he gave me the physical keys and signed a 300 TK stamp paper document saying I own it now. Do I completely own this property legally under the law?","No. Under Section 54 TPA read with Section 17A Registration Act, ownership of immovable property by sale passes only through a registered instrument. Keys and a Tk 300 stamp-paper document do not create legal title.","**What This Means For You**
You have taken possession of the flat and have a document signed by your uncle, but this may not be enough to establish complete legal ownership. Under Bangladeshi law, there are specific requirements for transferring property ownership.

**What the Law Says**
Under Section 54 [ACT-6] of the Transfer of Property Act, 1882, a sale of immoveable property can be made only by a registered instrument. Although you have a signed document, it may not be considered a registered instrument. Additionally, Section 53E [ACT-5] requires that every instrument of sale be supported by an affidavit by the executant affirming that he has lawful title to the property. It is unclear if this requirement has been met in your case.

**What You Should Do Now**
1. Verify if the document you have is a registered instrument or if it needs to be registered with the relevant authorities.
2. Check if the document includes an affidavit from your uncle affirming his lawful title to the property.
3. Consider consulting with a licensed lawyer to review the document and ensure that all necessary steps have been taken to establish your legal ownership.

**Evidence to Keep**
- The signed 300 TK stamp paper document
- Proof of payment for the full amount
- Any other relevant documents related to the property transfer

**Where to Go / Who to Contact**
You may need to contact the local Sub-Registry Office or a licensed lawyer specializing in property law to verify the registration status of the document and ensure that all necessary steps have been taken.

**When You Need a Lawyer**
You should consider seeking professional legal help if you are unsure about the validity of the document or if you encounter any disputes regarding the ownership of the property.

---
**Sources**
- **[ACT-5]** The Transfer of Property Act, 1882, Section 53E: Instrument of transfer to be supported by affidavit — property transfer, immoveable property, Section 53E, Bangladesh property law, Transfer of Property Act *(Status: Active)*
- **[ACT-6]** The Transfer of Property Act, 1882, Section 54: “Sale” defined — sale, contract for sale, buyer, seller, immoveable property *(Status: Amended)*","Transfer of Property Act, 1882",54,False,[],NOT_AVAILABLE,[],"['54', '53E', '53E', '53E', '54']",True,NOT_AVAILABLE,False,[],False,[],,,,
Q46,Family/Property,"I am a Muslim. My grandfather verbally gifted me a piece of land in front of family members before passing away. Do I legally own this land now, or do I need a written paper?","No. After Bangladesh-specific amendments, a gift/Heba of immovable property must be made by registered instrument; a purely verbal gift of land does not pass legal title even if family members witnessed it.","**What This Means For You**
Your grandfather's verbal gift of land to you may be considered valid under certain conditions, but it's essential to understand the legal requirements for transferring property in Bangladesh. To ensure your ownership, you should take steps to document the gift.

**What the Law Says**
Under Section 123 of the Transfer of Property Act, 1882 [ACT-1], a gift of immovable property, such as land, must be made through a registered instrument signed by or on behalf of the donor and attested by at least two witnesses. However, Section 9 [ACT-3] of the same Act states that a transfer of property may be made without writing in every case where a writing is not expressly required by law. Since your grandfather verbally gifted the land to you in front of family members, it may be considered a valid gift, but it's crucial to have documentation to avoid potential disputes.

**What You Should Do Now**
1. Gather evidence of the verbal gift, such as statements from family members who witnessed the gift.
2. Consider registering the gift through a registered instrument, such as a deed, to ensure clarity and avoid potential disputes.
3. Consult with a licensed lawyer to determine the best course of action and ensure that your ownership is properly documented.

**Evidence to Keep**
- Statements from family members who witnessed the verbal gift
- Any other relevant documents, such as a letter or affidavit from your grandfather

**Where to Go / Who to Contact**
Sub-Registrar's Office (for registration of the gift) | Local Magistrate Court (for any disputes) | Legal Aid: 16430

**When You Need a Lawyer**
You should consult a lawyer if there are any disputes or challenges to your ownership of the land, or if you need assistance with registering the gift and ensuring that your rights are protected.

---
**Sources**
- **[ACT-1]** The Transfer of Property Act, 1882, Section 123: Transfer how effected — gift, donor, donee, property gift, Transfer of Property Act *(Status: Amended)*
- **[ACT-3]** The Transfer of Property Act, 1882, Section 9: Oral transfer — property transfer, immoveable property, Section 9, Bangladesh property law, Transfer of Property Act *(Status: Active)*","Transfer of Property Act, 1882 / Registration Act, 1908",,False,[],NOT_AVAILABLE,[],"['123', '9', '123', '9', '9']",N/A,NOT_AVAILABLE,False,[],False,[],,,,
Q47,Property/TPA,"I sold my land to a buyer and signed the final registered deed, but the buyer's cheque bounced and I only received half the money. Can I just unilaterally tear up the deed or declare it cancelled at the sub-registry office?",No. A registered sale deed cannot be unilaterally torn up or cancelled at the sub-registry office. The seller's remedy is a civil suit for unpaid price under Section 55(4)(b) TPA or cancellation under Section 39 Specific Relief Act if grounds exist.,"**What This Means For You**
You cannot unilaterally cancel the deed or declare it cancelled at the sub-registry office because the sale has already been completed and registered. You need to take legal action to resolve the issue of non-payment.

**What the Law Says**
Under Section 55 of the Transfer of Property Act, 1882 [ACT-3], the seller is entitled to a charge on the property for the amount of the purchase money remaining unpaid. However, this does not mean you can simply cancel the deed. A court also ruled that a sale is complete when the buyer pays the full purchase price, but if the buyer fails to pay, the seller may seek remedies such as a suit for specific performance or a decree for rescission.

**What You Should Do Now**
1. Consult a lawyer to discuss your options for recovering the remaining amount.
2. Gather all relevant documents, including the sale deed, the bounced cheque, and any communication with the buyer.
3. Consider filing a suit for specific performance or a decree for rescission in a court of law.

**Evidence to Keep**
- The registered sale deed
- The bounced cheque
- Any communication with the buyer, including emails, letters, or witness statements

**Where to Go / Who to Contact**
Contact a lawyer or visit the District Court or a Sub-ordinate Court in your area for guidance on filing a suit. You can also call the Legal Aid helpline at 16430 for assistance.

**When You Need a Lawyer**
You should consult a lawyer immediately if you want to take legal action against the buyer for non-payment, as this is a complex issue that requires professional guidance.

---
**Sources**
- **[ACT-3]** The Transfer of Property Act, 1882, Section 55: Rights and liabilities of buyer and seller — sale, contract for sale, buyer, seller, immoveable property *(Status: Active)*","Transfer of Property Act, 1882",55(4)(b),False,[],NOT_AVAILABLE,[],"['55', '55']",False,NOT_AVAILABLE,False,[],False,[],,,,
Q48,Property/TPA,"Explain the 'Rule against Perpetuity' under Section 14 of the Transfer of Property Act, 1882, and state its exact maximum statutory duration.","Under Section 14 TPA, a transfer cannot create an interest taking effect beyond the lifetime of living person(s) at the date of transfer plus the minority of a person then unborn. The maximum period is lives in being plus 18 years of minority.","**What This Means For You**
The Rule against Perpetuity is a law that restricts how long a property can be held in trust or transferred with conditions. This rule affects how property is passed down through generations. If you're planning to transfer property, you need to understand this rule to avoid any issues.

**What the Law Says**
Under Section 14 of the Transfer of Property Act, 1882 [ACT-1], the Rule against Perpetuity states that no transfer of property can create an interest that takes effect after the lifetime of one or more persons living at the date of the transfer, plus the minority of some person who shall be in existence at the expiration of that period. The exact maximum statutory duration is the lifetime of one or more persons living at the date of the transfer, plus a period of 18 years from the date of the transfer, but not exceeding the lifetime of the transferor.

**What You Should Do Now**
1. Review any property transfer documents to ensure they comply with the Rule against Perpetuity.
2. Consult with a lawyer to understand how this rule applies to your specific situation.
3. Plan your property transfers carefully to avoid violating this rule.

**Evidence to Keep**
- Property deeds
- Transfer documents
- Records of living persons at the date of transfer

**Where to Go / Who to Contact**
For legal advice on property transfers, contact a licensed lawyer or visit the District Judge Court.

**When You Need a Lawyer**
You need a lawyer when you're planning a complex property transfer that may be affected by the Rule against Perpetuity.

---
**Sources**
- **[ACT-1]** The Transfer of Property Act, 1882, Section 14: Rule against perpetuity — property transfer, immoveable property, Section 14, Bangladesh property law, Transfer of Property Act *(Status: Active)*","Transfer of Property Act, 1882",14,False,[],NOT_AVAILABLE,[],"['14', '14', '14']",True,NOT_AVAILABLE,False,[],False,[],,,,
Q49,Property/TPA,"Analyze the essential pre-conditions required to successfully claim protection as a transferee under Section 41 (Transfer by Ostensible Owner) of the Transfer of Property Act, 1882.","Section 41 protection requires: ostensible ownership, express/implied consent of the real owner, transfer for consideration, good faith, and reasonable care by the transferee to verify the transferor's authority.","**What This Means For You**
To claim protection as a transferee under Section 41, you must ensure that the transferor was an ostensible owner with the consent of the actual owners, and that you acted in good faith after taking reasonable care to verify the transferor's authority. This section is crucial in protecting transferees from voidable transfers.

**What the Law Says**
Under Section 41 [ACT-1] of the Transfer of Property Act, 1882, a transfer by an ostensible owner is not voidable if the transferee has acted in good faith and taken reasonable care to ascertain the transferor's power to make the transfer. The law requires that the transferor must have been an ostensible owner with the consent of the persons interested in the immoveable property. The transferee must also have acted in good faith, taking reasonable care to verify the transferor's authority.

**What You Should Do Now**
1. Verify the transferor's authority to transfer the property by checking for any consent or agreement from the actual owners.
2. Ensure that you have acted in good faith, taking reasonable care to ascertain the transferor's power to make the transfer.
3. Review the transfer documents and agreements to ensure that they are valid and comply with the requirements of the Transfer of Property Act, 1882.

**Evidence to Keep**
- Documents showing the transferor's authority to transfer the property
- Records of consent or agreement from the actual owners
- Evidence of reasonable care taken to verify the transferor's authority
- Transfer documents and agreements

**Where to Go / Who to Contact**
For any disputes or concerns, contact the Sub-Registry Office or the District Court where the property is located. You can also seek advice from a licensed lawyer specializing in property law.

**When You Need a Lawyer**
You should consult a lawyer if you are unsure about the transferor's authority or if you are facing a dispute over the transfer of the property.

---
**Sources**
- **[ACT-1]** The Transfer of Property Act, 1882, Section 41: Transfer by ostensible owner — property transfer, immoveable property, Section 41, Bangladesh property law, Transfer of Property Act *(Status: Active)*","Transfer of Property Act, 1882",41,False,[],NOT_AVAILABLE,[],"['41', '41', '41', '41']",True,NOT_AVAILABLE,False,[],False,[],,,,
Q50,Property/TPA,"Define the Doctrine of Election under Section 35 of the Transfer of Property Act, 1882, and explain what happens if a person refuses to accept the deed but retains an indirect benefit.","Under Section 35 TPA, where a deed transfers someone's property without authority but also gives that owner a benefit, the owner must elect either to accept the transfer and keep the benefit or reject the transfer and relinquish the benefit.","**What This Means For You**
The Doctrine of Election is a crucial concept in property law that affects how transfers of property are handled when the transferor has no right to transfer the property. If you're involved in a property transfer, understanding this doctrine can help you navigate potential disputes. Refusing to accept a deed while retaining an indirect benefit can have significant consequences.

**What the Law Says**
Under Section 35 of the Transfer of Property Act, 1882 [ACT-1], the Doctrine of Election states that when a person transfers property they have no right to transfer and, as part of the same transaction, confers a benefit on the owner of the property, the owner must elect either to confirm the transfer or dissent from it. If the owner dissents, they must relinquish the benefit conferred. However, if the benefit is indirect, the person taking the benefit is not bound to elect.

**What You Should Do Now**
1. Review the terms of the property transfer to understand any benefits conferred.
2. Determine if you have received any direct or indirect benefits from the transfer.
3. If you have received a direct benefit, consider whether to confirm or dissent from the transfer.

**Evidence to Keep**
- Documents related to the property transfer
- Records of any benefits received, direct or indirect
- Correspondence with the transferor or their representatives

**Where to Go / Who to Contact**
For guidance on the Doctrine of Election and property transfers, contact the Sub-Registry Office or the District Court where the property is located. You may also seek advice from a licensed lawyer specializing in property law.

**When You Need a Lawyer**
You should consult a lawyer if you are unsure about your rights or obligations under the Doctrine of Election, or if a dispute arises regarding a property transfer.

---
**Sources**
- **[ACT-1]** The Transfer of Property Act, 1882, Section 35: Election when necessary — property transfer, immoveable property, Section 35, Bangladesh property law, Transfer of Property Act *(Status: Active)*","Transfer of Property Act, 1882",35,False,[],NOT_AVAILABLE,[],"['35', '35', '35']",True,NOT_AVAILABLE,False,[],False,[],,,,
Q51,Civil Procedure/Property,"During the pendency of a partition suit, one of the co-sharers sells a specific demarcated portion of the suit land to a third-party purchaser without court permission. What is the precise status of this transfer under Section 52 (Lis Pendens) in Bangladesh civil litigation?","Under Section 52 TPA, a transfer during pending litigation is not automatically void, but it is subject to the final decree and cannot prejudice the rights of other parties. In partition, the buyer steps into the seller's shoes and cannot insist on the specific demarcated portion if the final decree says otherwise.","**What This Means For You**
If a co-sharer sells a portion of the suit land during a partition suit without court permission, the transfer may be voidable. This means the sale can be challenged in court, and the buyer's rights may not be secure.

**What the Law Says**
Under Section 52 [ACT-1] of the Transfer of Property Act, 1882, any transfer of property pending a suit in which the property is in question is voidable at the option of any other party to the suit. This means that if a co-sharer sells a portion of the suit land without court permission during the pendency of the partition suit, the transfer is not automatically void but can be challenged by the other co-sharers.

**What You Should Do Now**
1. Review the court records to confirm the sale was made without court permission.
2. Consult with a lawyer to understand the options for challenging the sale.
3. Gather evidence of the sale, including any documents or witness statements.

**Evidence to Keep**
- Copy of the sale deed
- Court records of the partition suit
- Witness statements or other evidence of the sale

**Where to Go / Who to Contact**
Contact the court where the partition suit is pending, or consult with a lawyer specializing in property law.

**When You Need a Lawyer**
You should consult a lawyer immediately if you are a co-sharer in a partition suit and another co-sharer has sold a portion of the suit land without court permission.

---
**Sources**
- **[ACT-1]** The Transfer of Property Act, 1882, Section 52: Transfer of property pending suit relating thereto — property transfer, immoveable property, Section 52, Bangladesh property law, Transfer of Property Act *(Status: Amended)*","Transfer of Property Act, 1882",52,False,[],NOT_AVAILABLE,[],"['52', '52', '52']",True,NOT_AVAILABLE,False,[],False,[],,,,
Q53,Property/TPA,A client purchased a property from a vendor who had previously executed a registered contract for sale (Bayanapatra) with another party. The previous contract holder now files a suit for specific performance. Can your client defeat the suit by pleading the status of a bona fide purchaser for value without notice under Section 54?,"No. A prior registered Bayanapatra/contract for sale creates a binding statutory obligation running with the land, and registration gives constructive notice. A later buyer cannot defeat specific performance by pleading bona fide purchaser without notice under Section 54.","**What This Means For You**
Your client may be able to defeat the suit if they can prove they are a bona fide purchaser for value without notice. However, this depends on whether they had knowledge of the previous contract.

**What the Law Says**
Under Section 55 of the Transfer of Property Act, 1882 [ACT-4], a buyer is entitled to certain rights, including the right to a charge on the property if they have paid the purchase money. However, Section 53B [ACT-3] states that no immoveable property under a contract for sale can be transferred except to the vendee, unless the contract is lawfully rescinded. To claim the status of a bona fide purchaser, your client must show that they purchased the property for value, without notice of the previous contract.

**What You Should Do Now**
1. Gather all documents related to the purchase, including the deed and any correspondence with the vendor.
2. Determine whether your client had any knowledge of the previous contract for sale.
3. Consult with a lawyer to assess the strength of your client's case and potential defenses.

**Evidence to Keep**
- The deed of purchase
- Any correspondence with the vendor
- Proof of payment of the purchase price
- Any other documents that may show your client's lack of notice

**Where to Go / Who to Contact**
Contact a lawyer specializing in property law or visit the District Court or a lawyer's chamber for guidance.

**When You Need a Lawyer**
You should consult a lawyer immediately if the previous contract holder files a suit for specific performance, as this is a serious legal matter that requires professional advice.

---
**Sources**
- **[ACT-3]** The Transfer of Property Act, 1882, Section 53B: Immoveable Property under a contract for sale not to be transferred — sale, contract for sale, buyer, seller, immoveable property *(Status: Active)*
- **[ACT-4]** The Transfer of Property Act, 1882, Section 55: Rights and liabilities of buyer and seller — sale, contract for sale, buyer, seller, immoveable property *(Status: Active)*","Transfer of Property Act, 1882",54,False,[],NOT_AVAILABLE,[],"['55', '53B', '53B', '55']",False,NOT_AVAILABLE,False,[],False,[],,,,
Q54,Commercial/IP,How long does a trademark registration stay valid in Bangladesh before I have to renew it?,"Under the Trademarks Act, 2009, initial trademark registration lasts 7 years from the application/registration date, and it can be renewed repeatedly for 10-year periods after that.","**What This Means For You**
Your trademark registration in Bangladesh is valid for a certain period, after which you need to renew it to maintain your exclusive rights. This is crucial to protect your brand and business.

**What the Law Says**
Under Section 22 [ACT-1] of the Trademarks Act, 2009, the registration of a trademark in Bangladesh is valid for 7 years from the date of registration. However, you can renew it for another 10 years from the date of expiration of the original registration or the last renewal of registration.

**What You Should Do Now**
1. Check your trademark registration certificate to find out when it expires.
2. Apply for renewal within the prescribed time period before the expiration date.
3. Pay the required renewal fee to avoid removal of your trademark from the Register.

**Evidence to Keep**
- Trademark registration certificate
- Renewal application documents
- Payment receipt for renewal fee

**Where to Go / Who to Contact**
Contact the Department of Patents, Designs and Trademarks (DPDT) in Dhaka for renewal of your trademark registration.

**When You Need a Lawyer**
You should consult a licensed Bangladeshi lawyer if you receive an opposition to your trademark renewal application or if you need assistance with the renewal process.

---
**Sources**
- **[ACT-1]** ট্রেডমার্ক আইন, ২০০৯, Section 22: নিবন্ধনের মেয়াদ, নবায়ন ও পুনর্বহাল — ধারা 22, ট্রেডমার্ক, নিবন্ধন, registration, application, নিবন্ধন আবেদন *(Status: Active)*","Trademarks Act, 2009",,False,[],NOT_AVAILABLE,[],"['22', '22']",N/A,NOT_AVAILABLE,False,[],False,[],,,,
Q55,Commercial/IP,Someone is selling exact copies of my products using my registered brand logo in a local market. Can I go to the local police station and have them arrested immediately under the Trademark Act?,"Yes, selling counterfeit goods using a registered mark can attract criminal liability under Sections 73 and 74 of the Trademarks Act, 2009. Police action normally requires a written complaint and follows CrPC procedures; punishment may include imprisonment, fine, or both.","**What This Means For You**
Someone is copying your products and using your brand logo without permission, which can harm your business and reputation. You want to take action against them, but you need to follow the right procedure.

**What the Law Says**
Under Section 26 [ACT-3] of the Trademarks Act, 2009, a registered trademark is deemed to be infringed by any person who uses a mark that is identical or deceptively similar to your trademark in relation to goods or services. However, to take action, you need to follow the proper legal channels. According to Section 83 [ACT-4], only a complaint in writing made by the Registrar or an authorized officer can lead to cognizance of an offence under the Act.

**What You Should Do Now**
1. Gather evidence of the infringement, such as photos or videos of the copied products and the use of your brand logo.
2. Contact the Registrar of Trademarks or an authorized officer to file a complaint in writing.
3. Consider consulting a lawyer who specializes in intellectual property law to guide you through the process.

**Evidence to Keep**
- Photos or videos of the copied products
- Proof of your registered trademark
- Documents showing the use of your brand logo by the infringer

**Where to Go / Who to Contact**
You can contact the Department of Patents, Designs and Trademarks (DPDT) or a lawyer who specializes in intellectual property law. You can also reach out to the local police station, but they may not be able to take immediate action without a complaint from the Registrar or an authorized officer.

**When You Need a Lawyer**
You should consider hiring a lawyer if you want to file a lawsuit against the infringer or if you need help navigating the legal process to protect your trademark rights.

---
**Sources**
- **[ACT-3]** Trademarks Act, 2009, Section 26: Infringement of trademarks. — Section 26, infringement, trademark, registration, Bangladesh, trademark law *(Status: Active)*
- **[ACT-4]** Trademarks Act, 2009, Section 83: Cognizance of certain offences — Section 83, cognizance, certain, offences, trademark, registration *(Status: Active)*","Trademarks Act, 2009","73,74",False,[],NOT_AVAILABLE,[],"['26', '83', '26', '26', '83', '83']",False,NOT_AVAILABLE,False,[],False,[],,,,
Q59,Commercial/IP,"What is the specific civil forum/court of original jurisdiction to institute a suit for trademark infringement in Bangladesh, and what is the statutory limitation period for filing such a suit?","A trademark infringement suit must be filed in the Court of the District Judge having territorial jurisdiction, which includes the Joint District Judge exercising District Court powers. The limitation period is 3 years from infringement under the Limitation Act, 1908.","**What This Means For You**
If you're a victim of trademark infringement in Bangladesh, you need to know where to file a lawsuit and how much time you have to do so. The right court and timely action are crucial for protecting your trademark rights.

**What the Law Says**
Under Section 96 [ACT-1] of the Trademarks Act, 2009, a suit for trademark infringement must be instituted in a District Court. This means that the District Court is the court of original jurisdiction for such cases. Additionally, according to Section 86 [ACT-3] of the Trademarks Act, 2009, the statutory limitation period for filing a suit for trademark infringement is three years from the date of the infringement or two years from the discovery of the infringement, whichever expires first.

**What You Should Do Now**
1. Identify the District Court with jurisdiction over your case.
2. Gather evidence of the infringement, including any proof of use of your trademark by the infringer.
3. Consult with a lawyer to discuss your case and the best course of action.

**Evidence to Keep**
- Proof of trademark registration
- Evidence of infringement (e.g., photos, advertisements)
- Records of any attempts to resolve the issue amicably

**Where to Go / Who to Contact**
District Court with jurisdiction over your case. For legal assistance, you can contact the Bangladesh Bar Council or a licensed trademark lawyer.

**When You Need a Lawyer**
You should consult a lawyer as soon as possible if you suspect trademark infringement and intend to file a lawsuit, as the lawyer can guide you through the legal process and help ensure you meet the statutory limitation period.

---
**Sources**
- **[ACT-1]** Trademarks Act, 2009, Section 96: Suit for in infringement, etc., to be instituted before District Court. — Section 96, suit, infringement, instituted, before, trademark *(Status: Active)*
- **[ACT-3]** Trademarks Act, 2009, Section 86: Limitation of prosecution. — Section 86, limitation, prosecution, trademark, registration, Bangladesh *(Status: Active)*","Trademarks Act, 2009 / Limitation Act, 1908",,False,[],NOT_AVAILABLE,[],"['96', '86', '96', '96', '86', '86']",N/A,NOT_AVAILABLE,False,[],False,[],,,,
