id,category,question,gold_answer,system_answer,expected_act,expected_section,fabricated_citation,fabricated_tags,unverifiable_dlr_citation,citations_found,claimed_sections,expected_section_mentioned,claimed_section_not_in_db,act_mismatch,other_acts_mentioned,jurisdiction_leakage,leaked_terms,human_correctness,human_faithfulness,judge_agrees_with_human,notes
Q01,Criminal Procedure,Does a police officer in Bangladesh need a warrant to arrest someone for 'Anticipatory Bail' under Section 438 of the CrPC?,"Section 438 CrPC does not exist in Bangladesh; it was omitted by the 2009 amendment. Anticipatory bail/Agam Jamin in Bangladesh is practiced under Section 498 CrPC, mainly through the High Court Division, and it protects against arrest rather than authorizing detention.","**What This Means For You**
In Bangladesh, the concept of 'Anticipatory Bail' is exercised under Section 498 of the Code of Criminal Procedure, 1898, not Section 438. This means that if you are seeking anticipatory bail, you will need to apply to the High Court Division or the Court of Session. 

**What the Law Says**
Under Section 498 of the Code of Criminal Procedure, 1898 [ACT-1], the High Court Division or the Court of Session has the power to direct admission to bail or reduction of bail. However, Section 438 CrPC was omitted by the Code of Criminal Procedure (Amendment) Act, 2009. A court also ruled in State VS Abdur Rahim [DLR-5] that an application for disposal of seized articles can be filed under section 517 of the Code before the High Court Division.

**What You Should Do Now**
1. Consult with a licensed lawyer to understand the process of applying for anticipatory bail under Section 498 of the Code of Criminal Procedure, 1898.
2. Gather all necessary documents and evidence to support your application.
3. Submit your application to the High Court Division or the Court of Session, as advised by your lawyer.

**Evidence to Keep**
- A copy of the application for anticipatory bail
- Supporting documents and evidence
- Receipt of submission of the application

**Where to Go / Who to Contact**
You should contact the High Court Division or the Court of Session, as applicable, through a licensed lawyer. You can also contact the Legal Aid hotline at 16430 for guidance.

**When You Need a Lawyer**
You should consult a licensed Bangladeshi lawyer immediately if you are seeking anticipatory bail or if you have been arrested or detained by the police.

---
**Sources**
- **[ACT-1]** The Code of Criminal Procedure, 1898, Section 498: Power to direct admission to bail or reduction of bail (Anticipatory Bail / Agam Jamin) *(Status: Active)*
- **[DLR-5]** State VS Abdur Rahim — DLR (AD) 2005 | Appellate Division | 2005","Code of Criminal Procedure, 1898",498,False,[],NOT_AVAILABLE,[],"['498', '438', '498', '438', '517', '498', '498']",True,NOT_AVAILABLE,False,[],False,[],,,,
Q02,Limitation Act,What is the limitation period for a suit for 'Specific Performance of Contract' in Bangladesh? Please cite the specific Article of the Limitation Act,"For specific performance in Bangladesh, the limitation period is 1 year under Article 113 of the First Schedule to the Limitation Act, 1908. Time runs from the date fixed for performance, or if no date is fixed, from the date the plaintiff has notice that performance is refused; immovable-property contracts also require compliance with Section 21A of the Specific Relief Act.","**What This Means For You**
In Bangladesh, if you want to file a lawsuit for specific performance of a contract, you need to know the time limit for doing so. This time limit is crucial because if you miss it, you might not be able to file your lawsuit.

**What the Law Says**
Under Article 113 of the First Schedule of The Limitation Act, 1908 [ACT-1], the period of limitation for a suit for specific performance of a contract is three years. The time from which this period begins to run is the date fixed for the performance, or, if no such date is fixed, when the plaintiff has notice that performance is refused.

**What You Should Do Now**
1. Check your contract to see if there's a specific date for performance mentioned.
2. If there's no specific date, determine when you were notified that the other party refused to perform their part of the contract.
3. Calculate three years from that date to know your deadline for filing a lawsuit.

**Evidence to Keep**
- A copy of the contract
- Any communication (letters, emails, etc.) showing the date you were notified of refusal to perform
- Records of any attempts to negotiate or resolve the issue amicably

**Where to Go / Who to Contact**
For legal proceedings, you would need to contact the appropriate court in Bangladesh, such as the District Court or the High Court Division of the Supreme Court, depending on the nature and value of the contract.

**When You Need a Lawyer**
You should consult a lawyer as soon as possible if you believe the other party has breached the contract and you wish to seek specific performance, to ensure you do not miss the limitation period.

---
**Sources**
- **[ACT-1]** The Limitation Act, 1908, Section 113: Article 113 - For specific performance of a contract *(Status: In Force)*","Limitation Act, 1908",Article 113,False,[],NOT_AVAILABLE,[],['113'],True,NOT_AVAILABLE,False,[],False,[],,,,
Q03,Family Law,A man dies in 2025. He has a living son and a grandson (the son of another son who died in 2020). Does the grandson get any share of the grandfather's property under Bangladesh law?,"Yes. Under Section 4 of the Muslim Family Laws Ordinance, 1961, the doctrine of representation applies: the grandson of a predeceased son steps into his father's shoes and receives the share his father would have received if alive.","**What This Means For You**
The grandson may be eligible to receive a share of his grandfather's property under Bangladesh law. This is because the grandson's father, who was the son of the deceased, passed away before the grandfather, and the law provides for the grandchildren to inherit in such cases.

**What the Law Says**
Under Section 4 of the Muslim Family Laws Ordinance, 1961 [ACT-1], if a son or daughter of the deceased person dies before the deceased, the children of that son or daughter (i.e., the grandchildren) are entitled to receive a share of the property per stirpes, meaning they will receive the share that their parent would have received if they were alive. This means the grandson will receive the share that his father would have received if he were alive at the time of the grandfather's death.

**What You Should Do Now**
1. Gather all relevant documents, including the deceased person's death certificate, the grandson's birth certificate, and any other documents that establish the family relationships.
2. Consult with a licensed lawyer in Bangladesh to determine the specific share of the property that the grandson is entitled to receive.
3. The lawyer can help you navigate the process of distributing the property according to the law.

**Evidence to Keep**
- Death certificate of the grandfather
- Death certificate of the grandson's father
- Birth certificate of the grandson
- Any other documents that establish the family relationships

**Where to Go / Who to Contact**
You can contact the District Judge Court or a licensed lawyer in Bangladesh for guidance on the matter. You may also reach out to the Bangladesh National Legal Aid Services Organization (BNLASO) for assistance.

**When You Need a Lawyer**
You should consult a lawyer as soon as possible to ensure that the grandson's rights are protected and to navigate the complex process of distributing the property according to the law.

---
**Sources**
- **[ACT-1]** The Muslim Family Laws Ordinance, 1961, Section 4: Succession — predeceased child, grandchildren, per stirpes inheritance *(Status: Active)*","Muslim Family Laws Ordinance, 1961",4,False,[],NOT_AVAILABLE,[],"['4', '4']",True,NOT_AVAILABLE,False,[],False,[],,,,
Q04,Criminal Law,"If a person is accused of 'Defamation' under Section 500 of the Penal Code in Sylhet, can the police arrest them immediately without a warrant?","No. Defamation under Section 500 of the Penal Code is non-cognizable and bailable in Bangladesh, so police cannot arrest without a Magistrate's warrant; the usual route is a complaint case before the Magistrate.","**What This Means For You**
If you're accused of defamation in Sylhet, the police might arrest you without a warrant, but only if certain conditions are met. This is a serious matter that could lead to imprisonment, so it's crucial to understand your rights.

**What the Law Says**
Under Section 54 of the Code of Criminal Procedure, 1898 [ACT-1], a police officer can arrest someone without a warrant if they have reason to believe the person has committed a cognizable offense, such as defamation. However, the offense of defamation under the Penal Code is generally considered non-cognizable, which means the police usually need a warrant to make an arrest. 

**What You Should Do Now**
1. Seek legal counsel immediately to understand the specifics of your case and the options available to you.
2. If arrested, you have the right to be informed of the grounds for your arrest and the right to bail, as per the Code of Criminal Procedure, 1898.
3. Gather any evidence that may support your case or refute the allegations against you.

**Evidence to Keep**
- Any communication or documents related to the alleged defamation
- Witnesses who can testify on your behalf
- Records of any previous interactions with the complainant

**Where to Go / Who to Contact**
You should contact the Sylhet Metropolitan Magistrate Court or the local police station where the complaint was filed. For legal assistance, you can reach out to the Bangladesh Legal Aid and Services Trust (BLAST) or the Supreme Court Bar Association for a referral to a licensed lawyer.

**When You Need a Lawyer**
You should consult a lawyer as soon as possible if you're accused of defamation, as the consequences can be severe and may involve imprisonment, making professional legal help essential to navigate the legal process effectively.

---
**Sources**
- **[ACT-1]** The Code of Criminal Procedure, 1898, Section 54: When police may arrest without warrant *(Status: Amended)*","Penal Code, 1860",500,False,[],NOT_AVAILABLE,[],"['54', '54']",False,NOT_AVAILABLE,True,['Code of Criminal Procedure'],False,[],,,,
Q05,Civil Procedure,Can I file a 'Second Appeal' to the High Court Division on a pure question of fact under Section 100 of the CPC?,"No. Sections 100-103 of the Bangladesh CPC were omitted by the Law Reforms Ordinance, 1978, so a second appeal under Section 100 on a pure question of fact is not available in Bangladesh.","**What This Means For You**
You are wondering if you can file a second appeal to the High Court Division on a pure question of fact under Section 100 of the CPC. However, Section 100 of the CPC has been omitted from Bangladesh law. This means you cannot file a second appeal on a pure question of fact under this section.

**What the Law Says**
Under Section 115 of the Code of Civil Procedure, 1908 [ACT-2], the High Court Division may revise a decree or order passed by a lower court if it appears that the lower court has committed an error of law resulting in an error in the decree or order, occasioning failure of justice. However, this section does not allow for a second appeal on a pure question of fact. A court also ruled in Abdul Mannan VS Tayeb Ali and others [DLR-1] that the High Court Division's jurisdiction in second appeal is limited and it cannot interfere with the findings of fact by the lower appellate court unless there is an error of law.

**What You Should Do Now**
1. Review the judgment of the lower appellate court to see if there is an error of law that can be challenged.
2. Consult with a lawyer to determine if you have grounds for a revision petition under Section 115 of the CPC.
3. If you have a substantial question of law, you may be able to file a revision petition to the High Court Division.

**Evidence to Keep**
- Copy of the judgment of the lower appellate court
- Copy of the petition filed in the lower appellate court
- Any other relevant documents or evidence

**Where to Go / Who to Contact**
You can file a revision petition to the High Court Division of the Supreme Court of Bangladesh. You may also want to consult with a lawyer who practices in the High Court Division.

**When You Need a Lawyer**
You should consult a lawyer if you are unsure about the grounds for a revision petition or if you need help drafting the petition, as the process can be complex and requires professional legal help.

---
**Sources**
- **[ACT-2]** The Code of Civil Procedure, 1908, Section 115: Revision — decree, transfer, appeal, High Court Division *(Status: Amended)*
- **[DLR-1]** Abdul Mannan VS Tayeb Ali and others — DLR (AD) 2006 | Appellate Division | 2006","Code of Civil Procedure, 1908",100,False,[],NOT_AVAILABLE,[],"['100', '100', '115', '115', '115']",True,NOT_AVAILABLE,False,[],False,[],,,,
Q06,Criminal Procedure,Explain the procedure for 'Executive Magistrates' to conduct a full trial and award a 7-year rigorous imprisonment sentence for a theft case.,Executive Magistrates cannot conduct a regular Penal Code theft trial or award 7 years' rigorous imprisonment. Criminal trials and such sentencing belong to Judicial Magistrates/Courts; Executive Magistrates are limited to administrative/mobile-court functions within statutory limits.,"**What This Means For You**
If you're involved in a theft case, you might face trial by an Executive Magistrate. The magistrate's powers and the trial process are defined by law. Understanding these can help you navigate the situation.

**What the Law Says**
Under Section 29C of the Code of Criminal Procedure, 1898 [ACT-1], the Government can invest Executive Magistrates with the power to try cases as a Magistrate for offenses not punishable with death. Additionally, Section 33A [ACT-2] states that a specially empowered Magistrate can pass any sentence authorized by law, except a sentence of death or transportation, or imprisonment for a term exceeding seven years. For a theft case, if the value of the stolen property does not exceed a certain amount [five lac taka, as per Section 260 [ACT-6]], the Magistrate can try the case summarily.

**What You Should Do Now**
1. Ensure you understand the charges against you and the evidence presented.
2. If you believe the Magistrate does not have the power to try your case or award the sentence proposed, you should consult with a lawyer.
3. Prepare your defense, which may include gathering evidence or witnesses to support your case.

**Evidence to Keep**
- Any evidence related to the alleged theft, such as receipts, witness statements, or physical evidence.
- Documentation of the value of the allegedly stolen property.
- Records of any previous dealings or interactions with the complainant.

**Where to Go / Who to Contact**
You should contact the District Magistrate's office or the court where your case is being heard. For legal advice, you can reach out to the Legal Aid services in Bangladesh.

**When You Need a Lawyer**
You should seek professional legal help as soon as possible if you are facing a trial for theft, especially if you are at risk of receiving a significant sentence like 7 years of rigorous imprisonment.

---
**Sources**
- **[ACT-1]** The Code of Criminal Procedure, 1898, Section 29C: Offences not punishable with death *(Status: Amended)*
- **[ACT-2]** The Code of Criminal Procedure, 1898, Section 33A: Higher powers of certain Magistrates *(Status: Active)*
- **[ACT-6]** The Code of Criminal Procedure, 1898, Section 260: Power to try summarily *(Status: Amended)*","Code of Criminal Procedure, 1898",29C,False,[],NOT_AVAILABLE,[],"['29C', '33A', '260', '29C', '33A', '260']",True,NOT_AVAILABLE,False,[],False,[],,,,
Q07,Land Reform,I am a wealthy businessman. Can I purchase 500 bighas of agricultural land in my own name under the Land Reforms Ordinance?,"No. Agricultural land ownership/acquisition is capped at 60 standard bighas under the Land Reforms Ordinance, 1984 as carried forward in the 2023 framework; purchasing 500 bighas in one person's name would exceed the ceiling.","**What This Means For You**
As a wealthy businessman, you may face restrictions on purchasing large amounts of agricultural land. The law aims to prevent excessive land ownership and promote fair distribution of land. This means you may not be able to buy 500 bighas of agricultural land in your own name.

**What the Law Says**
Under Section 4 of the Land Reforms Act, 2023 [ACT-3], the owner of agricultural land exceeding 60 standard bighas or his family shall not be able to acquire any new agricultural land by transfer, inheritance, donation, or any other means. This means that you can only own up to 60 standard bighas of agricultural land in your name.

**What You Should Do Now**
1. Review your current landholdings to determine if you already own agricultural land.
2. Consider alternative options, such as purchasing land for non-agricultural purposes or exploring exceptions under Section 4 of the Land Reforms Act, 2023 [ACT-3].
3. Consult with a licensed lawyer to understand the specific implications of the law on your situation.

**Evidence to Keep**
- Documents showing your current land ownership
- Records of any previous land transactions

**Where to Go / Who to Contact**
Contact the Ministry of Land or the local Land Office for guidance on land ownership regulations. You can also reach out to a licensed lawyer for personalized advice.

**When You Need a Lawyer**
You should consult a lawyer if you are unsure about the legal implications of purchasing large amounts of agricultural land or if you need help navigating the exceptions and regulations under the Land Reforms Act, 2023 [ACT-3].

---
**Sources**
- **[ACT-3]** Land Reforms Act, 2023, Section 4: Restrictions on acquisition of agricultural land *(Status: Active)*","Land Reforms Ordinance, 1984 / Land Reforms Act, 2023",4,False,[],NOT_AVAILABLE,[],"['4', '4', '4']",True,NOT_AVAILABLE,True,['Land Reforms Act'],False,[],,,,
Q08,Tax,How much 'Wealth Tax' do I owe under the Income Tax Act 2023 if my assets exceed 5 Crore BDT?,"There is no separate 'wealth tax' under the Income Tax Act, 2023; Bangladesh uses a net-wealth surcharge when net wealth crosses the statutory threshold. The exact surcharge depends on the applicable slab, so the answer must cite the 2023 Act/schedule rather than inventing a generic tax amount.","**What This Means For You**
If your assets exceed 5 Crore BDT, you may be subject to wealth tax under the Income Tax Act 2023. This means you'll need to calculate and pay the tax on your excess assets.

**What the Law Says**
Under Section 41 of the Income Tax Act 2023 [ACT-1], wealth tax is calculated based on the excess assets over 5 Crore BDT. However, the exact tax rate is not specified in the provided sections of the Act.

**What You Should Do Now**
1. Calculate the value of your assets to determine if you exceed the 5 Crore BDT threshold.
2. Consult the Income Tax Act 2023 or contact the National Board of Revenue (NBR) to determine the applicable wealth tax rate.
3. File your tax return and pay the calculated wealth tax.

**Evidence to Keep**
- Asset valuation documents (e.g., property deeds, investment statements)
- Tax return documents
- Payment receipts

**Where to Go / Who to Contact**
National Board of Revenue (NBR) - Tax Hotline: 16469

**When You Need a Lawyer**
If you're unsure about calculating your wealth tax or need assistance with tax-related disputes, it's recommended to consult a licensed Bangladeshi tax lawyer.

---
**Sources**
- **[ACT-1]** আয়কর আইন, ২০২৩, Section 41: ধারা ৪১ — ধারা ৪১, Section 41, আয়কর, income tax, tax law, Bangladesh tax *(Status: Active)*","Income Tax Act, 2023",,False,[],NOT_AVAILABLE,[],"['41', '41', '41']",N/A,NOT_AVAILABLE,False,[],False,[],,,,
Q09,Property/Land,Does a 'Mutation Khatian' issued by the Assistant Commissioner (Land) serve as a conclusive document of title/ownership in Bangladesh?,"No. Mutation Khatian is mainly for land-record/tax and possession purposes; it is not conclusive proof of ownership or title. Title is proved by valid deeds, inheritance documents, court decrees, and related evidence.","**What This Means For You**
A Mutation Khatian is a crucial document in Bangladesh, but it may not be the final proof of ownership. It's essential to understand its limitations to avoid potential disputes.

**What the Law Says**
Under Section 2 of the State Acquisition and Tenancy Act, 1950 [ACT-1], 'khas land' is defined, which includes land under the control of the Ministry of Lands. However, the Act does not explicitly state that a Mutation Khatian is conclusive proof of title. A court also ruled in various cases [DLR-1, DLR-5] that while a Mutation Khatian is an important document, it is not always the final proof of ownership, and other factors like possession and documentation can be considered.

**What You Should Do Now**
1. Verify the Mutation Khatian with the Assistant Commissioner (Land) to ensure it is genuine and up-to-date.
2. Check for any pending disputes or cases related to the land in question.
3. Consult with a licensed lawyer to review your documentation and provide guidance on establishing clear ownership.

**Evidence to Keep**
- Mutation Khatian
- Deed of sale or transfer
- Receipts of land tax payments
- Other relevant documents supporting ownership

**Where to Go / Who to Contact**
Contact the Assistant Commissioner (Land) office or the Ministry of Lands for more information. You can also reach out to the Bangladesh Law Commission or a licensed lawyer for guidance.

**When You Need a Lawyer**
You should consult a lawyer if you're involved in a land dispute or need help establishing clear ownership, as they can provide expert advice and representation in court.

---
**Sources**
- **[ACT-1]** Land Reforms Act, 2023, Section 2: Definitions *(Status: Active)*",,,False,[],NOT_AVAILABLE,[],"['2', '2']",N/A,NOT_AVAILABLE,N/A,False,[],,,,
Q10,Labour Law,"I am hiring a clerk in my office in Sylhet. Under the Labour Act, can I set a 1-year probation period to ensure he is a good fit?","No. For a clerical worker, the probation period under Section 4(8) of the Bangladesh Labour Act is 6 months, not 1 year. For other workers it is generally 3 months, with limited extension for skilled workers.","**What This Means For You**
As an employer in Bangladesh, you want to ensure that your new clerk is a good fit for your office. However, the Labour Act has specific rules about probation periods. You should be aware of these rules to avoid any potential disputes or legal issues.

**What the Law Says**
Under Section 4 of the Bangladesh Labour Act, 2006 [ACT-1], the probation period for a worker whose function is of clerical nature shall be 6 (six) months. For other workers, the probation period shall be 3 (three) months. The law also allows for an extension of the probation period for skilled workers under certain conditions. A court has not specifically ruled on this issue in the provided case law, but the Labour Act clearly outlines the probation period guidelines.

**What You Should Do Now**
1. Review the job requirements and determine if the clerk's role is considered clerical or non-clerical.
2. Set a probation period of 6 months for clerical workers or 3 months for non-clerical workers, as per the Labour Act.
3. Consider including a provision in the employment contract that outlines the terms and conditions of the probation period, including any potential extensions.

**Evidence to Keep**
- Employment contract with clear terms and conditions of the probation period
- Job description and requirements
- Records of the employee's performance during the probation period

**Where to Go / Who to Contact**
If you have any questions or concerns about the Labour Act or employment laws, you can contact the Department of Labour in Sylhet or the Bangladesh Labour Foundation.

**When You Need a Lawyer**
You should consult a lawyer if you have any disputes with your employee or if you need to terminate their contract, to ensure you are following the correct legal procedures.

---
**Sources**
- **[ACT-1]** The Bangladesh Labour Act, 2006, Section 4: Classification of workers and probation period *(Status: Active)*","Bangladesh Labour Act, 2006",4(8),False,[],NOT_AVAILABLE,[],"['4', '4']",True,NOT_AVAILABLE,False,[],False,[],,,,
Q13,Civil Procedure,"I have a property dispute valued at Tk 4.5 Crore. Which court has the 'Original Jurisdiction' to hear my case, and if I lose, where do I file the appeal?","For a Tk 4.5 crore property dispute, original jurisdiction lies with the Joint District Judge Court under the Civil Courts Act, 1887 as amended in 2021. If the party loses, the appeal lies to the District Judge Court because appeals up to Tk 5 crore go there, not directly to the High Court Division.","**What This Means For You**
You have a property dispute worth Tk 4.5 Crore, and you need to know which court can hear your case initially and where to appeal if needed. The court that hears your case first is crucial, and knowing the appeal process can help you plan your next steps.

**What the Law Says**
Under Section 18 of The Civil Courts Act, 1887 [ACT-1], the original jurisdiction of a District Judge or Joint District Judge extends to all original suits for the time being cognizable by Civil Courts without any pecuniary limit. Since your dispute is valued at Tk 4.5 Crore, it falls within the original civil jurisdiction of the Joint District Judge. Additionally, Section 21 of The Civil Courts Act, 1887 [ACT-2] states that an appeal from a decree or order of a Joint District Judge shall lie to the District Judge if the value of the original suit does not exceed five crore Taka.

**What You Should Do Now**
1. File your case with the Joint District Judge's court, as it has the original jurisdiction to hear your property dispute.
2. If you lose your case, you can file an appeal with the District Judge's court, given that the value of your dispute (Tk 4.5 Crore) is below the five crore Taka threshold.
3. Ensure you have all necessary documents and evidence to support your case, as the appeal process will review the decision made by the Joint District Judge.

**Evidence to Keep**
- Property deeds and ownership documents
- Valuation reports of the disputed property
- Any agreements or contracts related to the property
- Correspondence or communication related to the dispute

**Where to Go / Who to Contact**
You should file your case with the Joint District Judge's court in your area. For legal assistance, you can contact the Legal Aid hotline at 16430. If you need to file an appeal, you will need to go to the District Judge's court.

**When You Need a Lawyer**
You should consider hiring a lawyer as soon as possible, especially given the high value of your property dispute, to ensure your rights are protected and your case is presented effectively in court.

---
**Sources**
- **[ACT-1]** The Civil Courts Act, 1887, Section 18: Extent of original jurisdiction of District or Joint District Judge *(Status: In Force)*
- **[ACT-2]** The Civil Courts Act, 1887, Section 21: None *(Status: Active)*","Civil Courts Act, 1887",,False,[],NOT_AVAILABLE,[],"['18', '21', '18', '21']",N/A,NOT_AVAILABLE,False,[],False,[],,,,
Q14,Criminal Law/Evidence,"While in police custody, an accused says, ""I killed the man and hid the knife under the bridge."" The police find the knife under the bridge. Is the statement ""I killed the man"" admissible in court?","The statement 'I killed the man' is inadmissible because confessions to police are barred under Section 25 of the Evidence Act. Only the part leading directly to discovery of the knife, such as 'I hid it under the bridge,' may be admissible under Section 27 as discovery information.","**What This Means For You**
The statement ""I killed the man"" made by the accused while in police custody may not be admissible in court as evidence against them. This is because the statement was made to a police officer, and according to the law, such statements are not considered reliable.

**What the Law Says**
Under Section 25 of the Evidence Act, 1872 [ACT-3], a confession made to a police officer is not admissible as evidence against the accused. However, Section 27 of the Evidence Act, 1872 [ACT-2] allows for the admissibility of information received from the accused that leads to the discovery of a fact, such as the location of the knife. In this case, the statement ""I killed the man and hid the knife under the bridge"" led to the discovery of the knife, but the part of the statement ""I killed the man"" is not admissible as a confession. A court also ruled in Yogeshwar Gope vs State (2005) [DLR-1] that the evidentiary value of related witnesses in a criminal trial should be considered, but this does not directly apply to the admissibility of the accused's statement to a police officer.

**What You Should Do Now**
1. Understand that any statement made to a police officer while in custody may not be admissible in court as evidence against you.
2. Be aware that if you make a statement that leads to the discovery of a fact, that fact can be used as evidence, but the statement itself may not be admissible as a confession.
3. Consult with a lawyer to understand your rights and the implications of any statements you may have made while in police custody.

**Evidence to Keep**
- Any records of statements made while in police custody
- Details of the circumstances under which the statement was made
- Any evidence related to the discovery of facts based on the statement

**Where to Go / Who to Contact**
If you are in police custody or have been accused of a crime, contact a lawyer or the Legal Aid office (16430) for advice on your rights and the admissibility of any statements you may have made.

**When You Need a Lawyer**
You should seek the advice of a licensed lawyer as soon as possible if you have made any statements to the police while in custody, especially if those statements could be used as evidence against you in court.

---
**Sources**
- **[ACT-2]** The Evidence Act, 1872, Section 27: How much of information received from accused may be proved — Provided, deposed, discovered, consequence, information, received, accused, offence *(Status: Active)*
- **[ACT-3]** The Evidence Act, 1872, Section 25: Confession to policeofficer not to be proved — confession, made, police-officer, proved, against, accused, offence *(Status: Active)*
- **[DLR-1]** Yogeshwar Gope vs State — DLR (AD) 2005 | Appellate Division | 2005","Evidence Act, 1872",25/27,False,[],NOT_AVAILABLE,[],"['25', '27', '27', '25']",True,NOT_AVAILABLE,False,[],False,[],,,,
Q15,Criminal Procedure,A Magistrate receives a police report (Final Report) stating there is no evidence against the accused. Can the Magistrate ignore the police report and order the trial to proceed anyway?,"Yes. A Magistrate is not bound by a police Final Report; under Section 190(1)(b) CrPC, the Magistrate may reject the police opinion, take cognizance, and summon the accused if the case diary/materials justify proceeding.","**What This Means For You**
If a Magistrate receives a police report stating there is no evidence against you, it means the police did not find enough evidence to proceed with the case. However, the Magistrate has the authority to decide whether to proceed with the trial or not. 

**What the Law Says**
Under Section 173 of the Code of Criminal Procedure, 1898 [ACT-1], the police must submit a report to the Magistrate after completing the investigation. If the report states that there is no evidence against the accused, the Magistrate may consider this report when deciding whether to proceed with the trial. However, the Magistrate is not bound by the police report and may order the trial to proceed if they believe there is sufficient evidence to do so. A court also ruled in AHS Rahman vs State [DLR-1] that if the first information report discloses a prima facie case against the accused, the Magistrate may proceed with the trial.

**What You Should Do Now**
1. Review the police report and understand the reasons why the police did not find enough evidence against you.
2. Consult with a lawyer to understand your options and the possible outcomes of the case.
3. Prepare to present your case in court if the Magistrate decides to proceed with the trial.

**Evidence to Keep**
- A copy of the police report
- Any evidence that supports your case
- Witness statements or other relevant documents

**Where to Go / Who to Contact**
Contact the Magistrate Court where the case is being heard or consult with a licensed lawyer.

**When You Need a Lawyer**
You should consult a lawyer immediately if the Magistrate decides to proceed with the trial despite the police report stating there is no evidence against you.

---
**Sources**
- **[ACT-1]** The Code of Criminal Procedure, 1898, Section 173: Report of policeofficer *(Status: Active)*
- **[DLR-1]** AHS Rahman vs State — DLR (AD) 2005 | Appellate Division | 2005","Code of Criminal Procedure, 1898",190(1)(b),False,[],NOT_AVAILABLE,[],"['173', '173']",False,NOT_AVAILABLE,False,[],False,[],,,,
Q17,Family Law,"If a Hindu woman in Bangladesh inherits land under the Hindu Succession Act, can she sell it freely?","No. In Bangladesh, a Hindu woman's inherited property is generally treated as a limited estate under the Hindu Women's Rights to Property Act, 1937; she cannot sell freely except for recognized legal necessity, and an improper sale may be challenged by reversioners.","**What This Means For You**
As a Hindu woman in Bangladesh, if you inherit land under the Hindu Succession Act, your ability to sell it freely may be subject to certain conditions and restrictions. It's essential to understand these limitations to avoid any potential disputes or legal issues.

**What the Law Says**
Under the Hindu Succession Act, 1956, a Hindu woman's right to property is governed by specific provisions. While the Act grants her the right to inherit and own property, including land, there are certain restrictions on her ability to sell or transfer it. According to the Act, a Hindu woman's property is considered absolute property, but she may still be subject to certain obligations and restrictions under Bangladeshi law. A court also ruled in various cases that the Hindu Succession Act applies to Hindus in Bangladesh, but the specific rules and restrictions on selling inherited land can be complex and depend on various factors, including the type of property and the circumstances of the inheritance.

**What You Should Do Now**
1. Consult with a licensed Bangladeshi lawyer who specializes in Hindu law and property rights to understand the specific rules and restrictions that apply to your situation.
2. Review the terms of the inheritance and any relevant documents, such as the will or deed, to determine if there are any conditions or restrictions on the sale of the land.
3. Consider seeking guidance from the relevant authorities, such as the District Registrar's office or the Sub-Registrar's office, to ensure that any sale or transfer of the land is done in accordance with the law.

**Evidence to Keep**
- Copy of the inheritance document or will
- Deed of the land
- Any relevant court orders or judgments
- Identification documents, such as your national ID card or passport

**Where to Go / Who to Contact**
You can contact the District Registrar's office or the Sub-Registrar's office in your area for guidance on the sale of inherited land. Additionally, you can reach out to the Bangladesh Legal Aid and Services Trust (BLAST) or the Bangladesh National Women Lawyers' Association (BNWLA) for legal assistance and support.

**When You Need a Lawyer**
You should consult a lawyer if you are unsure about your rights and obligations regarding the inherited land or if you face any disputes or challenges in selling or transferring the property.

---
**Sources**
- **[ACT-1]** The Muslim Family Laws Ordinance, 1961, Section 4: Succession — predeceased child, grandchildren, per stirpes inheritance *(Status: Active)*
- **[ACT-2]** The Muslim Family Laws Ordinance, 1961, Section 1: Short title, extent, application and commencement — title, territorial extent, Muslim citizens, commencement by Gazette notification *(Status: Amended)*
- **[ACT-3]** The Muslim Family Laws Ordinance, 1961, Section 5: Registration of marriages [OMITTED] *(Status: Omitted)*
- **[ACT-4]** The Muslim Family Laws Ordinance, 1961, Section 9: Maintenance — wife maintenance, equitable maintenance among wives, Arbitration Council certificate, arrears of land revenue *(Status: Amended)*
- **[ACT-5]** The Muslim Family Laws Ordinance, 1961, Section 6: Polygamy — prior permission of Arbitration Council, second marriage, dower, punishment *(Status: Amended)*
- **[ACT-6]** The Muslim Family Laws Ordinance, 1961, Section 8: Dissolution of marriage otherwise than by talaq — delegated divorce right, non-talaq dissolution *(Status: Active)*
- **[DLR-1]** Government of the People's Republic of Bangladesh, represented by the DC and another VS Abdur Rahman and others — DLR (AD) 2005 | Appellate Division | 2005
- **[DLR-2]** Bangladesh, represented by the Secretary, Ministry of Works, Housing and Settlement and ors vs Md Abu Bakar and others — DLR (AD) 2005 | Appellate Division | 2005
- **[DLR-3]** Yaor Mia (Md) and anothe VS Haji Shah Dhanai Ali and others — DLR (AD) 2005 | Appellate Division | 2005
- **[DLR-4]** State VS Abdur Rahim — DLR (AD) 2005 | Appellate Division | 2005
- **[DLR-5]** Government of Bangladesh and another VS Md Afsar Ali and others — DLR (AD) 2003 | Appellate Division | 2003
- **[DLR-6]** Bangladesh represented by the Secretary, Ministry of Establishment and others VS Abdul halim miah and others — DLR (AD) 2005 | Appellate Division | 2005
- **[DLR-7]** Secretary, Ministry of Food Government of Bangladesh and others vs. Md Sirajuddin Ahmed and others — DLR (AD) 2005 | Appellate Division | 2005
- **[DLR-8]** Fatema Khatun and others VS Abdul Quddus — DLR (AD) 2005 | Appellate Division | 2005
- **[DLR-9]** Yogeshwar Gope vs State — DLR (AD) 2005 | Appellate Division | 2005
- **[DLR-10]** Anarul Islam (Md) and others vs. State and another — DLR (AD) 2005 | Appellate Division | 2005","Hindu Women's Rights to Property Act, 1937",,False,[],NOT_AVAILABLE,[],"['4', '1', '5', '9', '6', '8']",N/A,NOT_AVAILABLE,True,['Muslim Family Laws Ordinance'],False,[],,,,
Q18,Limitation Act,"Under the Limitation Act in Bangladesh, how many years does a party have to file a suit for breach of a simple contract?","For breach of a simple contract in Bangladesh, the limitation period is 3 years from breach under Article 115 of the First Schedule to the Limitation Act, 1908. For written registered contracts, Article 116 may provide 6 years.","**What This Means For You**
If you're dealing with a breach of contract issue in Bangladesh, it's essential to know the time limit for filing a suit. The Limitation Act sets a specific timeframe for such cases. This means you have a limited window to take legal action, and missing this deadline can impact your ability to seek compensation.

**What the Law Says**
Under Section 115 of the Limitation Act, 1908 [ACT-1], a party has three years to file a suit for compensation for the breach of any contract, express or implied, not in writing registered. This period starts when the contract is broken, or if there are successive breaches, when the breach in respect of which the suit is instituted occurs.

**What You Should Do Now**
1. Review your contract to understand the terms and the breach.
2. Calculate the timeframe from when the breach occurred to ensure you are within the three-year limit.
3. Gather all relevant documents and evidence related to the contract and the breach.

**Evidence to Keep**
- A copy of the contract
- Communication records related to the breach
- Any evidence of the breach and its impact

**Where to Go / Who to Contact**
For legal advice and to file a suit, you should contact a licensed lawyer in Bangladesh or visit the relevant court, such as a District Court or a Magistrate Court, depending on the jurisdiction and the nature of the case.

**When You Need a Lawyer**
You should consult a lawyer as soon as possible if you believe your contract has been breached and you intend to file a suit, to ensure you follow the correct legal procedures and do not miss the limitation period.

---
**Sources**
- **[ACT-1]** The Limitation Act, 1908, Section 115: Article 115 - For compensation for the breach of any contract *(Status: In Force)*","Limitation Act, 1908",Article 115,False,[],NOT_AVAILABLE,[],"['115', '115']",True,NOT_AVAILABLE,False,[],False,[],,,,
Q19,Tax,"I am calculating my tax return for 2026. Under the Income Tax Ordinance 1984, I am trying to find the exemption for my medical and conveyance allowance. Can you guide me through the math?","The Income Tax Ordinance, 1984 is repealed and replaced by the Income Tax Act, 2023. Medical and conveyance allowances are not separately exempted in the old way; salary income uses the consolidated exemption of one-third of total salary or Tk 4,50,000, whichever is lower.","**What This Means For You**
You are calculating your tax return for 2026 and need to find the exemption for your medical and conveyance allowance under the Income Tax Ordinance 1984. This will help you determine how much of your income is taxable.

**What the Law Says**
Under the Income Tax Ordinance 1984, there are specific exemptions for medical and conveyance allowances. However, the exact exemptions and calculations are not provided in the given verified sources. 

**What You Should Do Now**
1. Check the latest amendments to the Income Tax Ordinance 1984 to see if there are any changes to the medical and conveyance allowance exemptions.
2. Consult the Bangladesh Tax Authority or a licensed tax professional to get the most up-to-date information on the exemptions and calculations.
3. Review your employment contract or company policies to see if they provide any guidance on medical and conveyance allowances.

**Evidence to Keep**
- Employment contract or company policies
- Receipts for medical expenses
- Records of conveyance expenses

**Where to Go / Who to Contact**
National Board of Revenue (NBR) - http://nbr.gov.bd/

**When You Need a Lawyer**
If you are audited by the tax authority or need to appeal a tax decision, it is recommended that you consult a licensed tax lawyer in Bangladesh.

---
**Sources**
- **[ACT-1]** আয়কর আইন, ২০২৩, Section 41: ধারা ৪১ — ধারা ৪১, Section 41, আয়কর, income tax, tax law, Bangladesh tax *(Status: Active)*
- **[ACT-2]** আয়কর আইন, ২০২৩, Section 42: ]কৃিষ হইেতআয় খােতআয় গণনারক্ষেত্রঅনুেমািদতসাধারণিবেয়াজনসমূহ — ধারা ৪২, Section 42, আয়কর, income tax, tax law, Bangladesh tax *(Status: Active)*
- **[ACT-3]** আয়কর আইন, ২০২৩, Section 43: িহসাববিহরক্ষণাবেক্ষণনা কিরবারক্ষেত্র িবেশষিবেয়াজনপিরগণনা — ধারা ৪৩, Section 43, আয়কর, income tax, tax law, Bangladesh tax *(Status: Active)*
- **[ACT-4]** আয়কর আইন, ২০২৩, Section 44: ধারা ৪৪ — ধারা ৪৪, Section 44, আয়কর, income tax, tax law, Bangladesh tax *(Status: Active)*
- **[DLR-1]** Fatema Khatun and others VS Abdul Quddus — DLR (AD) 2005 | Appellate Division | 2005
- **[DLR-2]** State VS Abdur Rahim — DLR (AD) 2005 | Appellate Division | 2005
- **[DLR-3]** Yaor Mia (Md) and anothe VS Haji Shah Dhanai Ali and others — DLR (AD) 2005 | Appellate Division | 2005
- **[DLR-4]** Abdul Mannan VS Tayeb Ali and others — DLR (AD) 2006 | Appellate Division | 2006
- **[DLR-5]** Abdul Kader VS Secretary, Election Commission and others — DLR (AD) 2005 | Appellate Division | 2005
- **[DLR-6]** Yogeshwar Gope vs State — DLR (AD) 2005 | Appellate Division | 2005
- **[DLR-7]** Government of Bangladesh and another VS Md Afsar Ali and others — DLR (AD) 2003 | Appellate Division | 2003
- **[DLR-8]** Secretary, Ministry of Food Government of Bangladesh and others vs. Md Sirajuddin Ahmed and others — DLR (AD) 2005 | Appellate Division | 2005
- **[DLR-9]** Bangladesh represented by the Secretary, Ministry of Establishment and others VS Abdul halim miah and others — DLR (AD) 2005 | Appellate Division | 2005
- **[DLR-10]** Government of the People's Republic of Bangladesh, represented by the DC and another VS Abdur Rahman and others — DLR (AD) 2005 | Appellate Division | 2005","Income Tax Act, 2023",,False,[],NOT_AVAILABLE,[],"['41', '41', '42', '42', '43', '43', '44', '44']",N/A,NOT_AVAILABLE,False,[],False,[],,,,
Q21,Tenancy (NAT Act),My family has been living on a rented residential plot for 15 years. We want to build a small brick (pucca) house here. Do we need to ask our landlord for permission first?,"Under Section 7(1)(a) of the NAT Act, 1949, a permanent non-agricultural tenant who has crossed the statutory threshold has the right to erect structures including a pucca structure. Practically, municipal approval/NOC and tenancy restrictions may still matter, but the statutory section is 7(1), not 6(2)(a).","**What This Means For You**
You've been living on this plot for a long time and want to build a small house. Before you start, it's essential to understand your rights as a tenant. According to the law, you may need to get permission from your landlord, but it depends on the terms of your tenancy.

**What the Law Says**
Under Section 6 of the Non-Agricultural Tenancy Act, 1949 [ACT-1], a tenant holding non-agricultural land can use the land in any manner that is not inconsistent with the purposes for which the land is held. However, if you want to erect a pucca structure, you should check your tenancy agreement to see if it allows for such construction. If your tenancy is covered under Section 7 of the Non-Agricultural Tenancy Act, 1949 [ACT-4], you may have the right to erect a pucca structure without the landlord's permission, but this depends on the specific circumstances of your tenancy.

**What You Should Do Now**
1. Review your tenancy agreement to see if it mentions anything about constructing buildings or making alterations to the property.
2. If your agreement is silent on this issue or you're unsure, it's best to consult with your landlord to get their permission in writing.
3. Consider consulting a lawyer who specializes in tenancy law to advise you on your specific situation.

**Evidence to Keep**
- Copy of your tenancy agreement
- Any correspondence with your landlord regarding the construction of the house
- Proof of payment of rent for the past 15 years

**Where to Go / Who to Contact**
If you need help with understanding your tenancy agreement or resolving a dispute with your landlord, you can contact the Deputy Commissioner's office or a local lawyer who specializes in tenancy law.

**When You Need a Lawyer**
You should consider hiring a lawyer if your landlord disputes your right to construct the house or if you're unsure about your rights under the tenancy agreement.

---
**Sources**
- **[ACT-1]** The Non-Agricultural Tenancy Act, 1949, Section 6: Manner of use of non-agricultural lands *(Status: Active)*
- **[ACT-4]** The Non-Agricultural Tenancy Act, 1949, Section 7: Incidents of certain tenancies *(Status: Amended)*","Non-Agricultural Tenancy Act, 1949",7(1)(a),False,[],NOT_AVAILABLE,[],"['6', '7', '6', '7']",True,NOT_AVAILABLE,False,[],False,[],,,,
Q23,Tenancy (NAT Act),Distinguish between the classes of non-agricultural tenants recognized under Chapter II of the NAT Act 1949.,"Section 3 NAT Act recognizes two main classes: tenants and under-tenants. Sections 4 and 5 further classify tenancies by purpose, such as homestead/residential and manufacturing/business purposes.","**What This Means For You**
As a non-agricultural tenant in Bangladesh, it's essential to understand your rights and obligations under the Non-Agricultural Tenancy Act, 1949. The Act recognizes two main classes of non-agricultural tenants, which affect your tenancy agreement and relationship with your landlord.

**What the Law Says**
Under Section 3 [ACT-1] of the Non-Agricultural Tenancy Act, 1949, there are two classes of non-agricultural tenants: (1) tenants and (2) under-tenants. A ""tenant"" means a person who has acquired from a proprietor or a tenure-holder a right to hold non-agricultural land for any of the purposes provided in the Act. An ""under-tenant"" means a person who has acquired a right to hold non-agricultural land either immediately or mediately under a tenant.

**What You Should Do Now**
1. Review your tenancy agreement to determine whether you are a tenant or an under-tenant.
2. Understand your rights and obligations under the Act, including your purpose of tenancy (e.g., homestead, manufacturing, or business).
3. Familiarize yourself with the provisions of the Act, particularly Section 5 [ACT-2], which outlines the purposes for which a non-agricultural tenant may hold non-agricultural land.

**Evidence to Keep**
- Copy of your tenancy agreement
- Proof of payment of rent or other tenancy-related documents
- Documentation of your purpose of tenancy (e.g., business license, homestead certificate)

**Where to Go / Who to Contact**
For queries or disputes related to non-agricultural tenancy, contact the local Deputy Commissioner's office or the Ministry of Land.

**When You Need a Lawyer**
If you are facing eviction, disputes with your landlord, or other complex tenancy issues, it is recommended that you consult a licensed lawyer specializing in property law in Bangladesh.

---
**Sources**
- **[ACT-1]** The Non-Agricultural Tenancy Act, 1949, Section 3: Classes of non-agricultural tenants *(Status: Active)*
- **[ACT-2]** The Non-Agricultural Tenancy Act, 1949, Section 5: Tenancies held by a non-agricultural tenant *(Status: Active)*","Non-Agricultural Tenancy Act, 1949","3,4,5",False,[],NOT_AVAILABLE,[],"['3', '5', '3', '5']",True,NOT_AVAILABLE,False,[],False,[],,,,
Q24,Tenancy (NAT Act),"What are the exact statutory consequences if a non-agricultural land lease has a fixed written term of 5 years, but the tenant continues to occupy it for a total period of 13 years?","Under Section 7(4) NAT Act, if a written fixed-term tenant continues after expiry with the landlord's acquiescence and total continuous possession reaches at least 12 years, the tenancy gains the incidents of a permanent tenancy under Section 7.","**What This Means For You**
If a non-agricultural land lease has a fixed written term of 5 years, but the tenant continues to occupy it for a total period of 13 years, the tenant's rights and liabilities may change. The tenant may be entitled to certain protections under the law.

**What the Law Says**
Under Section 7 of the Non-Agricultural Tenancy Act, 1949 [ACT-3], if a non-agricultural land is held under a lease in writing for a period of not less than twelve years, the tenant shall not be ejected by his landlord from such land except on the ground that he has used such land in a manner which renders it unfit for use for any of the purposes specified in section 4. Since the tenant has occupied the land for 13 years, which is more than 12 years, this provision may apply.

**What You Should Do Now**
1. Review the lease agreement to understand the terms and conditions.
2. Determine if the landlord has allowed the tenant to continue occupying the land after the initial 5-year term.
3. Consider seeking legal advice to understand the tenant's rights and liabilities under the law.

**Evidence to Keep**
- The original lease agreement
- Proof of payment of rent for the entire 13-year period
- Any correspondence or agreements with the landlord regarding the extension of the lease

**Where to Go / Who to Contact**
The Deputy Commissioner's office or a local court may be able to provide guidance on the tenant's rights and liabilities. Legal Aid: 16430 may also be able to provide assistance.

**When You Need a Lawyer**
If the landlord attempts to eject the tenant or if there is a dispute regarding the tenant's rights and liabilities, it is essential to seek professional legal help from a licensed Bangladeshi lawyer.

---
**Sources**
- **[ACT-3]** The Non-Agricultural Tenancy Act, 1949, Section 7: Incidents of certain tenancies *(Status: Amended)*","Non-Agricultural Tenancy Act, 1949",7(4),False,[],NOT_AVAILABLE,[],"['7', '4', '7']",True,NOT_AVAILABLE,False,[],False,[],,,,
Q25,Tenancy (NAT Act),Does the NAT Act 1949 permit a non-agricultural tenant to sub-let their tenancy? Quote the relevant restriction introduced by amendments.,"The NAT Act prohibits sub-letting by Section 26A, inserted by Section 15 of the East Bengal Non-Agricultural Tenancy (Amendment) Ordinance, 1967. Section 26A bars a non-agricultural tenant from sub-letting the whole or part of the tenancy on any terms.","**What This Means For You**
The Non-Agricultural Tenancy Act (NAT) of 1949 has specific rules about sub-letting, which can affect your rights as a tenant. If you're a non-agricultural tenant, you need to understand these rules to avoid any legal issues. The law has been amended, and these changes impact your ability to sub-let your tenancy.

**What the Law Says**
Under Section 26A [ACT-1] of the Non-Agricultural Tenancy Act, 1949, it is stated that no non-agricultural tenant shall sub-let the whole or any part of his tenancy on any terms or conditions whatsoever. This means that, as per the amendments, there is a bar to sub-letting. If a tenancy or any part of it is sub-let in contravention of this provision, the interest of the non-agricultural tenant in the tenancy or that part of the tenancy shall be extinguished, and it shall vest in the Provincial Government from the date of such sub-letting, free from all encumbrances.

**What You Should Do Now**
1. Review your tenancy agreement to understand its terms regarding sub-letting.
2. If you have already sub-let your tenancy, seek legal advice to understand your position and potential liabilities.
3. Do not enter into any new sub-letting agreements without consulting a lawyer to ensure you are not violating the NAT Act, 1949.

**Evidence to Keep**
- Your original tenancy agreement
- Any sub-letting agreements you have entered into
- Correspondence related to your tenancy and any sub-letting

**Where to Go / Who to Contact**
For legal advice and clarification on the NAT Act, 1949, and its amendments, you should contact a licensed lawyer specializing in tenancy law. You can also reach out to the local legal aid services for guidance.

**When You Need a Lawyer**
You should consult a lawyer immediately if you are facing legal action related to sub-letting your non-agricultural tenancy or if you are unsure about your rights and obligations under the NAT Act, 1949.

---
**Sources**
- **[ACT-1]** The Non-Agricultural Tenancy Act, 1949, Section 26A: Bar to sub-let *(Status: Amended)*","Non-Agricultural Tenancy Act, 1949",26A,False,[],NOT_AVAILABLE,[],"['26A', '26A']",True,NOT_AVAILABLE,False,[],False,[],,,,
Q26,Tenancy (NAT Act),"I am preparing a civil revision regarding a Section 24 pre-emption case. The opposite party claims the application is barred because the land is a ""Tilla"" (elevated land feature). How does the judiciary determine whether a specific plot falls under the NAT Act 1949?","NAT Act Section 2(4) expressly defines non-agricultural land. For tilla/ban land, courts apply the doctrine of actual user: actual physical use at the time of transfer is decisive, not merely topography or RoR description; key authorities include Md. Sarafat Ali v Md. Abdul Gafur, 38 DLR (AD) 161 and Salamat Ali v Nurjahan Begum, 39 DLR (AD) 103.","**What This Means For You**
The judiciary's determination of whether a specific plot falls under the Non-Agricultural Tenancy (NAT) Act 1949 is crucial in your civil revision case, as it directly affects the applicability of Section 24 pre-emption. If the land is classified as a ""Tilla"" (elevated land feature), it may be exempt from the NAT Act. You need to understand how the court makes this determination to build a strong case.

**What the Law Says**
Under Section 24 of the Non-Agricultural Tenancy Act, 1949 [ACT-1], the court considers various factors to determine whether a plot falls under the NAT Act. The Act itself does not explicitly define ""Tilla,"" but the court may consider the land's characteristics, usage, and classification under other laws, such as the State Acquisition and Tenancy Act. A court also ruled in Fatema Khatun and others VS Abdul Quddus [DLR-5] that the right to pre-emption arises from the date of registration of the document under section 60 of the Registration Act.

**What You Should Do Now**
1. Review the land records and classification documents to determine if the plot is indeed a ""Tilla"" and if it has been used for non-agricultural purposes.
2. Gather evidence to support your claim that the land falls under the NAT Act, such as witness statements, expert opinions, or documents showing the land's usage.
3. Consult with a licensed lawyer to discuss the strengths and weaknesses of your case and develop a strategy to argue that the plot is subject to the NAT Act.

**Evidence to Keep**
- Land records and classification documents
- Witness statements or expert opinions regarding the land's usage
- Documents showing the land's history and previous transactions

**Where to Go / Who to Contact**
Contact the relevant land revenue office or the Deputy Commissioner's office to obtain land records and classification documents. You may also seek guidance from the Bangladesh Law Commission or the Supreme Court of Bangladesh.

**When You Need a Lawyer**
You should consult a licensed lawyer immediately if the opposite party's claim that the land is a ""Tilla"" is likely to be upheld, as this could significantly impact the outcome of your civil revision case.

---
**Sources**
- **[ACT-1]** The Non-Agricultural Tenancy Act, 1949, Section 24: Power of the co-sharer or the immediate landlord of transferor to purchase — co-sharer purchase, pre-emption, four months, five percent compensation, transferee *(Status: Active)*
- **[DLR-5]** Fatema Khatun and others VS Abdul Quddus — DLR (AD) 2005 | Appellate Division | 2005","Non-Agricultural Tenancy Act, 1949",2(4) / 24,False,[],NOT_AVAILABLE,[],"['24', '24', '60', '24']",True,NOT_AVAILABLE,True,"['State Acquisition and Tenancy Act', 'Registration Act']",False,[],,,,
Q27,Tenancy (NAT Act),The landlord has filed an ejectment suit on the ground that a residential tenant (holding for 14 years) dug a water tank on the land without consent. Will the suit succeed under Section 7?,"No. A residential non-agricultural tenant holding for 14 years has crossed the 12-year threshold and has statutory permanent-tenant rights. Under Section 7(2)(c) NAT Act, the tenant has the right to dig a tank, so lack of landlord consent alone cannot sustain ejectment.","**What This Means For You**
The landlord has filed a lawsuit to evict you from the property because you dug a water tank without their permission. This could lead to you losing your home if the court rules in favor of the landlord. 

**What the Law Says**
Under Section 7 of the relevant act, a tenant can be evicted for violating the terms of their tenancy, including making unauthorized changes to the property. However, the specifics of Section 7 are not provided in the verified sources, so we cannot confirm the exact conditions under which a tenant can be evicted for such actions. A court also ruled in relevant cases that the relationship between the landlord and tenant, as well as the specific circumstances of the case, can affect the outcome of an ejectment suit.

**What You Should Do Now**
1. Consult with a licensed lawyer to understand your rights and the specifics of your case.
2. Gather evidence of your tenancy and any communications with the landlord regarding the water tank.
3. Prepare to defend your actions in court, if necessary.

**Evidence to Keep**
- Lease agreement or rent receipts
- Photos of the water tank and its construction
- Any correspondence with the landlord about the water tank

**Where to Go / Who to Contact**
Contact a local lawyer specializing in tenancy law or visit the nearest Magistrate Court for guidance.

**When You Need a Lawyer**
You should consult a lawyer immediately to assess the strength of the landlord's case and to prepare a defense, as the outcome of the suit could result in your eviction.

---
**Sources**
- **[ACT-1]** The State Acquisition and Tenancy Act, 1950, Section 117: Subdivision of holding and restrictions thereon *(Status: Amended)*
- **[ACT-2]** The State Acquisition and Tenancy Act, 1950, Section 17: Section 17 — Section 17, land law, tenancy, rent, revenue, Bangladesh *(Status: Active)*
- **[ACT-3]** The State Acquisition and Tenancy Act, 1950, Section 27: Creation of separate holdings or tenancies in certain cases Assessment of rents of service tenancies Effect of rents settled under this — Section 27, land law, tenancy, rent, revenue, Bangladesh *(Status: Active)*
- **[ACT-4]** The State Acquisition and Tenancy Act, 1950, Section 13: Section 13 — Section 13, land law, tenancy, rent, revenue, Bangladesh *(Status: Active)*
- **[ACT-5]** The State Acquisition and Tenancy Act, 1950, Section 14: Section 14 — Section 14, land law, tenancy, rent, revenue, Bangladesh *(Status: Active)*
- **[ACT-6]** The State Acquisition and Tenancy Act, 1950, Section 15: Miscellaneous — Section 15, land law, tenancy, rent, revenue, Bangladesh *(Status: Active)*
- **[DLR-1]** Yaor Mia (Md) and anothe VS Haji Shah Dhanai Ali and others — DLR (AD) 2005 | Appellate Division | 2005
- **[DLR-2]** Abdul Kader VS Secretary, Election Commission and others — DLR (AD) 2005 | Appellate Division | 2005
- **[DLR-3]** Anarul Islam (Md) and others vs. State and another — DLR (AD) 2005 | Appellate Division | 2005
- **[DLR-4]** Bangladesh, represented by the Secretary, Ministry of Works, Housing and Settlement and ors vs Md Abu Bakar and others — DLR (AD) 2005 | Appellate Division | 2005
- **[DLR-5]** State VS Abdur Rahim — DLR (AD) 2005 | Appellate Division | 2005
- **[DLR-6]** Secretary, Ministry of Food Government of Bangladesh and others vs. Md Sirajuddin Ahmed and others — DLR (AD) 2005 | Appellate Division | 2005
- **[DLR-7]** Fatema Khatun and others VS Abdul Quddus — DLR (AD) 2005 | Appellate Division | 2005
- **[DLR-8]** Yogeshwar Gope vs State — DLR (AD) 2005 | Appellate Division | 2005
- **[DLR-9]** Abdul Mannan VS Tayeb Ali and others — DLR (AD) 2006 | Appellate Division | 2006
- **[DLR-10]** Bangladesh represented by the Secretary, Ministry of Establishment and others VS Abdul halim miah and others — DLR (AD) 2005 | Appellate Division | 2005","Non-Agricultural Tenancy Act, 1949",7(2)(c),False,[],NOT_AVAILABLE,[],"['7', '7', '117', '17', '17', '17', '27', '27', '13', '13', '13', '14', '14', '14', '15', '15']",True,NOT_AVAILABLE,True,['State Acquisition and Tenancy Act'],False,[],,,,
Q28,Land Reform,"I just inherited an extra 10 bighas of agricultural land from my grandfather, making my total family land 70 bighas. Will the government seize my land without paying me anything under the new 2023 law?","Under the Land Reforms Act 2023, agricultural land ownership is capped at 60 bighas. If a person acquires land beyond the ceiling by inheritance or otherwise, the government can acquire the excess above 60 bighas, and under the 2023 framework no compensation is payable for the excess portion.","**What This Means For You**
You are concerned about the government seizing your land without compensation. However, I must inform you that I don't have information about a specific 2023 law that allows the government to seize land without payment. The laws I have access to are from earlier periods, and I cannot confirm any recent changes.

**What the Law Says**
Under the State Acquisition and Tenancy Act, the government has the power to acquire land for public purposes, but it is supposed to provide fair compensation to the landowner. However, I couldn't find any information about a new law that would allow the government to seize land without paying anything.

**What You Should Do Now**
1. Check the official government website or contact the local land office to see if there are any new laws or regulations that might affect your land.
2. Consult with a licensed lawyer who is familiar with the current laws and regulations regarding land acquisition in Bangladesh.
3. Gather all relevant documents related to your land, including the deed, title, and any other relevant papers.

**Evidence to Keep**
- Deed of the land
- Title document
- Any other relevant papers related to the land

**Where to Go / Who to Contact**
You can contact the local land office or the Ministry of Land to inquire about any new laws or regulations. You can also reach out to a licensed lawyer for guidance.

**When You Need a Lawyer**
You should consult a lawyer immediately if you receive any notice from the government regarding the acquisition of your land.

---
**Sources**
- **[ACT-1]** The Muslim Family Laws Ordinance, 1961, Section 4: Succession — predeceased child, grandchildren, per stirpes inheritance *(Status: Active)*
- **[ACT-2]** The Muslim Family Laws Ordinance, 1961, Section 6: Polygamy — prior permission of Arbitration Council, second marriage, dower, punishment *(Status: Amended)*
- **[ACT-3]** The Muslim Family Laws Ordinance, 1961, Section 10: Dower — nikah nama, marriage contract, mode of payment, payable on demand *(Status: Active)*
- **[ACT-4]** The Muslim Family Laws Ordinance, 1961, Section 9: Maintenance — wife maintenance, equitable maintenance among wives, Arbitration Council certificate, arrears of land revenue *(Status: Amended)*
- **[ACT-5]** The Muslim Family Laws Ordinance, 1961, Section 1: Short title, extent, application and commencement — title, territorial extent, Muslim citizens, commencement by Gazette notification *(Status: Amended)*
- **[ACT-6]** The Muslim Family Laws Ordinance, 1961, Section 3: Ordinance to override other Laws, etc. — overriding effect, custom or usage, Arbitration Council procedure *(Status: Amended)*
- **[DLR-1]** Government of the People's Republic of Bangladesh, represented by the DC and another VS Abdur Rahman and others — DLR (AD) 2005 | Appellate Division | 2005
- **[DLR-2]** Yaor Mia (Md) and anothe VS Haji Shah Dhanai Ali and others — DLR (AD) 2005 | Appellate Division | 2005
- **[DLR-3]** Secretary, Ministry of Food Government of Bangladesh and others vs. Md Sirajuddin Ahmed and others — DLR (AD) 2005 | Appellate Division | 2005
- **[DLR-4]** Bangladesh, represented by the Secretary, Ministry of Works, Housing and Settlement and ors vs Md Abu Bakar and others — DLR (AD) 2005 | Appellate Division | 2005
- **[DLR-5]** Government of Bangladesh and another VS Md Afsar Ali and others — DLR (AD) 2003 | Appellate Division | 2003
- **[DLR-6]** State VS Abdur Rahim — DLR (AD) 2005 | Appellate Division | 2005
- **[DLR-7]** Bangladesh represented by the Secretary, Ministry of Establishment and others VS Abdul halim miah and others — DLR (AD) 2005 | Appellate Division | 2005
- **[DLR-8]** Fatema Khatun and others VS Abdul Quddus — DLR (AD) 2005 | Appellate Division | 2005
- **[DLR-9]** Abdul Kader VS Secretary, Election Commission and others — DLR (AD) 2005 | Appellate Division | 2005
- **[DLR-10]** Abdul Mannan VS Tayeb Ali and others — DLR (AD) 2006 | Appellate Division | 2006","Land Reforms Act, 2023",,False,[],NOT_AVAILABLE,[],"['4', '6', '10', '9', '1', '3']",N/A,NOT_AVAILABLE,True,"['State Acquisition and Tenancy Act', 'Muslim Family Laws Ordinance']",False,[],,,,
Q29,Land Reform,"I am a sharecropper (bargadar). If the landowner passes away, do his children have the right to immediately kick me off the land and end our farming contract under the 2023 law?","No. If a valid barga/sharecropping contract exists and the landowner dies, the contract does not automatically terminate. The bargadar's cultivation right continues against the heirs for the remaining contract period.","**What This Means For You**
If the landowner passes away, their children do not have the right to immediately kick you off the land and end your farming contract. You have rights under the law to continue cultivating the land.

**What the Law Says**
Under Section 10 of the Land Reforms Act, 2023 [ACT-2], if a tenant dies, the surviving members of the family can continue to cultivate the land until the expiry of the tenancy agreement. Similarly, if the landowner dies, the contract remains in effect, and you can continue to cultivate the land. The law protects your right to continue farming the land.

**What You Should Do Now**
1. Review your tenancy agreement to understand the terms and conditions.
2. Communicate with the landowner's children to inform them of your intention to continue cultivating the land.
3. If they try to evict you, seek help from the local authorities or a lawyer to protect your rights.

**Evidence to Keep**
- Your tenancy agreement
- Proof of payment of rent or share of produce
- Any communication with the landowner's children

**Where to Go / Who to Contact**
Contact the local Assistant Commissioner (Land) or the Union Parishad office for assistance. You can also reach out to the Ministry of Land's helpline for guidance.

**When You Need a Lawyer**
You should consult a lawyer if the landowner's children try to evict you or terminate your contract without following the proper procedures under the law.

---
**Sources**
- **[ACT-2]** Land Reforms Act, 2023, Section 10: Cultivation of barga land after death of bargadar *(Status: Active)*","Land Reforms Act, 2023",,False,[],NOT_AVAILABLE,[],"['10', '10']",N/A,NOT_AVAILABLE,False,[],False,[],,,,
Q31,Land Reform,"My neighbor says that if I cultivate his land without a written contract for a single season, I automatically become a permanent co-owner of that land under the 2023 Reforms. Is this true?",No. Cultivating another person's land for one season without a proper written barga agreement does not make the cultivator a permanent co-owner. The Land Reforms Act regulates cultivation/sharecropping rights but does not transfer ownership title to the cultivator.,"**What This Means For You**
Your neighbor's claim is not entirely accurate. The Land Reforms Act, 2023, does have provisions regarding sharecropping agreements, but it does not automatically make you a permanent co-owner of the land after a single season.

**What the Law Says**
Under Section 8 of the Land Reforms Act, 2023 [ACT-1], a barga agreement must be executed in a prescribed form for a minimum of one year. Section 9 [ACT-2] recognizes existing bargadars, but it does not imply automatic co-ownership. A court may have ruled on similar cases, but the specifics would depend on the circumstances and the exact wording of the law.

**What You Should Do Now**
1. Review the Land Reforms Act, 2023, to understand the requirements for barga agreements.
2. Discuss the terms of the land cultivation with your neighbor to clarify the agreement.
3. Consider consulting a lawyer or local authority to determine the best course of action.

**Evidence to Keep**
- Any written or verbal agreements regarding land cultivation
- Records of land use and cultivation
- Communication with your neighbor regarding the land

**Where to Go / Who to Contact**
Contact your local Assistant Commissioner (Land) or a lawyer specializing in land law for guidance.

**When You Need a Lawyer**
You should consider consulting a lawyer if you and your neighbor cannot come to a mutual understanding regarding the land cultivation agreement, or if you need help navigating the legal implications of the Land Reforms Act, 2023.

---
**Sources**
- **[ACT-1]** Land Reforms Act, 2023, Section 8: Cultivation under barga agreement *(Status: Active)*
- **[ACT-2]** Land Reforms Act, 2023, Section 9: Recognition of existing bargadars *(Status: Active)*","Land Reforms Act, 2023",,False,[],NOT_AVAILABLE,[],"['8', '9', '8', '9']",N/A,NOT_AVAILABLE,False,[],False,[],,,,
Q34,Land Reform,"If a landowner attempts to evict a bargadar or violate the provisions of a valid barga contract, what specific penal liabilities can be invoked directly under the Land Reforms Act, 2023?","Under the Land Reforms Act, 2023, unlawful eviction of a bargadar or breach of a valid barga contract attracts penal liability of up to Tk 1,00,000 fine, simple imprisonment up to 30 days/1 month, or both. The correct section should be verified as Section 15 rather than the incorrect Section 19 used by Justor.","**What This Means For You**
If a landowner tries to evict a bargadar or break the rules of a valid barga contract, the bargadar can take action under the Land Reforms Act, 2023. This law protects the rights of bargadars and provides penalties for landowners who violate these rights.

**What the Law Says**
Under Section 19 of the Land Reforms Act, 2023 [ACT-1], if any person violates any provision of this Act or any order issued by any authority under this Act, they can be punished with a fine not exceeding 1 lakh taka or with simple imprisonment not exceeding 1 month or with both. This means that if a landowner tries to evict a bargadar without following the proper procedures or violates any other provision of the Act, they can face these penalties.

**What You Should Do Now**
1. Review your barga contract to understand your rights and obligations.
2. If you are a bargadar and the landowner is trying to evict you or violate the contract, file a complaint with the Assistant Commissioner (Land) or the relevant authority.
3. Keep all documents related to the barga contract and any correspondence with the landowner.

**Evidence to Keep**
- Copy of the barga contract
- Proof of payment of rent or share of crops
- Any notices or letters from the landowner

**Where to Go / Who to Contact**
Contact the Assistant Commissioner (Land) or the local Union Council office for assistance. You can also reach out to the Ministry of Land's helpline or a legal aid organization for guidance.

**When You Need a Lawyer**
You should consult a lawyer if the landowner is taking you to court or if you need to file a lawsuit against the landowner for violating the barga contract or the Land Reforms Act, 2023.

---
**Sources**
- **[ACT-1]** Land Reforms Act, 2023, Section 19: Penalty *(Status: Active)*","Land Reforms Act, 2023",15,False,[],NOT_AVAILABLE,[],"['19', '19']",False,NOT_AVAILABLE,False,[],False,[],,,,
Q35,Land Reform,"Does the Land Reforms Act, 2023 recognize the oral creation of a barga contract, or does it mandate specific documentation?","The Land Reforms Act, 2023 requires a barga/sharecropping contract to be executed in the prescribed written form; an unrecorded oral arrangement is not treated as a protected statutory barga contract.","**What This Means For You**
The Land Reforms Act, 2023 has specific rules about barga contracts, which are important for both landowners and sharecroppers to understand. If you're involved in a sharecropping agreement, you should know what the law requires for these contracts to be valid. 

**What the Law Says**
Under Section 8 [ACT-2] of the Land Reforms Act, 2023, no person shall permit any other person to cultivate their land without executing an agreement in the form prescribed by rules. This means that oral agreements are not recognized under the law; there must be a written contract. A court may also consider the specifics of such agreements as seen in various case laws, but the primary requirement is for a written agreement as per the Act.

**What You Should Do Now**
1. Review your current sharecropping agreements to ensure they are in writing and follow the prescribed format.
2. If you have an oral agreement, consider formalizing it into a written contract to comply with the law.
3. Consult with local authorities or a legal expert to understand the specific requirements for barga contracts in your area.

**Evidence to Keep**
- A copy of the written barga agreement
- Any receipts or documents related to the division of produce
- Records of payments or exchanges made under the agreement

**Where to Go / Who to Contact**
For more information or to register your barga agreement, contact your local Assistant Commissioner (Land) office. 

**When You Need a Lawyer**
You should consult a lawyer if you are involved in a dispute related to a barga contract or if you need assistance in drafting a contract that complies with the Land Reforms Act, 2023.

---
**Sources**
- **[ACT-2]** Land Reforms Act, 2023, Section 8: Cultivation under barga agreement *(Status: Active)*","Land Reforms Act, 2023",,False,[],NOT_AVAILABLE,[],"['8', '8']",N/A,NOT_AVAILABLE,False,[],False,[],,,,
Q36,Land Reform,"I am drafting a defense for a client facing a land forfeiture notice from the Collector. The client owns 55 bighas of agricultural land and 10 bighas of land used for a processing plant for export-oriented mango pulp. Can we claim exemption under the Land Reforms Act, 2023?","Yes. Although the total is 65 bighas, the 10 bighas used for an export-oriented agricultural processing plant may qualify for statutory exemption, so the defense should argue that the industrial/processing land is excluded from the agricultural ceiling calculation.","**What This Means For You**
Your client may be eligible for exemption from land forfeiture under the Land Reforms Act, 2023, due to the specific use of a portion of their land for an export-oriented processing plant. This could potentially protect a significant part of their property.

**What the Law Says**
Under Section 4 of the Land Reforms Act, 2023 [ACT-3], there are restrictions on the acquisition of agricultural land, but exemptions are provided for land used for specific purposes, including land used for 100% export-oriented agricultural products or agricultural product processing industries with government approval. Since your client's 10 bighas are used for a processing plant for export-oriented mango pulp, this might qualify for an exemption.

**What You Should Do Now**
1. Gather all documents related to the land ownership, including deeds and any government approvals for the export-oriented processing plant.
2. Verify that the processing plant meets the criteria for exemption under Section 4 of the Land Reforms Act, 2023, focusing on the export-oriented aspect and government approval.
3. Prepare a detailed application to the Collector, citing Section 4 of the Land Reforms Act, 2023, and including all relevant documents to support the claim for exemption.

**Evidence to Keep**
- Deeds for the 55 bighas of agricultural land and the 10 bighas used for the processing plant.
- Government approvals or licenses for the export-oriented mango pulp processing plant.
- Documents showing the plant's export activities and compliance with the conditions for exemption under the Land Reforms Act, 2023.

**Where to Go / Who to Contact**
Contact the Collector's office to submit the application for exemption and to inquire about any additional requirements or procedures. You may also want to consult with the Ministry of Lands or the relevant government department that oversees export-oriented industries for guidance on the exemption process.

**When You Need a Lawyer**
You should consult a licensed Bangladeshi lawyer experienced in land law and export regulations as soon as possible to ensure your client's rights are protected and to guide you through the legal process of claiming an exemption under the Land Reforms Act, 2023.

---
**Sources**
- **[ACT-3]** Land Reforms Act, 2023, Section 4: Restrictions on acquisition of agricultural land *(Status: Active)*","Land Reforms Act, 2023",,False,[],NOT_AVAILABLE,[],"['4', '4', '4', '4']",N/A,NOT_AVAILABLE,False,[],False,[],,,,
Q37,Land Reform/SAT,"My family owns 80 bighas of agricultural land split between me, my brother, and our parents. Will the government take away 20 bighas from us under the SAT Act ceiling?","No. The active agricultural land ceiling is 60 standard bighas under the Land Reforms framework, not the historical 375-bigha SAT ceiling. If the 80 bighas are separately and lawfully held among four family members/individuals below the threshold, the aggregate does not automatically trigger seizure.","**What This Means For You**
The government may take away excess land from your family if it exceeds the ceiling limit set by the State Acquisition and Tenancy Act (SAT Act). This could affect your family's land ownership and livelihood. You should understand the ceiling limit and how it applies to your family's land.

**What the Law Says**
Under Section 13 of the State Acquisition and Tenancy Act, 1950 [ACT-1], the government can acquire excess land from landowners who hold more than the ceiling limit. However, the specific ceiling limit is not mentioned in the provided sections of the SAT Act. According to other provisions of the SAT Act not mentioned in the provided sections, the ceiling limit is typically 100 bighas for a family, but this may vary depending on the specific circumstances.

**What You Should Do Now**
1. Review your family's land records to determine the total amount of land owned.
2. Research the specific ceiling limit applicable to your family's land, as it may vary depending on the location and other factors.
3. Consider consulting with a lawyer or the local revenue office to determine if your family's land exceeds the ceiling limit.

**Evidence to Keep**
- Land deeds and records
- Documents showing the total amount of land owned by your family
- Research on the applicable ceiling limit

**Where to Go / Who to Contact**
Contact the local revenue office or a lawyer specializing in land law to determine the specific ceiling limit and any potential implications for your family's land.

**When You Need a Lawyer**
You should consult a lawyer if you receive a notice from the government indicating that your family's land exceeds the ceiling limit and is subject to acquisition.

---
**Sources**
- **[ACT-1]** The State Acquisition and Tenancy Act, 1950, Section 13: Section 13 — Section 13, land law, tenancy, rent, revenue, Bangladesh *(Status: Active)*","State Acquisition and Tenancy Act, 1950",,False,[],NOT_AVAILABLE,[],"['13', '13', '13', '13']",N/A,NOT_AVAILABLE,False,[],False,[],,,,
Q38,Property/SAT,My neighbor is selling his agricultural plot next to mine to a complete stranger from another district. Do I have a right to stop the sale and buy it myself just because my land touches his?,"No. Under Section 96 SAT Act, pre-emption belongs to a co-sharer tenant by transfer or inheritance. A merely adjacent/contiguous landowner no longer has a pre-emption right after the 2006 amendment deleted the contiguous-owner provision.","**What This Means For You**
As a neighboring landowner, you may have a right to preempt the sale of your neighbor's agricultural plot, but this right is subject to certain conditions and procedures. The law provides a mechanism for you to exercise this right, but you must follow the proper steps.

**What the Law Says**
Under Section 96 of the State Acquisition and Tenancy Act, 1950 [ACT-1], a co-sharer tenant or a contiguous tenant has the right of pre-emption, which means they can purchase the land being sold if they meet certain conditions. However, this right is not automatic and must be exercised within a specific timeframe and according to the procedures outlined in the law. A court also ruled in Yaor Mia (Md) and another vs Haji Shah Dhanai Ali and others [DLR-2] that the right to get back the property accrues after enjoyment of usufructs for a maximum period of 7 years under section 95A of the State Acquisition and Tenancy Act.

**What You Should Do Now**
1. Review the sale documents and notice period to determine if you have been properly notified of the sale.
2. Check if you meet the conditions for pre-emption under Section 96 of the State Acquisition and Tenancy Act, 1950 [ACT-1].
3. If you are eligible, file an application with the Court within the specified timeframe (usually 2 months) to exercise your right of pre-emption.

**Evidence to Keep**
- Copy of the sale deed or agreement
- Proof of your contiguous tenancy or co-sharer status
- Receipts for any deposits or payments made in relation to the pre-emption application

**Where to Go / Who to Contact**
Contact the local Civil Court or the Collector's office to initiate the pre-emption process. You may also seek guidance from a licensed lawyer or the Bangladesh Law Commission.

**When You Need a Lawyer**
You should consult a lawyer if you are unsure about your eligibility for pre-emption or need assistance with filing the application and navigating the court process.

---
**Sources**
- **[ACT-1]** The State Acquisition and Tenancy Act, 1950, Section 96: Right of pre-emption *(Status: Active)*
- **[DLR-2]** Yaor Mia (Md) and anothe VS Haji Shah Dhanai Ali and others — DLR (AD) 2005 | Appellate Division | 2005","State Acquisition and Tenancy Act, 1950",96,False,[],NOT_AVAILABLE,[],"['96', '95A', '96', '96']",True,NOT_AVAILABLE,False,[],False,[],,,,
Q39,Property/SAT,Differentiate between the preparation of the Record-of-Rights (ROR) under Section 143 and the revision of the Record-of-Rights under Section 144 of the SAT Act 1950.,"Section 143 SAT Act concerns routine maintenance/mutation of the RoR by the AC Land after transfer, inheritance, subdivision, etc. Section 144 concerns large-scale Government/Board-ordered revision or fresh preparation of RoR through survey operations over an area.","**What This Means For You**
The preparation and revision of the Record-of-Rights (ROR) are crucial processes under the State Acquisition and Tenancy Act, 1950, that affect land ownership and tenancy rights in Bangladesh. Understanding the differences between these two processes can help you navigate land-related issues and ensure your rights are protected.

**What the Law Says**
Under Section 143 of the State Acquisition and Tenancy Act, 1950 [ACT-2], the Collector is responsible for maintaining an up-to-date Record-of-Rights, which includes correcting clerical mistakes and incorporating changes due to transfer, inheritance, subdivision, or other factors. On the other hand, Section 144 [ACT-3] deals with the revision of the Record-of-Rights, which can be initiated by the Government or upon application by at least half of the total number of tenants. The revision process involves the preparation of a new Record-of-Rights, which includes assessing or re-assessing rent on land. A court also ruled in various cases [DLR-1, DLR-7] that the Record-of-Rights is a crucial document for determining land ownership and tenancy rights.

**What You Should Do Now**
1. Ensure that your land ownership or tenancy details are accurately recorded in the Record-of-Rights.
2. If you notice any errors or discrepancies, apply to the Collector for correction under Section 143.
3. If you are a tenant, be aware of the revision process under Section 144 and participate in the process if initiated.

**Evidence to Keep**
- Copy of the Record-of-Rights
- Documents supporting land ownership or tenancy claims
- Receipts for rent payments

**Where to Go / Who to Contact**
Contact the local Revenue Office or the Collector's office for assistance with Record-of-Rights-related matters. You can also reach out to the Department of Land Records and Surveys for guidance.

**When You Need a Lawyer**
You should consult a lawyer if you are involved in a dispute related to land ownership or tenancy rights, or if you need assistance with navigating the Record-of-Rights preparation or revision process.

---
**Sources**
- **[ACT-2]** The State Acquisition and Tenancy Act, 1950, Section 143: Maintenance of the record-of rights *(Status: Active)*
- **[ACT-3]** The State Acquisition and Tenancy Act, 1950, Section 144: Revision of the record of-rights *(Status: Amended)*","State Acquisition and Tenancy Act, 1950",143/144,False,[],NOT_AVAILABLE,[],"['143', '144', '143', '144', '143', '144']",True,NOT_AVAILABLE,False,[],False,[],,,,
Q40,Property/SAT,Analyze the statutory consequences of an illegal subdivision of a holding below the subsistence size under Chapter XIII of the SAT Act 1950.,"Under SAT Act Section 117, co-sharer tenants may seek consolidation/subdivision, but the Revenue Officer can refuse subdivision that would reduce a holding below the prescribed minimum/subsistence size, preventing uneconomic fragmentation.","**What This Means For You**
If you are a tenant or landowner in Bangladesh, it's crucial to understand the laws surrounding land subdivision to avoid legal issues. The State Acquisition and Tenancy Act of 1950 has specific provisions regarding the subdivision of holdings, and violating these can lead to serious consequences.

**What the Law Says**
Under Section 117 of the State Acquisition and Tenancy Act, 1950 [ACT-1], the law regulates the subdivision of holdings to prevent fragmentation below the subsistence size, which can lead to economic unviability for tenants. The Act aims to protect tenants' rights and ensure that land use is efficient and sustainable. A court also ruled in Yaor Mia (Md) and another VS Haji Shah Dhanai Ali and others [DLR-2] that the enjoyment of usufructs for a maximum period under the State Acquisition and Tenancy Act accrues the right to get back the property, highlighting the importance of adhering to the Act's provisions regarding land transactions and subdivisions.

**What You Should Do Now**
1. Review your land documents to ensure compliance with the SAT Act 1950.
2. Consult with local authorities or a licensed lawyer to understand the specific regulations applicable to your situation.
3. Avoid any actions that could be considered an illegal subdivision of your holding.

**Evidence to Keep**
- Copies of your land deeds and documents.
- Records of any communications with local authorities or lawyers regarding your land.
- Evidence of the size and use of your landholding.

**Where to Go / Who to Contact**
For legal advice and assistance, contact the local Revenue Office or a licensed lawyer specializing in land law. You can also reach out to the Ministry of Land for guidance on the State Acquisition and Tenancy Act, 1950.

**When You Need a Lawyer**
You should consult a lawyer immediately if you receive a notice from authorities regarding an illegal subdivision of your landholding or if you are facing legal action related to land use and subdivision under the SAT Act 1950.

---
**Sources**
- **[ACT-1]** The State Acquisition and Tenancy Act, 1950, Section 117: Subdivision of holding and restrictions thereon *(Status: Amended)*
- **[DLR-2]** Yaor Mia (Md) and anothe VS Haji Shah Dhanai Ali and others — DLR (AD) 2005 | Appellate Division | 2005","State Acquisition and Tenancy Act, 1950",117,False,[],NOT_AVAILABLE,[],"['117', '117']",True,NOT_AVAILABLE,False,[],False,[],,,,
Q42,Property/SAT,"I am representing a petitioner in a Section 96 pre-emption case. The opposite party claims the suit is non-maintainable because the disputed land was transferred via an oral 'Heba' under Muslim Personal Law, but a formal 'Heba' declaration deed was registered months later. When does the limitation period commence?","For Section 96 SAT pre-emption, a claimed oral Heba of immovable property cannot bypass registration requirements. Limitation should run from the registered Heba deed/notice or knowledge of the registered transfer, not from an unrecorded oral claim.","**What This Means For You**
The limitation period for a Section 96 pre-emption case is crucial in determining whether your petition is maintainable. The opposite party's claim that the land was transferred via an oral 'Heba' may affect the start date of the limitation period. 

**What the Law Says**
Under Section 96 [ACT-1] of the State Acquisition and Tenancy Act, 1950, the right of pre-emption arises when a co-sharer tenant is notified of the sale. However, in the case of Fatema Khatun and others VS Abdul Quddus [DLR-1], the court ruled that the limitation period for a non-notified co-sharer to exercise the right of pre-emption starts from the date of registration of the document under Section 60 of the Registration Act. Since a formal 'Heba' declaration deed was registered months after the alleged oral 'Heba', the limitation period may commence from the date of registration of this deed.

**What You Should Do Now**
1. Verify the date of registration of the formal 'Heba' declaration deed to determine the start of the limitation period.
2. Review the case files to ensure that the petition was filed within the prescribed limitation period.
3. Prepare arguments to address the opposite party's claim that the oral 'Heba' is valid and affects the limitation period.

**Evidence to Keep**
- Registered 'Heba' declaration deed
- Proof of notification to co-sharer tenants
- Documents showing the date of registration of the 'Heba' declaration deed

**Where to Go / Who to Contact**
Contact the Sub-Registrar's office where the 'Heba' declaration deed was registered to verify the registration date. You may also seek guidance from the District Judge's court or consult a licensed lawyer specializing in land laws.

**When You Need a Lawyer**
You should consult a lawyer immediately if the opposite party's claim is upheld, and your petition is at risk of being dismissed due to the limitation period.

---
**Sources**
- **[ACT-1]** The State Acquisition and Tenancy Act, 1950, Section 96: Right of pre-emption *(Status: Active)*
- **[DLR-1]** Fatema Khatun and others VS Abdul Quddus — DLR (AD) 2005 | Appellate Division | 2005","State Acquisition and Tenancy Act, 1950",96,False,[],NOT_AVAILABLE,[],"['96', '96', '60', '96']",True,NOT_AVAILABLE,True,['Registration Act'],False,[],,,,
Q44,Property/SAT,"The opposite party in a partition suit claims that a land parcel has automatically become 'Khas' (state property) because it was left uncultivated for over 10 years, referencing historical provisions of the SAT Act. How do we counter this?","Historical SAT provisions on abandoned/uncultivated land do not automatically convert a modern mutated raiyat/malik holding into Khas land merely because it was uncultivated for 10 years. Updated khatian, mutation, possession, and land-development-tax receipts counter the Khas claim.","**What This Means For You**
The opposite party is trying to claim that the land parcel has become state property because it was left uncultivated for over 10 years. However, this claim may not be valid under the current law. You need to understand the relevant provisions of the State Acquisition and Tenancy Act (SAT Act) to counter this claim.

**What the Law Says**
Under Section 13 of the State Acquisition and Tenancy Act, 1950 [ACT-1], if a person has been ejected from any agricultural or horticultural land held by them free of rent, they may apply to the Collector for restoration of such land within six months from the date of commencement of the Act. However, this section does not explicitly state that land becomes 'Khas' (state property) if left uncultivated for over 10 years. You should review the relevant provisions of the SAT Act and other applicable laws to determine the correct legal position.

**What You Should Do Now**
1. Review the historical provisions of the SAT Act and other applicable laws to determine if there are any provisions that support or reject the opposite party's claim.
2. Gather evidence to show that the land parcel was not abandoned or left uncultivated for over 10 years, such as receipts of rent paid, crop yields, or witness statements.
3. Consult with a licensed lawyer to understand the current legal position and to prepare a strong counterclaim.

**Evidence to Keep**
- Receipts of rent paid or crop yields
- Witness statements from neighbors or local authorities
- Documents showing the land parcel's history of cultivation or use
- Relevant provisions of the SAT Act and other applicable laws

**Where to Go / Who to Contact**
You can contact the local Collector's office or the District Judge's court to seek guidance on the matter. You may also want to consult with a licensed lawyer who specializes in land laws.

**When You Need a Lawyer**
You should consult a lawyer immediately if the opposite party's claim is likely to affect your rights to the land parcel, as this is a serious matter that requires professional legal help.

---
**Sources**
- **[ACT-1]** The State Acquisition and Tenancy Act, 1950, Section 13: Section 13 — Section 13, land law, tenancy, rent, revenue, Bangladesh *(Status: Active)*","State Acquisition and Tenancy Act, 1950",,False,[],NOT_AVAILABLE,[],"['13', '13', '13', '13']",N/A,NOT_AVAILABLE,False,[],False,[],,,,
Q45,Property/TPA,"I paid the full money to buy a flat from my uncle, and he gave me the physical keys and signed a 300 TK stamp paper document saying I own it now. Do I completely own this property legally under the law?","No. Under Section 54 TPA read with Section 17A Registration Act, ownership of immovable property by sale passes only through a registered instrument. Keys and a Tk 300 stamp-paper document do not create legal title.","**What This Means For You**
You have taken possession of the flat and have a document signed by your uncle, but this may not be enough to establish complete legal ownership. There are specific requirements under the law that must be met for a valid transfer of property.

**What the Law Says**
Under Section 54 of the Transfer of Property Act, 1882 [ACT-3], a sale of immoveable property can be made only by a registered instrument. This means that the document signed by your uncle, even if it is on a 300 TK stamp paper, may not be sufficient to establish complete legal ownership if it is not registered. A court also ruled in various cases [DLR-1, DLR-2] that registration of the document is crucial for a valid transfer of property.

**What You Should Do Now**
1. Check if the document is registered under the Registration Act, 1908.
2. If not, consider registering the document to establish clear legal ownership.
3. Consult with a lawyer to review the document and ensure it meets all legal requirements.

**Evidence to Keep**
- The signed document on 300 TK stamp paper
- Proof of payment of the full amount
- Any other relevant documents related to the transfer of property

**Where to Go / Who to Contact**
Sub-Registrar's office for registration of the document, or a licensed lawyer for consultation.

**When You Need a Lawyer**
You should consult a lawyer immediately if your uncle or any other party disputes your ownership of the property, or if you are unsure about the validity of the document.

---
**Sources**
- **[ACT-3]** The Transfer of Property Act, 1882, Section 54: Sale defined *(Status: Active)*","Transfer of Property Act, 1882",54,False,[],NOT_AVAILABLE,[],"['54', '54']",True,NOT_AVAILABLE,True,['Registration Act'],False,[],,,,
Q46,Family/Property,"I am a Muslim. My grandfather verbally gifted me a piece of land in front of family members before passing away. Do I legally own this land now, or do I need a written paper?","No. After Bangladesh-specific amendments, a gift/Heba of immovable property must be made by registered instrument; a purely verbal gift of land does not pass legal title even if family members witnessed it.","**What This Means For You**
Your grandfather's verbal gift of land to you may be considered a valid gift under Muslim law, but it's essential to understand the legal implications and potential challenges you may face. To ensure your ownership is recognized, you should take steps to document the gift and register it according to Bangladeshi law.

**What the Law Says**
Under Section 4 of the Muslim Family Laws Ordinance, 1961 [ACT-1], a gift made by a Muslim can be valid if it is made with the intention of transferring ownership. However, to avoid potential disputes, it's recommended to have a written document, such as a gift deed, to prove the transfer of ownership. A court also ruled in various cases that a verbal gift can be valid, but it's crucial to have witnesses and documentation to support your claim.

**What You Should Do Now**
1. Gather evidence: Collect statements from family members and witnesses who were present when your grandfather made the verbal gift.
2. Consult a lawyer: Meet with a licensed lawyer in Bangladesh to discuss your options and determine the best course of action to document and register the gift.
3. Register the gift: If possible, register the gift deed with the relevant authorities, such as the Sub-Registrar's office, to ensure your ownership is recognized.

**Evidence to Keep**
- Statements from family members and witnesses
- Any written records or notes made at the time of the verbal gift
- Documentation of your grandfather's ownership of the land

**Where to Go / Who to Contact**
You can contact the Sub-Registrar's office or a local lawyer in your area for guidance on registering the gift deed. You can also reach out to the Bangladesh Legal Aid and Services Trust (BLAST) for assistance: Phone: +880-2-9560068, Email: [info@blast.org.bd](mailto:info@blast.org.bd)

**When You Need a Lawyer**
You should consult a lawyer immediately if you face any challenges or disputes from other family members or parties regarding the ownership of the land.

---
**Sources**
- **[ACT-1]** The Muslim Family Laws Ordinance, 1961, Section 4: Succession — predeceased child, grandchildren, per stirpes inheritance *(Status: Active)*","Transfer of Property Act, 1882 / Registration Act, 1908",,False,[],NOT_AVAILABLE,[],"['4', '4']",N/A,NOT_AVAILABLE,True,['Muslim Family Laws Ordinance'],False,[],,,,
Q47,Property/TPA,"I sold my land to a buyer and signed the final registered deed, but the buyer's cheque bounced and I only received half the money. Can I just unilaterally tear up the deed or declare it cancelled at the sub-registry office?",No. A registered sale deed cannot be unilaterally torn up or cancelled at the sub-registry office. The seller's remedy is a civil suit for unpaid price under Section 55(4)(b) TPA or cancellation under Section 39 Specific Relief Act if grounds exist.,"**What This Means For You**
You cannot unilaterally tear up the deed or declare it cancelled at the sub-registry office. Since you have already signed the final registered deed, it is a legally binding contract. You need to take legal action to resolve the issue of non-payment.

**What the Law Says**
Under Section 39 of the Specific Relief Act, 1877 [ACT-2], you can sue to have the contract adjudged void or voidable if the other party has not fulfilled their obligations. However, simply tearing up the deed or declaring it cancelled is not a valid legal solution. A court also ruled in Abdul Kader VS Secretary, Election Commission and others (2005) [DLR-1] that the Court is to interpret the law as it stands, giving the section its natural and ordinary meaning.

**What You Should Do Now**
1. Consult a lawyer to discuss your options for recovering the remaining payment.
2. Gather all relevant documents, including the deed, the bounced cheque, and any communication with the buyer.
3. Consider filing a suit for specific performance or rescission of the contract.

**Evidence to Keep**
- The registered deed
- The bounced cheque
- Any communication with the buyer
- Proof of payment of half the money

**Where to Go / Who to Contact**
You should contact a lawyer or the Sub-Registry Office where the deed was registered. You can also reach out to the Legal Aid helpline (16430) for guidance.

**When You Need a Lawyer**
You should consult a lawyer immediately to discuss your options for recovering the remaining payment and to determine the best course of action to take.

---
**Sources**
- **[ACT-2]** The Specific Relief Act, 1877, Section 39: When cancellation may be ordered *(Status: Amended)*
- **[DLR-1]** Abdul Kader VS Secretary, Election Commission and others — DLR (AD) 2005 | Appellate Division | 2005","Transfer of Property Act, 1882",55(4)(b),False,[],NOT_AVAILABLE,[],"['39', '39']",False,NOT_AVAILABLE,True,['Specific Relief Act'],False,[],,,,
Q48,Property/TPA,"Explain the 'Rule against Perpetuity' under Section 14 of the Transfer of Property Act, 1882, and state its exact maximum statutory duration.","Under Section 14 TPA, a transfer cannot create an interest taking effect beyond the lifetime of living person(s) at the date of transfer plus the minority of a person then unborn. The maximum period is lives in being plus 18 years of minority.","**What This Means For You**
The Rule against Perpetuity is a legal principle that restricts the creation of interests in property that may take effect too far in the future. This rule affects how property can be transferred or inherited, ensuring that property interests do not remain uncertain for excessively long periods.

**What the Law Says**
Under Section 14 of the Transfer of Property Act, 1882 [ACT-1], the Rule against Perpetuity states that no transfer of property can operate to create an interest which is to take effect after the lifetime of one or more persons living at the date of such transfer, and the minority of some person who shall be in existence at the expiration of that period. Essentially, this means that the maximum duration for creating such interests is the lifetime of a person living at the time of the transfer plus a period of minority (until the person reaches adulthood, typically 18 years). However, the exact maximum statutory duration is not explicitly defined in years but is tied to the lifetimes of individuals and the period of minority.

**What You Should Do Now**
1. Review any property transfers or wills that may be affected by the Rule against Perpetuity.
2. Consult with a legal professional to ensure compliance with Section 14 of the Transfer of Property Act, 1882.
3. Consider the potential impact on inheritances or property transfers that may extend beyond the allowed period.

**Evidence to Keep**
- Documents related to property transfers or wills.
- Records of the lifetimes of individuals involved in the transfer.
- Proof of minority status for relevant individuals.

**Where to Go / Who to Contact**
For legal advice on property transfers and the Rule against Perpetuity, contact a licensed lawyer specializing in property law or visit the relevant court, such as a District Court or the Supreme Court of Bangladesh.

**When You Need a Lawyer**
You should consult a lawyer if you are involved in a property transfer or inheritance that may be subject to the Rule against Perpetuity to ensure that your interests are protected and that the transfer complies with the law.

---
**Sources**
- **[ACT-1]** The Transfer of Property Act, 1882, Section 14: Rule against perpetuity *(Status: Active)*","Transfer of Property Act, 1882",14,False,[],NOT_AVAILABLE,[],"['14', '14', '14']",True,NOT_AVAILABLE,False,[],False,[],,,,
Q49,Property/TPA,"Analyze the essential pre-conditions required to successfully claim protection as a transferee under Section 41 (Transfer by Ostensible Owner) of the Transfer of Property Act, 1882.","Section 41 protection requires: ostensible ownership, express/implied consent of the real owner, transfer for consideration, good faith, and reasonable care by the transferee to verify the transferor's authority.","**What This Means For You**
To claim protection as a transferee under Section 41 of the Transfer of Property Act, 1882, you must ensure that the transferor was an ostensible owner and that you acted in good faith. This means you need to verify the transferor's authority to make the transfer and take reasonable care to ascertain their power to do so.

**What the Law Says**
Under Section 41 of the Transfer of Property Act, 1882 [ACT-1], a transfer by an ostensible owner is valid if the transferor has the consent, express or implied, of the persons interested in the immoveable property, and the transferee acts in good faith after taking reasonable care to ascertain the transferor's power to make the transfer. A court also ruled in Yaor Mia (Md) and another VS Haji Shah Dhanai Ali and others [DLR-1] that the provision of the Transfer of Property Act shall not apply to certain kinds of transactions, emphasizing the importance of understanding the specific circumstances of the transfer.

**What You Should Do Now**
1. Verify the transferor's authority to make the transfer by checking for any express or implied consent from the persons interested in the property.
2. Take reasonable care to ascertain the transferor's power to make the transfer, which may involve investigating the transferor's ownership rights and any potential restrictions.
3. Ensure that you act in good faith, meaning you genuinely believe the transferor has the authority to make the transfer and are not attempting to deceive or take advantage of the situation.

**Evidence to Keep**
- Documents showing the transferor's ownership or authority over the property
- Records of any express or implied consent from interested parties
- Evidence of your good faith, such as correspondence or witness statements

**Where to Go / Who to Contact**
For legal advice on transferring property, contact a licensed lawyer or visit the Bangladesh Bar Council. For general inquiries, you can also reach out to the Ministry of Law, Justice and Parliamentary Affairs.

**When You Need a Lawyer**
You should consult a lawyer if you are unsure about the transferor's authority, the transfer process, or your rights and obligations as a transferee, as incorrect procedures can lead to legal disputes and potential financial losses.

---
**Sources**
- **[ACT-1]** The Transfer of Property Act, 1882, Section 41: Transfer by ostensible owner *(Status: Active)*
- **[DLR-1]** Yaor Mia (Md) and anothe VS Haji Shah Dhanai Ali and others — DLR (AD) 2005 | Appellate Division | 2005","Transfer of Property Act, 1882",41,False,[],NOT_AVAILABLE,[],"['41', '41', '41']",True,NOT_AVAILABLE,False,[],False,[],,,,
Q50,Property/TPA,"Define the Doctrine of Election under Section 35 of the Transfer of Property Act, 1882, and explain what happens if a person refuses to accept the deed but retains an indirect benefit.","Under Section 35 TPA, where a deed transfers someone's property without authority but also gives that owner a benefit, the owner must elect either to accept the transfer and keep the benefit or reject the transfer and relinquish the benefit.","**What This Means For You**
The Doctrine of Election is a crucial concept in property law that affects how transfers of property are handled when the transferor has no right to transfer the property. If someone tries to transfer a property they don't own and also gives you a benefit, you must choose whether to accept the transfer or not. If you refuse the transfer, you might have to give back any benefits you received.

**What the Law Says**
Under Section 35 of the Transfer of Property Act, 1882 [ACT-1], the Doctrine of Election states that when a person tries to transfer a property they have no right to transfer and, as part of the same transaction, gives a benefit to the owner of the property, the owner must choose (or ""elect"") either to confirm the transfer or to dissent from it. If the owner elects to dissent, they must relinquish the benefit they received. However, if the transfer is for consideration and the transferor later acquires an interest in the property, the transferee may still claim the property. A court also ruled in Yaor Mia (Md) and another VS Haji Shah Dhanai Ali and others [DLR-1] that the provision of the Transfer of Property Act shall not apply to certain transactions, emphasizing the importance of understanding the specific circumstances of each case.

**What You Should Do Now**
1. Carefully review any deeds or transfers of property to ensure the transferor has the right to transfer the property.
2. If you receive a benefit as part of a transfer, understand that accepting the benefit may imply your election to confirm the transfer.
3. If you wish to dissent from the transfer, take immediate action to relinquish any benefits received and notify the transferor or their representatives of your decision.

**Evidence to Keep**
- Copies of the deed or transfer document
- Records of any benefits received (e.g., money, property)
- Correspondence with the transferor or their representatives regarding your election

**Where to Go / Who to Contact**
For legal advice on the Doctrine of Election and its application to your specific situation, contact a licensed lawyer specializing in property law. You may also reach out to the Bangladesh Bar Council for referrals to qualified attorneys.

**When You Need a Lawyer**
You should consult a lawyer immediately if you are involved in a dispute over a property transfer or if you are unsure about your rights and obligations under the Doctrine of Election, as missteps can lead to significant legal and financial consequences.

---
**Sources**
- **[ACT-1]** The Transfer of Property Act, 1882, Section 35: Election when necessary *(Status: Active)*
- **[DLR-1]** Yaor Mia (Md) and anothe VS Haji Shah Dhanai Ali and others — DLR (AD) 2005 | Appellate Division | 2005","Transfer of Property Act, 1882",35,False,[],NOT_AVAILABLE,[],"['35', '35']",True,NOT_AVAILABLE,False,[],False,[],,,,
Q51,Civil Procedure/Property,"During the pendency of a partition suit, one of the co-sharers sells a specific demarcated portion of the suit land to a third-party purchaser without court permission. What is the precise status of this transfer under Section 52 (Lis Pendens) in Bangladesh civil litigation?","Under Section 52 TPA, a transfer during pending litigation is not automatically void, but it is subject to the final decree and cannot prejudice the rights of other parties. In partition, the buyer steps into the seller's shoes and cannot insist on the specific demarcated portion if the final decree says otherwise.","**What This Means For You**
The sale of the land during the partition suit can affect the rights of other co-sharers and the outcome of the case. The transfer may not be valid without court permission, and this can lead to complications in the lawsuit.

**What the Law Says**
Under Section 52 of the Transfer of Property Act, 1882 [ACT-1], any transfer of property made during the pendency of a suit is subject to the rights of the parties to the suit. This means that the transfer of the specific demarcated portion of the suit land to a third-party purchaser without court permission may be considered voidable, as it affects the rights of other co-sharers. The section aims to prevent any party to the suit from dealing with the property in a way that could affect the rights of other parties.

**What You Should Do Now**
1. Seek court permission for the transfer, if possible, to validate the sale.
2. Notify all parties involved in the partition suit about the transfer.
3. Consult a lawyer to understand the implications of the transfer on the partition suit.

**Evidence to Keep**
- Document of the transfer
- Court records of the partition suit
- Notice of the transfer to all parties involved

**Where to Go / Who to Contact**
The Subordinate Court or the District Court where the partition suit is pending.

**When You Need a Lawyer**
You should consult a lawyer immediately if you are a party to the partition suit and a co-sharer has sold a portion of the suit land without court permission, as this can significantly impact your rights and the outcome of the case.

---
**Sources**
- **[ACT-1]** The Transfer of Property Act, 1882, Section 52: Transfer of property pending suit relating thereto *(Status: Active)*","Transfer of Property Act, 1882",52,False,[],NOT_AVAILABLE,[],"['52', '52']",True,NOT_AVAILABLE,False,[],False,[],,,,
Q53,Property/TPA,A client purchased a property from a vendor who had previously executed a registered contract for sale (Bayanapatra) with another party. The previous contract holder now files a suit for specific performance. Can your client defeat the suit by pleading the status of a bona fide purchaser for value without notice under Section 54?,"No. A prior registered Bayanapatra/contract for sale creates a binding statutory obligation running with the land, and registration gives constructive notice. A later buyer cannot defeat specific performance by pleading bona fide purchaser without notice under Section 54.","**What This Means For You**
Your client may be able to defend against the suit for specific performance if they can prove they are a bona fide purchaser for value without notice. This means they bought the property in good faith, paid a reasonable price, and were not aware of the previous contract.

**What the Law Says**
Under Section 54 of the Transfer of Property Act, 1882 [ACT-2], a sale is a transfer of ownership in exchange for a price paid or promised. However, Section 53A [ACT-3] provides that if a person contracts to transfer immovable property and the transferee takes possession in part performance of the contract, the transferor cannot enforce any right against the transferee. A court also ruled in Fatema Khatun and others VS Abdul Quddus (2005) [DLR-1] that a non-notified co-sharer's right of pre-emption arises from the date of registration of the document.

**What You Should Do Now**
1. Gather all documents related to the property purchase, including the deed and payment records.
2. Investigate whether your client had any knowledge of the previous contract for sale.
3. Consult with a lawyer to determine the best course of action to defend against the suit.

**Evidence to Keep**
- Deed of sale
- Payment records
- Any communication with the vendor or previous contract holder
- Proof of lack of notice of the previous contract

**Where to Go / Who to Contact**
Contact a lawyer specializing in property law or visit the District Court or Subordinate Court where the suit is filed.

**When You Need a Lawyer**
You should consult a lawyer immediately if the previous contract holder files a suit for specific performance, as this is a serious legal matter that requires professional guidance.

---
**Sources**
- **[ACT-2]** The Transfer of Property Act, 1882, Section 54: Sale defined *(Status: Active)*
- **[ACT-3]** The Transfer of Property Act, 1882, Section 53A: Part performance *(Status: Amended)*
- **[DLR-1]** Fatema Khatun and others VS Abdul Quddus — DLR (AD) 2005 | Appellate Division | 2005","Transfer of Property Act, 1882",54,False,[],NOT_AVAILABLE,[],"['54', '53A', '54', '53A']",True,NOT_AVAILABLE,False,[],False,[],,,,
Q54,Commercial/IP,How long does a trademark registration stay valid in Bangladesh before I have to renew it?,"Under the Trademarks Act, 2009, initial trademark registration lasts 7 years from the application/registration date, and it can be renewed repeatedly for 10-year periods after that.","**What This Means For You**
In Bangladesh, a trademark registration is valid for a certain period before it needs to be renewed. This means you need to keep track of the registration's expiration date to maintain your exclusive rights to the trademark.

**What the Law Says**
Under Section 22 [ACT-2] of the Trademarks Act, 2009, the registration of a trademark is valid for 7 years from the date of registration. After this period, you can renew the registration for another 10 years.

**What You Should Do Now**
1. Check your trademark registration certificate to find out when it was registered.
2. Calculate the expiration date (7 years from the registration date).
3. Apply for renewal within the prescribed period before the expiration date.

**Evidence to Keep**
- Trademark registration certificate
- Proof of renewal application

**Where to Go / Who to Contact**
Contact the Department of Patents, Designs and Trademarks (DPDT) in Dhaka for renewal procedures.

**When You Need a Lawyer**
You should consult a lawyer if you receive an objection to your renewal application or if there's a dispute over your trademark rights.

---
**Sources**
- **[ACT-2]** Trademarks Act, 2009, Section 22: Duration, renewal and restoration of registration. *(Status: Active)*","Trademarks Act, 2009",,False,[],NOT_AVAILABLE,[],"['22', '22']",N/A,NOT_AVAILABLE,False,[],False,[],,,,
Q55,Commercial/IP,Someone is selling exact copies of my products using my registered brand logo in a local market. Can I go to the local police station and have them arrested immediately under the Trademark Act?,"Yes, selling counterfeit goods using a registered mark can attract criminal liability under Sections 73 and 74 of the Trademarks Act, 2009. Police action normally requires a written complaint and follows CrPC procedures; punishment may include imprisonment, fine, or both.","**What This Means For You**
Someone is copying your products and using your brand logo without permission, which is a violation of your trademark rights. This can harm your business and reputation.

**What the Law Says**
Under Section 26 of the Trademarks Act, 2009 [ACT-3], using a registered trademark without permission is considered infringement. Additionally, Section 73 of the Trademarks Act, 2009 [ACT-6] states that applying a false trademark or trade description is a punishable offense. A court also ruled in Anarul Islam (Md) and others vs. State and another [DLR-2] that spending money by a managing director cannot be termed misappropriation or breach of trust of the fund of the company, but this does not apply to trademark infringement.

**What You Should Do Now**
1. Gather evidence of the infringement, such as photos or videos of the counterfeit products and the fake logo.
2. File a complaint with the local police station, providing them with the evidence and explaining the situation.
3. Consider consulting a lawyer specializing in intellectual property law to guide you through the process.

**Evidence to Keep**
- Photos or videos of the counterfeit products
- Proof of your registered trademark
- Any other relevant documentation

**Where to Go / Who to Contact**
You can go to the local police station or contact the Department of Patents, Designs and Trademarks (DPDT) for guidance. You can also reach out to the Bangladesh Metropolitan Police or the local magistrate court for assistance.

**When You Need a Lawyer**
You should consider hiring a lawyer if the police do not take action or if you need to file a lawsuit against the infringer to protect your trademark rights.

---
**Sources**
- **[ACT-3]** Trademarks Act, 2009, Section 26: Infringement of trademarks. *(Status: Active)*
- **[ACT-6]** Trademarks Act, 2009, Section 73: Penalty for applying false trademarks and false trade description, etc. *(Status: Active)*
- **[DLR-2]** Anarul Islam (Md) and others vs. State and another — DLR (AD) 2005 | Appellate Division | 2005","Trademarks Act, 2009","73,74",False,[],NOT_AVAILABLE,[],"['26', '73', '26', '73']",True,NOT_AVAILABLE,False,[],False,[],,,,
Q59,Commercial/IP,"What is the specific civil forum/court of original jurisdiction to institute a suit for trademark infringement in Bangladesh, and what is the statutory limitation period for filing such a suit?","A trademark infringement suit must be filed in the Court of the District Judge having territorial jurisdiction, which includes the Joint District Judge exercising District Court powers. The limitation period is 3 years from infringement under the Limitation Act, 1908.","**What This Means For You**
If you're a trademark owner in Bangladesh, you need to know where to go to protect your rights. The right court can help you stop infringement and get compensation. Time is also crucial, as there's a limit to how long you can wait to take action.

**What the Law Says**
Under Section 2 of the Trademarks Act, 2009 [ACT-4], a ""District Court"" is defined, which includes the Court of the District Judge. For trademark infringement suits, the District Court is the court of original jurisdiction. However, the specific section of the Trademarks Act, 2009, that deals with the jurisdiction of courts in trademark infringement cases is not explicitly mentioned in the provided verified sources. According to general principles of civil procedure in Bangladesh, suits for trademark infringement are typically filed in the District Court. The statutory limitation period for filing a suit for trademark infringement is not explicitly stated in the provided sections of the Trademarks Act, 2009. However, under the Limitation Act, 1908, the general limitation period for filing a suit for infringement of a trademark is three years from the date of infringement.

**What You Should Do Now**
1. Identify the District Court with jurisdiction over your case, based on where the infringement occurred or where the defendant resides.
2. Gather evidence of the infringement, including proof of your trademark registration and examples of the infringing use.
3. Consult with a lawyer to discuss your case and determine the best course of action.

**Evidence to Keep**
- Proof of trademark registration
- Examples of the infringing use (e.g., photographs, advertisements)
- Records of any cease and desist notices sent to the infringer
- Documents showing the extent of the infringement (e.g., sales data, witness statements)

**Where to Go / Who to Contact**
The District Court in the district where the infringement occurred or where the defendant resides. You can also contact the Bangladesh Intellectual Property Office or a licensed lawyer for guidance.

**When You Need a Lawyer**
You should consult a lawyer as soon as possible if you suspect trademark infringement, as the limitation period for filing a suit can expire, and a lawyer can help you navigate the legal process and ensure you take the right steps to protect your trademark rights.

---
**Sources**
- **[ACT-4]** Trademarks Act, 2009, Section 2: Definitions. *(Status: Active)*","Trademarks Act, 2009 / Limitation Act, 1908",,False,[],NOT_AVAILABLE,[],"['2', '2']",N/A,NOT_AVAILABLE,True,['Limitation Act'],False,[],,,,
