id,category,question,gold_answer,system_answer,expected_act,expected_section,fabricated_citation,fabricated_tags,unverifiable_dlr_citation,citations_found,claimed_sections,expected_section_mentioned,claimed_section_not_in_db,act_mismatch,other_acts_mentioned,jurisdiction_leakage,leaked_terms,human_correctness,human_faithfulness,judge_agrees_with_human,notes
Q01,Criminal Procedure,Does a police officer in Bangladesh need a warrant to arrest someone for 'Anticipatory Bail' under Section 438 of the CrPC?,"Section 438 CrPC does not exist in Bangladesh; it was omitted by the 2009 amendment. Anticipatory bail/Agam Jamin in Bangladesh is practiced under Section 498 CrPC, mainly through the High Court Division, and it protects against arrest rather than authorizing detention.","**What This Means For You**
In Bangladesh, the concept of 'Anticipatory Bail' is exercised under Section 498 of the Code of Criminal Procedure, 1898, not Section 438. This means that if you are seeking anticipatory bail, you will need to apply under Section 498. 

**What the Law Says**
Under Section 498 of the Code of Criminal Procedure, 1898 [ACT-1], the High Court Division or Court of Session may direct that any person be admitted to bail, or that the bail required by a police-officer or Magistrate be reduced. However, Section 438 CrPC was omitted by the Code of Criminal Procedure (Amendment) Act, 2009. 

**What You Should Do Now**
1. Consult with a licensed lawyer to understand the process of applying for anticipatory bail under Section 498.
2. Gather all necessary documents and evidence to support your application.
3. File a petition with the High Court Division or Court of Session, as advised by your lawyer.

**Evidence to Keep**
- A copy of the petition filed with the court
- Any relevant documents or evidence supporting your application
- A copy of the court's order, if granted

**Where to Go / Who to Contact**
You should contact the High Court Division or the Court of Session in your jurisdiction, or a licensed lawyer specializing in criminal law.

**When You Need a Lawyer**
You should consult a licensed lawyer immediately if you are seeking anticipatory bail or are facing arrest, as they can guide you through the legal process and represent you in court.

---
**Sources**
- **[ACT-1]** The Code of Criminal Procedure, 1898, Section 498: Power to direct admission to bail or reduction of bail (Anticipatory Bail / Agam Jamin) *(Status: Active)*","Code of Criminal Procedure, 1898",498,False,[],NOT_AVAILABLE,[],"['498', '438', '498', '498', '438', '498', '498']",True,NOT_AVAILABLE,False,[],False,[],,,,
Q02,Limitation Act,What is the limitation period for a suit for 'Specific Performance of Contract' in Bangladesh? Please cite the specific Article of the Limitation Act,"For specific performance in Bangladesh, the limitation period is 1 year under Article 113 of the First Schedule to the Limitation Act, 1908. Time runs from the date fixed for performance, or if no date is fixed, from the date the plaintiff has notice that performance is refused; immovable-property contracts also require compliance with Section 21A of the Specific Relief Act.","**What This Means For You**
In Bangladesh, if you want to file a lawsuit for specific performance of a contract, you need to do it within a certain time limit. This time limit is set by law to ensure that legal issues are resolved promptly.

**What the Law Says**
Under Article 113 of the First Schedule of the Limitation Act, 1908 [ACT-1], the period of limitation for a suit for specific performance of a contract is three years. The time from which this period begins to run is the date fixed for the performance, or, if no such date is fixed, when the plaintiff has notice that performance is refused.

**What You Should Do Now**
1. Review your contract to see if it specifies a date for performance.
2. If performance is refused, take note of the date you received notice of the refusal.
3. Calculate the three-year limitation period from the relevant date.

**Evidence to Keep**
- A copy of the contract
- Any notice of refusal to perform the contract
- Records of any communication related to the contract

**Where to Go / Who to Contact**
If you need help with a specific performance lawsuit, contact a lawyer or visit the District Court in your area.

**When You Need a Lawyer**
You should consult a lawyer if you are unsure about the limitation period or any other aspect of filing a lawsuit for specific performance of a contract.

---
**Sources**
- **[ACT-1]** The Limitation Act, 1908, Section 113: Article 113 - For specific performance of a contract *(Status: In Force)*","Limitation Act, 1908",Article 113,False,[],NOT_AVAILABLE,[],['113'],True,NOT_AVAILABLE,False,[],False,[],,,,
Q03,Family Law,A man dies in 2025. He has a living son and a grandson (the son of another son who died in 2020). Does the grandson get any share of the grandfather's property under Bangladesh law?,"Yes. Under Section 4 of the Muslim Family Laws Ordinance, 1961, the doctrine of representation applies: the grandson of a predeceased son steps into his father's shoes and receives the share his father would have received if alive.","**What This Means For You**
The grandson may have a claim to a share of his grandfather's property, but this depends on the specific laws of inheritance in Bangladesh. The grandson's father, who was the son of the deceased, had passed away in 2020, which could affect the grandson's entitlement.

**What the Law Says**
Under the laws of inheritance in Bangladesh, the distribution of property is governed by the Muslim Personal Law (Shariat) Application Act, 1937, and the Bangladesh Succession Act, 1925. According to these laws, when a person dies, their property is distributed among their heirs according to their degree of relationship. A court also ruled in various cases that the property of a deceased person is distributed according to the Shariah law, which gives a specific share to each heir. However, the specific share of the grandson is not explicitly mentioned in the provided verified sources.

**What You Should Do Now**
1. Consult a licensed lawyer who specializes in inheritance law in Bangladesh to determine the grandson's entitlement to a share of the property.
2. Gather all relevant documents, including the deceased person's will (if any), property deeds, and birth and death certificates of all family members.
3. Review the family tree and relationships to determine the degree of relationship between the deceased and the grandson.

**Evidence to Keep**
- Birth and death certificates of all family members
- Property deeds and documents
- Will of the deceased person (if any)
- Family tree and relationship documents

**Where to Go / Who to Contact**
Contact a licensed lawyer who specializes in inheritance law in Bangladesh or visit the District Judge Court or the Supreme Court of Bangladesh for guidance.

**When You Need a Lawyer**
You should consult a lawyer immediately if there is a dispute over the distribution of the property or if you need help navigating the complex laws of inheritance in Bangladesh.

---
**Sources**
- **[ACT-1]** The Bangladesh Labour Act, 2006, Section 155: Distribution of compensation *(Status: Active)*
- **[ACT-2]** The Bangladesh Labour Act, 2006, Section 35: Restriction on certain agreements in respect of children *(Status: Active)*
- **[DLR-1]** Bangladesh, represented by the Secretary, Ministry of Works, Housing and Settlement and ors vs Md Abu Bakar and others — DLR (AD) 2005 | Appellate Division | 2005
- **[DLR-2]** Government of the People's Republic of Bangladesh, represented by the DC and another VS Abdur Rahman and others — DLR (AD) 2005 | Appellate Division | 2005
- **[DLR-3]** Yaor Mia (Md) and anothe VS Haji Shah Dhanai Ali and others — DLR (AD) 2005 | Appellate Division | 2005
- **[DLR-4]** Government of Bangladesh and another VS Md Afsar Ali and others — DLR (AD) 2003 | Appellate Division | 2003
- **[DLR-5]** Bangladesh represented by the Secretary, Ministry of Establishment and others VS Abdul halim miah and others — DLR (AD) 2005 | Appellate Division | 2005
- **[DLR-6]** Secretary, Ministry of Food Government of Bangladesh and others vs. Md Sirajuddin Ahmed and others — DLR (AD) 2005 | Appellate Division | 2005
- **[DLR-7]** Abdul Mannan VS Tayeb Ali and others — DLR (AD) 2006 | Appellate Division | 2006
- **[DLR-8]** Anarul Islam (Md) and others vs. State and another — DLR (AD) 2005 | Appellate Division | 2005
- **[DLR-9]** Fatema Khatun and others VS Abdul Quddus — DLR (AD) 2005 | Appellate Division | 2005
- **[DLR-10]** Yogeshwar Gope vs State — DLR (AD) 2005 | Appellate Division | 2005","Muslim Family Laws Ordinance, 1961",4,False,[],NOT_AVAILABLE,[],"['155', '35']",False,NOT_AVAILABLE,True,['Bangladesh Labour Act'],False,[],,,,
Q04,Criminal Law,"If a person is accused of 'Defamation' under Section 500 of the Penal Code in Sylhet, can the police arrest them immediately without a warrant?","No. Defamation under Section 500 of the Penal Code is non-cognizable and bailable in Bangladesh, so police cannot arrest without a Magistrate's warrant; the usual route is a complaint case before the Magistrate.","**What This Means For You**
If you're accused of defamation in Sylhet, the police might arrest you, but they should follow proper procedures. Defamation is a serious charge, and you should understand your rights.

**What the Law Says**
Under Section 500 of the Penal Code [ACT-1], defamation is a punishable offense. However, according to the Code of Criminal Procedure, the police can arrest someone without a warrant only if the offense is cognizable. Defamation is a bailable and non-cognizable offense, but it can become cognizable in certain circumstances. In general, the police should obtain a warrant before making an arrest for defamation.

**What You Should Do Now**
1. Seek legal counsel from a licensed lawyer in Sylhet to understand the specifics of your case.
2. Gather any evidence that may support your defense, such as proof of the truth of the statement or evidence that the statement was made in good faith.
3. Cooperate with the police investigation, but be aware of your rights and the procedures that must be followed.

**Evidence to Keep**
- Any records of the statement made, including dates, times, and locations
- Witness statements or contact information
- Documents supporting the truth of the statement or your good faith

**Where to Go / Who to Contact**
Contact the Sylhet Metropolitan Police or the local court to understand the procedures and to seek legal advice. You can also reach out to the Legal Aid helpline (16430) for guidance.

**When You Need a Lawyer**
You should consult a lawyer as soon as possible if you're accused of defamation, as they can help you navigate the legal process and protect your rights.

---
**Sources**
- **[ACT-1]** The Penal Code, 1860, Section 500: Punishment for defamation *(Status: Amended)*","Penal Code, 1860",500,False,[],NOT_AVAILABLE,[],"['500', '500']",True,NOT_AVAILABLE,True,['Code of Criminal Procedure'],False,[],,,,
Q05,Civil Procedure,Can I file a 'Second Appeal' to the High Court Division on a pure question of fact under Section 100 of the CPC?,"No. Sections 100-103 of the Bangladesh CPC were omitted by the Law Reforms Ordinance, 1978, so a second appeal under Section 100 on a pure question of fact is not available in Bangladesh.","**What This Means For You**
You are wondering if you can file a second appeal to the High Court Division on a pure question of fact. However, Section 100 of the CPC has been omitted from Bangladesh law. This means you cannot file a second appeal on a pure question of fact under this section.

**What the Law Says**
Under the Code of Civil Procedure, 1908, Section 100 was omitted by the Law Reforms Ordinance, 1978 (Ordinance No. XLIX of 1978) [ACT-1]. Although Section 100 is not available, Section 115 of the Code of Civil Procedure, 1908, allows the High Court Division to revise a decree or order if it has committed an error of law resulting in an error in the decree or order, occasioning failure of justice [ACT-2]. A court also ruled in Abdul Mannan VS Tayeb Ali and others [DLR-1] that the High Court Division's jurisdiction in second appeal is limited to questions of law, and it cannot interfere with findings of fact by the lower appellate court unless there is an error of law.

**What You Should Do Now**
1. Review the judgment of the lower appellate court to identify any errors of law.
2. Consult with a licensed lawyer to determine if you have grounds for a revision petition under Section 115 of the CPC.
3. If you have a valid ground, prepare and file a revision petition to the High Court Division.

**Evidence to Keep**
- A copy of the judgment of the lower appellate court
- Documents supporting your claim of error of law

**Where to Go / Who to Contact**
The High Court Division of the Supreme Court of Bangladesh is the relevant authority for filing a revision petition. You can also contact the Supreme Court's helpline or consult with a licensed lawyer for guidance.

**When You Need a Lawyer**
You should consult a licensed lawyer if you are unsure about the grounds for a revision petition or need assistance with preparing and filing the petition.

---
**Sources**
- **[ACT-1]** The Code of Civil Procedure, 1908, Section 100: TITLE_UNKNOWN [OMITTED] *(Status: Omitted)*
- **[ACT-2]** The Code of Civil Procedure, 1908, Section 115: Revision — decree, transfer, appeal, High Court Division *(Status: Amended)*
- **[DLR-1]** Abdul Mannan VS Tayeb Ali and others — DLR (AD) 2006 | Appellate Division | 2006","Code of Civil Procedure, 1908",100,False,[],NOT_AVAILABLE,[],"['100', '100', '100', '115', '115', '100', '115']",True,NOT_AVAILABLE,False,[],False,[],,,,
Q06,Criminal Procedure,Explain the procedure for 'Executive Magistrates' to conduct a full trial and award a 7-year rigorous imprisonment sentence for a theft case.,Executive Magistrates cannot conduct a regular Penal Code theft trial or award 7 years' rigorous imprisonment. Criminal trials and such sentencing belong to Judicial Magistrates/Courts; Executive Magistrates are limited to administrative/mobile-court functions within statutory limits.,"**What This Means For You**
As an accused in a theft case, you may face trial by an Executive Magistrate. If found guilty, the magistrate can award a sentence of up to 7 years of rigorous imprisonment. It's essential to understand the procedure to ensure your rights are protected.

**What the Law Says**
Under Section 10 [ACT-3] of the Code of Criminal Procedure, 1898, an Executive Magistrate is appointed by the Government to conduct trials. According to Section 32 [ACT-2], a Magistrate of the first class can pass a sentence of imprisonment for a term not exceeding 5 years. However, for a sentence of 7 years, the case would typically be tried by a higher court. But, under Section 33A [ACT-1], a specially empowered Magistrate can pass a sentence of imprisonment for a term not exceeding 7 years.

**What You Should Do Now**
1. Ensure you understand the charges against you and the evidence presented.
2. Engage a lawyer to represent you in court, especially if you're facing a potential 7-year sentence.
3. Be prepared to present your defense and any mitigating circumstances.

**Evidence to Keep**
- A copy of the charges against you
- Any witness statements or evidence in your favor
- Records of any previous convictions or acquittals

**Where to Go / Who to Contact**
If you're facing trial, you should contact the Court of the Executive Magistrate or the Chief Judicial Magistrate in your district. You can also reach out to the Legal Aid helpline (16430) for guidance.

**When You Need a Lawyer**
You should consult a lawyer as soon as possible, especially if you're facing a serious charge like theft with a potential 7-year sentence, to ensure your rights are protected and you receive a fair trial.

---
**Sources**
- **[ACT-1]** The Code of Criminal Procedure, 1898, Section 33A: Higher powers of certain Magistrates *(Status: Active)*
- **[ACT-2]** The Code of Criminal Procedure, 1898, Section 32: Sentences which Magistrates may pass *(Status: Amended)*
- **[ACT-3]** The Code of Criminal Procedure, 1898, Section 10: Executive Magistrates *(Status: Amended)*","Code of Criminal Procedure, 1898",29C,False,[],NOT_AVAILABLE,[],"['10', '32', '33A', '33A', '32', '10']",False,NOT_AVAILABLE,False,[],False,[],,,,
Q07,Land Reform,I am a wealthy businessman. Can I purchase 500 bighas of agricultural land in my own name under the Land Reforms Ordinance?,"No. Agricultural land ownership/acquisition is capped at 60 standard bighas under the Land Reforms Ordinance, 1984 as carried forward in the 2023 framework; purchasing 500 bighas in one person's name would exceed the ceiling.","**What This Means For You**
As a wealthy businessman, you may face restrictions on purchasing large amounts of agricultural land. The law aims to prevent excessive land ownership and promote fair distribution of land. 

**What the Law Says**
Under Section 4 of the Land Reforms Act, 2023 [ACT-1], the owner of agricultural land exceeding 60 standard bighas or his family shall not be able to acquire any new agricultural land by transfer, inheritance, donation, or any other means. However, there are exceptions to this rule, such as land used for tea, coffee, rubber, or fruit plantations, or land used for 100% export-oriented agricultural products or industries with government approval.

**What You Should Do Now**
1. Review the exceptions under Section 4 of the Land Reforms Act, 2023 [ACT-1] to see if your intended use of the land qualifies for an exemption.
2. Consult with the relevant authorities to determine the specific requirements and regulations for purchasing large tracts of agricultural land.
3. Consider alternative options, such as purchasing land through a cooperative society or for a specific industrial or agricultural purpose that is exempt under the law.

**Evidence to Keep**
- Documents showing the intended use of the land
- Proof of exemption under Section 4 of the Land Reforms Act, 2023 [ACT-1], if applicable
- Records of consultations with relevant authorities

**Where to Go / Who to Contact**
Contact the Ministry of Land or the local land administration office for guidance on the regulations and exemptions under the Land Reforms Act, 2023.

**When You Need a Lawyer**
You should consult a lawyer if you are unsure about the exemptions or regulations under the Land Reforms Act, 2023, or if you face any disputes or challenges in purchasing the land.

---
**Sources**
- **[ACT-1]** Land Reforms Act, 2023, Section 4: Restrictions on acquisition of agricultural land *(Status: Active)*","Land Reforms Ordinance, 1984 / Land Reforms Act, 2023",4,False,[],NOT_AVAILABLE,[],"['4', '4', '4', '4']",True,NOT_AVAILABLE,True,['Land Reforms Act'],False,[],,,,
Q08,Tax,How much 'Wealth Tax' do I owe under the Income Tax Act 2023 if my assets exceed 5 Crore BDT?,"There is no separate 'wealth tax' under the Income Tax Act, 2023; Bangladesh uses a net-wealth surcharge when net wealth crosses the statutory threshold. The exact surcharge depends on the applicable slab, so the answer must cite the 2023 Act/schedule rather than inventing a generic tax amount.","**What This Means For You**
If your assets exceed 5 Crore BDT, you may be liable to pay Wealth Tax under the Income Tax Act 2023. This tax is imposed on individuals with high-value assets, and the amount you owe will depend on the value of your assets.

**What the Law Says**
Under Section 41 of the Income Tax Act 2023 [ACT-1], Wealth Tax is imposed on individuals with assets exceeding 5 Crore BDT. However, the exact tax rate is not specified in the provided sections of the Act.

**What You Should Do Now**
1. Review your assets and calculate their total value to determine if you exceed the 5 Crore BDT threshold.
2. Consult the Income Tax Act 2023 or contact the National Board of Revenue (NBR) to determine the applicable Wealth Tax rate.
3. File your tax return and pay the required Wealth Tax, if any.

**Evidence to Keep**
- Records of your assets, including property, investments, and other valuables.
- Calculation of your total asset value.
- Proof of tax payment, if applicable.

**Where to Go / Who to Contact**
National Board of Revenue (NBR) - for tax-related inquiries and payments.

**When You Need a Lawyer**
If you are unsure about your Wealth Tax liability or need assistance with tax-related matters, it is recommended that you consult a licensed Bangladeshi lawyer specializing in tax law.

---
**Sources**
- **[ACT-1]** আয়কর আইন, ২০২৩, Section 41: ধারা ৪১ — ধারা ৪১, Section 41, আয়কর, income tax, tax law, Bangladesh tax *(Status: Active)*","Income Tax Act, 2023",,False,[],NOT_AVAILABLE,[],"['41', '41', '41']",N/A,NOT_AVAILABLE,False,[],False,[],,,,
Q09,Property/Land,Does a 'Mutation Khatian' issued by the Assistant Commissioner (Land) serve as a conclusive document of title/ownership in Bangladesh?,"No. Mutation Khatian is mainly for land-record/tax and possession purposes; it is not conclusive proof of ownership or title. Title is proved by valid deeds, inheritance documents, court decrees, and related evidence.","**What This Means For You**
A Mutation Khatian is a crucial document in Bangladesh, but it may not be the final proof of ownership. It's essential to understand its limitations to avoid potential disputes.

**What the Law Says**
Under Section 2 of the State Acquisition and Tenancy Act, 1950 (Act No. XXVIII of 1951) [ACT-1], a Mutation Khatian is a record of land ownership. However, it is not always a conclusive document of title or ownership. A court also ruled in various cases, such as those found in DLR, that a Mutation Khatian is a crucial document, but its accuracy depends on the information provided to the authorities. 

**What You Should Do Now**
1. Verify the Mutation Khatian with other relevant documents, such as the deed of sale or gift deed.
2. Check the land records at the local land office to ensure the Mutation Khatian is up-to-date and accurate.
3. Consult with a licensed lawyer to review your documents and provide guidance on your specific situation.

**Evidence to Keep**
- Mutation Khatian
- Deed of sale or gift deed
- Other relevant land records

**Where to Go / Who to Contact**
Contact the local Assistant Commissioner (Land) office or the Ministry of Lands for more information. You can also reach out to the Bangladesh Law Commission or a licensed lawyer for guidance.

**When You Need a Lawyer**
You should consult a lawyer if you're involved in a land ownership dispute or if you're unsure about the accuracy of your Mutation Khatian.

---
**Sources**
- **[ACT-1]** Land Reforms Act, 2023, Section 2: Definitions *(Status: Active)*",,,False,[],NOT_AVAILABLE,[],"['2', '2']",N/A,NOT_AVAILABLE,N/A,False,[],,,,
Q10,Labour Law,"I am hiring a clerk in my office in Sylhet. Under the Labour Act, can I set a 1-year probation period to ensure he is a good fit?","No. For a clerical worker, the probation period under Section 4(8) of the Bangladesh Labour Act is 6 months, not 1 year. For other workers it is generally 3 months, with limited extension for skilled workers.","**What This Means For You**
As an employer in Bangladesh, you want to ensure that your new clerk is a good fit for your office. However, the Labour Act has specific rules about probation periods. 

**What the Law Says**
Under Section 4 of the Bangladesh Labour Act, 2006 [ACT-1], a worker may be called a probationer if he is employed for the time being in an establishment in a permanent post and the period of his probation is not ended. The period of probation for a worker whose function is of clerical nature shall be 6 (six) months. 

**What You Should Do Now**
1. You can set a probation period, but it should not exceed 6 months for a clerical worker.
2. You should clearly state the terms of the probation period in the employment contract.
3. You should also ensure that you are complying with all other requirements of the Labour Act, including providing a safe working environment and paying the minimum wage.

**Evidence to Keep**
- Employment contract with clear terms of probation period
- Record of employee's performance during probation period

**Where to Go / Who to Contact**
If you have any questions or concerns about the Labour Act, you can contact the Department of Labour in Sylhet or the Bangladesh Labour Foundation.

**When You Need a Lawyer**
You should consult a lawyer if you are unsure about the specific requirements of the Labour Act or if you are facing a dispute with your employee.

---
**Sources**
- **[ACT-1]** The Bangladesh Labour Act, 2006, Section 4: Classification of workers and probation period *(Status: Active)*","Bangladesh Labour Act, 2006",4(8),False,[],NOT_AVAILABLE,[],"['4', '4']",True,NOT_AVAILABLE,False,[],False,[],,,,
Q13,Civil Procedure,"I have a property dispute valued at Tk 4.5 Crore. Which court has the 'Original Jurisdiction' to hear my case, and if I lose, where do I file the appeal?","For a Tk 4.5 crore property dispute, original jurisdiction lies with the Joint District Judge Court under the Civil Courts Act, 1887 as amended in 2021. If the party loses, the appeal lies to the District Judge Court because appeals up to Tk 5 crore go there, not directly to the High Court Division.","**What This Means For You**
You have a property dispute worth Tk 4.5 Crore, and you need to know which court can hear your case initially and where to appeal if you lose. This is important because you want to make sure your case is heard in the right court to avoid delays and ensure a fair outcome.

**What the Law Says**
Under Section 18 of The Civil Courts Act, 1887 [ACT-1], the original jurisdiction of a District Judge or Joint District Judge extends to all original suits for the time being cognizable by Civil Courts without any pecuniary limit. However, for property disputes or civil suits valued at high amounts (e.g., Tk 4.5 Crore or above), the original civil jurisdiction lies with the Joint District Judge. If you lose your case, you can appeal to the High Court Division, as stated in Section 21 of The Civil Courts Act, 1887 [ACT-2], since the value of your suit exceeds five crore Taka.

**What You Should Do Now**
1. File your property dispute case with the Joint District Judge's court.
2. Ensure you have all necessary documents and evidence to support your claim.
3. If you lose your case, prepare to file an appeal with the High Court Division.

**Evidence to Keep**
- Property deeds and ownership documents
- Valuation reports and assessments
- Any relevant correspondence or agreements

**Where to Go / Who to Contact**
Joint District Judge's court in your area for the initial filing, and the High Court Division for appeals. You can also contact the Bangladesh Supreme Court's helpline or the District Court's administration office for guidance.

**When You Need a Lawyer**
You should consult a licensed lawyer as soon as possible to ensure your case is properly prepared and represented, especially given the high value of the dispute.

---
**Sources**
- **[ACT-1]** The Civil Courts Act, 1887, Section 18: Extent of original jurisdiction of District or Joint District Judge *(Status: In Force)*
- **[ACT-2]** The Civil Courts Act, 1887, Section 21: None *(Status: Active)*","Civil Courts Act, 1887",,False,[],NOT_AVAILABLE,[],"['18', '21', '18', '21']",N/A,NOT_AVAILABLE,False,[],False,[],,,,
Q14,Criminal Law/Evidence,"While in police custody, an accused says, ""I killed the man and hid the knife under the bridge."" The police find the knife under the bridge. Is the statement ""I killed the man"" admissible in court?","The statement 'I killed the man' is inadmissible because confessions to police are barred under Section 25 of the Evidence Act. Only the part leading directly to discovery of the knife, such as 'I hid it under the bridge,' may be admissible under Section 27 as discovery information.","**What This Means For You**
The statement ""I killed the man"" made by the accused while in police custody may not be admissible in court as evidence against them. This is because the statement was made while the accused was in custody, and there are specific rules about what can and cannot be used as evidence in such cases.

**What the Law Says**
Under Section 26 [ACT-5] of the Evidence Act, 1872, a confession made by an accused person while in the custody of a police officer is not admissible as evidence against them unless it is made in the immediate presence of a Magistrate. Since the accused's statement was made to the police and not in the presence of a Magistrate, it may not be admissible in court. However, the fact that the knife was found under the bridge, as stated by the accused, can be used as evidence because it is a fact that can be verified independently.

**What You Should Do Now**
1. If you are the accused, you should consult with a lawyer to understand your rights and the implications of your statement.
2. If you are a witness or have information about the case, you should contact the police or the court to provide your statement.
3. Ensure that all statements are made in the presence of a Magistrate or as per the legal requirements to ensure their admissibility in court.

**Evidence to Keep**
- Any records of the statement made by the accused, including the time, date, and location.
- The knife found under the bridge and any other physical evidence related to the case.

**Where to Go / Who to Contact**
Contact the nearest police station or the court where the case is being heard. You can also reach out to the Legal Aid services in Bangladesh by calling 16430 for guidance on your legal rights and options.

**When You Need a Lawyer**
You should seek the advice of a licensed lawyer as soon as possible if you are accused of a crime, especially when statements made in custody could potentially be used as evidence against you.

---
**Sources**
- **[ACT-5]** The Evidence Act, 1872, Section 26: Confession by accused while in — confession, made, whilst, custody, policeofficer, immediate, presence, Magistrate *(Status: Amended)*","Evidence Act, 1872",25/27,False,[],NOT_AVAILABLE,[],"['26', '26']",False,NOT_AVAILABLE,False,[],False,[],,,,
Q15,Criminal Procedure,A Magistrate receives a police report (Final Report) stating there is no evidence against the accused. Can the Magistrate ignore the police report and order the trial to proceed anyway?,"Yes. A Magistrate is not bound by a police Final Report; under Section 190(1)(b) CrPC, the Magistrate may reject the police opinion, take cognizance, and summon the accused if the case diary/materials justify proceeding.","**What This Means For You**
If a Magistrate receives a police report stating there is no evidence against you, it's a significant development in your case. However, the Magistrate has the authority to decide whether to proceed with the trial or not. You should be prepared for either outcome and understand your rights in this situation.

**What the Law Says**
Under Section 173 of the Code of Criminal Procedure, 1898 [ACT-3], when a police report is submitted, the Magistrate can take several steps. If the report recommends that there is not enough evidence to proceed, the Magistrate can still choose to take cognizance of the offence if they believe there is sufficient ground to do so. A court also ruled in AHS Rahman vs State [DLR-1] that if the first information report discloses a prima facie case against the accused, the Magistrate can proceed with the trial despite the police report's findings.

**What You Should Do Now**
1. Review the police report and understand its contents and implications.
2. Consult with your lawyer to discuss the best course of action based on the report and the Magistrate's potential decisions.
3. Prepare to present your case if the Magistrate decides to proceed with the trial.

**Evidence to Keep**
- A copy of the police report (Final Report)
- Any evidence or documents that support your case
- Records of any previous statements or interactions with the police or the court

**Where to Go / Who to Contact**
Contact your lawyer or visit the Magistrate Court where your case is being heard for further guidance. You can also reach out to legal aid services for support: Legal Aid: 16430.

**When You Need a Lawyer**
You should consult a lawyer immediately if the Magistrate decides to proceed with the trial despite the police report's recommendation to drop the case, as this indicates a potentially complex legal situation requiring professional advice.

---
**Sources**
- **[ACT-3]** The Code of Criminal Procedure, 1898, Section 173: Report of policeofficer *(Status: Active)*
- **[DLR-1]** AHS Rahman vs State — DLR (AD) 2005 | Appellate Division | 2005","Code of Criminal Procedure, 1898",190(1)(b),False,[],NOT_AVAILABLE,[],"['173', '173']",False,NOT_AVAILABLE,False,[],False,[],,,,
Q17,Family Law,"If a Hindu woman in Bangladesh inherits land under the Hindu Succession Act, can she sell it freely?","No. In Bangladesh, a Hindu woman's inherited property is generally treated as a limited estate under the Hindu Women's Rights to Property Act, 1937; she cannot sell freely except for recognized legal necessity, and an improper sale may be challenged by reversioners.","**What This Means For You**
As a Hindu woman in Bangladesh, if you inherit land under the Hindu Succession Act, your rights to the property are protected, but there are specific rules governing its sale. You should understand these rules to ensure you can manage your inherited property effectively.

**What the Law Says**
Under Section 3 of The Hindu Women's Rights to Property Act, 1937 [ACT-1], when a Hindu woman inherits property, her interest in that property is known as a Hindu woman's estate. This means she has the right to manage and enjoy the property, but her rights to sell or transfer it may be subject to certain limitations. A court also ruled in various cases that the rights of a Hindu woman to property are protected, but the specifics of sale and transfer can depend on the circumstances of the inheritance and the laws applicable at the time.

**What You Should Do Now**
1. Consult with a lawyer specializing in Hindu law to understand the specific rights and limitations associated with your inherited property.
2. Review any documents related to the inheritance, such as wills or court decrees, to understand any conditions that may apply to the sale of the property.
3. If you wish to sell the property, ensure you follow the legal procedures required for such transactions, which may include obtaining necessary approvals or permissions.

**Evidence to Keep**
- Documents proving your inheritance of the land
- Any wills or court decrees related to the inheritance
- Records of any improvements or investments made in the property

**Where to Go / Who to Contact**
For legal advice and assistance, contact the Bangladesh Legal Aid and Services Trust (BLAST) or the Supreme Court of Bangladesh. You can also reach out to the Ministry of Law, Justice and Parliamentary Affairs for information on legal rights and procedures.

**When You Need a Lawyer**
You should consult a lawyer if you are considering selling inherited property or if there is a dispute regarding your rights to the property, to ensure your actions are legally valid and your rights are protected.

---
**Sources**
- **[ACT-1]** The Hindu Women's Rights to Property Act, 1937, Section 3: Devolution of property on Hindu widow *(Status: In Force)*","Hindu Women's Rights to Property Act, 1937",,False,[],NOT_AVAILABLE,[],"['3', '3']",N/A,NOT_AVAILABLE,False,[],False,[],,,,
Q18,Limitation Act,"Under the Limitation Act in Bangladesh, how many years does a party have to file a suit for breach of a simple contract?","For breach of a simple contract in Bangladesh, the limitation period is 3 years from breach under Article 115 of the First Schedule to the Limitation Act, 1908. For written registered contracts, Article 116 may provide 6 years.","**What This Means For You**
In Bangladesh, if someone breaches a simple contract, you have a limited time to take legal action. The law sets a specific timeframe to file a suit, and if you miss this deadline, you might lose your chance to seek compensation.

**What the Law Says**
Under Section 115 of the Limitation Act, 1908 [ACT-1], for compensation for the breach of any contract, express or implied, not in writing registered and not specially provided for, the period of limitation is three years. This means you have three years from the date the contract was broken to file a suit.

**What You Should Do Now**
1. Review your contract to understand the terms and conditions.
2. Calculate the deadline to file a suit based on when the contract was breached.
3. Consult with a lawyer to discuss your options and prepare for potential legal action.

**Evidence to Keep**
- A copy of the contract
- Proof of the breach of contract
- Correspondence related to the breach

**Where to Go / Who to Contact**
You can file a suit at the relevant court in Bangladesh, such as the District Court or the Subordinate Court, depending on the jurisdiction and the amount of the claim.

**When You Need a Lawyer**
You should consult a lawyer as soon as possible if you believe a contract has been breached and you intend to take legal action to seek compensation.

---
**Sources**
- **[ACT-1]** The Limitation Act, 1908, Section 115: Article 115 - For compensation for the breach of any contract *(Status: In Force)*","Limitation Act, 1908",Article 115,False,[],NOT_AVAILABLE,[],"['115', '115']",True,NOT_AVAILABLE,False,[],False,[],,,,
Q19,Tax,"I am calculating my tax return for 2026. Under the Income Tax Ordinance 1984, I am trying to find the exemption for my medical and conveyance allowance. Can you guide me through the math?","The Income Tax Ordinance, 1984 is repealed and replaced by the Income Tax Act, 2023. Medical and conveyance allowances are not separately exempted in the old way; salary income uses the consolidated exemption of one-third of total salary or Tk 4,50,000, whichever is lower.","**What This Means For You**
To calculate your tax return, you need to understand the exemptions for medical and conveyance allowances under the Income Tax Ordinance 1984. However, the provided information is based on the আয়কর আইন, ২০২৩ (Income Tax Act, 2023), which may have different provisions than the 1984 Ordinance.

**What the Law Says**
Under the আয়কর আইন, ২০২৩ (Income Tax Act, 2023), the law does not explicitly mention the exemption for medical and conveyance allowances in the provided sections. 

**What You Should Do Now**
1. Consult the Income Tax Ordinance 1984 directly to find the relevant provisions for medical and conveyance allowances.
2. Verify the exemptions and calculations with a licensed Bangladeshi lawyer or tax consultant.
3. Ensure you have all necessary documents and records for your tax return.

**Evidence to Keep**
- Records of your medical and conveyance expenses
- Relevant sections of the Income Tax Ordinance 1984
- Consultation documents from a licensed lawyer or tax consultant

**Where to Go / Who to Contact**
National Board of Revenue (NBR) helpline: 01557266969 (for general inquiries) or consult a licensed tax lawyer.

**When You Need a Lawyer**
You should consult a lawyer if you are unsure about the specific exemptions and calculations for your medical and conveyance allowances under the Income Tax Ordinance 1984.

---
**Sources**
- **[ACT-1]** আয়কর আইন, ২০২৩, Section 41: ধারা ৪১ — ধারা ৪১, Section 41, আয়কর, income tax, tax law, Bangladesh tax *(Status: Active)*
- **[ACT-2]** আয়কর আইন, ২০২৩, Section 42: ]কৃিষ হইেতআয় খােতআয় গণনারক্ষেত্রঅনুেমািদতসাধারণিবেয়াজনসমূহ — ধারা ৪২, Section 42, আয়কর, income tax, tax law, Bangladesh tax *(Status: Active)*
- **[ACT-3]** আয়কর আইন, ২০২৩, Section 43: িহসাববিহরক্ষণাবেক্ষণনা কিরবারক্ষেত্র িবেশষিবেয়াজনপিরগণনা — ধারা ৪৩, Section 43, আয়কর, income tax, tax law, Bangladesh tax *(Status: Active)*
- **[ACT-4]** আয়কর আইন, ২০২৩, Section 44: ধারা ৪৪ — ধারা ৪৪, Section 44, আয়কর, income tax, tax law, Bangladesh tax *(Status: Active)*
- **[DLR-1]** Fatema Khatun and others VS Abdul Quddus — DLR (AD) 2005 | Appellate Division | 2005
- **[DLR-2]** State VS Abdur Rahim — DLR (AD) 2005 | Appellate Division | 2005
- **[DLR-3]** Yaor Mia (Md) and anothe VS Haji Shah Dhanai Ali and others — DLR (AD) 2005 | Appellate Division | 2005
- **[DLR-4]** Abdul Mannan VS Tayeb Ali and others — DLR (AD) 2006 | Appellate Division | 2006
- **[DLR-5]** Abdul Kader VS Secretary, Election Commission and others — DLR (AD) 2005 | Appellate Division | 2005
- **[DLR-6]** Yogeshwar Gope vs State — DLR (AD) 2005 | Appellate Division | 2005
- **[DLR-7]** Government of Bangladesh and another VS Md Afsar Ali and others — DLR (AD) 2003 | Appellate Division | 2003
- **[DLR-8]** Secretary, Ministry of Food Government of Bangladesh and others vs. Md Sirajuddin Ahmed and others — DLR (AD) 2005 | Appellate Division | 2005
- **[DLR-9]** Bangladesh represented by the Secretary, Ministry of Establishment and others VS Abdul halim miah and others — DLR (AD) 2005 | Appellate Division | 2005
- **[DLR-10]** Government of the People's Republic of Bangladesh, represented by the DC and another VS Abdur Rahman and others — DLR (AD) 2005 | Appellate Division | 2005","Income Tax Act, 2023",,False,[],NOT_AVAILABLE,[],"['41', '41', '42', '42', '43', '43', '44', '44']",N/A,NOT_AVAILABLE,False,[],False,[],,,,
Q21,Tenancy (NAT Act),My family has been living on a rented residential plot for 15 years. We want to build a small brick (pucca) house here. Do we need to ask our landlord for permission first?,"Under Section 7(1)(a) of the NAT Act, 1949, a permanent non-agricultural tenant who has crossed the statutory threshold has the right to erect structures including a pucca structure. Practically, municipal approval/NOC and tenancy restrictions may still matter, but the statutory section is 7(1), not 6(2)(a).","**What This Means For You**
You've been living on a rented plot for 15 years and want to build a small brick house. According to the law, you have certain rights as a non-agricultural tenant. You should understand your rights before making any decisions.

**What the Law Says**
Under Section 6 of the Non-Agricultural Tenancy Act, 1949 [ACT-1], as a non-agricultural tenant, you are allowed to use the land in any manner that is not inconsistent with the purposes for which the land is held, and you can erect structures, including pucca structures, on the land. However, it's essential to check your specific situation, as the law also mentions different provisions for different types of tenancies.

**What You Should Do Now**
1. Review your tenancy agreement to see if it mentions anything about building structures on the land.
2. Check if your tenancy falls under Section 7 of the Non-Agricultural Tenancy Act, 1949 [ACT-1], which provides additional protections for certain types of tenancies.
3. Consider consulting with your landlord to discuss your plans and ensure you are in compliance with the terms of your tenancy agreement.

**Evidence to Keep**
- Copy of your tenancy agreement
- Proof of payment of rent for the past 15 years
- Documentation of any communication with your landlord regarding your plans to build a pucca house

**Where to Go / Who to Contact**
If you need help understanding your rights or resolving a dispute with your landlord, you can contact the Deputy Commissioner's office or a local legal aid organization for guidance.

**When You Need a Lawyer**
You should consult a lawyer if your landlord disputes your right to build a pucca house or if you need help navigating a complex legal situation.

---
**Sources**
- **[ACT-1]** The Non-Agricultural Tenancy Act, 1949, Section 6: Manner of use of non-agricultural lands *(Status: Active)*","Non-Agricultural Tenancy Act, 1949",7(1)(a),False,[],NOT_AVAILABLE,[],"['6', '7', '6']",True,NOT_AVAILABLE,False,[],False,[],,,,
Q23,Tenancy (NAT Act),Distinguish between the classes of non-agricultural tenants recognized under Chapter II of the NAT Act 1949.,"Section 3 NAT Act recognizes two main classes: tenants and under-tenants. Sections 4 and 5 further classify tenancies by purpose, such as homestead/residential and manufacturing/business purposes.","**What This Means For You**
The Non-Agricultural Tenancy Act of 1949 recognizes two main classes of non-agricultural tenants, which are crucial for understanding your rights and obligations as a tenant. Knowing the difference between these classes can help you navigate your tenancy agreement and seek the necessary protections under the law.

**What the Law Says**
Under Section 3 [ACT-1] of the Non-Agricultural Tenancy Act, 1949, there are two classes of non-agricultural tenants: (1) tenants and (2) under-tenants. A ""tenant"" is defined as a person who has acquired from a proprietor or a tenure-holder a right to hold non-agricultural land for any of the purposes provided in the Act. An ""under-tenant"" is a person who has acquired a right to hold non-agricultural land under a tenant. This distinction is important because it affects the rights and responsibilities of each class of tenant.

**What You Should Do Now**
1. Review your tenancy agreement to determine whether you are a tenant or an under-tenant.
2. Familiarize yourself with the provisions of the Non-Agricultural Tenancy Act, 1949, to understand your rights and obligations.
3. If you are unsure about your status or have concerns about your tenancy, consider seeking advice from a licensed lawyer.

**Evidence to Keep**
- Copy of your tenancy agreement
- Proof of payment of rent or other tenancy-related documents
- Correspondence with your landlord or tenant (if applicable)

**Where to Go / Who to Contact**
For assistance with tenancy-related matters, you can contact the local authorities or a licensed lawyer. You can also reach out to the Ministry of Land or the Department of Land Records and Surveys for guidance on tenancy laws and regulations.

**When You Need a Lawyer**
You should consider seeking the advice of a licensed lawyer if you are involved in a dispute with your landlord or tenant, or if you need help understanding your rights and obligations under the Non-Agricultural Tenancy Act, 1949.

---
**Sources**
- **[ACT-1]** The Non-Agricultural Tenancy Act, 1949, Section 3: Classes of non-agricultural tenants *(Status: Active)*","Non-Agricultural Tenancy Act, 1949","3,4,5",False,[],NOT_AVAILABLE,[],"['3', '3']",True,NOT_AVAILABLE,False,[],False,[],,,,
Q24,Tenancy (NAT Act),"What are the exact statutory consequences if a non-agricultural land lease has a fixed written term of 5 years, but the tenant continues to occupy it for a total period of 13 years?","Under Section 7(4) NAT Act, if a written fixed-term tenant continues after expiry with the landlord's acquiescence and total continuous possession reaches at least 12 years, the tenancy gains the incidents of a permanent tenancy under Section 7.","**What This Means For You**
If a non-agricultural land lease has a fixed written term of 5 years but the tenant continues to occupy it for a total period of 13 years, the tenant's rights and liabilities change significantly. The tenant gains more protection under the law, but the landlord's ability to eject them becomes more limited.

**What the Law Says**
Under Section 7 of the Non-Agricultural Tenancy Act, 1949 [ACT-1], if a non-agricultural land is held under a lease in writing for a period of not less than twelve years, the tenant shall not be ejected by his landlord from such land except on the ground that he has used such land in a manner which renders it unfit for use for any of the purposes specified in section 4. Since the total occupation period exceeds 12 years, the tenant's position is strengthened. A court also ruled in relevant cases that the provisions of the Non-Agricultural Tenancy Act apply to such tenancies, providing tenants with specific rights and protections.

**What You Should Do Now**
1. Review the original lease agreement to understand its terms and conditions.
2. Determine if any notices or communications have been exchanged between the landlord and tenant regarding the continuation of the tenancy beyond the initial 5-year term.
3. Consider consulting a lawyer to understand the specific rights and liabilities applicable to this situation, especially regarding potential ejectment grounds and the tenant's rights to continue occupancy.

**Evidence to Keep**
- The original lease agreement
- Any notices or communications between the landlord and tenant
- Records of rent payments and other relevant transactions

**Where to Go / Who to Contact**
For legal advice and assistance, contact a licensed lawyer specializing in property law or visit the local Deputy Commissioner's office for guidance on non-agricultural tenancy matters.

**When You Need a Lawyer**
You should consult a lawyer immediately if the landlord serves an ejectment notice or if there are disputes regarding the continuation of the tenancy, to protect your rights as a tenant.

---
**Sources**
- **[ACT-1]** The Non-Agricultural Tenancy Act, 1949, Section 9: Incidents of non-agricultural tenancies held for less than twelve years *(Status: Amended)*","Non-Agricultural Tenancy Act, 1949",7(4),False,[],NOT_AVAILABLE,[],"['7', '4', '9']",True,NOT_AVAILABLE,False,[],False,[],,,,
Q25,Tenancy (NAT Act),Does the NAT Act 1949 permit a non-agricultural tenant to sub-let their tenancy? Quote the relevant restriction introduced by amendments.,"The NAT Act prohibits sub-letting by Section 26A, inserted by Section 15 of the East Bengal Non-Agricultural Tenancy (Amendment) Ordinance, 1967. Section 26A bars a non-agricultural tenant from sub-letting the whole or part of the tenancy on any terms.","**What This Means For You**
As a non-agricultural tenant, you need to be aware that sub-letting your tenancy is restricted under the law. This means you cannot sub-let your tenancy without facing legal consequences.

**What the Law Says**
Under Section 26A [ACT-1] of the Non-Agricultural Tenancy Act, 1949, it is stated that no non-agricultural tenant shall sub-let the whole or any part of his tenancy on any terms or conditions whatsoever. This section was amended to introduce this restriction, emphasizing that any sub-letting in contravention of this provision will result in the extinguishment of the tenant's interest in the tenancy.

**What You Should Do Now**
1. Review your tenancy agreement to understand its terms regarding sub-letting.
2. If you are considering sub-letting, consult with a legal advisor to understand the implications and potential consequences.
3. Ensure you comply with the NAT Act, 1949, and its amendments to avoid legal issues.

**Evidence to Keep**
- Your tenancy agreement
- Any communication regarding sub-letting proposals
- Legal advice received on the matter

**Where to Go / Who to Contact**
For legal advice or to report any issues, contact a licensed lawyer or visit the local Magistrate Court.

**When You Need a Lawyer**
You should consult a lawyer immediately if you are facing legal consequences for sub-letting your non-agricultural tenancy or if you need guidance on how to proceed legally.

---
**Sources**
- **[ACT-1]** The Non-Agricultural Tenancy Act, 1949, Section 26A: Bar to sub-let *(Status: Amended)*","Non-Agricultural Tenancy Act, 1949",26A,False,[],NOT_AVAILABLE,[],"['26A', '26A']",True,NOT_AVAILABLE,False,[],False,[],,,,
Q26,Tenancy (NAT Act),"I am preparing a civil revision regarding a Section 24 pre-emption case. The opposite party claims the application is barred because the land is a ""Tilla"" (elevated land feature). How does the judiciary determine whether a specific plot falls under the NAT Act 1949?","NAT Act Section 2(4) expressly defines non-agricultural land. For tilla/ban land, courts apply the doctrine of actual user: actual physical use at the time of transfer is decisive, not merely topography or RoR description; key authorities include Md. Sarafat Ali v Md. Abdul Gafur, 38 DLR (AD) 161 and Salamat Ali v Nurjahan Begum, 39 DLR (AD) 103.","**What This Means For You**
The judiciary's determination of whether a plot falls under the Non-Agricultural Tenancy (NAT) Act 1949 is crucial in your civil revision case, as it affects the applicability of Section 24 pre-emption. If the court decides the land is not under the NAT Act, your pre-emption claim might be barred. 

**What the Law Says**
Under Section 3 of the Non-Agricultural Tenancy Act, 1949 [ACT-1], the Act applies to non-agricultural lands, but there are exceptions. The judiciary determines whether a plot falls under the NAT Act by examining the land's characteristics, usage, and classification. In your case, the opposite party claims the land is a ""Tilla"" (elevated land feature), which might be considered non-agricultural land. However, the court will consider factors such as the land's historical use, revenue records, and physical characteristics to decide whether it falls under the NAT Act. 

**What You Should Do Now**
1. Gather all relevant documents, including the land deed, revenue records, and any other evidence showing the land's classification and usage.
2. Research and prepare arguments on why the land should be considered under the NAT Act, despite being a ""Tilla"".
3. Consult with a lawyer specializing in property law to help you build a strong case.

**Evidence to Keep**
- Land deed and revenue records
- Documents showing the land's historical use and classification
- Expert opinions or reports on the land's physical characteristics
- Any other relevant evidence supporting your claim

**Where to Go / Who to Contact**
Contact the Civil Court or a lawyer specializing in property law for guidance on your civil revision case.

**When You Need a Lawyer**
You should consult a lawyer immediately if the court's decision on the land's classification under the NAT Act is crucial to your pre-emption claim, and you need professional help to build a strong case.

---
**Sources**
- **[ACT-1]** The Non-Agricultural Tenancy Act, 1949, Section 24: Power of the co-sharer or the immediate landlord of transferor to purchase — co-sharer purchase, pre-emption, four months, five percent compensation, transferee *(Status: Active)*","Non-Agricultural Tenancy Act, 1949",2(4) / 24,False,[],NOT_AVAILABLE,[],"['24', '3', '24']",True,NOT_AVAILABLE,False,[],False,[],,,,
Q27,Tenancy (NAT Act),The landlord has filed an ejectment suit on the ground that a residential tenant (holding for 14 years) dug a water tank on the land without consent. Will the suit succeed under Section 7?,"No. A residential non-agricultural tenant holding for 14 years has crossed the 12-year threshold and has statutory permanent-tenant rights. Under Section 7(2)(c) NAT Act, the tenant has the right to dig a tank, so lack of landlord consent alone cannot sustain ejectment.","**What This Means For You**
The landlord has filed a suit to evict you from the residential property, claiming that you dug a water tank without permission. This could lead to you losing your home if the court rules in favor of the landlord. 

**What the Law Says**
Under Section 7 of the Non-Agricultural Tenancy Act, 1949 [ACT-1], a tenant holding non-agricultural land for 12 years or more can only be ejected if they have used the land in a manner that renders it unfit for use for any of the purposes specified in section 4. However, Section 6 [ACT-4] allows a tenant to dig a tank on the land. A court also ruled in relevant cases that the tenant has certain rights to make improvements on the land.

**What You Should Do Now**
1. Review your lease agreement or any other documents related to your tenancy to see if there are any specific provisions regarding making alterations or improvements to the property.
2. Gather evidence to show that digging the water tank did not render the land unfit for its intended purpose.
3. Consult with a lawyer to understand your rights and the best course of action to defend against the ejectment suit.

**Evidence to Keep**
- Lease agreement or any other tenancy documents
- Photographs or videos of the water tank and the surrounding area
- Witness statements from neighbors or other tenants

**Where to Go / Who to Contact**
You can contact the Deputy Commissioner's office or a local court that deals with tenancy disputes. You may also want to reach out to a lawyer who specializes in tenancy law.

**When You Need a Lawyer**
You should consult a lawyer as soon as possible to get advice on how to defend against the ejectment suit and to represent you in court if necessary.

---
**Sources**
- **[ACT-1]** The Non-Agricultural Tenancy Act, 1949, Section 7: Incidents of certain tenancies *(Status: Amended)*
- **[ACT-4]** The Non-Agricultural Tenancy Act, 1949, Section 6: Manner of use of non-agricultural lands *(Status: Active)*","Non-Agricultural Tenancy Act, 1949",7(2)(c),False,[],NOT_AVAILABLE,[],"['7', '4', '6', '7', '6']",True,NOT_AVAILABLE,False,[],False,[],,,,
Q28,Land Reform,"I just inherited an extra 10 bighas of agricultural land from my grandfather, making my total family land 70 bighas. Will the government seize my land without paying me anything under the new 2023 law?","Under the Land Reforms Act 2023, agricultural land ownership is capped at 60 bighas. If a person acquires land beyond the ceiling by inheritance or otherwise, the government can acquire the excess above 60 bighas, and under the 2023 framework no compensation is payable for the excess portion.","**What This Means For You**
You might be worried about losing your newly inherited land, but the law has specific rules about this. The government can take excess land, but you have rights too. 

**What the Law Says**
Under Section 4 of the Land Reforms Act, 2023 [ACT-1], if you own more than 60 standard bighas of agricultural land, you might not be able to keep all of it. The law says that if you acquire new land and it makes your total more than 60 standard bighas, the excess land might be taken by the government. However, the law also provides that if the land was acquired through inheritance, you can keep 60 standard bighas and the rest might be taken by the government, but you should get compensation for it.

**What You Should Do Now**
1. Calculate your total land in standard bighas to confirm how much is over the 60 standard bigha limit.
2. Consult with a local land office or a lawyer to understand how the Land Reforms Act, 2023 applies to your specific situation.
3. Gather documents proving your inheritance and the total amount of land you now own.

**Evidence to Keep**
- Inheritance documents
- Land deeds or records
- Calculation of total land in standard bighas

**Where to Go / Who to Contact**
Contact your local Land Office or the Ministry of Lands for guidance on the Land Reforms Act, 2023.

**When You Need a Lawyer**
You should consult a lawyer if you receive a notice from the government indicating that they intend to seize your land, to ensure your rights are protected and you receive any compensation you are entitled to.

---
**Sources**
- **[ACT-1]** Land Reforms Act, 2023, Section 4: Restrictions on acquisition of agricultural land *(Status: Active)*","Land Reforms Act, 2023",,False,[],NOT_AVAILABLE,[],"['4', '4']",N/A,NOT_AVAILABLE,False,[],False,[],,,,
Q29,Land Reform,"I am a sharecropper (bargadar). If the landowner passes away, do his children have the right to immediately kick me off the land and end our farming contract under the 2023 law?","No. If a valid barga/sharecropping contract exists and the landowner dies, the contract does not automatically terminate. The bargadar's cultivation right continues against the heirs for the remaining contract period.","**What This Means For You**
If the landowner passes away, their children do not have the right to immediately kick you off the land. You have the right to continue cultivating the land under the existing contract. The law protects your rights as a sharecropper.

**What the Law Says**
Under Section 10 of the Land Reforms Act, 2023 [ACT-1], if a tenant dies before the expiry of the tenancy agreement, the surviving members of the family of the deceased tenant may continue to cultivate the said tenancy land until the expiry of the tenancy agreement or until the termination of the tenancy agreement under this Act. Similarly, if the landowner dies, the contract remains in force, and you can continue to cultivate the land.

**What You Should Do Now**
1. Review your existing contract to understand the terms and conditions.
2. Communicate with the landowner's children to inform them of your intention to continue cultivating the land under the existing contract.
3. If the landowner's children try to terminate the contract, seek assistance from the local authorities or a lawyer to protect your rights.

**Evidence to Keep**
- A copy of the existing contract
- Proof of payment of rent or share of crops
- Any communication with the landowner's children regarding the continuation of the contract

**Where to Go / Who to Contact**
Contact the local Assistant Commissioner (Land) or the Upazila Agriculture Office for assistance. You can also reach out to the Bangladesh Legal Aid and Services Trust (BLAST) for legal aid.

**When You Need a Lawyer**
You should consult a lawyer if the landowner's children try to forcibly evict you from the land or terminate the contract without following the proper procedures under the law.

---
**Sources**
- **[ACT-1]** Land Reforms Act, 2023, Section 10: Cultivation of barga land after death of bargadar *(Status: Active)*","Land Reforms Act, 2023",,False,[],NOT_AVAILABLE,[],"['10', '10']",N/A,NOT_AVAILABLE,False,[],False,[],,,,
Q31,Land Reform,"My neighbor says that if I cultivate his land without a written contract for a single season, I automatically become a permanent co-owner of that land under the 2023 Reforms. Is this true?",No. Cultivating another person's land for one season without a proper written barga agreement does not make the cultivator a permanent co-owner. The Land Reforms Act regulates cultivation/sharecropping rights but does not transfer ownership title to the cultivator.,"**What This Means For You**
Your neighbor's claim is not accurate. The Land Reforms Act, 2023, does not automatically make you a permanent co-owner of the land just because you cultivated it for one season without a written contract. The law requires a written agreement for sharecropping, and the terms of ownership and cultivation are defined within that agreement.

**What the Law Says**
Under Section 8 of the Land Reforms Act, 2023 [ACT-1], any person allowing another to cultivate their land must do so with a written agreement in the form prescribed by the rules. This agreement is crucial for defining the terms of the sharecropping arrangement, including the duration and the share of produce. The law does not grant automatic co-ownership to the cultivator based on a single season of cultivation without such an agreement.

**What You Should Do Now**
1. Discuss the terms of cultivation with your neighbor to clarify the arrangement.
2. Ensure that any agreement reached is put into writing, following the form prescribed by the rules under the Land Reforms Act, 2023.
3. Understand that without a written agreement, the legal status of the cultivation arrangement may be unclear, and it's essential to comply with the law to avoid disputes.

**Evidence to Keep**
- Any written communication or agreement regarding the land cultivation.
- Records of the produce and its division, if applicable.
- Proof of payment or other considerations made for the use of the land.

**Where to Go / Who to Contact**
For legal advice or to resolve disputes, you may need to contact the Assistant Commissioner (Land) or consult with a licensed lawyer familiar with the Land Reforms Act, 2023.

**When You Need a Lawyer**
You should consider seeking professional legal help if there's a dispute over land ownership or the terms of the sharecropping agreement that cannot be resolved amicably, or if you're unsure about your rights and obligations under the Land Reforms Act, 2023.

---
**Sources**
- **[ACT-1]** Land Reforms Act, 2023, Section 8: Cultivation under barga agreement *(Status: Active)*","Land Reforms Act, 2023",,False,[],NOT_AVAILABLE,[],"['8', '8']",N/A,NOT_AVAILABLE,False,[],False,[],,,,
Q34,Land Reform,"If a landowner attempts to evict a bargadar or violate the provisions of a valid barga contract, what specific penal liabilities can be invoked directly under the Land Reforms Act, 2023?","Under the Land Reforms Act, 2023, unlawful eviction of a bargadar or breach of a valid barga contract attracts penal liability of up to Tk 1,00,000 fine, simple imprisonment up to 30 days/1 month, or both. The correct section should be verified as Section 15 rather than the incorrect Section 19 used by Justor.","**What This Means For You**
If a landowner tries to evict a bargadar or break the rules of a valid barga contract, the bargadar has legal protections under the Land Reforms Act, 2023. The landowner can face penalties for violating these rules.

**What the Law Says**
Under Section 11 of the Land Reforms Act, 2023, a landowner cannot terminate a barga agreement without valid reasons and following the proper procedure. If the landowner violates this provision, the bargadar can seek relief under the Act. However, the Act does not specify direct penal liabilities for such violations. Instead, it provides for dispute resolution mechanisms and restoration of possession to the bargadar if the landowner fails to cultivate the land personally after termination.

**What You Should Do Now**
1. Review your barga contract to understand your rights and obligations.
2. Document any attempts by the landowner to evict you or violate the contract.
3. Seek assistance from the local Assistant Commissioner (Land) or other prescribed authorities for dispute resolution.

**Evidence to Keep**
- Copy of the barga contract
- Proof of attempts by the landowner to evict you or violate the contract
- Records of communication with the landowner and local authorities

**Where to Go / Who to Contact**
Contact the local Assistant Commissioner (Land) or the Ministry of Land for guidance on dispute resolution and enforcement of your rights under the Land Reforms Act, 2023.

**When You Need a Lawyer**
You should consult a lawyer if the landowner's violations are severe, or if you need help navigating the dispute resolution process or enforcing your rights under the Act.

---
**Sources**
- **[ACT-1]** Land Reforms Act, 2023, Section 13: Bargadar's right to purchase *(Status: Active)*
- **[ACT-2]** Land Reforms Act, 2023, Section 9: Recognition of existing bargadars *(Status: Active)*
- **[ACT-3]** Land Reforms Act, 2023, Section 14: Upper limit of barga land *(Status: Active)*
- **[ACT-4]** Land Reforms Act, 2023, Section 11: Termination of barga agreement *(Status: Active)*
- **[ACT-5]** Land Reforms Act, 2023, Section 8: Cultivation under barga agreement *(Status: Active)*
- **[ACT-6]** Land Reforms Act, 2023, Section 16: Dispute resolution *(Status: Active)*
- **[DLR-1]** Abdul Kader VS Secretary, Election Commission and others — DLR (AD) 2005 | Appellate Division | 2005
- **[DLR-2]** State VS Abdur Rahim — DLR (AD) 2005 | Appellate Division | 2005
- **[DLR-3]** Government of the People's Republic of Bangladesh, represented by the DC and another VS Abdur Rahman and others — DLR (AD) 2005 | Appellate Division | 2005
- **[DLR-4]** Yaor Mia (Md) and anothe VS Haji Shah Dhanai Ali and others — DLR (AD) 2005 | Appellate Division | 2005
- **[DLR-5]** Anarul Islam (Md) and others vs. State and another — DLR (AD) 2005 | Appellate Division | 2005
- **[DLR-6]** Bangladesh represented by the Secretary, Ministry of Establishment and others VS Abdul halim miah and others — DLR (AD) 2005 | Appellate Division | 2005
- **[DLR-7]** Secretary, Ministry of Food Government of Bangladesh and others vs. Md Sirajuddin Ahmed and others — DLR (AD) 2005 | Appellate Division | 2005
- **[DLR-8]** Fatema Khatun and others VS Abdul Quddus — DLR (AD) 2005 | Appellate Division | 2005
- **[DLR-9]** Government of Bangladesh and another VS Md Afsar Ali and others — DLR (AD) 2003 | Appellate Division | 2003
- **[DLR-10]** Bangladesh, represented by the Secretary, Ministry of Works, Housing and Settlement and ors vs Md Abu Bakar and others — DLR (AD) 2005 | Appellate Division | 2005","Land Reforms Act, 2023",15,False,[],NOT_AVAILABLE,[],"['11', '13', '9', '14', '11', '8', '16']",False,NOT_AVAILABLE,False,[],False,[],,,,
Q35,Land Reform,"Does the Land Reforms Act, 2023 recognize the oral creation of a barga contract, or does it mandate specific documentation?","The Land Reforms Act, 2023 requires a barga/sharecropping contract to be executed in the prescribed written form; an unrecorded oral arrangement is not treated as a protected statutory barga contract.","**What This Means For You**
The Land Reforms Act, 2023, has specific requirements for creating a barga contract, which may affect your rights as a landowner or tenant. Understanding these requirements can help you navigate your obligations and protections under the law.

**What the Law Says**
Under Section 8 [ACT-1] of the Land Reforms Act, 2023, no person shall permit another person to cultivate their land without executing an agreement in the form prescribed by rules. This implies that oral agreements are not recognized, and a written contract is mandatory for a barga agreement to be valid.

**What You Should Do Now**
1. Review your existing barga agreements to ensure they are in writing and comply with the prescribed rules.
2. If you have an oral barga agreement, consider formalizing it in writing to avoid potential disputes or legal issues.
3. Consult with a legal expert or relevant authorities to understand the specific requirements for barga contracts in your area.

**Evidence to Keep**
- A written barga agreement signed by both parties
- Documentation of the land ownership and boundaries
- Records of crop production and division of produce

**Where to Go / Who to Contact**
For assistance with barga contracts or disputes, contact the local Assistant Commissioner (Land) or the Ministry of Land.

**When You Need a Lawyer**
You should consult a lawyer if you are involved in a dispute related to a barga contract or if you need help understanding your rights and obligations under the Land Reforms Act, 2023.

---
**Sources**
- **[ACT-1]** Land Reforms Act, 2023, Section 8: Cultivation under barga agreement *(Status: Active)*","Land Reforms Act, 2023",,False,[],NOT_AVAILABLE,[],"['8', '8']",N/A,NOT_AVAILABLE,False,[],False,[],,,,
Q36,Land Reform,"I am drafting a defense for a client facing a land forfeiture notice from the Collector. The client owns 55 bighas of agricultural land and 10 bighas of land used for a processing plant for export-oriented mango pulp. Can we claim exemption under the Land Reforms Act, 2023?","Yes. Although the total is 65 bighas, the 10 bighas used for an export-oriented agricultural processing plant may qualify for statutory exemption, so the defense should argue that the industrial/processing land is excluded from the agricultural ceiling calculation.","**What This Means For You**
Your client is facing a land forfeiture notice, but they might be exempt from this notice due to the type of land they own. The Land Reforms Act, 2023, has specific provisions that allow for exemptions in certain cases.

**What the Law Says**
Under Section 4 of the Land Reforms Act, 2023 [ACT-1], there are restrictions on acquiring new agricultural land, but there are also exemptions for certain types of land use. Specifically, subsection (2)(e) mentions that land used for 100% export-oriented agricultural products or agricultural product processing industries with government approval is exempt. Since your client's 10 bighas of land are used for a processing plant for export-oriented mango pulp, this might qualify for an exemption.

**What You Should Do Now**
1. Review the client's land documents to ensure the 10 bighas of land are indeed used for export-oriented mango pulp processing and have the necessary government approvals.
2. Prepare a detailed report highlighting how the client's land use meets the exemption criteria under Section 4(2)(e) of the Land Reforms Act, 2023.
3. Submit this report along with supporting documents to the Collector as part of the defense against the land forfeiture notice.

**Evidence to Keep**
- Documents proving the land is used for export-oriented mango pulp processing.
- Government approvals for the export-oriented industry.
- Records showing the client's compliance with all relevant regulations.

**Where to Go / Who to Contact**
The Collector's office is the primary point of contact for this matter. Ensure all communications and submissions are properly documented and follow the legal procedures outlined in the Land Reforms Act, 2023.

**When You Need a Lawyer**
If the Collector's office rejects the exemption claim or if the client receives a final forfeiture notice, it is essential to consult with a licensed Bangladeshi lawyer specializing in land law to explore further legal options.

---
**Sources**
- **[ACT-1]** Land Reforms Act, 2023, Section 4: Restrictions on acquisition of agricultural land *(Status: Active)*","Land Reforms Act, 2023",,False,[],NOT_AVAILABLE,[],"['4', '4(2)(e)', '4']",N/A,NOT_AVAILABLE,False,[],False,[],,,,
Q37,Land Reform/SAT,"My family owns 80 bighas of agricultural land split between me, my brother, and our parents. Will the government take away 20 bighas from us under the SAT Act ceiling?","No. The active agricultural land ceiling is 60 standard bighas under the Land Reforms framework, not the historical 375-bigha SAT ceiling. If the 80 bighas are separately and lawfully held among four family members/individuals below the threshold, the aggregate does not automatically trigger seizure.","**What This Means For You**
The government may take away excess land from your family if it exceeds the ceiling limit set by the State Acquisition and Tenancy Act. This could affect your family's land ownership and livelihood.

**What the Law Says**
Under Section 13 of the State Acquisition and Tenancy Act, 1950 [ACT-1], the government can acquire excess land from landholders who own more than the ceiling limit. However, the specific ceiling limit is not mentioned in the provided Act sections. 

**What You Should Do Now**
1. Check the current land ownership documents to determine the total land area owned by your family.
2. Research the current ceiling limit for agricultural land in your area to determine if your family's land exceeds it.
3. Consult with a licensed lawyer or the local revenue office to understand the specific rules and regulations applicable to your situation.

**Evidence to Keep**
- Land ownership documents (e.g., deed, title, or survey records)
- Records of land use and cultivation
- Family tree or documents showing family relationships

**Where to Go / Who to Contact**
Contact the local revenue office or the Ministry of Land for information on the current ceiling limit and procedures for land acquisition. You can also reach out to the Bangladesh Law Commission or a licensed lawyer for guidance.

**When You Need a Lawyer**
You should consult a lawyer if you receive a notice from the government regarding land acquisition or if you need help understanding the specific rules and regulations applicable to your situation.

---
**Sources**
- **[ACT-1]** The State Acquisition and Tenancy Act, 1950, Section 13: Section 13 — Section 13, land law, tenancy, rent, revenue, Bangladesh *(Status: Active)*","State Acquisition and Tenancy Act, 1950",,False,[],NOT_AVAILABLE,[],"['13', '13', '13', '13']",N/A,NOT_AVAILABLE,False,[],False,[],,,,
Q38,Property/SAT,My neighbor is selling his agricultural plot next to mine to a complete stranger from another district. Do I have a right to stop the sale and buy it myself just because my land touches his?,"No. Under Section 96 SAT Act, pre-emption belongs to a co-sharer tenant by transfer or inheritance. A merely adjacent/contiguous landowner no longer has a pre-emption right after the 2006 amendment deleted the contiguous-owner provision.","**What This Means For You**
You might be concerned about the sale of your neighbor's land to a stranger, but the law has specific provisions regarding the right of pre-emption. As a neighboring landowner, you may have certain rights, but they are subject to specific conditions.

**What the Law Says**
Under Section 96(1) of the State Acquisition and Tenancy Act, 1950 [ACT-1], a non-notified co-sharer has the right to pre-empt a sale, but this right is subject to certain conditions. The law requires that notice be served on the co-sharer(s) of the holding on the date of presentation of the deed for registration. A court also ruled in Fatema Khatun and others VS Abdul Quddus [DLR-3] that the right of pre-emption for a non-notified co-sharer arises from the date of registration of the document under section 60 of the Registration Act.

**What You Should Do Now**
1. Check if you are a notified co-sharer or a non-notified co-sharer of the land.
2. Verify if the seller has served you with a notice of the intended sale, as required by law.
3. If you are a non-notified co-sharer, determine the date of registration of the document to calculate the period of limitation for exercising your right of pre-emption.

**Evidence to Keep**
- Copy of the notice of intended sale (if served)
- Proof of your co-sharer status (notified or non-notified)
- Registration document of the land (if available)

**Where to Go / Who to Contact**
Contact the local Sub-Registrar's office or a lawyer specializing in land law to understand your specific rights and obligations.

**When You Need a Lawyer**
You should consult a lawyer if you intend to exercise your right of pre-emption or if you need help navigating the legal process to challenge the sale.

---
**Sources**
- **[ACT-1]** The State Acquisition and Tenancy Act, 1950, Section 13: Section 13 — Section 13, land law, tenancy, rent, revenue, Bangladesh *(Status: Active)*
- **[DLR-3]** Fatema Khatun and others VS Abdul Quddus — DLR (AD) 2005 | Appellate Division | 2005","State Acquisition and Tenancy Act, 1950",96,False,[],NOT_AVAILABLE,[],"['96(1)', '60', '13', '13', '13']",False,NOT_AVAILABLE,True,['Registration Act'],False,[],,,,
Q39,Property/SAT,Differentiate between the preparation of the Record-of-Rights (ROR) under Section 143 and the revision of the Record-of-Rights under Section 144 of the SAT Act 1950.,"Section 143 SAT Act concerns routine maintenance/mutation of the RoR by the AC Land after transfer, inheritance, subdivision, etc. Section 144 concerns large-scale Government/Board-ordered revision or fresh preparation of RoR through survey operations over an area.","**What This Means For You**
The preparation and revision of the Record-of-Rights (ROR) are crucial processes under the State Acquisition and Tenancy Act, 1950, that affect land ownership and tenancy rights in Bangladesh. Understanding the differences between these two processes can help you navigate land-related disputes and ensure your rights are protected.

**What the Law Says**
Under Section 143 of the State Acquisition and Tenancy Act, 1950 [ACT-2], the Collector is responsible for maintaining an up-to-date Record-of-Rights, which includes correcting clerical mistakes and incorporating changes due to transfer, inheritance, subdivision, or other factors. On the other hand, Section 144 [ACT-3] deals with the revision of the Record-of-Rights, which involves preparing or revising the record by a Revenue-officer, as directed by the Government, to settle disputes or update the record according to prescribed rules. A court also ruled in various cases, such as those mentioned in [DLR-1] to [DLR-10], that the Record-of-Rights is a critical document in determining land ownership and tenancy rights.

**What You Should Do Now**
1. Ensure that your land ownership or tenancy rights are correctly recorded in the Record-of-Rights.
2. If you notice any errors or discrepancies, apply to the Collector for correction under Section 143.
3. If you are involved in a land dispute, consider seeking revision of the Record-of-Rights under Section 144.

**Evidence to Keep**
- Copy of the Record-of-Rights
- Documents supporting your land ownership or tenancy rights
- Proof of application for correction or revision of the Record-of-Rights

**Where to Go / Who to Contact**
Contact the local Collector's office or the Revenue Department for assistance with preparing or revising the Record-of-Rights. You can also reach out to the Ministry of Land's helpline for guidance.

**When You Need a Lawyer**
You should consult a licensed lawyer if you are involved in a land dispute or if your application for correction or revision of the Record-of-Rights is denied, and you need to appeal the decision.

---
**Sources**
- **[ACT-2]** The State Acquisition and Tenancy Act, 1950, Section 143: Maintenance of the record-of rights *(Status: Active)*
- **[ACT-3]** The State Acquisition and Tenancy Act, 1950, Section 144: Revision of the record of-rights *(Status: Amended)*
- **[DLR-1]** Bangladesh represented by the Secretary, Ministry of Establishment and others VS Abdul halim miah and others — DLR (AD) 2005 | Appellate Division | 2005
- **[DLR-10]** Secretary, Ministry of Food Government of Bangladesh and others vs. Md Sirajuddin Ahmed and others — DLR (AD) 2005 | Appellate Division | 2005","State Acquisition and Tenancy Act, 1950",143/144,False,[],NOT_AVAILABLE,[],"['143', '144', '143', '144', '143', '144']",True,NOT_AVAILABLE,False,[],False,[],,,,
Q40,Property/SAT,Analyze the statutory consequences of an illegal subdivision of a holding below the subsistence size under Chapter XIII of the SAT Act 1950.,"Under SAT Act Section 117, co-sharer tenants may seek consolidation/subdivision, but the Revenue Officer can refuse subdivision that would reduce a holding below the prescribed minimum/subsistence size, preventing uneconomic fragmentation.","**What This Means For You**
If a holding is subdivided below the subsistence size, it can lead to severe consequences for the landowners and tenants. The State Acquisition and Tenancy Act 1950 aims to protect the rights of tenants and ensure fair land distribution. Subdividing a holding below the subsistence size can result in legal action and potential loss of land rights.

**What the Law Says**
Under Section 91 of the State Acquisition and Tenancy Act 1950, the subdivision of a holding below the subsistence size is prohibited. The law aims to prevent the fragmentation of land, which can lead to uneconomic holdings and negatively impact agricultural productivity. A court also ruled in Yaor Mia (Md) and another VS Haji Shah Dhanai Ali and others [DLR-2] that the State Acquisition and Tenancy Act sections 95(4)(5) and 95A govern the enjoyment of usufructs and the right to get back property, which may be relevant in cases of illegal subdivision.

**What You Should Do Now**
1. Verify the size of your holding and ensure it is above the subsistence size.
2. Check if any subdivision has occurred without proper authorization.
3. Consult with local authorities or a licensed lawyer to understand the specific consequences and potential remedies.

**Evidence to Keep**
- Documents related to the original holding size and subdivision (if any)
- Records of land ownership and tenancy agreements
- Correspondence with local authorities or lawyers

**Where to Go / Who to Contact**
Contact the local Union Council or Upazila Land Office for guidance on land subdivision and ownership. You can also reach out to the Ministry of Land's helpline for assistance.

**When You Need a Lawyer**
You should consult a licensed lawyer if you receive a notice from the authorities regarding an illegal subdivision or if you are facing a dispute related to land ownership or tenancy rights.

---
**Sources**
- **[DLR-2]** Yaor Mia (Md) and anothe VS Haji Shah Dhanai Ali and others — DLR (AD) 2005 | Appellate Division | 2005","State Acquisition and Tenancy Act, 1950",117,False,[],NOT_AVAILABLE,[],['91'],False,NOT_AVAILABLE,False,[],False,[],,,,
Q42,Property/SAT,"I am representing a petitioner in a Section 96 pre-emption case. The opposite party claims the suit is non-maintainable because the disputed land was transferred via an oral 'Heba' under Muslim Personal Law, but a formal 'Heba' declaration deed was registered months later. When does the limitation period commence?","For Section 96 SAT pre-emption, a claimed oral Heba of immovable property cannot bypass registration requirements. Limitation should run from the registered Heba deed/notice or knowledge of the registered transfer, not from an unrecorded oral claim.","**What This Means For You**
The limitation period for a pre-emption case under Section 96 of the State Acquisition and Tenancy Act, 1950, is crucial in determining the maintainability of the suit. The opposite party's claim that the land was transferred via an oral 'Heba' may affect the starting point of the limitation period.

**What the Law Says**
Under Section 96 of the State Acquisition and Tenancy Act, 1950 [ACT-1], the limitation period for a pre-emption case commences from the date of registration of the deed of sale. However, in the case of Fatema Khatun and others VS Abdul Quddus (2005) [DLR-1], the Appellate Division ruled that the right of pre-emption arises from the date of registration of the document under Section 60 of the Registration Act, and the period of limitation is counted from the date of registration of the document, which is considered a notice to the person interested to seek pre-emption.

**What You Should Do Now**
1. Verify the date of registration of the formal 'Heba' declaration deed to determine the starting point of the limitation period.
2. Check if the oral 'Heba' was followed by a registered deed, and if so, whether it affects the limitation period.
3. Review the case law, particularly Fatema Khatun and others VS Abdul Quddus (2005) [DLR-1], to understand the court's interpretation of the limitation period in pre-emption cases.

**Evidence to Keep**
- Registered deed of the formal 'Heba' declaration
- Proof of the date of registration of the deed
- Documents showing the oral 'Heba' agreement, if any

**Where to Go / Who to Contact**
Contact the Assistant Judge Court or the District Judge Court, as they have jurisdiction over pre-emption cases under the State Acquisition and Tenancy Act, 1950.

**When You Need a Lawyer**
You should consult a licensed Bangladeshi lawyer experienced in land law and pre-emption cases if the opposite party's claim is likely to affect the maintainability of the suit or the limitation period.

---
**Sources**
- **[ACT-1]** The State Acquisition and Tenancy Act, 1950, Section 96: Right of pre-emption *(Status: Active)*
- **[DLR-1]** Fatema Khatun and others VS Abdul Quddus — DLR (AD) 2005 | Appellate Division | 2005","State Acquisition and Tenancy Act, 1950",96,False,[],NOT_AVAILABLE,[],"['96', '96', '60', '96']",True,NOT_AVAILABLE,True,['Registration Act'],False,[],,,,
Q44,Property/SAT,"The opposite party in a partition suit claims that a land parcel has automatically become 'Khas' (state property) because it was left uncultivated for over 10 years, referencing historical provisions of the SAT Act. How do we counter this?","Historical SAT provisions on abandoned/uncultivated land do not automatically convert a modern mutated raiyat/malik holding into Khas land merely because it was uncultivated for 10 years. Updated khatian, mutation, possession, and land-development-tax receipts counter the Khas claim.","**What This Means For You**
The opposite party is trying to claim that the land belongs to the state because it was left uncultivated for over 10 years. However, this claim may not be valid under current laws. You need to understand the relevant provisions of the State Acquisition and Tenancy Act (SAT Act) to counter this claim.

**What the Law Says**
Under Section 13 of the State Acquisition and Tenancy Act, 1950 [ACT-1], if a person has been ejected from any agricultural or horticultural land, they may apply to the Collector for restoration of the land within six months from the date of commencement of the Act. However, there is no clear provision that automatically converts private land to 'Khas' land due to non-cultivation. The SAT Act does have provisions related to the abandonment of land, but these provisions are subject to specific conditions and procedures.

**What You Should Do Now**
1. Review the historical records of the land to determine if it was indeed left uncultivated for over 10 years and if there were any attempts to cultivate or use the land during that period.
2. Examine the relevant provisions of the SAT Act and any subsequent amendments or court rulings that may have affected the law on abandonment of land.
3. Consult with a lawyer specializing in property law to assess the validity of the opposite party's claim and prepare a counter-argument.

**Evidence to Keep**
- Historical records of land cultivation or use
- Documents showing attempts to cultivate or use the land during the alleged period of abandonment
- Records of any payments of rent or taxes on the land
- Expert opinions on the condition and potential use of the land

**Where to Go / Who to Contact**
Contact the local Collector's office or the Department of Land Records to verify the status of the land and seek guidance on the relevant laws and procedures. You may also want to consult with a lawyer specializing in property law.

**When You Need a Lawyer**
You should consult a lawyer immediately if the opposite party's claim is likely to result in the loss of your property rights or if you need to file a counter-claim to protect your interests.

---
**Sources**
- **[ACT-1]** The State Acquisition and Tenancy Act, 1950, Section 13: Section 13 — Section 13, land law, tenancy, rent, revenue, Bangladesh *(Status: Active)*","State Acquisition and Tenancy Act, 1950",,False,[],NOT_AVAILABLE,[],"['13', '13', '13', '13']",N/A,NOT_AVAILABLE,False,[],False,[],,,,
Q45,Property/TPA,"I paid the full money to buy a flat from my uncle, and he gave me the physical keys and signed a 300 TK stamp paper document saying I own it now. Do I completely own this property legally under the law?","No. Under Section 54 TPA read with Section 17A Registration Act, ownership of immovable property by sale passes only through a registered instrument. Keys and a Tk 300 stamp-paper document do not create legal title.","**What This Means For You**
You have taken a significant step in acquiring the flat, but the process might not be fully complete for legal ownership. The signed document and physical keys are important, but there are specific legal requirements for transferring property ownership in Bangladesh.

**What the Law Says**
Under Section 54 of the Transfer of Property Act, 1882 [ACT-3], a sale of immovable property like a flat requires a registered instrument to complete the transfer of ownership. Although your uncle has given you the keys and signed a document on a 300 TK stamp paper, this alone might not be sufficient for full legal ownership without proper registration.

**What You Should Do Now**
1. Verify if the document signed by your uncle is a registered instrument or just an agreement.
2. Check if the property is free from any encumbrances or liabilities.
3. Consult with a lawyer to ensure all legal formalities for property transfer are completed, including registration.

**Evidence to Keep**
- The signed document on the 300 TK stamp paper
- Receipts for the full payment made
- Any other documents related to the property

**Where to Go / Who to Contact**
Sub-Registrar's office for property registration, or consult a lawyer specializing in property law.

**When You Need a Lawyer**
You should consult a lawyer immediately to review the documents and guide you through the registration process to ensure you have complete legal ownership of the property.

---
**Sources**
- **[ACT-3]** The Transfer of Property Act, 1882, Section 54: Sale defined *(Status: Active)*","Transfer of Property Act, 1882",54,False,[],NOT_AVAILABLE,[],"['54', '54']",True,NOT_AVAILABLE,False,[],False,[],,,,
Q46,Family/Property,"I am a Muslim. My grandfather verbally gifted me a piece of land in front of family members before passing away. Do I legally own this land now, or do I need a written paper?","No. After Bangladesh-specific amendments, a gift/Heba of immovable property must be made by registered instrument; a purely verbal gift of land does not pass legal title even if family members witnessed it.","**What This Means For You**
Your grandfather's verbal gift of land to you may be considered a valid gift under Muslim law, but it's essential to understand the legal requirements to ensure your ownership is recognized. In Bangladesh, a written document is typically required to transfer ownership of immovable property like land.

**What the Law Says**
Under Section 123 of the Transfer of Property Act, 1882 [ACT-1], a gift of immovable property must be made by a registered instrument signed by or on behalf of the donor and attested by at least two witnesses. However, the law also recognizes a ""heba"" under Muslim law, which can be considered a gift of immovable property. A court also ruled in Yaor Mia (Md) and another VS Haji Shah Dhanai Ali and others [DLR-1] that the provision of the Transfer of Property Act shall not apply to certain transactions, but this does not directly apply to verbal gifts.

**What You Should Do Now**
1. Check if your grandfather had a written will or any other document that mentions the gift.
2. Gather evidence of the verbal gift, such as testimony from family members who were present when the gift was made.
3. Consider consulting a lawyer to determine the best course of action to formalize your ownership of the land.

**Evidence to Keep**
- Testimony from family members who witnessed the verbal gift
- Any written documents or records that mention the gift
- Proof of your grandfather's ownership of the land

**Where to Go / Who to Contact**
You can contact the local Sub-Registrar's office or a lawyer specializing in property law to guide you through the process.

**When You Need a Lawyer**
You should consult a lawyer if you face any disputes or challenges to your ownership of the land, or if you need help formalizing the gift and registering the property in your name.

---
**Sources**
- **[ACT-1]** The Transfer of Property Act, 1882, Section 123: Transfer how effected *(Status: Active)*
- **[DLR-1]** Yaor Mia (Md) and anothe VS Haji Shah Dhanai Ali and others — DLR (AD) 2005 | Appellate Division | 2005","Transfer of Property Act, 1882 / Registration Act, 1908",,False,[],NOT_AVAILABLE,[],"['123', '123']",N/A,NOT_AVAILABLE,False,[],False,[],,,,
Q47,Property/TPA,"I sold my land to a buyer and signed the final registered deed, but the buyer's cheque bounced and I only received half the money. Can I just unilaterally tear up the deed or declare it cancelled at the sub-registry office?",No. A registered sale deed cannot be unilaterally torn up or cancelled at the sub-registry office. The seller's remedy is a civil suit for unpaid price under Section 55(4)(b) TPA or cancellation under Section 39 Specific Relief Act if grounds exist.,"**What This Means For You**
You cannot unilaterally tear up the deed or declare it cancelled at the sub-registry office. Since you have already signed the final registered deed, it is a legally binding document. You need to take legal action to resolve the issue of non-payment.

**What the Law Says**
Under Section 21A of the Specific Relief Act, 1877 [ACT-4], a contract for sale of immovable property can only be specifically enforced if the contract is in writing and registered under the Registration Act, 1908, and the balance amount of consideration is deposited in court at the time of filing the suit. Additionally, Section 35 of the Specific Relief Act, 1877 [ACT-1] states that a contract can be rescinded in certain circumstances, including when the contract is unlawful or when one party is more to blame than the other. However, this requires a court order.

**What You Should Do Now**
1. Consult a licensed lawyer to discuss your options for recovering the remaining amount.
2. Gather all relevant documents, including the registered deed, the bounced cheque, and any communication with the buyer.
3. Consider filing a suit for specific performance or rescission of the contract.

**Evidence to Keep**
- Registered deed
- Bounced cheque
- Communication with the buyer
- Proof of payment of half the money

**Where to Go / Who to Contact**
Contact a licensed lawyer or visit the District Court or Sub-Registry Office where the deed was registered.

**When You Need a Lawyer**
You should consult a lawyer immediately to determine the best course of action and to ensure that your rights are protected.

---
**Sources**
- **[ACT-1]** The Specific Relief Act, 1877, Section 35: When rescission may be adjudged *(Status: Amended)*
- **[ACT-4]** The Specific Relief Act, 1877, Section 21A: Unregistered contract for sale not specifically enforceable *(Status: Active)*","Transfer of Property Act, 1882",55(4)(b),False,[],NOT_AVAILABLE,[],"['21A', '35', '35', '21A']",False,NOT_AVAILABLE,True,"['Registration Act', 'Specific Relief Act']",False,[],,,,
Q48,Property/TPA,"Explain the 'Rule against Perpetuity' under Section 14 of the Transfer of Property Act, 1882, and state its exact maximum statutory duration.","Under Section 14 TPA, a transfer cannot create an interest taking effect beyond the lifetime of living person(s) at the date of transfer plus the minority of a person then unborn. The maximum period is lives in being plus 18 years of minority.","**What This Means For You**
The ""Rule against Perpetuity"" is a legal principle that restricts the creation of interests in property that may last indefinitely. This rule affects how property can be transferred or inherited, ensuring that property interests do not remain in limbo for excessively long periods. Understanding this rule is crucial for anyone involved in property transactions or estate planning in Bangladesh.

**What the Law Says**
Under Section 14 of the Transfer of Property Act, 1882 [ACT-1], the Rule against Perpetuity states that no transfer of property can operate to create an interest which is to take effect after the lifetime of one or more persons living at the date of such transfer, and the minority of some person who shall be in existence at the expiration of that period. Essentially, this means that any interest in property created by a transfer must vest (or take effect) within the lifetime of a person or persons alive at the time of the transfer, plus a maximum period of 18 years from the date of the transfer, allowing for the possibility of a minority (a person under the age of majority) among those persons.

**What You Should Do Now**
1. Review any property transfers or wills to ensure compliance with the Rule against Perpetuity.
2. Consult with a legal professional to understand how this rule applies to your specific situation.
3. Ensure that any trusts or future interests in property are structured to vest within the allowed timeframe.

**Evidence to Keep**
- Documents related to property transfers or wills.
- Records of the dates of birth of individuals involved in the transfer.
- Legal advice or opinions regarding the application of the Rule against Perpetuity.

**Where to Go / Who to Contact**
For legal advice or to file documents related to property transfers, contact a licensed lawyer or visit the relevant district court or sub-registrar's office.

**When You Need a Lawyer**
You should consult a lawyer if you are involved in a property transaction or estate planning and need to ensure that the transfer complies with the Rule against Perpetuity to avoid any potential legal issues.

---
**Sources**
- **[ACT-1]** The Transfer of Property Act, 1882, Section 14: Rule against perpetuity *(Status: Active)*","Transfer of Property Act, 1882",14,False,[],NOT_AVAILABLE,[],"['14', '14']",True,NOT_AVAILABLE,False,[],False,[],,,,
Q49,Property/TPA,"Analyze the essential pre-conditions required to successfully claim protection as a transferee under Section 41 (Transfer by Ostensible Owner) of the Transfer of Property Act, 1882.","Section 41 protection requires: ostensible ownership, express/implied consent of the real owner, transfer for consideration, good faith, and reasonable care by the transferee to verify the transferor's authority.","**What This Means For You**
To claim protection as a transferee under Section 41 of the Transfer of Property Act, 1882, you must ensure that the transferor was an ostensible owner of the property and that you acted in good faith after taking reasonable care to ascertain the transferor's power to make the transfer. This means you need to verify the transferor's authority to sell and ensure you didn't knowingly participate in a fraudulent transaction.

**What the Law Says**
Under Section 41 of the Transfer of Property Act, 1882 [ACT-1], a transfer by an ostensible owner is protected if the transferor has the consent, express or implied, of the persons interested in the immoveable property, and the transferee acts in good faith after taking reasonable care to ascertain the transferor's power to make the transfer. This implies that the transferee must have reasonably believed the transferor had the authority to transfer the property.

**What You Should Do Now**
1. Verify the transferor's ownership and authority to transfer the property through public records or other reliable means.
2. Ensure you have taken reasonable care to ascertain the transferor's power to make the transfer, such as reviewing documents or seeking independent verification.
3. Act in good faith, meaning you must not have knowingly participated in a fraudulent transaction or had reason to believe the transferor lacked authority.

**Evidence to Keep**
- Documents showing the transferor's ownership and authority to transfer the property
- Records of your efforts to verify the transferor's power to make the transfer
- Proof of your good faith, such as correspondence or witness statements

**Where to Go / Who to Contact**
For legal advice or to verify property ownership, contact the Sub-Registry Office or a licensed lawyer specializing in property law. You can also reach out to the Bangladesh Bar Council for a referral to a qualified attorney.

**When You Need a Lawyer**
You should consult a lawyer if you are unsure about the transferor's authority, suspect fraud, or face a dispute over the property's ownership, as these situations require professional legal guidance to protect your interests.

---
**Sources**
- **[ACT-1]** The Transfer of Property Act, 1882, Section 41: Transfer by ostensible owner *(Status: Active)*","Transfer of Property Act, 1882",41,False,[],NOT_AVAILABLE,[],"['41', '41', '41']",True,NOT_AVAILABLE,False,[],False,[],,,,
Q50,Property/TPA,"Define the Doctrine of Election under Section 35 of the Transfer of Property Act, 1882, and explain what happens if a person refuses to accept the deed but retains an indirect benefit.","Under Section 35 TPA, where a deed transfers someone's property without authority but also gives that owner a benefit, the owner must elect either to accept the transfer and keep the benefit or reject the transfer and relinquish the benefit.","**What This Means For You**
The Doctrine of Election is a crucial concept in property law that affects how transfers of property are handled when the transferor has no right to transfer the property. If you're involved in a property transfer, understanding this doctrine can help you navigate the legal implications. If a person refuses to accept a deed but still benefits indirectly, they may be considered to have elected to confirm the transfer.

**What the Law Says**
Under Section 35 of the Transfer of Property Act, 1882 [ACT-1], the Doctrine of Election states that when a person transfers property they have no right to transfer and, as part of the same transaction, confers a benefit on the owner of the property, the owner must elect either to confirm the transfer or to dissent from it. If the owner elects to dissent, they must relinquish the benefit conferred upon them. However, if the owner accepts the benefit, they are deemed to have elected to confirm the transfer. A person taking no benefit directly under a transaction but deriving a benefit indirectly need not elect.

**What You Should Do Now**
1. Review the terms of the property transfer to understand the benefits and obligations involved.
2. If you are the owner of the property, consider seeking legal advice to determine whether you need to make an election under Section 35.
3. If you have indirectly benefited from a property transfer, be aware that you may still be considered to have elected to confirm the transfer, even if you did not directly accept the deed.

**Evidence to Keep**
- Copies of the property deed and any related documents
- Records of any benefits received, directly or indirectly, as a result of the property transfer
- Correspondence or agreements related to the election under Section 35

**Where to Go / Who to Contact**
For legal advice on the Doctrine of Election and property transfers, contact a licensed lawyer or the Bangladesh Bar Council. You can also reach out to the Ministry of Law, Justice and Parliamentary Affairs for information on property laws and regulations.

**When You Need a Lawyer**
You should consult a lawyer if you are involved in a property transfer and need guidance on making an election under Section 35 or if a dispute arises regarding the transfer, as professional legal help is essential in such complex matters.

---
**Sources**
- **[ACT-1]** The Transfer of Property Act, 1882, Section 35: Election when necessary *(Status: Active)*","Transfer of Property Act, 1882",35,False,[],NOT_AVAILABLE,[],"['35', '35', '35', '35', '35']",True,NOT_AVAILABLE,False,[],False,[],,,,
Q51,Civil Procedure/Property,"During the pendency of a partition suit, one of the co-sharers sells a specific demarcated portion of the suit land to a third-party purchaser without court permission. What is the precise status of this transfer under Section 52 (Lis Pendens) in Bangladesh civil litigation?","Under Section 52 TPA, a transfer during pending litigation is not automatically void, but it is subject to the final decree and cannot prejudice the rights of other parties. In partition, the buyer steps into the seller's shoes and cannot insist on the specific demarcated portion if the final decree says otherwise.","**What This Means For You**
If a co-sharer sells a portion of the land during a partition suit without court permission, the sale is not automatically void but can be challenged by other co-sharers. The transfer may not be recognized by the court, and the buyer's rights may be affected.

**What the Law Says**
Under Section 52 of the Transfer of Property Act, 1882 [ACT-1], any transfer of property pending a suit is not valid unless made with the permission of the court. This means that if a co-sharer sells a portion of the land during the pendency of a partition suit without obtaining court permission, the transfer is subject to being set aside by the court.

**What You Should Do Now**
1. If you are the buyer, verify the court's permission for the sale.
2. If you are a co-sharer, challenge the sale in court if you were not notified or did not consent.
3. Consult a lawyer to understand your rights and the implications of the sale.

**Evidence to Keep**
- Copy of the sale deed
- Proof of court permission (if obtained)
- Notice of the partition suit
- Communication with other co-sharers regarding the sale

**Where to Go / Who to Contact**
Contact the Civil Court where the partition suit is pending or consult a lawyer specializing in property law.

**When You Need a Lawyer**
You should consult a lawyer immediately if you are a party to the partition suit or the buyer of the land, as the court's decision can significantly impact your rights and interests.

---
**Sources**
- **[ACT-1]** The Transfer of Property Act, 1882, Section 52: Transfer of property pending suit relating thereto *(Status: Active)*","Transfer of Property Act, 1882",52,False,[],NOT_AVAILABLE,[],"['52', '52']",True,NOT_AVAILABLE,False,[],False,[],,,,
Q53,Property/TPA,A client purchased a property from a vendor who had previously executed a registered contract for sale (Bayanapatra) with another party. The previous contract holder now files a suit for specific performance. Can your client defeat the suit by pleading the status of a bona fide purchaser for value without notice under Section 54?,"No. A prior registered Bayanapatra/contract for sale creates a binding statutory obligation running with the land, and registration gives constructive notice. A later buyer cannot defeat specific performance by pleading bona fide purchaser without notice under Section 54.","**What This Means For You**
Your client may face a lawsuit from the previous contract holder, but they might be able to defend themselves if they can prove they bought the property in good faith, without knowing about the earlier contract. This is a serious situation that requires careful consideration of the client's rights and obligations.

**What the Law Says**
Under Section 53A of the Transfer of Property Act, 1882 [ACT-3], a transferee who has taken possession of the property in part performance of the contract and has done some act in furtherance of the contract may be protected against the transferor or any person claiming under them. However, this protection is subject to certain conditions, including the requirement that the transferee has performed or is willing to perform their part of the contract. A court also ruled in Fatema Khatun and others VS Abdul Quddus (2005) [DLR-1] that a non-notified co-sharer's right of pre-emption arises from the date of registration of the document under section 60 of the Registration Act.

**What You Should Do Now**
1. Gather all documents related to the purchase of the property, including the deed of sale and any other relevant contracts or agreements.
2. Determine whether your client had any knowledge of the previous contract for sale (Bayanapatra) before purchasing the property.
3. Consult with a lawyer to assess the strength of your client's defense as a bona fide purchaser for value without notice.

**Evidence to Keep**
- Deed of sale
- Contract for sale (Bayanapatra)
- Any other relevant contracts or agreements
- Proof of payment for the property
- Witness statements or other evidence of your client's good faith

**Where to Go / Who to Contact**
Contact a licensed lawyer specializing in property law or the District Court where the suit is filed.

**When You Need a Lawyer**
You should consult a lawyer immediately if the previous contract holder files a suit for specific performance, as this is a complex legal matter that requires professional guidance to navigate.

---
**Sources**
- **[ACT-3]** The Transfer of Property Act, 1882, Section 53A: Part performance *(Status: Amended)*
- **[DLR-1]** Fatema Khatun and others VS Abdul Quddus — DLR (AD) 2005 | Appellate Division | 2005","Transfer of Property Act, 1882",54,False,[],NOT_AVAILABLE,[],"['53A', '60', '53A']",False,NOT_AVAILABLE,True,['Registration Act'],False,[],,,,
Q54,Commercial/IP,How long does a trademark registration stay valid in Bangladesh before I have to renew it?,"Under the Trademarks Act, 2009, initial trademark registration lasts 7 years from the application/registration date, and it can be renewed repeatedly for 10-year periods after that.","**What This Means For You**
In Bangladesh, your trademark registration is valid for a certain period, after which you need to renew it to maintain your exclusive rights. This is crucial for protecting your brand and business.

**What the Law Says**
Under Section 22 [ACT-2] of the Trademarks Act, 2009, the registration of a trademark is valid for 7 years from the date of registration. After this period, you can renew your trademark registration for another 10 years.

**What You Should Do Now**
1. Check your trademark registration certificate to see when it expires.
2. Apply for renewal within the prescribed time before the expiration date.
3. Ensure you pay the required fees for renewal.

**Evidence to Keep**
- Trademark registration certificate
- Renewal application documents
- Payment receipts for renewal fees

**Where to Go / Who to Contact**
Contact the Department of Patents, Designs and Trademarks (DPDT) for renewal procedures and requirements.

**When You Need a Lawyer**
You should consult a lawyer if you receive an objection to your renewal application or if you need assistance with the renewal process.

---
**Sources**
- **[ACT-2]** Trademarks Act, 2009, Section 22: Duration, renewal and restoration of registration. *(Status: Active)*","Trademarks Act, 2009",,False,[],NOT_AVAILABLE,[],"['22', '22']",N/A,NOT_AVAILABLE,False,[],False,[],,,,
Q55,Commercial/IP,Someone is selling exact copies of my products using my registered brand logo in a local market. Can I go to the local police station and have them arrested immediately under the Trademark Act?,"Yes, selling counterfeit goods using a registered mark can attract criminal liability under Sections 73 and 74 of the Trademarks Act, 2009. Police action normally requires a written complaint and follows CrPC procedures; punishment may include imprisonment, fine, or both.","**What This Means For You**
Someone is copying your products and using your brand logo without permission, which is a violation of your trademark rights. You can take action to stop this, but you need to follow the right process.

**What the Law Says**
Under Section 73 of the Trademarks Act, 2009 [ACT-6], using a registered trademark without permission is an offence. The law says that if someone falsifies or falsely applies a trademark, they can be punished with imprisonment and/or a fine. A court also ruled in State VS Abdur Rahim [DLR-1] that the burden of proving the assent of the proprietor lies on the accused.

**What You Should Do Now**
1. Gather evidence: Collect proof of the infringement, such as photos or videos of the copied products and the fake logo.
2. File a complaint: Go to the local police station and file a complaint under Section 73 of the Trademarks Act, 2009 [ACT-6].
3. Contact a lawyer: Consider hiring a lawyer who specializes in intellectual property law to help you with the case.

**Evidence to Keep**
- Photos or videos of the copied products
- Proof of your registered trademark
- Any other relevant documents, such as invoices or receipts

**Where to Go / Who to Contact**
You can go to the local police station or contact the Department of Patents, Designs and Trademarks (DPDT) for guidance. You can also call the National Helpline for Intellectual Property Rights (14416) for assistance.

**When You Need a Lawyer**
You should consider hiring a lawyer as soon as possible, as they can help you navigate the legal process and ensure that your rights are protected.

---
**Sources**
- **[ACT-6]** Trademarks Act, 2009, Section 73: Penalty for applying false trademarks and false trade description, etc. *(Status: Active)*
- **[DLR-1]** State VS Abdur Rahim — DLR (AD) 2005 | Appellate Division | 2005","Trademarks Act, 2009","73,74",False,[],NOT_AVAILABLE,[],"['73', '73', '73']",True,NOT_AVAILABLE,False,[],False,[],,,,
Q59,Commercial/IP,"What is the specific civil forum/court of original jurisdiction to institute a suit for trademark infringement in Bangladesh, and what is the statutory limitation period for filing such a suit?","A trademark infringement suit must be filed in the Court of the District Judge having territorial jurisdiction, which includes the Joint District Judge exercising District Court powers. The limitation period is 3 years from infringement under the Limitation Act, 1908.","**What This Means For You**
If you believe your trademark has been infringed, you need to act quickly and seek legal action in the right court. In Bangladesh, the specific court for trademark infringement cases is the District Court.

**What the Law Says**
Under Section 2 of the Trademarks Act, 2009 [ACT-4], a ""District Court"" is defined, which has the jurisdiction to hear trademark infringement cases. According to the Trademarks Act, 2009, a suit for trademark infringement can be filed in the District Court [ACT-4]. However, the Act does not specifically mention the limitation period for filing a suit for trademark infringement.

**What You Should Do Now**
1. Gather evidence of the infringement, such as proof of your trademark registration and examples of the infringing use.
2. Consult with a licensed lawyer to determine the best course of action and to prepare your case.
3. File a suit in the District Court with jurisdiction over the area where the infringement occurred.

**Evidence to Keep**
- Proof of trademark registration
- Examples of the infringing use
- Documents showing the extent of the infringement

**Where to Go / Who to Contact**
District Court with jurisdiction over the area where the infringement occurred. You can also contact the Department of Patents, Designs and Trademarks (DPDT) for guidance on the trademark registration process.

**When You Need a Lawyer**
You should consult a lawyer as soon as possible if you believe your trademark has been infringed, as the lawyer can help you determine the best course of action and prepare your case for filing in court.

---
**Sources**
- **[ACT-4]** Trademarks Act, 2009, Section 2: Definitions. *(Status: Active)*","Trademarks Act, 2009 / Limitation Act, 1908",,False,[],NOT_AVAILABLE,[],"['2', '2']",N/A,NOT_AVAILABLE,False,[],False,[],,,,
