id,category,question,gold_answer,system_answer,expected_act,expected_section,fabricated_citation,fabricated_tags,unverifiable_dlr_citation,citations_found,claimed_sections,expected_section_mentioned,claimed_section_not_in_db,act_mismatch,other_acts_mentioned,jurisdiction_leakage,leaked_terms,human_correctness,human_faithfulness,judge_agrees_with_human,notes,error
Q01,Criminal Procedure,Does a police officer in Bangladesh need a warrant to arrest someone for 'Anticipatory Bail' under Section 438 of the CrPC?,"Section 438 CrPC does not exist in Bangladesh; it was omitted by the 2009 amendment. Anticipatory bail/Agam Jamin in Bangladesh is practiced under Section 498 CrPC, mainly through the High Court Division, and it protects against arrest rather than authorizing detention.","**What This Means For You**
In Bangladesh, the specific law you mentioned, Section 438 of the Code of Criminal Procedure (CrPC), no longer exists. Anticipatory bail, which is a type of pre-arrest bail, is now handled under Section 498 of the CrPC. A police officer can arrest someone without a warrant under certain conditions, and anticipatory bail is a way to seek protection from such an arrest for a limited time.

**What the Law Says**
Under Section 438 of the Code of Criminal Procedure, 1898, was omitted in Bangladesh by an amendment in 2009 [ACT-1]. Instead, anticipatory bail (also known as pre-arrest bail or Agam Jamin) is now exercised by the High Court Division and Court of Session under their inherent powers granted by Section 498 of The Code of Criminal Procedure, 1898 [ACT-1]. This means a person who fears they might be arrested can apply for anticipatory bail for a limited period, which usually requires them to surrender before a lower court [ACT-1].

Regarding arrests without a warrant, Section 54 of The Code of Criminal Procedure, 1898, allows a police officer to arrest someone without a warrant in several situations [ACT-2]. These include:
*   If a person commits a cognizable offence in the presence of a police officer [ACT-2].
*   If there is a reasonable complaint, credible information, or reasonable suspicion that a person has committed a cognizable offence punishable with imprisonment of less than or up to seven years, and the police officer believes the arrest is necessary for proper investigation, to prevent evidence from disappearing, to prevent tampering with evidence, to prevent the person from influencing witnesses, or to ensure their presence in court [ACT-2]. In such cases, the police officer must record their reasons for arrest in writing, or reasons for not arresting if an arrest is not required [ACT-2].
*   If there is credible information that a person has committed a cognizable offence punishable with imprisonment for more than seven years, or with a death sentence, and the police officer has reason to believe the person committed the offence [ACT-2].
*   If a person possesses house-breaking tools without a lawful excuse [ACT-2].
*   If a person has been proclaimed as an offender [ACT-2].
*   If a person possesses stolen property or is suspected of committing an offence related to it [ACT-2].
*   If a person obstructs a police officer or escapes/attempts to escape lawful custody [ACT-2].
*   If a person is reasonably suspected of being a deserter from the armed forces of Bangladesh [ACT-2].
*   If a person is suspected of committing an act outside Bangladesh that would be an offence in Bangladesh and is liable for apprehension under extradition law [ACT-2].
*   If a released convict breaches rules made under Section 565(3) [ACT-2].
*   If a requisition for arrest is received from another police officer, specifying the person and offence, and it appears the person could lawfully be arrested without a warrant by the issuing officer [ACT-2].

A police officer cannot arrest someone under Section 54 for the purpose of detaining them under any law for preventive detention [ACT-2].

**What You Should Do Now**
1.  If you fear you might be arrested, you can consult a lawyer to explore applying for anticipatory bail under Section 498 of the CrPC.
2.  If you are arrested without a warrant, ask the police officer for the reasons for your arrest.
3.  If you are granted anticipatory bail, ensure you follow the court's directions, which typically include appearing before the competent lower court within a specified period [ACT-1].

**Evidence to Keep**
-   Any documents related to the case or complaint against you.
-   Proof of your identity and residence.
-   Any court orders, especially if you have been granted anticipatory bail.

**Where to Go / Who to Contact**
*   For anticipatory bail, you would approach the High Court Division or a Court of Session through a lawyer [ACT-1].
*   If you are arrested, you will be brought before a Magistrate.
*   Legal Aid: 16430
*   Police: 999

**When You Need a Lawyer**
You need a lawyer as soon as you apprehend arrest or if you have been arrested, to understand your rights and navigate the legal process, including applying for bail

---
**Sources**
- **[ACT-1]** The Code of Criminal Procedure, 1898, Section 498: Power to direct admission to bail or reduction of bail (Anticipatory Bail / Agam Jamin) *(Status: Active)*
- **[ACT-2]** The Code of Criminal Procedure, 1898, Section 54: When police may arrest without warrant *(Status: Amended)*","Code of Criminal Procedure, 1898",498,False,[],NOT_AVAILABLE,[],"['438', '498', '438', '498', '54', '565(3)', '54', '498', '498', '54']",True,NOT_AVAILABLE,False,[],False,[],,,,,
Q02,Limitation Act,What is the limitation period for a suit for 'Specific Performance of Contract' in Bangladesh? Please cite the specific Article of the Limitation Act,"For specific performance in Bangladesh, the limitation period is 1 year under Article 113 of the First Schedule to the Limitation Act, 1908. Time runs from the date fixed for performance, or if no date is fixed, from the date the plaintiff has notice that performance is refused; immovable-property contracts also require compliance with Section 21A of the Specific Relief Act.","**What This Means For You**
In Bangladesh, if you want to file a lawsuit for specific performance of a contract, you need to do it within a certain time limit. This time limit is crucial, and if you miss it, you might not be able to file your lawsuit.

**What the Law Says**
Under Section 113 [ACT-1] of the Limitation Act, 1908, the limitation period for a suit for specific performance of a contract is three years. This period starts from the date fixed for the performance of the contract, or if no such date is fixed, from the date when the plaintiff has notice that performance is refused.

**What You Should Do Now**
1. Check your contract to see if there's a specific date for performance.
2. If there's no specific date, determine when you first knew that the other party was refusing to perform their part of the contract.
3. Calculate three years from that date to determine the limitation period for your lawsuit.

**Evidence to Keep**
- A copy of the contract
- Any communication or notice related to the performance of the contract
- Proof of when you first knew that the other party was refusing to perform their part of the contract

**Where to Go / Who to Contact**
You can contact the District Court or a lawyer specializing in contract law for guidance on filing a lawsuit for specific performance of a contract.

**When You Need a Lawyer**
You should consult a lawyer if you're unsure about the limitation period or the specifics of your contract, as they can provide you with personalized advice and help you navigate the legal process.

---
**Sources**
- **[ACT-1]** The Limitation Act, 1908, Section 113: Article 113 - For specific performance of a contract *(Status: In Force)*","Limitation Act, 1908",Article 113,False,[],NOT_AVAILABLE,[],"['113', '113']",False,NOT_AVAILABLE,False,[],False,[],,,,,
Q03,Family Law,A man dies in 2025. He has a living son and a grandson (the son of another son who died in 2020). Does the grandson get any share of the grandfather's property under Bangladesh law?,"Yes. Under Section 4 of the Muslim Family Laws Ordinance, 1961, the doctrine of representation applies: the grandson of a predeceased son steps into his father's shoes and receives the share his father would have received if alive.","**What This Means For You**
The grandson may have a claim to a share of his grandfather's property, but this depends on specific circumstances and the application of Bangladesh's inheritance laws. The grandson's rights would typically arise if his father (the deceased son) had a share in the grandfather's property at the time of his own death.

**What the Law Says**
Under the laws of inheritance in Bangladesh, which are primarily governed by the Muslim Personal Law (Shariat) Application Act, 1937, and the Bangladesh Citizenship (Temporary Provisions) Order, 1972, property distribution after a person's death generally follows Islamic principles of inheritance. However, specific details about these laws are not provided in the verified sources. Generally, in Islamic law, a grandson can inherit from his grandfather if his father (the son of the grandfather) is deceased. The exact share would depend on the number of surviving heirs and their relationships to the deceased.

**What You Should Do Now**
1. Determine the total assets and properties of the deceased grandfather.
2. Identify all legal heirs according to Islamic law or the applicable law of inheritance in Bangladesh.
3. Consult with a legal expert or a lawyer specializing in inheritance law in Bangladesh to understand the specific rights and shares of each heir, including the grandson.

**Evidence to Keep**
- Documents proving the relationship between the deceased and his heirs (e.g., birth certificates, death certificates).
- Documents related to the properties and assets of the deceased.
- Any will or testament left by the deceased, if applicable.

**Where to Go / Who to Contact**
For specific advice and to initiate the process of inheritance, contact a lawyer specializing in family and inheritance law in Bangladesh. You may also need to visit the local court or the office of the Deputy Commissioner (DC) in your area for certain legal procedures.

**When You Need a Lawyer**
You should consult a lawyer immediately if there is a dispute among the heirs regarding the distribution of the property or if you need guidance on how to legally claim your share of the inheritance.

---
**Sources**
- **[ACT-1]** The Bangladesh Labour Act, 2006, Section 155: Distribution of compensation *(Status: Active)*
- **[ACT-2]** The Bangladesh Labour Act, 2006, Section 35: Restriction on certain agreements in respect of children *(Status: Active)*
- **[DLR-1]** Bangladesh, represented by the Secretary, Ministry of Works, Housing and Settlement and ors vs Md Abu Bakar and others — DLR (AD) 2005 | Appellate Division | 2005
- **[DLR-2]** Government of the People's Republic of Bangladesh, represented by the DC and another VS Abdur Rahman and others — DLR (AD) 2005 | Appellate Division | 2005
- **[DLR-3]** Yaor Mia (Md) and anothe VS Haji Shah Dhanai Ali and others — DLR (AD) 2005 | Appellate Division | 2005
- **[DLR-4]** Government of Bangladesh and another VS Md Afsar Ali and others — DLR (AD) 2003 | Appellate Division | 2003
- **[DLR-5]** Bangladesh represented by the Secretary, Ministry of Establishment and others VS Abdul halim miah and others — DLR (AD) 2005 | Appellate Division | 2005","Muslim Family Laws Ordinance, 1961",4,False,[],NOT_AVAILABLE,[],"['155', '35']",False,NOT_AVAILABLE,True,['Bangladesh Labour Act'],False,[],,,,,
Q04,Criminal Law,"If a person is accused of 'Defamation' under Section 500 of the Penal Code in Sylhet, can the police arrest them immediately without a warrant?","No. Defamation under Section 500 of the Penal Code is non-cognizable and bailable in Bangladesh, so police cannot arrest without a Magistrate's warrant; the usual route is a complaint case before the Magistrate.","**What This Means For You**
If you're accused of defamation in Sylhet, the police might arrest you, but they should follow proper procedures. Defamation is a serious matter, and understanding your rights is crucial.

**What the Law Says**
Under Section 500 of the Penal Code [ACT-1], defamation is a punishable offense. However, according to the Code of Criminal Procedure, the police typically need a warrant to arrest someone for a non-cognizable offense like defamation. But, if the offense is committed in the presence of a police officer or if there's a reasonable suspicion, they might arrest without a warrant.

**What You Should Do Now**
1. Seek legal counsel immediately to understand your rights and the next steps.
2. If arrested, ask to see the warrant or know the reason for the arrest.
3. Cooperate with the police but remain silent until your lawyer advises you.

**Evidence to Keep**
- Any communication or documents related to the alleged defamation
- Witness statements or evidence that can support your case

**Where to Go / Who to Contact**
Contact the Sylhet Metropolitan Magistrate Court or the Sylhet District Court for legal proceedings. You can also reach out to the Sylhet Police Superintendent or the local police station for initial inquiries. For legal aid, call the National Legal Aid Services Organization helpline (if available) or a local lawyer.

**When You Need a Lawyer**
You should consult a lawyer as soon as possible after being accused of defamation to protect your rights and build a strong defense.

---
**Sources**
- **[ACT-1]** The Penal Code, 1860, Section 500: Punishment for defamation *(Status: Amended)*","Penal Code, 1860",500,False,[],NOT_AVAILABLE,[],"['500', '500']",True,NOT_AVAILABLE,True,['Code of Criminal Procedure'],False,[],,,,,
Q05,,Can I file a 'Second Appeal' to the High Court Division on a pure question of fact under Section 100 of the CPC?,"No. Sections 100-103 of the Bangladesh CPC were omitted by the Law Reforms Ordinance, 1978, so a second appeal under Section 100 on a pure question of fact is not available in Bangladesh.",,,,,,,,,,,,,,,,,,,"HTTPConnectionPool(host='127.0.0.1', port=10001): Read timed out. (read timeout=60)"
Q06,Criminal Procedure,Explain the procedure for 'Executive Magistrates' to conduct a full trial and award a 7-year rigorous imprisonment sentence for a theft case.,Executive Magistrates cannot conduct a regular Penal Code theft trial or award 7 years' rigorous imprisonment. Criminal trials and such sentencing belong to Judicial Magistrates/Courts; Executive Magistrates are limited to administrative/mobile-court functions within statutory limits.,"**What This Means For You**
If you're involved in a theft case, an Executive Magistrate might conduct your trial. However, their power to award imprisonment is limited. For a 7-year sentence, the case might need to be transferred to a higher court.

**What the Law Says**
Under Section 32 of the Code of Criminal Procedure, 1898 [ACT-2], the Courts of Magistrates have limited powers to pass sentences. A Magistrate of the first class can award imprisonment for up to 5 years, but not more. For a sentence of 7 years, the case would typically need to be tried by a higher court, such as a Sessions Judge, as per Section 31 of the Code of Criminal Procedure, 1898 [ACT-6]. 

**What You Should Do Now**
1. Check the specific charges and the court that is hearing your case.
2. Understand the evidence presented against you and prepare your defense.
3. If the sentence exceeds the Magistrate's power, the case may be transferred to a higher court.

**Evidence to Keep**
- Copies of the charges against you
- Any evidence in your defense
- Records of court proceedings

**Where to Go / Who to Contact**
Contact the District Court or the Sessions Judge Court, depending on where your case is being heard. You can also reach out to the Legal Aid services in Bangladesh for assistance.

**When You Need a Lawyer**
You should consult a lawyer as soon as possible if you're facing a theft charge that could result in a significant prison sentence, especially if the case may be transferred to a higher court.

---
**Sources**
- **[ACT-2]** The Code of Criminal Procedure, 1898, Section 32: Sentences which Magistrates may pass *(Status: Amended)*
- **[ACT-6]** The Code of Criminal Procedure, 1898, Section 31: Sentences which High Court Division and Sessions Judges may pass *(Status: Amended)*","Code of Criminal Procedure, 1898",29C,False,[],NOT_AVAILABLE,[],"['32', '31', '32', '31']",False,NOT_AVAILABLE,False,[],False,[],,,,,
Q07,Land Reform,I am a wealthy businessman. Can I purchase 500 bighas of agricultural land in my own name under the Land Reforms Ordinance?,"No. Agricultural land ownership/acquisition is capped at 60 standard bighas under the Land Reforms Ordinance, 1984 as carried forward in the 2023 framework; purchasing 500 bighas in one person's name would exceed the ceiling.","**What This Means For You**
As a wealthy businessman, you are subject to the restrictions on acquiring agricultural land under the Land Reforms Act, 2023. This means you cannot purchase 500 bighas of agricultural land in your own name. The law limits the amount of agricultural land an individual or family can own.

**What the Law Says**
Under Section 4 [ACT-1] of the Land Reforms Act, 2023, the owner of agricultural land exceeding 60 standard bighas or his family shall not be able to acquire any new agricultural land by transfer, inheritance, donation, or any other means. This section restricts the acquisition of additional agricultural land if you already own more than 60 standard bighas.

**What You Should Do Now**
1. Review your current landholdings to determine if you already own more than 60 standard bighas of agricultural land.
2. If you do not own more than 60 standard bighas, you can consider purchasing additional land, but you must ensure that the total landholding does not exceed 60 standard bighas.
3. If you wish to acquire more than 60 standard bighas, you should explore alternative options, such as forming a cooperative society or seeking government approval for specific exceptions listed in the Act.

**Evidence to Keep**
- Records of your current landholdings
- Documents showing the size and location of the land you wish to purchase
- Any relevant government approvals or exemptions

**Where to Go / Who to Contact**
You can contact the Ministry of Lands or the local Collector's office for guidance on the Land Reforms Act, 2023, and to inquire about any specific requirements or exceptions.

**When You Need a Lawyer**
You should consult a licensed lawyer if you are unsure about the application of the Land Reforms Act, 2023, to your specific situation or if you need assistance with navigating the legal process for acquiring or transferring agricultural land.

---
**Sources**
- **[ACT-1]** Land Reforms Act, 2023, Section 4: Restrictions on acquisition of agricultural land *(Status: Active)*","Land Reforms Ordinance, 1984 / Land Reforms Act, 2023",4,False,[],NOT_AVAILABLE,[],"['4', '4']",True,NOT_AVAILABLE,True,['Land Reforms Act'],False,[],,,,,
Q08,Tax,How much 'Wealth Tax' do I owe under the Income Tax Act 2023 if my assets exceed 5 Crore BDT?,"There is no separate 'wealth tax' under the Income Tax Act, 2023; Bangladesh uses a net-wealth surcharge when net wealth crosses the statutory threshold. The exact surcharge depends on the applicable slab, so the answer must cite the 2023 Act/schedule rather than inventing a generic tax amount.","**What This Means For You**
If your assets exceed 5 Crore BDT, you may be subject to wealth tax under the Income Tax Act 2023. This means you'll need to calculate and pay an additional tax on your wealth.

**What the Law Says**
Under Section 41 of the Income Tax Act 2023 [ACT-1], wealth tax is calculated based on the value of your assets. However, the exact rate of wealth tax is not specified in the provided sections of the Act.

**What You Should Do Now**
1. Review your asset portfolio to determine if your assets exceed 5 Crore BDT.
2. Consult a licensed tax professional or accountant to help calculate your wealth tax liability.
3. Ensure you have all necessary documents and records to support your tax calculation.

**Evidence to Keep**
- Records of all assets, including property, investments, and other valuables
- Documents showing the value of each asset
- Calculation of total asset value

**Where to Go / Who to Contact**
National Board of Revenue (NBR) - for guidance on wealth tax calculation and payment

**When You Need a Lawyer**
If you receive a notice from the NBR or are audited regarding your wealth tax, it is recommended that you consult a licensed lawyer specializing in tax law to ensure your rights are protected.

---
**Sources**
- **[ACT-1]** আয়কর আইন, ২০২৩, Section 41: ধারা ৪১ — ধারা ৪১, Section 41, আয়কর, income tax, tax law, Bangladesh tax *(Status: Active)*","Income Tax Act, 2023",,False,[],NOT_AVAILABLE,[],"['41', '41', '41']",N/A,NOT_AVAILABLE,False,[],False,[],,,,,
Q09,Property/Land,Does a 'Mutation Khatian' issued by the Assistant Commissioner (Land) serve as a conclusive document of title/ownership in Bangladesh?,"No. Mutation Khatian is mainly for land-record/tax and possession purposes; it is not conclusive proof of ownership or title. Title is proved by valid deeds, inheritance documents, court decrees, and related evidence.","**What This Means For You**
A Mutation Khatian is a document that records the transfer of ownership of land, but it does not necessarily serve as a conclusive document of title or ownership in Bangladesh. This means that having a Mutation Khatian is important, but it may not be enough to prove ownership in all cases.

**What the Law Says**
Under Section 2 of the State Acquisition and Tenancy Act, 1950 (Act No. XXVIII of 1951), as referenced in the Land Reforms Act, 2023 [ACT-1], a Mutation Khatian is a record of the transfer of ownership, but the Act does not explicitly state that it is a conclusive document of title. However, it is a crucial document in the process of establishing ownership. A court also ruled in various cases, such as those found in DLR, that a Mutation Khatian can be an important piece of evidence in determining ownership, but it is not the only factor considered.

**What You Should Do Now**
1. Verify the Mutation Khatian with the relevant land authorities to ensure it is accurate and up-to-date.
2. Check if there are any disputes or claims against the land that could affect ownership.
3. Consider consulting with a licensed lawyer to review the Mutation Khatian and other relevant documents to determine the best course of action.

**Evidence to Keep**
- The original Mutation Khatian document
- Any supporting documents, such as deeds or agreements
- Records of payment of taxes and other fees related to the land

**Where to Go / Who to Contact**
The Assistant Commissioner (Land) or the District Commissioner's office can provide information on the Mutation Khatian process. For legal advice, consider contacting a licensed lawyer or the Bangladesh Legal Aid and Services Trust (BLAST) helpline.

**When You Need a Lawyer**
You should consult a lawyer if there is a dispute over the ownership of the land or if you are unsure about the validity of the Mutation Khatian, as a lawyer can provide guidance on how to proceed and protect your rights.

---
**Sources**
- **[ACT-1]** Land Reforms Act, 2023, Section 2: Definitions *(Status: Active)*",,,False,[],NOT_AVAILABLE,[],"['2', '2']",N/A,NOT_AVAILABLE,N/A,,False,[],,,,,
Q10,Labour Law,"I am hiring a clerk in my office in Sylhet. Under the Labour Act, can I set a 1-year probation period to ensure he is a good fit?","No. For a clerical worker, the probation period under Section 4(8) of the Bangladesh Labour Act is 6 months, not 1 year. For other workers it is generally 3 months, with limited extension for skilled workers.","**What This Means For You**
You want to hire a clerk and ensure they are a good fit for your office. However, the probation period is regulated by law. 

**What the Law Says**
Under Section 4 of the Bangladesh Labour Act, 2006 [ACT-1], the period of probation for a worker whose function is of clerical nature shall be 6 (six) months. This means you can set a probation period, but it should not exceed 6 months for a clerical worker.

**What You Should Do Now**
1. Review the job requirements and ensure you are hiring the clerk as a permanent worker or probationer.
2. Set a probation period of 6 months as per the law for clerical workers.
3. Clearly communicate the terms of the probation period to the clerk, including the expectations and evaluation criteria.

**Evidence to Keep**
- Job description and requirements
- Employment contract or agreement
- Performance evaluation records during the probation period

**Where to Go / Who to Contact**
If you have any questions or concerns, you can contact the Department of Labour in Sylhet or the Bangladesh Labour Foundation.

**When You Need a Lawyer**
If you are unsure about the specific laws and regulations applicable to your business or need help with drafting an employment contract, it is recommended that you consult a licensed lawyer.

---
**Sources**
- **[ACT-1]** The Bangladesh Labour Act, 2006, Section 4: Classification of workers and probation period *(Status: Active)*","Bangladesh Labour Act, 2006",4(8),False,[],NOT_AVAILABLE,[],"['4', '4']",False,NOT_AVAILABLE,False,[],False,[],,,,,
Q13,Civil Procedure,"I have a property dispute valued at Tk 4.5 Crore. Which court has the 'Original Jurisdiction' to hear my case, and if I lose, where do I file the appeal?","For a Tk 4.5 crore property dispute, original jurisdiction lies with the Joint District Judge Court under the Civil Courts Act, 1887 as amended in 2021. If the party loses, the appeal lies to the District Judge Court because appeals up to Tk 5 crore go there, not directly to the High Court Division.","**What This Means For You**
You have a property dispute worth Tk 4.5 Crore, and you need to know which court can hear your case initially. The court that hears your case first is important because it sets the stage for the entire legal process.

**What the Law Says**
Under Section 18 of The Civil Courts Act, 1887 [ACT-1], the original jurisdiction of a District Judge or Joint District Judge extends to all original suits for the time being cognizable by Civil Courts without any pecuniary limit. This means that for property disputes valued at high amounts, such as yours (Tk 4.5 Crore or above), the Joint District Judge has the original civil jurisdiction.

**What You Should Do Now**
1. File your case with the Joint District Judge's court, as they have the original jurisdiction to hear property disputes valued at Tk 4.5 Crore or above.
2. Ensure you have all necessary documents and evidence to support your claim.
3. If you lose your case, you can file an appeal with the High Court Division, as per the hierarchy of courts in Bangladesh.

**Evidence to Keep**
- Property deeds and documents
- Valuation reports
- Any agreements or contracts related to the property
- Evidence of ownership or possession

**Where to Go / Who to Contact**
You should file your case with the Joint District Judge's court in your district. For appeals, you will need to go to the High Court Division.

**When You Need a Lawyer**
You should consult a licensed lawyer as soon as possible to get professional help with your property dispute, especially since the value is high and the legal process can be complex.

---
**Sources**
- **[ACT-1]** The Civil Courts Act, 1887, Section 18: Extent of original jurisdiction of District or Joint District Judge *(Status: In Force)*","Civil Courts Act, 1887",,False,[],NOT_AVAILABLE,[],"['18', '18']",N/A,NOT_AVAILABLE,False,[],False,[],,,,,
Q14,Criminal Law/Evidence,"While in police custody, an accused says, ""I killed the man and hid the knife under the bridge."" The police find the knife under the bridge. Is the statement ""I killed the man"" admissible in court?","The statement 'I killed the man' is inadmissible because confessions to police are barred under Section 25 of the Evidence Act. Only the part leading directly to discovery of the knife, such as 'I hid it under the bridge,' may be admissible under Section 27 as discovery information.","**What This Means For You**
The statement made by the accused while in police custody may not be admissible in court as evidence against them. This is because the statement was made while the accused was in custody, and the law has specific rules about the admissibility of such statements.

**What the Law Says**
Under Section 26 of the Evidence Act, 1872 [ACT-5], a confession made by an accused while in the custody of a police officer is not admissible as evidence against them, unless it was made in the immediate presence of a Magistrate. Since the accused's statement ""I killed the man"" was made while in police custody, it may not be admissible in court.

**What You Should Do Now**
1. The accused should consult with a lawyer to understand their rights and the implications of the statement made while in custody.
2. The lawyer can help determine whether the statement is admissible in court and advise on the best course of action.
3. The accused should not make any further statements to the police without consulting with their lawyer.

**Evidence to Keep**
- Record of the statement made by the accused while in police custody
- Details of the circumstances under which the statement was made
- Any other relevant evidence, such as the knife found under the bridge

**Where to Go / Who to Contact**
The accused should contact a licensed lawyer or the Legal Aid office (16430) for guidance on their case.

**When You Need a Lawyer**
The accused should seek the advice of a lawyer immediately, as the statement made while in custody may have significant implications for their case, and a lawyer can help protect their rights and interests.

---
**Sources**
- **[ACT-5]** The Evidence Act, 1872, Section 26: Confession by accused while in — confession, made, whilst, custody, policeofficer, immediate, presence, Magistrate *(Status: Amended)*","Evidence Act, 1872",25/27,False,[],NOT_AVAILABLE,[],"['26', '26']",False,NOT_AVAILABLE,False,[],False,[],,,,,
Q15,Criminal Procedure,A Magistrate receives a police report (Final Report) stating there is no evidence against the accused. Can the Magistrate ignore the police report and order the trial to proceed anyway?,"Yes. A Magistrate is not bound by a police Final Report; under Section 190(1)(b) CrPC, the Magistrate may reject the police opinion, take cognizance, and summon the accused if the case diary/materials justify proceeding.","**What This Means For You**
If a Magistrate receives a police report stating there's no evidence against you, it's a significant development in your case. However, the Magistrate has the authority to decide whether to proceed with the trial or not. This means the case might still move forward even if the police found no evidence.

**What the Law Says**
Under Section 249 of the Code of Criminal Procedure, 1898 [ACT-1], if a Magistrate receives a police report (Final Report) stating there is no evidence against the accused, the Magistrate can still order the trial to proceed if they deem it necessary. The law allows the Magistrate to direct the trial court to give reasonable time to the defendant to submit a written statement and proceed in accordance with the law.

**What You Should Do Now**
1. Review the police report and understand the reasons behind the ""no evidence"" conclusion.
2. Prepare a written statement to submit to the court, addressing any points you believe are relevant to your case.
3. Consult with a lawyer to understand your options and the best course of action.

**Evidence to Keep**
- A copy of the police report (Final Report)
- Any evidence or documents that support your case
- A record of any interactions with the police or court officials

**Where to Go / Who to Contact**
Contact the Magistrate Court where your case is being heard or reach out to a licensed lawyer for guidance. You can also call the Legal Aid helpline (16430) for assistance.

**When You Need a Lawyer**
You should consult a lawyer immediately if the Magistrate orders the trial to proceed despite the police report stating there is no evidence against you.

---
**Sources**
- **[ACT-1]** The Code of Criminal Procedure, 1898, Section 249: Power to stop proceedings when no complainant *(Status: Amended)*","Code of Criminal Procedure, 1898",190(1)(b),False,[],NOT_AVAILABLE,[],"['249', '249']",False,NOT_AVAILABLE,False,[],False,[],,,,,
Q17,Family Law,"If a Hindu woman in Bangladesh inherits land under the Hindu Succession Act, can she sell it freely?","No. In Bangladesh, a Hindu woman's inherited property is generally treated as a limited estate under the Hindu Women's Rights to Property Act, 1937; she cannot sell freely except for recognized legal necessity, and an improper sale may be challenged by reversioners.","**What This Means For You**
As a Hindu woman in Bangladesh, if you inherit land, your rights to it are protected by law, but there are specific rules about how you can use or sell this land. Understanding these rules is crucial to making decisions about your property.

**What the Law Says**
Under Section 3 of The Hindu Women's Rights to Property Act, 1937 [ACT-1], when a Hindu governed by the Dayabhaga School of Hindu Law dies intestate, his widow is entitled to the same share as a son in his property. However, any interest devolving on a Hindu widow under this provision is a limited interest known as a Hindu woman's estate. This means that while she has the right to claim partition as a male owner, her ability to sell the land freely might be subject to certain conditions and limitations due to the nature of her estate.

**What You Should Do Now**
1. Consult with a legal expert to understand the specific conditions of your inheritance and the rights associated with a Hindu woman's estate.
2. Review any existing documents related to the property, such as the deed or will, to understand any restrictions on sale or transfer.
3. Consider seeking advice from a lawyer specializing in property and succession law to guide you through the process of selling or managing the inherited land.

**Evidence to Keep**
- Copy of the property deed
- Will or succession documents (if applicable)
- Proof of inheritance and legal rights to the property

**Where to Go / Who to Contact**
For legal advice and assistance, you can contact the Bangladesh National Legal Aid Services Organization or visit the District Judge Court in your area. For general inquiries, you can also call the Legal Aid helpline: 16430.

**When You Need a Lawyer**
You should seek professional legal help when you are considering selling or transferring inherited property to ensure you are acting within your legal rights and avoiding any potential disputes or legal issues.

---
**Sources**
- **[ACT-1]** The Hindu Women's Rights to Property Act, 1937, Section 3: Devolution of property on Hindu widow *(Status: In Force)*","Hindu Women's Rights to Property Act, 1937",,False,[],NOT_AVAILABLE,[],"['3', '3']",N/A,NOT_AVAILABLE,False,[],False,[],,,,,
Q18,Limitation Act,"Under the Limitation Act in Bangladesh, how many years does a party have to file a suit for breach of a simple contract?","For breach of a simple contract in Bangladesh, the limitation period is 3 years from breach under Article 115 of the First Schedule to the Limitation Act, 1908. For written registered contracts, Article 116 may provide 6 years.","**What This Means For You**
If someone breaches a simple contract with you, you have a limited time to take legal action. In Bangladesh, this time limit is set by the Limitation Act. Knowing this time limit is crucial to protect your rights.

**What the Law Says**
Under Section 115 [ACT-1] of the Limitation Act, 1908, a suit for compensation for the breach of any contract, express or implied, not in writing registered and not specially provided for, has a period of limitation of three years. This means you have three years from when the contract is broken, or when the breach in respect of which the suit is instituted occurs, to file your suit.

**What You Should Do Now**
1. Review your contract to understand the terms and when the breach occurred.
2. Calculate the three-year period from the date of the breach.
3. Consult with a lawyer to discuss your options for filing a suit within the given timeframe.

**Evidence to Keep**
- A copy of the contract
- Proof of the breach (e.g., emails, letters, witness statements)
- Records of any attempts to resolve the issue amicably

**Where to Go / Who to Contact**
For legal advice and to file a suit, you should contact a licensed lawyer or visit the District Court or the Supreme Court of Bangladesh, depending on the nature and value of your claim.

**When You Need a Lawyer**
You should consult a lawyer as soon as possible if you believe a breach of contract has occurred and you intend to take legal action, to ensure you file your suit within the three-year limitation period.

---
**Sources**
- **[ACT-1]** The Limitation Act, 1908, Section 115: Article 115 - For compensation for the breach of any contract *(Status: In Force)*","Limitation Act, 1908",Article 115,False,[],NOT_AVAILABLE,[],"['115', '115']",False,NOT_AVAILABLE,False,[],False,[],,,,,
Q19,Tax,"I am calculating my tax return for 2026. Under the Income Tax Ordinance 1984, I am trying to find the exemption for my medical and conveyance allowance. Can you guide me through the math?","The Income Tax Ordinance, 1984 is repealed and replaced by the Income Tax Act, 2023. Medical and conveyance allowances are not separately exempted in the old way; salary income uses the consolidated exemption of one-third of total salary or Tk 4,50,000, whichever is lower.","**What This Means For You**
You are trying to calculate your tax return for 2026 and need to find the exemption for your medical and conveyance allowance under the Income Tax Ordinance 1984. This means you want to know how much of your income is taxable and how much you can deduct as allowances.

**What the Law Says**
Under the Income Tax Ordinance 1984, there are specific provisions for exemptions and deductions. However, the provided verified sources do not include the Income Tax Ordinance 1984. The sources provided are related to the আয়কর আইন, ২০২৩ (Income Tax Act, 2023) and some case laws.

**What You Should Do Now**
1. Check the Income Tax Act, 2023, to see if it has any provisions related to medical and conveyance allowances.
2. Consult a licensed Bangladeshi lawyer or tax consultant to get accurate advice on calculating your tax return.
3. Verify the specific exemptions and deductions available under the current tax laws in Bangladesh.

**Evidence to Keep**
- Records of your medical expenses
- Records of your conveyance expenses
- Your employment contract or letter stating your allowances

**Where to Go / Who to Contact**
National Board of Revenue (NBR) - for tax-related queries and guidance
Legal Aid: 16430 (for general legal guidance)

**When You Need a Lawyer**
You should consult a lawyer if you are unsure about the tax laws or need personalized advice on calculating your tax return.

---
**Sources**
- **[ACT-1]** আয়কর আইন, ২০২৩, Section 41: ধারা ৪১ — ধারা ৪১, Section 41, আয়কর, income tax, tax law, Bangladesh tax *(Status: Active)*
- **[ACT-2]** আয়কর আইন, ২০২৩, Section 42: ]কৃিষ হইেতআয় খােতআয় গণনারক্ষেত্রঅনুেমািদতসাধারণিবেয়াজনসমূহ — ধারা ৪২, Section 42, আয়কর, income tax, tax law, Bangladesh tax *(Status: Active)*
- **[ACT-3]** আয়কর আইন, ২০২৩, Section 43: িহসাববিহরক্ষণাবেক্ষণনা কিরবারক্ষেত্র িবেশষিবেয়াজনপিরগণনা — ধারা ৪৩, Section 43, আয়কর, income tax, tax law, Bangladesh tax *(Status: Active)*
- **[ACT-4]** আয়কর আইন, ২০২৩, Section 44: ধারা ৪৪ — ধারা ৪৪, Section 44, আয়কর, income tax, tax law, Bangladesh tax *(Status: Active)*
- **[DLR-1]** Fatema Khatun and others VS Abdul Quddus — DLR (AD) 2005 | Appellate Division | 2005
- **[DLR-2]** State VS Abdur Rahim — DLR (AD) 2005 | Appellate Division | 2005
- **[DLR-3]** Yaor Mia (Md) and anothe VS Haji Shah Dhanai Ali and others — DLR (AD) 2005 | Appellate Division | 2005
- **[DLR-4]** Abdul Mannan VS Tayeb Ali and others — DLR (AD) 2006 | Appellate Division | 2006
- **[DLR-5]** Abdul Kader VS Secretary, Election Commission and others — DLR (AD) 2005 | Appellate Division | 2005","Income Tax Act, 2023",,False,[],NOT_AVAILABLE,[],"['41', '41', '42', '42', '43', '43', '44', '44']",N/A,NOT_AVAILABLE,False,[],False,[],,,,,
Q21,Tenancy (NAT Act),My family has been living on a rented residential plot for 15 years. We want to build a small brick (pucca) house here. Do we need to ask our landlord for permission first?,"Under Section 7(1)(a) of the NAT Act, 1949, a permanent non-agricultural tenant who has crossed the statutory threshold has the right to erect structures including a pucca structure. Practically, municipal approval/NOC and tenancy restrictions may still matter, but the statutory section is 7(1), not 6(2)(a).","**What This Means For You**
You've been living on a rented plot for 15 years and want to build a small brick house. Before you start, it's essential to understand your rights as a tenant. 

**What the Law Says**
Under Section 6 of the Non-Agricultural Tenancy Act, 1949 [ACT-1], a tenant holding non-agricultural land may use such land in any manner which is not inconsistent with any of the purposes for which non-agricultural land may be held under this Act. According to Section 7 of the Non-Agricultural Tenancy Act, 1949 [ACT-4], if a non-agricultural land has been held for a period of not less than twelve years without any lease in writing, the tenant shall not be ejected by his landlord from such land except on certain grounds. Since you've been living there for 15 years, you have certain rights. However, it's still important to check your lease agreement or consult with your landlord to ensure you're not violating any terms.

**What You Should Do Now**
1. Review your lease agreement to see if it mentions anything about constructing buildings on the plot.
2. Consult with your landlord to obtain permission for building a pucca house, even if you're not required to by law.
3. Ensure that your construction plans align with the purposes for which non-agricultural land may be held under the Act.

**Evidence to Keep**
- A copy of your lease agreement
- Any written communication with your landlord regarding the construction
- Proof of your tenure on the plot (e.g., rent receipts, utility bills)

**Where to Go / Who to Contact**
If you need help with understanding your lease or resolving any disputes, you can contact the Deputy Commissioner's office or a local legal aid organization.

**When You Need a Lawyer**
If your landlord disputes your right to construct a pucca house or threatens to eject you from the plot, you should consult a licensed lawyer specializing in tenancy law in Bangladesh.

---
**Sources**
- **[ACT-1]** The Non-Agricultural Tenancy Act, 1949, Section 6: Manner of use of non-agricultural lands *(Status: Active)*
- **[ACT-4]** The Non-Agricultural Tenancy Act, 1949, Section 7: Incidents of certain tenancies *(Status: Amended)*","Non-Agricultural Tenancy Act, 1949",7(1)(a),False,[],NOT_AVAILABLE,[],"['6', '7', '6', '7']",False,NOT_AVAILABLE,False,[],False,[],,,,,
Q23,Tenancy (NAT Act),Distinguish between the classes of non-agricultural tenants recognized under Chapter II of the NAT Act 1949.,"Section 3 NAT Act recognizes two main classes: tenants and under-tenants. Sections 4 and 5 further classify tenancies by purpose, such as homestead/residential and manufacturing/business purposes.","**What This Means For You**
As a non-agricultural tenant in Bangladesh, it's essential to understand the different classes of tenants recognized under the law. This distinction can affect your rights and responsibilities as a tenant. The Non-Agricultural Tenancy Act 1949 (NAT Act 1949) recognizes two main classes of non-agricultural tenants.

**What the Law Says**
Under Section 3 of the Non-Agricultural Tenancy Act, 1949 [ACT-1], there are two classes of non-agricultural tenants: (1) tenants and (2) under-tenants. A ""tenant"" means a person who has acquired from a proprietor or a tenure-holder a right to hold non-agricultural land for any of the purposes provided in this Act. An ""under-tenant"" means a person who has acquired a right to hold non-agricultural land for any of the purposes provided in this Act either immediately or mediately under a tenant.

**What You Should Do Now**
1. Review your tenancy agreement to determine which class of tenant you belong to.
2. Understand the purposes for which you are holding the non-agricultural land, as specified in Section 4 of the NAT Act 1949 [ACT-3].
3. Familiarize yourself with the rights and responsibilities associated with your class of tenancy.

**Evidence to Keep**
- Copy of your tenancy agreement
- Documentation of your land use (e.g., homestead, residential, manufacturing, or business purposes)

**Where to Go / Who to Contact**
For further clarification or assistance, contact the local authorities or a licensed lawyer specializing in tenancy law.

**When You Need a Lawyer**
You should consult a lawyer if you are unsure about your tenancy classification or if you are facing a dispute with your landlord or other tenants.

---
**Sources**
- **[ACT-1]** The Non-Agricultural Tenancy Act, 1949, Section 3: Classes of non-agricultural tenants *(Status: Active)*
- **[ACT-3]** The Non-Agricultural Tenancy Act, 1949, Section 4: Purposes for which non-agricultural tenant may hold non-agricultural land *(Status: Active)*","Non-Agricultural Tenancy Act, 1949","3,4,5",False,[],NOT_AVAILABLE,[],"['3', '4', '3', '4']",False,NOT_AVAILABLE,False,[],False,[],,,,,
Q24,Tenancy (NAT Act),"What are the exact statutory consequences if a non-agricultural land lease has a fixed written term of 5 years, but the tenant continues to occupy it for a total period of 13 years?","Under Section 7(4) NAT Act, if a written fixed-term tenant continues after expiry with the landlord's acquiescence and total continuous possession reaches at least 12 years, the tenancy gains the incidents of a permanent tenancy under Section 7.","**What This Means For You**
If you're a tenant who has been occupying non-agricultural land for 13 years, with the initial 5-year lease in writing, you have certain rights and protections under the law. Your continued occupation of the land for more than 12 years gives you specific entitlements.

**What the Law Says**
Under Section 7 of the Non-Agricultural Tenancy Act, 1949 [ACT-3], if a non-agricultural land is held under a lease in writing for a period specified therein and continues to be held after the expiration of the time limited by such lease, and the total period for which such land is so held is not less than 12 years, then the tenant shall not be ejected by his landlord from such land except on the ground that he has used such land in a manner which renders it unfit for use for any of the purposes specified in section 4. Additionally, Section 8 of the Non-Agricultural Tenancy Act, 1949 [ACT-2] provides that where any non-agricultural land is held under a lease in writing for a term of not less than twelve years specified in such lease, the tenant holding such land shall, on the expiration of the period so specified, be entitled to the renewal of such lease for perpetuity on such fair and reasonable rent as may be determined.

**What You Should Do Now**
1. Review your lease agreement to understand its terms and conditions.
2. Determine if you have any evidence of your continued occupation of the land beyond the initial 5-year term.
3. Consider consulting with a lawyer to understand your rights and options for lease renewal.

**Evidence to Keep**
- The original lease agreement
- Proof of payment of rent beyond the initial 5-year term
- Any correspondence or agreements with the landlord regarding continued occupation

**Where to Go / Who to Contact**
For legal advice and assistance, you can contact the Bangladesh Bar Council or the Legal Aid Office. You may also need to visit the Deputy Commissioner's office for matters related to non-agricultural tenancy.

**When You Need a Lawyer**
You should consult a lawyer if you receive an eviction notice from your landlord or if you need assistance with renewing your lease or determining a fair and reasonable rent.

---
**Sources**
- **[ACT-2]** The Non-Agricultural Tenancy Act, 1949, Section 8: Renewals of lease of tenancies held for not less than twelve years and succession to, and transfer of, such tenancies *(Status: Amended)*
- **[ACT-3]** The Non-Agricultural Tenancy Act, 1949, Section 7: Incidents of certain tenancies *(Status: Amended)*","Non-Agricultural Tenancy Act, 1949",7(4),False,[],NOT_AVAILABLE,[],"['7', '4', '8', '8', '7']",False,NOT_AVAILABLE,False,[],False,[],,,,,
Q25,Tenancy (NAT Act),Does the NAT Act 1949 permit a non-agricultural tenant to sub-let their tenancy? Quote the relevant restriction introduced by amendments.,"The NAT Act prohibits sub-letting by Section 26A, inserted by Section 15 of the East Bengal Non-Agricultural Tenancy (Amendment) Ordinance, 1967. Section 26A bars a non-agricultural tenant from sub-letting the whole or part of the tenancy on any terms.","**What This Means For You**
The Non-Agricultural Tenancy Act (NAT) 1949 has restrictions on sub-letting, which affects your rights as a tenant. Understanding these restrictions is crucial to avoid any legal issues. 

**What the Law Says**
Under Section 26A of the Non-Agricultural Tenancy Act, 1949 [ACT-1], there is a bar to sub-letting. This means that a non-agricultural tenant is restricted from sub-letting their tenancy. The law aims to prevent misuse of tenancy rights by introducing this restriction.

**What You Should Do Now**
1. Review your tenancy agreement to understand the terms and conditions related to sub-letting.
2. If you are a tenant, ensure you are not sub-letting your tenancy without proper authorization.
3. If you are a landlord, be aware of your tenants' activities to prevent unauthorized sub-letting.

**Evidence to Keep**
- Copy of the tenancy agreement
- Records of any communication with your landlord or tenant regarding sub-letting

**Where to Go / Who to Contact**
For any disputes or queries related to tenancy, contact the local Magistrate Court or the Deputy Commissioner's office.

**When You Need a Lawyer**
You should consult a lawyer if you are facing a dispute related to sub-letting or if you need assistance in understanding your rights and obligations under the Non-Agricultural Tenancy Act, 1949.

---
**Sources**
- **[ACT-1]** The Non-Agricultural Tenancy Act, 1949, Section 26A: Bar to sub-let *(Status: Amended)*","Non-Agricultural Tenancy Act, 1949",26A,False,[],NOT_AVAILABLE,[],"['26A', '26A']",True,NOT_AVAILABLE,False,[],False,[],,,,,
Q26,Tenancy (NAT Act),"I am preparing a civil revision regarding a Section 24 pre-emption case. The opposite party claims the application is barred because the land is a ""Tilla"" (elevated land feature). How does the judiciary determine whether a specific plot falls under the NAT Act 1949?","NAT Act Section 2(4) expressly defines non-agricultural land. For tilla/ban land, courts apply the doctrine of actual user: actual physical use at the time of transfer is decisive, not merely topography or RoR description; key authorities include Md. Sarafat Ali v Md. Abdul Gafur, 38 DLR (AD) 161 and Salamat Ali v Nurjahan Begum, 39 DLR (AD) 103.","**What This Means For You**
The judiciary's determination of whether a plot falls under the Non-Agricultural Tenancy (NAT) Act 1949 is crucial in your civil revision case, especially since the opposite party claims the land is a ""Tilla"" (elevated land feature). This determination will affect the applicability of Section 24 pre-emption. 

**What the Law Says**
Under Section 24 of the Non-Agricultural Tenancy Act, 1949 [ACT-1], the law provides for the power of the co-sharer or the immediate landlord of the transferor to purchase. However, to determine whether a specific plot falls under the NAT Act 1949, the judiciary would consider the nature and use of the land. The NAT Act 1949 applies to non-agricultural lands, and the court would examine whether the plot in question is used for non-agricultural purposes. 

**What You Should Do Now**
1. Gather evidence to prove the land is used for non-agricultural purposes.
2. Show that the plot is not exempt under Section 85 of the NAT Act 1949 [ACT-6].
3. Consult with a licensed lawyer to prepare your civil revision petition.

**Evidence to Keep**
- Documents showing the land use (e.g., receipts, tax payments)
- Witness statements or affidavits
- Maps or surveys indicating the plot's boundaries and features

**Where to Go / Who to Contact**
Contact the Civil Court that has jurisdiction over the area where the land is located.

**When You Need a Lawyer**
You should consult a licensed lawyer immediately to ensure your civil revision petition is properly prepared and presented to the court.

---
**Sources**
- **[ACT-1]** The Non-Agricultural Tenancy Act, 1949, Section 24: Power of the co-sharer or the immediate landlord of transferor to purchase — co-sharer purchase, pre-emption, four months, five percent compensation, transferee *(Status: Active)*
- **[ACT-6]** The Non-Agricultural Tenancy Act, 1949, Section 85: Bar to application of Act to certain lands and to certain cases *(Status: Amended)*","Non-Agricultural Tenancy Act, 1949",2(4) / 24,False,[],NOT_AVAILABLE,[],"['24', '24', '85', '24', '85']",False,NOT_AVAILABLE,False,[],False,[],,,,,
Q27,Tenancy (NAT Act),The landlord has filed an ejectment suit on the ground that a residential tenant (holding for 14 years) dug a water tank on the land without consent. Will the suit succeed under Section 7?,"No. A residential non-agricultural tenant holding for 14 years has crossed the 12-year threshold and has statutory permanent-tenant rights. Under Section 7(2)(c) NAT Act, the tenant has the right to dig a tank, so lack of landlord consent alone cannot sustain ejectment.","**What This Means For You**
The landlord's ejectment suit against you may not succeed if you have been holding the land for 14 years, as you may have acquired certain rights under the Non-Agricultural Tenancy Act. However, the fact that you dug a water tank without consent could be a ground for ejectment.

**What the Law Says**
Under Section 7 of the Non-Agricultural Tenancy Act, 1949 [ACT-1], if a tenant has held non-agricultural land for 12 years or more, they can only be ejected on certain grounds, including using the land in a manner that renders it unfit for use. Digging a water tank without consent may be considered a misuse of the land, but the court will consider whether the landlord has followed the proper procedure, including serving a notice requiring you to remedy the misuse, as stated in Section 75 [ACT-5].

**What You Should Do Now**
1. Review your tenancy agreement and any notices served by the landlord to understand the specific grounds for the ejectment suit.
2. Gather evidence to show that the water tank does not render the land unfit for use, or that you have remedied any misuse.
3. Consider consulting a lawyer to represent you in court and argue your case.

**Evidence to Keep**
- Copy of the tenancy agreement
- Notice served by the landlord (if any)
- Photographs or documents showing the water tank and its impact on the land
- Any correspondence with the landlord regarding the water tank

**Where to Go / Who to Contact**
You can file a response to the ejectment suit in the court where the suit was filed, likely a Magistrate Court or a District Court. You may also want to contact a lawyer specializing in tenancy law for guidance.

**When You Need a Lawyer**
You should consider hiring a lawyer as soon as possible, as the ejectment suit may lead to serious consequences, including loss of your home, and a lawyer can help you navigate the legal process and protect your rights.

---
**Sources**
- **[ACT-1]** The Non-Agricultural Tenancy Act, 1949, Section 7: Incidents of certain tenancies *(Status: Amended)*
- **[ACT-5]** The Non-Agricultural Tenancy Act, 1949, Section 75: Relief against forfeitures in certain cases *(Status: Active)*","Non-Agricultural Tenancy Act, 1949",7(2)(c),False,[],NOT_AVAILABLE,[],"['7', '75', '7', '75']",False,NOT_AVAILABLE,False,[],False,[],,,,,
Q28,Land Reform,"I just inherited an extra 10 bighas of agricultural land from my grandfather, making my total family land 70 bighas. Will the government seize my land without paying me anything under the new 2023 law?","Under the Land Reforms Act 2023, agricultural land ownership is capped at 60 bighas. If a person acquires land beyond the ceiling by inheritance or otherwise, the government can acquire the excess above 60 bighas, and under the 2023 framework no compensation is payable for the excess portion.","**What This Means For You**
You may be at risk of losing some of your land to the government due to the new law. The government may seize the excess land without paying you compensation, but there are specific rules and conditions that apply.

**What the Law Says**
Under Section 4 of the Land Reforms Act, 2023 [ACT-1], if you own more than 60 standard bighas of agricultural land, you may not be able to keep the excess land. The law states that if you acquire new agricultural land, the amount of land in excess of 60 standard bighas shall be surrendered to the government in the manner prescribed by rules, and no compensation shall be payable for the value of the land surrendered. However, if the land was acquired through inheritance, the owner of the land may retain 60 standard bighas of land as per their choice, and the remaining land may be appropriated by the government after paying compensation.

**What You Should Do Now**
1. Calculate the total amount of land you own in standard bighas, considering that 1 standard bigha is equal to 33 hundredths of a bigha.
2. Determine how much land you can keep under the new law (up to 60 standard bighas).
3. Consider consulting with a lawyer or the relevant government authority to understand the specific rules and procedures for surrendering excess land.

**Evidence to Keep**
- Documents proving your ownership of the land
- Records of the inheritance from your grandfather
- Calculation of your total land ownership in standard bighas

**Where to Go / Who to Contact**
You can contact the Ministry of Lands or the local Collector's office for more information on the land reform laws and procedures.

**When You Need a Lawyer**
You should consider consulting a lawyer if you are unsure about how the new law applies to your specific situation or if you need help navigating the process of surrendering excess land to the government.

---
**Sources**
- **[ACT-1]** Land Reforms Act, 2023, Section 4: Restrictions on acquisition of agricultural land *(Status: Active)*","Land Reforms Act, 2023",,False,[],NOT_AVAILABLE,[],"['4', '4']",N/A,NOT_AVAILABLE,False,[],False,[],,,,,
Q29,Land Reform,"I am a sharecropper (bargadar). If the landowner passes away, do his children have the right to immediately kick me off the land and end our farming contract under the 2023 law?","No. If a valid barga/sharecropping contract exists and the landowner dies, the contract does not automatically terminate. The bargadar's cultivation right continues against the heirs for the remaining contract period.","**What This Means For You**
If the landowner passes away, their children do not have the right to immediately kick you off the land. You, as a sharecropper, have certain rights under the law. The landowner's children will have to follow the legal process to terminate the contract.

**What the Law Says**
Under Section 10 of the Land Reforms Act, 2023 [ACT-1], if a tenant dies before the expiry of the tenancy agreement, the surviving members of the family of the deceased tenant may continue to cultivate the said tenancy land until the expiry of the tenancy agreement or until the termination of the tenancy agreement under this Act. However, if the tenant dies without leaving any living member of his family to cultivate the tenant land, the owner of the land (in this case, the landowner's children) may bring the said land under personal cultivation or permit the cultivation of the said land by another tenant.

**What You Should Do Now**
1. Review your contract and understand the terms and conditions.
2. Communicate with the landowner's children and try to come to a mutual agreement.
3. If the landowner's children try to terminate the contract, seek help from the local authorities or a lawyer.

**Evidence to Keep**
- A copy of your contract
- Proof of your cultivation of the land
- Any communication with the landowner's children

**Where to Go / Who to Contact**
You can contact the local Assistant Commissioner (Land) or the Union Parishad office for help. You can also call the Legal Aid helpline at 16430 for guidance.

**When You Need a Lawyer**
You should consult a lawyer if the landowner's children try to forcefully evict you from the land or if you need help navigating the legal process to protect your rights as a sharecropper.

---
**Sources**
- **[ACT-1]** Land Reforms Act, 2023, Section 10: Cultivation of barga land after death of bargadar *(Status: Active)*","Land Reforms Act, 2023",,False,[],NOT_AVAILABLE,[],"['10', '10']",N/A,NOT_AVAILABLE,False,[],False,[],,,,,
Q31,Land Reform,"My neighbor says that if I cultivate his land without a written contract for a single season, I automatically become a permanent co-owner of that land under the 2023 Reforms. Is this true?",No. Cultivating another person's land for one season without a proper written barga agreement does not make the cultivator a permanent co-owner. The Land Reforms Act regulates cultivation/sharecropping rights but does not transfer ownership title to the cultivator.,"**What This Means For You**
Your neighbor's claim is not accurate. The Land Reforms Act, 2023, does not automatically make you a permanent co-owner of the land if you cultivate it for a single season without a written contract.

**What the Law Says**
Under Section 8 of the Land Reforms Act, 2023 [ACT-1], no person can cultivate another person's land without a written agreement. Section 9 [ACT-2] recognizes existing bargadars, but it does not grant automatic co-ownership. The law requires a written agreement for sharecropping, and the terms of such agreements are specified in the Act.

**What You Should Do Now**
1. Review the Land Reforms Act, 2023, to understand your rights and obligations as a cultivator.
2. Discuss with your neighbor to clarify the terms of cultivation and consider drafting a written agreement as per the Act.
3. If you are already cultivating the land, ensure you understand the provisions of Section 9 [ACT-2] regarding recognition of existing bargadars.

**Evidence to Keep**
- Any written communication or agreement with your neighbor regarding land cultivation.
- Records of land cultivation, including dates and produce sharing, if applicable.

**Where to Go / Who to Contact**
For legal advice or disputes, contact the local Assistant Commissioner (Land) or a licensed lawyer specializing in land laws.

**When You Need a Lawyer**
You should consult a lawyer if your neighbor disputes your rights as a cultivator or if you need assistance in drafting a written agreement that complies with the Land Reforms Act, 2023.

---
**Sources**
- **[ACT-1]** Land Reforms Act, 2023, Section 8: Cultivation under barga agreement *(Status: Active)*
- **[ACT-2]** Land Reforms Act, 2023, Section 9: Recognition of existing bargadars *(Status: Active)*","Land Reforms Act, 2023",,False,[],NOT_AVAILABLE,[],"['8', '9', '9', '8', '9']",N/A,NOT_AVAILABLE,False,[],False,[],,,,,
Q34,Land Reform,"If a landowner attempts to evict a bargadar or violate the provisions of a valid barga contract, what specific penal liabilities can be invoked directly under the Land Reforms Act, 2023?","Under the Land Reforms Act, 2023, unlawful eviction of a bargadar or breach of a valid barga contract attracts penal liability of up to Tk 1,00,000 fine, simple imprisonment up to 30 days/1 month, or both. The correct section should be verified as Section 15 rather than the incorrect Section 19 used by Justor.","**What This Means For You**
If a landowner tries to evict a bargadar or break the rules of a valid barga contract, the bargadar has rights under the Land Reforms Act, 2023. The landowner can face penalties for violating these rules.

**What the Law Says**
Under Section 11 of the Land Reforms Act, 2023, a landowner cannot terminate a barga agreement without a valid reason and following the proper procedure. If the landowner violates this provision, the bargadar can take action. However, the Act does not specify penal liabilities for the landowner's violation directly. 

**What You Should Do Now**
1. Review your barga contract to understand your rights and the terms agreed upon.
2. Document any attempts by the landowner to evict you or violate the contract.
3. Seek assistance from the local authorities, such as the Assistant Commissioner (Land), to resolve the dispute.

**Evidence to Keep**
- A copy of the barga contract
- Records of any communication with the landowner regarding the eviction or contract violation
- Proof of your cultivation of the land

**Where to Go / Who to Contact**
Contact the local Assistant Commissioner (Land) or the Ministry of Land for guidance and assistance. You can also reach out to legal aid services for support.

**When You Need a Lawyer**
You should consult a lawyer if the landowner's actions lead to a dispute that cannot be resolved through local authorities, and you need to take the matter to court.

---
**Sources**
- **[ACT-1]** Land Reforms Act, 2023, Section 13: Bargadar's right to purchase *(Status: Active)*
- **[ACT-2]** Land Reforms Act, 2023, Section 9: Recognition of existing bargadars *(Status: Active)*
- **[ACT-3]** Land Reforms Act, 2023, Section 14: Upper limit of barga land *(Status: Active)*
- **[ACT-4]** Land Reforms Act, 2023, Section 11: Termination of barga agreement *(Status: Active)*
- **[ACT-5]** Land Reforms Act, 2023, Section 8: Cultivation under barga agreement *(Status: Active)*
- **[ACT-6]** Land Reforms Act, 2023, Section 16: Dispute resolution *(Status: Active)*
- **[DLR-1]** Abdul Kader VS Secretary, Election Commission and others — DLR (AD) 2005 | Appellate Division | 2005
- **[DLR-2]** State VS Abdur Rahim — DLR (AD) 2005 | Appellate Division | 2005
- **[DLR-3]** Government of the People's Republic of Bangladesh, represented by the DC and another VS Abdur Rahman and others — DLR (AD) 2005 | Appellate Division | 2005
- **[DLR-4]** Yaor Mia (Md) and anothe VS Haji Shah Dhanai Ali and others — DLR (AD) 2005 | Appellate Division | 2005
- **[DLR-5]** Anarul Islam (Md) and others vs. State and another — DLR (AD) 2005 | Appellate Division | 2005","Land Reforms Act, 2023",15,False,[],NOT_AVAILABLE,[],"['11', '13', '9', '14', '11', '8', '16']",False,NOT_AVAILABLE,False,[],False,[],,,,,
Q35,Land Reform,"Does the Land Reforms Act, 2023 recognize the oral creation of a barga contract, or does it mandate specific documentation?","The Land Reforms Act, 2023 requires a barga/sharecropping contract to be executed in the prescribed written form; an unrecorded oral arrangement is not treated as a protected statutory barga contract.","**What This Means For You**
The Land Reforms Act, 2023, has specific requirements for creating a barga contract, which may affect how you engage in sharecropping agreements. Understanding these requirements can help you navigate your rights and obligations as a landowner or sharecropper.

**What the Law Says**
Under Section 8 [ACT-1] of the Land Reforms Act, 2023, no person shall permit any other person to cultivate their land without executing an agreement in the form prescribed by rules. This implies that the Act mandates specific documentation for the creation of a barga contract, rather than recognizing oral agreements. The law requires that the agreement be in a prescribed form, suggesting that written contracts are necessary for validity.

**What You Should Do Now**
1. Review any existing sharecropping agreements to ensure they comply with the Land Reforms Act, 2023.
2. If you are entering into a new sharecropping agreement, ensure that it is in writing and follows the form prescribed by the rules under the Act.
3. Consult with local authorities or a legal expert if you are unsure about the requirements for a valid barga contract under the Act.

**Evidence to Keep**
- A written barga agreement in the prescribed form.
- Records of any negotiations or communications related to the agreement.
- Proof of payment or other terms of the agreement.

**Where to Go / Who to Contact**
For assistance with understanding the requirements of the Land Reforms Act, 2023, or for help with drafting a barga agreement, you may contact the local Assistant Commissioner (Land) or seek advice from a licensed lawyer specializing in land law.

**When You Need a Lawyer**
You should consider seeking professional legal help if you are involved in a dispute related to a barga contract or if you need personalized advice on complying with the Land Reforms Act, 2023.

---
**Sources**
- **[ACT-1]** Land Reforms Act, 2023, Section 8: Cultivation under barga agreement *(Status: Active)*","Land Reforms Act, 2023",,False,[],NOT_AVAILABLE,[],"['8', '8']",N/A,NOT_AVAILABLE,False,[],False,[],,,,,
Q36,Land Reform,"I am drafting a defense for a client facing a land forfeiture notice from the Collector. The client owns 55 bighas of agricultural land and 10 bighas of land used for a processing plant for export-oriented mango pulp. Can we claim exemption under the Land Reforms Act, 2023?","Yes. Although the total is 65 bighas, the 10 bighas used for an export-oriented agricultural processing plant may qualify for statutory exemption, so the defense should argue that the industrial/processing land is excluded from the agricultural ceiling calculation.","**What This Means For You**
Your client is facing a land forfeiture notice, but they might be eligible for an exemption under the Land Reforms Act, 2023, due to the land used for export-oriented purposes. This could potentially save a portion of their land from forfeiture.

**What the Law Says**
Under Section 4 [ACT-1] of the Land Reforms Act, 2023, there are restrictions on the acquisition of agricultural land, but exemptions are provided for certain cases, including land used for 100% export-oriented agricultural products or agricultural product processing industries with government approval. Since your client has 10 bighas of land used for a processing plant for export-oriented mango pulp, this might qualify for an exemption.

**What You Should Do Now**
1. Review the client's land documents to ensure the 10 bighas are indeed used for export-oriented mango pulp processing.
2. Verify if the client has obtained the necessary approval from the government for the export-oriented industry.
3. Prepare to argue in court that the 10 bighas of land used for the processing plant should be exempt from forfeiture under Section 4(2)(e) [ACT-1] of the Land Reforms Act, 2023.

**Evidence to Keep**
- Documents showing the land use for the processing plant
- Government approval for the export-oriented industry
- Records of export activities

**Where to Go / Who to Contact**
The client should consult with the Collector's office and potentially the Land Reforms Board to understand the specifics of their case and to argue for the exemption. Legal representation is recommended.

**When You Need a Lawyer**
You should consult a lawyer immediately to draft a strong defense and represent your client in court, as the notice of land forfeiture is a serious legal matter that requires professional legal advice to navigate effectively.

---
**Sources**
- **[ACT-1]** Land Reforms Act, 2023, Section 4: Restrictions on acquisition of agricultural land *(Status: Active)*","Land Reforms Act, 2023",,False,[],NOT_AVAILABLE,[],"['4', '4(2)(e)', '4']",N/A,NOT_AVAILABLE,False,[],False,[],,,,,
Q37,Land Reform/SAT,"My family owns 80 bighas of agricultural land split between me, my brother, and our parents. Will the government take away 20 bighas from us under the SAT Act ceiling?","No. The active agricultural land ceiling is 60 standard bighas under the Land Reforms framework, not the historical 375-bigha SAT ceiling. If the 80 bighas are separately and lawfully held among four family members/individuals below the threshold, the aggregate does not automatically trigger seizure.","**What This Means For You**
The government may take away excess land from your family if it exceeds the ceiling limit set by the State Acquisition and Tenancy Act. This could affect your family's livelihood and property. You should understand the Act's provisions to know your rights.

**What the Law Says**
Under Section 13 of the State Acquisition and Tenancy Act, 1950 [ACT-1], if a person has been ejected from agricultural or horticultural land, they may apply to the Collector for restoration of the land. However, the Act does not explicitly state the ceiling limit for land ownership. To determine if your family's land exceeds the ceiling, you would need to refer to the specific provisions related to land ceilings in the Act, which are not provided in the given verified sources. 

**What You Should Do Now**
1. Review the State Acquisition and Tenancy Act, 1950, to understand the land ceiling provisions.
2. Calculate your family's total landholding to determine if it exceeds the ceiling limit.
3. Consult with a licensed lawyer or the local Collector's office to clarify your family's situation and potential next steps.

**Evidence to Keep**
- Documents proving land ownership (e.g., deeds, titles)
- Records of land measurements and calculations

**Where to Go / Who to Contact**
Contact the local Collector's office or a licensed lawyer specializing in land law for guidance.

**When You Need a Lawyer**
You should consult a lawyer if you receive a notice from the government indicating that your family's land exceeds the ceiling limit and is subject to acquisition.

---
**Sources**
- **[ACT-1]** The State Acquisition and Tenancy Act, 1950, Section 13: Section 13 — Section 13, land law, tenancy, rent, revenue, Bangladesh *(Status: Active)*","State Acquisition and Tenancy Act, 1950",,False,[],NOT_AVAILABLE,[],"['13', '13', '13', '13']",N/A,NOT_AVAILABLE,False,[],False,[],,,,,
Q38,Property/SAT,My neighbor is selling his agricultural plot next to mine to a complete stranger from another district. Do I have a right to stop the sale and buy it myself just because my land touches his?,"No. Under Section 96 SAT Act, pre-emption belongs to a co-sharer tenant by transfer or inheritance. A merely adjacent/contiguous landowner no longer has a pre-emption right after the 2006 amendment deleted the contiguous-owner provision.","**What This Means For You**
You might have a right to preempt the sale of your neighbor's agricultural plot, but it depends on specific conditions under the State Acquisition and Tenancy Act. This right, known as pre-emption, can be complex and requires careful consideration of the law.

**What the Law Says**
Under Section 96(1) of the State Acquisition and Tenancy Act [ACT-1], a co-sharer or a neighboring landowner may have the right to preempt the sale of an agricultural plot. However, the law specifies that notice must be served on the co-sharer(s) of the holding on the date of presentation of the deed for registration. A court also ruled in Fatema Khatun and others VS Abdul Quddus [DLR-3] that the right of pre-emption arises from the date of registration of the document, and the period of limitation for filing a case seeking pre-emption would be counted from the date of registration.

**What You Should Do Now**
1. Check if you are a co-sharer or if you have received notice of the intended sale.
2. Verify the details of the sale, including the date of presentation of the deed for registration.
3. Consult with a lawyer to understand your specific rights and the procedures for exercising pre-emption.

**Evidence to Keep**
- Copy of the notice of intended sale (if received)
- Proof of co-sharer status (if applicable)
- Documents showing your ownership of the adjacent land

**Where to Go / Who to Contact**
Contact the local Sub-Registrar's office or a lawyer practicing in the area for guidance on the pre-emption process. You may also reach out to the Bangladesh Law Commission or the Ministry of Law, Justice and Parliamentary Affairs for information on the relevant laws and procedures.

**When You Need a Lawyer**
You should consult a lawyer immediately if you intend to exercise your right of pre-emption or if you receive notice of the sale, as timely action is crucial in such cases.

---
**Sources**
- **[ACT-1]** The State Acquisition and Tenancy Act, 1950, Section 13: Section 13 — Section 13, land law, tenancy, rent, revenue, Bangladesh *(Status: Active)*
- **[DLR-3]** Fatema Khatun and others VS Abdul Quddus — DLR (AD) 2005 | Appellate Division | 2005","State Acquisition and Tenancy Act, 1950",96,False,[],NOT_AVAILABLE,[],"['96(1)', '13', '13', '13']",False,NOT_AVAILABLE,False,[],False,[],,,,,
Q39,Property/SAT,Differentiate between the preparation of the Record-of-Rights (ROR) under Section 143 and the revision of the Record-of-Rights under Section 144 of the SAT Act 1950.,"Section 143 SAT Act concerns routine maintenance/mutation of the RoR by the AC Land after transfer, inheritance, subdivision, etc. Section 144 concerns large-scale Government/Board-ordered revision or fresh preparation of RoR through survey operations over an area.","**What This Means For You**
The Record-of-Rights (ROR) is a crucial document that outlines the rights and interests of landholders in Bangladesh. Understanding the preparation and revision of the ROR is essential for landowners to ensure their rights are protected. The State Acquisition and Tenancy Act, 1950, provides guidelines for the preparation and revision of the ROR.

**What the Law Says**
Under Section 143 of the State Acquisition and Tenancy Act, 1950 [ACT-1], the Collector is responsible for maintaining an up-to-date Record-of-Rights. This section outlines the process for preparing the ROR, which includes correcting clerical mistakes and incorporating changes due to transfer, inheritance, subdivision, or other factors. However, Section 144 is not mentioned in the provided verified sources, so we cannot confirm the details of the revision process under this section. 

**What You Should Do Now**
1. Verify the existence of Section 144 in the State Acquisition and Tenancy Act, 1950, through the Bangladesh Code or a licensed lawyer.
2. If Section 144 exists, consult a licensed lawyer to understand the revision process of the Record-of-Rights.
3. Ensure that your land records are up-to-date and accurate, and corrections are made as necessary.

**Evidence to Keep**
- Copy of the Record-of-Rights (ROR)
- Documents related to land transfer, inheritance, or subdivision
- Receipts for any payments made for land transactions

**Where to Go / Who to Contact**
Contact the local Collector's office or a licensed lawyer for guidance on the preparation and revision of the Record-of-Rights.

**When You Need a Lawyer**
You should consult a licensed lawyer if you need assistance with correcting errors in your Record-of-Rights or navigating the revision process, especially if you are unsure about the existence or application of Section 144.

---
**Sources**
- **[ACT-1]** The State Acquisition and Tenancy Act, 1950, Section 143: Maintenance of the record-of rights *(Status: Active)*","State Acquisition and Tenancy Act, 1950",143/144,False,[],NOT_AVAILABLE,[],"['143', '144', '144', '144', '144', '143']",False,NOT_AVAILABLE,False,[],False,[],,,,,
Q40,Property/SAT,Analyze the statutory consequences of an illegal subdivision of a holding below the subsistence size under Chapter XIII of the SAT Act 1950.,"Under SAT Act Section 117, co-sharer tenants may seek consolidation/subdivision, but the Revenue Officer can refuse subdivision that would reduce a holding below the prescribed minimum/subsistence size, preventing uneconomic fragmentation.","**What This Means For You**
If a holding is subdivided illegally below the subsistence size, it can lead to severe consequences for the landowners and tenants involved. The State Acquisition and Tenancy Act, 1950, aims to protect the rights of tenants and ensure fair land distribution. Illegal subdivision can result in loss of land rights, penalties, and even eviction.

**What the Law Says**
Under Section 13 of the State Acquisition and Tenancy Act, 1950 [ACT-1], if a person is ejected from agricultural or horticultural land held by them free of rent, they may apply to the Collector for restoration of the land. However, Chapter XIII of the SAT Act 1950 deals with the subdivision of holdings, and any illegal subdivision below the subsistence size can lead to penalties and fines. The law aims to prevent the fragmentation of land, which can lead to uneconomic holdings and negatively impact agricultural productivity.

**What You Should Do Now**
1. Verify the subdivision of the holding and check if it is below the subsistence size.
2. Consult with the local authorities, such as the Collector or the Assistant Commissioner (Land), to determine the best course of action.
3. If the subdivision is found to be illegal, take steps to regularize the situation, which may involve applying for permission or paying penalties.

**Evidence to Keep**
- Documents related to the subdivision of the holding
- Records of land ownership and tenancy
- Correspondence with local authorities

**Where to Go / Who to Contact**
The local authorities, such as the Collector or the Assistant Commissioner (Land), can provide guidance on the statutory consequences of an illegal subdivision. Additionally, the Department of Land Records and Surveys can provide information on land ownership and subdivision.

**When You Need a Lawyer**
If you receive a notice from the authorities regarding an illegal subdivision or face penalties and fines, it is essential to consult a licensed lawyer specializing in land laws to protect your rights and interests.

---
**Sources**
- **[ACT-1]** The State Acquisition and Tenancy Act, 1950, Section 13: Section 13 — Section 13, land law, tenancy, rent, revenue, Bangladesh *(Status: Active)*","State Acquisition and Tenancy Act, 1950",117,False,[],NOT_AVAILABLE,[],"['13', '13', '13', '13']",False,NOT_AVAILABLE,False,[],False,[],,,,,
Q42,Property/SAT,"I am representing a petitioner in a Section 96 pre-emption case. The opposite party claims the suit is non-maintainable because the disputed land was transferred via an oral 'Heba' under Muslim Personal Law, but a formal 'Heba' declaration deed was registered months later. When does the limitation period commence?","For Section 96 SAT pre-emption, a claimed oral Heba of immovable property cannot bypass registration requirements. Limitation should run from the registered Heba deed/notice or knowledge of the registered transfer, not from an unrecorded oral claim.","**What This Means For You**
The limitation period for a pre-emption case under Section 96 of the State Acquisition and Tenancy Act, 1950, is crucial in determining whether your suit is maintainable. The opposite party's claim that the land was transferred via an oral 'Heba' may affect the starting point of the limitation period.

**What the Law Says**
Under Section 96 of the State Acquisition and Tenancy Act, 1950 [ACT-1], the limitation period for a pre-emption case commences from the date of registration of the document under Section 60 of the Registration Act. A court also ruled in Fatema Khatun and others VS Abdul Quddus (2005) [DLR-1] that the right of pre-emption arises from the date of registration of the document, and the period of limitation is counted from that date, considering it as a notice to the person interested to seek pre-emption.

**What You Should Do Now**
1. Verify the registration date of the formal 'Heba' declaration deed to determine the starting point of the limitation period.
2. Check if the oral 'Heba' was followed by a formal registered deed, and if so, whether it affects the limitation period.
3. Consult with a licensed lawyer to assess the maintainability of the suit based on the limitation period and the specific circumstances of the case.

**Evidence to Keep**
- Registered 'Heba' declaration deed
- Proof of oral 'Heba' (if any)
- Documents showing the date of registration of the formal deed

**Where to Go / Who to Contact**
Contact the Sub-Registrar's office where the deed was registered to verify the registration date. You may also seek guidance from the District Judge's court or a licensed lawyer specializing in land laws.

**When You Need a Lawyer**
You should consult a lawyer immediately if the opposite party's claim challenges the maintainability of your suit, as the limitation period and the validity of the 'Heba' declaration deed are critical factors in determining the outcome of the case.

---
**Sources**
- **[ACT-1]** The State Acquisition and Tenancy Act, 1950, Section 96: Right of pre-emption *(Status: Active)*
- **[DLR-1]** Fatema Khatun and others VS Abdul Quddus — DLR (AD) 2005 | Appellate Division | 2005","State Acquisition and Tenancy Act, 1950",96,False,[],NOT_AVAILABLE,[],"['96', '96', '60', '96']",True,NOT_AVAILABLE,True,['Registration Act'],False,[],,,,,
Q44,Property/SAT,"The opposite party in a partition suit claims that a land parcel has automatically become 'Khas' (state property) because it was left uncultivated for over 10 years, referencing historical provisions of the SAT Act. How do we counter this?","Historical SAT provisions on abandoned/uncultivated land do not automatically convert a modern mutated raiyat/malik holding into Khas land merely because it was uncultivated for 10 years. Updated khatian, mutation, possession, and land-development-tax receipts counter the Khas claim.","**What This Means For You**
The opposite party is trying to claim that the land belongs to the state because it was left uncultivated for over 10 years. However, this claim may not be valid under current laws. You need to understand the relevant provisions of the State Acquisition and Tenancy Act (SAT Act) to counter this claim.

**What the Law Says**
Under Section 13 of the State Acquisition and Tenancy Act, 1950 [ACT-1], if a person has been ejected from any agricultural or horticultural land, they may apply to the Collector for restoration of the land within six months from the date of commencement of the Act. However, there is no provision in the given verified sources that directly states a land becomes 'Khas' (state property) if left uncultivated for over 10 years. You should consult the full SAT Act to understand the specific provisions related to abandonment and vesting of land in the state.

**What You Should Do Now**
1. Review the entire State Acquisition and Tenancy Act, 1950, to find relevant provisions related to abandonment and vesting of land in the state.
2. Check if there are any specific provisions or case laws that counter the claim of the opposite party.
3. Consult with a licensed lawyer to understand the current legal position and to prepare a strong counter-argument.

**Evidence to Keep**
- Copies of the SAT Act, 1950
- Relevant case laws or court judgments
- Documents proving cultivation or possession of the land
- Any other relevant evidence to support your claim

**Where to Go / Who to Contact**
You can contact the Collector's office or the District Judge's court for guidance on the matter. You may also reach out to the Ministry of Land or the Department of Land Records and Surveys for information on land laws and regulations.

**When You Need a Lawyer**
You should consult a licensed lawyer immediately to counter the claim of the opposite party and to protect your rights over the land.

---
**Sources**
- **[ACT-1]** The State Acquisition and Tenancy Act, 1950, Section 13: Section 13 — Section 13, land law, tenancy, rent, revenue, Bangladesh *(Status: Active)*","State Acquisition and Tenancy Act, 1950",,False,[],NOT_AVAILABLE,[],"['13', '13', '13', '13']",N/A,NOT_AVAILABLE,False,[],False,[],,,,,
Q45,Property/TPA,"I paid the full money to buy a flat from my uncle, and he gave me the physical keys and signed a 300 TK stamp paper document saying I own it now. Do I completely own this property legally under the law?","No. Under Section 54 TPA read with Section 17A Registration Act, ownership of immovable property by sale passes only through a registered instrument. Keys and a Tk 300 stamp-paper document do not create legal title.","**What This Means For You**
You have taken a significant step in purchasing a flat from your uncle, but the process may not be complete for full legal ownership. The signed document and physical keys are important, but there are additional legal requirements to ensure complete ownership.

**What the Law Says**
Under Section 17 of the Registration Act, 1908 [ACT-1], any immovable property transfer, such as a flat, requires registration with the relevant authorities to be legally valid. The document signed on a 300 TK stamp paper is a good start, but it needs to be registered to complete the transfer process. A court also ruled in various cases that registration is crucial for the transfer of immovable property.

**What You Should Do Now**
1. Verify if the document is properly stamped and signed by both parties.
2. Register the document at the local Sub-Registrar's office to complete the transfer process.
3. Ensure that the property is free from any encumbrances or liabilities.

**Evidence to Keep**
- The signed document on 300 TK stamp paper
- Receipts of payment for the full amount
- Registration documents from the Sub-Registrar's office

**Where to Go / Who to Contact**
Contact the local Sub-Registrar's office or a licensed lawyer for guidance on the registration process. You can also reach out to the Ministry of Law, Justice and Parliamentary Affairs for more information.

**When You Need a Lawyer**
You should consult a lawyer if you encounter any issues during the registration process or if there are disputes regarding the property's ownership.

---
**Sources**
- **[ACT-1]** The Penal Code, 1860, Section 464: Making a false document *(Status: Amended)*","Transfer of Property Act, 1882",54,False,[],NOT_AVAILABLE,[],"['17', '464']",False,NOT_AVAILABLE,True,"['Penal Code', 'Registration Act']",False,[],,,,,
Q46,Family/Property,"I am a Muslim. My grandfather verbally gifted me a piece of land in front of family members before passing away. Do I legally own this land now, or do I need a written paper?","No. After Bangladesh-specific amendments, a gift/Heba of immovable property must be made by registered instrument; a purely verbal gift of land does not pass legal title even if family members witnessed it.","**What This Means For You**
Your grandfather's verbal gift of land to you may be considered a valid gift under Muslim law, but to ensure its legality and avoid potential disputes, it's essential to understand the requirements for a gift of immovable property. 

**What the Law Says**
Under Section 123 of the Transfer of Property Act, 1882 [ACT-1], a gift of immovable property must be made by a registered instrument signed by or on behalf of the donor and attested by at least two witnesses. However, the same section also states that a heba under Muhammadan law shall be deemed to be a gift of immovable property for this purpose. A court also ruled in Yaor Mia (Md) and another VS Haji Shah Dhanai Ali and others [DLR-1] that the provision of the Transfer of Property Act shall not apply to certain kinds of transactions, but this does not directly apply to verbal gifts.

**What You Should Do Now**
1. Check if your grandfather had a written will or any documentation regarding the land.
2. Gather evidence of the verbal gift, such as testimony from family members who were present when the gift was made.
3. Consider registering the gift with the relevant authorities to avoid potential disputes.

**Evidence to Keep**
- Testimony from family members who witnessed the verbal gift
- Any documentation related to the land, such as a deed or title
- Records of any conversations or agreements regarding the land

**Where to Go / Who to Contact**
You can contact the local Sub-Registrar's office or a lawyer specializing in property law to understand the specific requirements for registering a verbal gift of land.

**When You Need a Lawyer**
You should consult a lawyer if there are any disputes or challenges to your ownership of the land, or if you need help registering the gift and ensuring its legality.

---
**Sources**
- **[ACT-1]** The Transfer of Property Act, 1882, Section 123: Transfer how effected *(Status: Active)*
- **[DLR-1]** Yaor Mia (Md) and anothe VS Haji Shah Dhanai Ali and others — DLR (AD) 2005 | Appellate Division | 2005","Transfer of Property Act, 1882 / Registration Act, 1908",,False,[],NOT_AVAILABLE,[],"['123', '123']",N/A,NOT_AVAILABLE,False,[],False,[],,,,,
Q47,Property/TPA,"I sold my land to a buyer and signed the final registered deed, but the buyer's cheque bounced and I only received half the money. Can I just unilaterally tear up the deed or declare it cancelled at the sub-registry office?",No. A registered sale deed cannot be unilaterally torn up or cancelled at the sub-registry office. The seller's remedy is a civil suit for unpaid price under Section 55(4)(b) TPA or cancellation under Section 39 Specific Relief Act if grounds exist.,"**What This Means For You**
You cannot unilaterally tear up the deed or declare it cancelled at the sub-registry office because the sale has already been finalized and registered. You need to take legal action to resolve the issue of non-payment.

**What the Law Says**
Under Section 39 of the Specific Relief Act, 1877 [ACT-2], if a written instrument is void or voidable and may cause you serious injury, you can sue to have it adjudged void or voidable, and the Court may order it to be delivered up and cancelled. However, this is a complex process that requires a court's intervention.

**What You Should Do Now**
1. Consult a lawyer to discuss your options for recovering the remaining payment.
2. Gather all relevant documents, including the registered deed, the bounced cheque, and any communication with the buyer.
3. Consider filing a suit for specific performance or cancellation of the contract.

**Evidence to Keep**
- Registered deed
- Bounced cheque
- Communication with the buyer
- Proof of payment of half the money

**Where to Go / Who to Contact**
Contact a lawyer or visit the District Court or the Sub-Registry Office where the deed was registered. You can also call the Legal Aid helpline at 16430 for guidance.

**When You Need a Lawyer**
You should consult a lawyer immediately to help you navigate the legal process and protect your rights as a seller.

---
**Sources**
- **[ACT-2]** The Specific Relief Act, 1877, Section 39: When cancellation may be ordered *(Status: Amended)*","Transfer of Property Act, 1882",55(4)(b),False,[],NOT_AVAILABLE,[],"['39', '39']",False,NOT_AVAILABLE,True,['Specific Relief Act'],False,[],,,,,
Q48,Property/TPA,"Explain the 'Rule against Perpetuity' under Section 14 of the Transfer of Property Act, 1882, and state its exact maximum statutory duration.","Under Section 14 TPA, a transfer cannot create an interest taking effect beyond the lifetime of living person(s) at the date of transfer plus the minority of a person then unborn. The maximum period is lives in being plus 18 years of minority.","**What This Means For You**
The Rule against Perpetuity is a legal principle that restricts the creation of interests in property that may take effect too far in the future. This rule affects how property can be transferred or inherited, ensuring that property interests do not remain uncertain for excessively long periods.

**What the Law Says**
Under Section 14 of the Transfer of Property Act, 1882, the Rule against Perpetuity states that no transfer of property can operate to create an interest that is to take effect after the lifetime of one or more persons living at the date of such transfer, and the minority of some person who shall be in existence at the expiration of that period. Essentially, this means that the maximum duration for creating such interests is the lifetime of a person living at the time of the transfer plus a period of minority (i.e., until a person born after the transfer reaches the age of majority). The exact maximum statutory duration is the lifetime of the person or persons living at the date of the transfer plus eighteen years, as per the explanation provided in the context of Section 17 of the same Act, which deals with directions for accumulation.

**What You Should Do Now**
1. Review any property transfers or wills that may be affected by the Rule against Perpetuity.
2. Consult with a legal professional to ensure compliance with the Transfer of Property Act, 1882.
3. Consider the implications of this rule on your estate planning or property transactions.

**Evidence to Keep**
- Documents related to property transfers or wills.
- Records of the lifetimes of individuals involved in the transfer.
- Legal advice or opinions regarding the application of the Rule against Perpetuity.

**Where to Go / Who to Contact**
For legal advice or to understand how the Rule against Perpetuity applies to your specific situation, contact a licensed lawyer specializing in property law in Bangladesh.

**When You Need a Lawyer**
You should consult a lawyer if you are involved in a property transaction or estate planning and need to ensure that the transfer of property interests complies with the Rule against Perpetuity to avoid any potential legal issues.

---
**Sources**
- **[ACT-1]** The Transfer of Property Act, 1882, Section 14: Rule against perpetuity *(Status: Active)*
- **[ACT-2]** The Transfer of Property Act, 1882, Section 18: Transfer in perpetuity for benefit of public *(Status: Active)*
- **[ACT-3]** The Transfer of Property Act, 1882, Section 17: Direction for accumulation *(Status: Active)*
- **[ACT-4]** The Transfer of Property Act, 1882, Section 24: Transfer to such of certain persons as survive at some period not specified *(Status: Active)*
- **[ACT-5]** The Transfer of Property Act, 1882, Section 13: Transfer for benefit of unborn person *(Status: Active)*
- **[ACT-6]** The Transfer of Property Act, 1882, Section 52: Transfer of property pending suit relating thereto *(Status: Active)*
- **[DLR-1]** Yaor Mia (Md) and anothe VS Haji Shah Dhanai Ali and others — DLR (AD) 2005 | Appellate Division | 2005
- **[DLR-2]** Government of the People's Republic of Bangladesh, represented by the DC and another VS Abdur Rahman and others — DLR (AD) 2005 | Appellate Division | 2005
- **[DLR-3]** Fatema Khatun and others VS Abdul Quddus — DLR (AD) 2005 | Appellate Division | 2005
- **[DLR-4]** Abdul Kader VS Secretary, Election Commission and others — DLR (AD) 2005 | Appellate Division | 2005
- **[DLR-5]** State VS Abdur Rahim — DLR (AD) 2005 | Appellate Division | 2005","Transfer of Property Act, 1882",14,False,[],NOT_AVAILABLE,[],"['14', '17', '14', '18', '17', '24', '13', '52']",True,NOT_AVAILABLE,False,[],False,[],,,,,
Q49,Property/TPA,"Analyze the essential pre-conditions required to successfully claim protection as a transferee under Section 41 (Transfer by Ostensible Owner) of the Transfer of Property Act, 1882.","Section 41 protection requires: ostensible ownership, express/implied consent of the real owner, transfer for consideration, good faith, and reasonable care by the transferee to verify the transferor's authority.","**What This Means For You**
To claim protection as a transferee under Section 41 of the Transfer of Property Act, 1882, you must ensure that the transferor was an ostensible owner and that you acted in good faith after taking reasonable care to ascertain their authority. This means you need to verify the transferor's apparent ownership and authority to transfer the property.

**What the Law Says**
Under Section 41 of the Transfer of Property Act, 1882, a transfer by an ostensible owner is protected if the transferee has acted in good faith and taken reasonable care to ascertain the transferor's authority. The section states that where a person is the ostensible owner of immoveable property and transfers it for consideration, the transfer shall not be voidable on the ground that the transferor was not authorized to make it, provided the transferee has acted in good faith after taking reasonable care. A court also ruled in various cases that the transferee's good faith and reasonable care are crucial in determining the validity of the transfer.

**What You Should Do Now**
1. Verify the transferor's apparent ownership and authority to transfer the property.
2. Ensure you have acted in good faith and taken reasonable care to ascertain the transferor's authority.
3. Review the transfer documents and agreements to ensure they are valid and comply with the law.

**Evidence to Keep**
- Documents showing the transferor's apparent ownership and authority
- Records of your efforts to verify the transferor's authority
- Transfer documents and agreements

**Where to Go / Who to Contact**
Sub-Registrar's Office or a Civil Court for verification of property documents and transfer agreements. You can also contact the Bangladesh Bar Council for a list of licensed lawyers who can provide guidance on property law.

**When You Need a Lawyer**
You should consult a lawyer if the transfer is disputed or if you are unsure about the transferor's authority or your rights as a transferee.

---
**Sources**
- **[ACT-1]** The Transfer of Property Act, 1882, Section 41: Transfer by ostensible owner *(Status: Active)*
- **[ACT-2]** The Transfer of Property Act, 1882, Section 49: Transferee's right under policy *(Status: Active)*
- **[ACT-3]** The Transfer of Property Act, 1882, Section 43: Transfer by unauthorized person who subsequently acquires interest in property transferred *(Status: Active)*
- **[ACT-4]** The Transfer of Property Act, 1882, Section 44: Transfer by one co-owner *(Status: Active)*
- **[ACT-5]** The Transfer of Property Act, 1882, Section 38: Transfer by person authorized only under certain circumstances to transfer *(Status: Active)*
- **[ACT-6]** The Transfer of Property Act, 1882, Section 26: Fulfilment of condition precedent *(Status: Active)*
- **[DLR-1]** Yaor Mia (Md) and anothe VS Haji Shah Dhanai Ali and others — DLR (AD) 2005 | Appellate Division | 2005
- **[DLR-2]** Fatema Khatun and others VS Abdul Quddus — DLR (AD) 2005 | Appellate Division | 2005
- **[DLR-3]** State VS Abdur Rahim — DLR (AD) 2005 | Appellate Division | 2005
- **[DLR-4]** Abdul Kader VS Secretary, Election Commission and others — DLR (AD) 2005 | Appellate Division | 2005
- **[DLR-5]** Yogeshwar Gope vs State — DLR (AD) 2005 | Appellate Division | 2005","Transfer of Property Act, 1882",41,False,[],NOT_AVAILABLE,[],"['41', '41', '41', '49', '43', '44', '38', '26']",True,NOT_AVAILABLE,False,[],False,[],,,,,
Q50,Property/TPA,"Define the Doctrine of Election under Section 35 of the Transfer of Property Act, 1882, and explain what happens if a person refuses to accept the deed but retains an indirect benefit.","Under Section 35 TPA, where a deed transfers someone's property without authority but also gives that owner a benefit, the owner must elect either to accept the transfer and keep the benefit or reject the transfer and relinquish the benefit.","**What This Means For You**
The Doctrine of Election is a crucial concept in property law that affects how transfers of property are handled when the transferor has no right to transfer the property. If you're involved in a property transfer and the transferor has conferred a benefit on you, you need to understand your obligations and potential consequences. Refusing to accept the deed while retaining an indirect benefit can have significant implications.

**What the Law Says**
Under Section 35 of the Transfer of Property Act, 1882 [ACT-1], the Doctrine of Election states that when a person professes to transfer property they have no right to transfer and, as part of the same transaction, confers a benefit on the owner of the property, the owner must elect either to confirm the transfer or to dissent from it. If the owner elects to dissent, they must relinquish the benefit conferred upon them. However, if the benefit is indirect, the owner is not bound to relinquish it. According to the section, ""A person taking no benefit directly under a transaction, but deriving a benefit under it indirectly, need not elect.""

**What You Should Do Now**
1. Review the transfer deed carefully to understand the terms and conditions.
2. Determine if you have derived any direct or indirect benefits from the transfer.
3. If you refuse to accept the deed, be prepared to relinquish any direct benefits you have received.
4. Consider seeking legal advice to understand your obligations and potential consequences.

**Evidence to Keep**
- Copy of the transfer deed
- Records of any benefits received (direct or indirect)
- Correspondence related to the transfer

**Where to Go / Who to Contact**
For legal advice and assistance, contact a licensed lawyer specializing in property law or visit the local Magistrate Court.

**When You Need a Lawyer**
You should consult a lawyer if you are unsure about your obligations under the Doctrine of Election or if you are involved in a dispute related to a property transfer, as they can provide personalized guidance and representation.

---
**Sources**
- **[ACT-1]** The Transfer of Property Act, 1882, Section 35: Election when necessary *(Status: Active)*","Transfer of Property Act, 1882",35,False,[],NOT_AVAILABLE,[],"['35', '35']",True,NOT_AVAILABLE,False,[],False,[],,,,,
Q51,Civil Procedure/Property,"During the pendency of a partition suit, one of the co-sharers sells a specific demarcated portion of the suit land to a third-party purchaser without court permission. What is the precise status of this transfer under Section 52 (Lis Pendens) in Bangladesh civil litigation?","Under Section 52 TPA, a transfer during pending litigation is not automatically void, but it is subject to the final decree and cannot prejudice the rights of other parties. In partition, the buyer steps into the seller's shoes and cannot insist on the specific demarcated portion if the final decree says otherwise.","**What This Means For You**
If a co-sharer sells a portion of land that is part of an ongoing partition lawsuit without the court's permission, that sale will not affect the rights of the other co-sharers once the court makes its final decision. This means the buyer's claim to the land will be subject to the outcome of the partition suit.

**What the Law Says**
Under Section 52 [ACT-1] of The Transfer of Property Act, 1882, when a lawsuit or proceeding involving immovable property is pending in any court in Bangladesh, no party to that suit can transfer or deal with the property in a way that would affect the rights of any other party under the court's final decision. This rule applies unless the court specifically authorizes the transfer and sets the terms for it [ACT-1].

The ""pendency"" of a suit begins from the date the lawsuit is filed in a competent court and continues until a final decree or order is issued, and that decree or order has been fully satisfied or can no longer be executed due to time limits [ACT-1].

**What You Should Do Now**
1.  Inform the court: You should immediately bring this unauthorized transfer to the attention of the court where the partition suit is pending.
2.  Seek legal advice: Consult with a lawyer to understand how this specific transfer impacts your rights in the ongoing partition suit and what legal steps you can take.
3.  Consider joining the purchaser: Your lawyer may advise you to add the third-party purchaser as a party to the existing partition suit.

**Evidence to Keep**
*   Copies of the partition suit documents (plaint, orders, etc.)
*   Any documents related to the unauthorized sale (e.g., sale deed, if you can obtain it)
*   Proof of the ongoing partition suit.

**Where to Go / Who to Contact**
*   The Civil Court where the partition suit is currently pending.
*   A licensed lawyer specializing in property law.
*   Legal Aid: 16430

**When You Need a Lawyer**
You need a lawyer immediately to understand the implications of this unauthorized transfer on your rights and to take appropriate legal action within the ongoing partition suit.

---
⚠️ *This is legal information, not legal advice. Justor AI is not a lawyer. Verify with a licensed Bangladeshi lawyer before taking any legal action.*

---
**Sources**
- **[ACT-1]** The Transfer of Property Act, 1882, Section 52: Transfer of property pending suit relating thereto *(Status: Active)*","Transfer of Property Act, 1882",52,False,[],NOT_AVAILABLE,[],"['52', '52']",True,NOT_AVAILABLE,False,[],False,[],,,,,
Q53,Property/TPA,A client purchased a property from a vendor who had previously executed a registered contract for sale (Bayanapatra) with another party. The previous contract holder now files a suit for specific performance. Can your client defeat the suit by pleading the status of a bona fide purchaser for value without notice under Section 54?,"No. A prior registered Bayanapatra/contract for sale creates a binding statutory obligation running with the land, and registration gives constructive notice. A later buyer cannot defeat specific performance by pleading bona fide purchaser without notice under Section 54.","**What This Means For You**
Your client may be able to defend against the suit for specific performance if they can prove that they purchased the property in good faith, without knowledge of the previous contract, and for a valid price. However, the court will consider various factors to determine the client's status as a bona fide purchaser.

**What the Law Says**
Under Section 54 of the Transfer of Property Act, 1882 [ACT-1], a sale of immovable property can be made only by a registered instrument. Additionally, Section 53A [ACT-2] provides that a transferee who has taken possession of the property in part performance of the contract can claim protection against the transferor. A court also ruled in Fatema Khatun and others VS Abdul Quddus (2005) [DLR-1] that a non-notified co-sharer's right of pre-emption arises from the date of registration of the document.

**What You Should Do Now**
1. Gather all documents related to the property purchase, including the deed and any other relevant papers.
2. Determine if your client had any knowledge of the previous contract for sale (Bayanapatra) before purchasing the property.
3. Consult with a lawyer to assess the client's status as a bona fide purchaser and prepare a defense against the suit for specific performance.

**Evidence to Keep**
- Deed of sale
- Registration documents
- Any communication or notices related to the previous contract
- Proof of payment for the property

**Where to Go / Who to Contact**
Contact a lawyer specializing in property law or visit the District Court or Sub-Registry Office where the property is located.

**When You Need a Lawyer**
You should consult a lawyer immediately if the court summons your client to appear in the suit for specific performance, as professional legal help is essential to navigate the complexities of property law and protect your client's interests.

---
**Sources**
- **[ACT-1]** The Transfer of Property Act, 1882, Section 54: Sale defined *(Status: Active)*
- **[ACT-2]** The Transfer of Property Act, 1882, Section 53A: Part performance *(Status: Amended)*
- **[DLR-1]** Fatema Khatun and others VS Abdul Quddus — DLR (AD) 2005 | Appellate Division | 2005","Transfer of Property Act, 1882",54,False,[],NOT_AVAILABLE,[],"['54', '53A', '54', '53A']",True,NOT_AVAILABLE,False,[],False,[],,,,,
Q54,Commercial/IP,How long does a trademark registration stay valid in Bangladesh before I have to renew it?,"Under the Trademarks Act, 2009, initial trademark registration lasts 7 years from the application/registration date, and it can be renewed repeatedly for 10-year periods after that.","**What This Means For You**
Your trademark registration in Bangladesh is valid for a certain period, after which you need to renew it to maintain your exclusive rights. This is crucial for protecting your brand and business.

**What the Law Says**
Under Section 22 [ACT-2] of the Trademarks Act, 2009, the registration of a trademark is valid for 7 years from the date of registration. After this period, you can renew the registration for a further period of 10 years.

**What You Should Do Now**
1. Check your trademark registration certificate to find out when it expires.
2. Apply for renewal within the prescribed time period before the expiration date.
3. Ensure you pay the required fees for renewal.

**Evidence to Keep**
- Trademark registration certificate
- Renewal application documents
- Payment receipts for renewal fees

**Where to Go / Who to Contact**
Contact the Department of Patents, Designs and Trademarks (DPDT) under the Ministry of Industries, Government of the People's Republic of Bangladesh, for renewal of your trademark registration.

**When You Need a Lawyer**
You should consult a lawyer if you receive an objection to your renewal application or if there are any disputes related to your trademark registration.

---
**Sources**
- **[ACT-2]** Trademarks Act, 2009, Section 22: Duration, renewal and restoration of registration. *(Status: Active)*","Trademarks Act, 2009",,False,[],NOT_AVAILABLE,[],"['22', '22']",N/A,NOT_AVAILABLE,False,[],False,[],,,,,
Q55,Commercial/IP,Someone is selling exact copies of my products using my registered brand logo in a local market. Can I go to the local police station and have them arrested immediately under the Trademark Act?,"Yes, selling counterfeit goods using a registered mark can attract criminal liability under Sections 73 and 74 of the Trademarks Act, 2009. Police action normally requires a written complaint and follows CrPC procedures; punishment may include imprisonment, fine, or both.","**What This Means For You**
Someone is copying your products and using your brand logo without permission, which can harm your business and reputation. You want to stop them, but you need to follow the right legal process.

**What the Law Says**
Under Section 73 of the Trademarks Act, 2009 [ACT-6], anyone who falsifies a trademark or applies a false trademark to goods or services can be punished with imprisonment or a fine. However, the law also requires that you follow the proper procedure to report the infringement. A court also ruled in State VS Abdur Rahim (2005) [DLR-1] that an application for disposal of seized articles can be filed under section 517 of the Code, but this is a separate process.

**What You Should Do Now**
1. Gather evidence of the infringement, such as photos or videos of the counterfeit products and the person selling them.
2. File a complaint with the Department of Patents, Designs and Trademarks (DPDT) or the local police station, providing them with the evidence you have collected.
3. You may also want to consider sending a cease and desist letter to the infringer, demanding that they stop using your trademark.

**Evidence to Keep**
- Photos or videos of the counterfeit products
- Proof of your registered trademark
- Any other relevant documents, such as invoices or receipts

**Where to Go / Who to Contact**
You can contact the local police station or the Department of Patents, Designs and Trademarks (DPDT) to report the infringement. You can also reach out to a lawyer specializing in intellectual property law for guidance.

**When You Need a Lawyer**
You should consider hiring a lawyer if the police or DPDT are unable to take action, or if you need help with filing a lawsuit against the infringer.

---
**Sources**
- **[ACT-6]** Trademarks Act, 2009, Section 73: Penalty for applying false trademarks and false trade description, etc. *(Status: Active)*
- **[DLR-1]** State VS Abdur Rahim — DLR (AD) 2005 | Appellate Division | 2005","Trademarks Act, 2009","73,74",False,[],NOT_AVAILABLE,[],"['73', '517', '73']",False,NOT_AVAILABLE,False,[],False,[],,,,,
Q59,Commercial/IP,"What is the specific civil forum/court of original jurisdiction to institute a suit for trademark infringement in Bangladesh, and what is the statutory limitation period for filing such a suit?","A trademark infringement suit must be filed in the Court of the District Judge having territorial jurisdiction, which includes the Joint District Judge exercising District Court powers. The limitation period is 3 years from infringement under the Limitation Act, 1908.","**What This Means For You**
If you believe your trademark has been infringed, you need to know where to go and how long you have to take action. In Bangladesh, the specific court to file a suit for trademark infringement is important to know, as well as the time limit for filing such a suit.

**What the Law Says**
Under Section 134 of the Trademarks Act, 2009 [ACT-1], a suit for trademark infringement can be instituted in the District Court. The District Court has original jurisdiction to try suits for trademark infringement. Regarding the statutory limitation period, according to the Limitation Act, 1908, and as applied in various legal contexts in Bangladesh, the general limitation period for filing a suit for trademark infringement is three years from the date of infringement. However, specific details on the limitation period for trademark infringement suits are not directly provided in the given verified sources, suggesting the need to consult the Limitation Act, 1908, or relevant legal advice for precise guidance.

**What You Should Do Now**
1. Gather all evidence of trademark infringement, including any proof of unauthorized use of your trademark.
2. Consult with a licensed Bangladeshi lawyer specializing in intellectual property law to discuss your case and the appropriate legal actions.
3. Determine the exact limitation period applicable to your case, considering the date of the infringement and any specific legal advice received.

**Evidence to Keep**
- Documents proving registration of your trademark
- Evidence of the infringing use (e.g., photographs, advertisements)
- Records of any communications with the alleged infringer
- Details of any financial losses due to the infringement

**Where to Go / Who to Contact**
For legal action, you should contact the District Court in the jurisdiction where the infringement occurred or where the defendant resides or carries on business. For legal advice, consult a licensed lawyer or contact the Bangladesh Bar Council for a referral.

**When You Need a Lawyer**
You should seek professional legal help as soon as you discover the trademark infringement, as the situation can become complex and requires expert guidance to navigate the legal system effectively in Bangladesh.

---
**Sources**
- **[ACT-1]** Trademarks Act, 2009, Section 37: Restrictions on assignment or transmission when exclusive rights would be created in different parts of Bangladesh. *(Status: Active)*","Trademarks Act, 2009 / Limitation Act, 1908",,False,[],NOT_AVAILABLE,[],"['134', '37']",N/A,NOT_AVAILABLE,True,['Limitation Act'],False,[],,,,,
