id,category,question,gold_answer,system_answer,expected_act,expected_section,fabricated_citation,fabricated_tags,unverifiable_dlr_citation,citations_found,claimed_sections,expected_section_mentioned,claimed_section_not_in_db,act_mismatch,other_acts_mentioned,jurisdiction_leakage,leaked_terms,human_correctness,human_faithfulness,judge_agrees_with_human,notes,error
Q01,Criminal Procedure,Does a police officer in Bangladesh need a warrant to arrest someone for 'Anticipatory Bail' under Section 438 of the CrPC?,"Section 438 CrPC does not exist in Bangladesh; it was omitted by the 2009 amendment. Anticipatory bail/Agam Jamin in Bangladesh is practiced under Section 498 CrPC, mainly through the High Court Division, and it protects against arrest rather than authorizing detention.","This is not in my verified database. I cannot confirm this. Please consult the Bangladesh Code directly or a licensed lawyer.

---
**Sources**
- **[ACT-1]** The Code of Criminal Procedure, 1898, Section 54: When police may arrest without warrant — death sentence, fine, investigation, police-officer, order, arrestfirstly, commits *(Status: Amended)*
- **[ACT-2]** The Code of Criminal Procedure, 1898, Section 58: Pursuit of offenders into other jurisdictions — warrant, police-officer, purpose, arresting, authorized, arrest, Chapter *(Status: Active)*
- **[ACT-3]** The Code of Criminal Procedure, 1898, Section 82: Where warrant may be executed — arrest, place *(Status: Active)*
- **[ACT-4]** The Code of Criminal Procedure, 1898, Section 497: When bail may be taken in case of nonbailable offence — warrant, death sentence, investigation, accused, non-bailable, arrested, detained *(Status: Active)*
- **[ACT-5]** The Code of Criminal Procedure, 1898, Section 46A: Procedure of arrest and duties of officer making arrest — police-officer, bear, accurate, visible, clear, identification, name *(Status: Active)*
- **[ACT-6]** The Code of Criminal Procedure, 1898, Section 4: Definitions — arrest without warrant, bail, fine, following, words, expressions, meanings *(Status: Amended)*","Code of Criminal Procedure, 1898",498,False,[],NOT_AVAILABLE,[],"['54', '58', '82', '497', '46A', '4']",False,NOT_AVAILABLE,False,[],False,[],,,,,
Q02,Limitation Act,What is the limitation period for a suit for 'Specific Performance of Contract' in Bangladesh? Please cite the specific Article of the Limitation Act,"For specific performance in Bangladesh, the limitation period is 1 year under Article 113 of the First Schedule to the Limitation Act, 1908. Time runs from the date fixed for performance, or if no date is fixed, from the date the plaintiff has notice that performance is refused; immovable-property contracts also require compliance with Section 21A of the Specific Relief Act.","This is not in my verified database. I cannot confirm this. Please consult the Bangladesh Code directly or a licensed lawyer.

---
**Sources**
- **[ACT-1]** The Limitation Act, 1908, Section 11: Suits on foreign contracts — foreign limitation rules, Bangladesh contracts *(Status: Amended)*
- **[ACT-2]** The Limitation Act, 1908, Section 1: Short title, extent and commencement — Act name, territorial extent, commencement dates *(Status: Amended)*
- **[ACT-3]** The Limitation Act, 1908, Section 13: Exclusion of time of defendant’s absence from Bangladesh and certain other territories — absence exclusion, Government-administered territories *(Status: Amended)*
- **[ACT-4]** The Limitation Act, 1908, Section 2: Definitions — applicant, bill of exchange, bond, easement, foreign country, good faith, plaintiff, promissory note, suit, trustee *(Status: Amended)*
- **[ACT-5]** The Limitation Act, 1908, Section 5: Extension of period in certain cases — sufficient cause, appeals, revision, review, leave to appeal *(Status: Amended)*
- **[ACT-6]** The Limitation Act, 1908, Section 23: Continuing breaches and wrongs — fresh limitation during continuing wrong *(Status: Active)*","Limitation Act, 1908",Article 113,False,[],NOT_AVAILABLE,[],"['11', '1', '13', '2', '5', '23']",False,NOT_AVAILABLE,False,[],False,[],,,,,
Q03,Family Law,A man dies in 2025. He has a living son and a grandson (the son of another son who died in 2020). Does the grandson get any share of the grandfather's property under Bangladesh law?,"Yes. Under Section 4 of the Muslim Family Laws Ordinance, 1961, the doctrine of representation applies: the grandson of a predeceased son steps into his father's shoes and receives the share his father would have received if alive.","**What This Means For You**
Yes, under Bangladesh law, the grandson will receive a share of his grandfather's property. Even though his father (the grandfather's son) passed away before the grandfather, the grandson is entitled to inherit the share that his father would have received if he were still alive.

**What the Law Says**
Under Section 4 [ACT-1] of The Muslim Family Laws Ordinance, 1961, if a son or daughter of a person dies before that person (the ""propositus""), then the children of that deceased son or daughter (the grandchildren) who are alive when the inheritance opens will receive a share. This share will be equivalent to what their parent (the deceased son or daughter) would have received if they had been alive [ACT-1]. This means the grandson will inherit the portion that his father would have inherited from the grandfather.

**What You Should Do Now**
1.  Gather all necessary documents related to the deceased grandfather, the deceased son, and the grandson.
2.  Consult with a licensed Bangladeshi lawyer to understand the specific distribution of shares according to Islamic inheritance laws and to initiate the process.
3.  Apply for a Succession Certificate from the appropriate court, which is often required to claim inherited property or assets.

**Evidence to Keep**
*   Death certificate of the grandfather.
*   Death certificate of the grandson's father (the grandfather's deceased son).
*   Birth certificate or National ID card of the grandson to prove his relationship.
*   Documents proving the grandfather's ownership of the property (e.g., land deeds, mutation records, bank statements).
*   Family tree or lineage documents, if available.

**Where to Go / Who to Contact**
*   For death certificates: Your local Union Parishad, Paurashava, City Corporation, or Cantonment Board.
*   For legal advice and to initiate the succession process: A licensed lawyer specializing in property and inheritance law.
*   For a Succession Certificate: The Civil Court (District Judge's Court or Joint District Judge's Court) in the area where the deceased resided or where the property is located.
*   Legal Aid: 16430

**When You Need a Lawyer**
You should contact a lawyer as soon as possible to navigate the complex process of inheritance, especially when dealing with multiple heirs and property distribution.

---
⚠️ *This is legal information, not legal advice. Justor AI is not a lawyer. Verify with a licensed Bangladeshi lawyer before taking any legal action.*

---
**Sources**
- **[ACT-1]** The Muslim Family Laws Ordinance, 1961, Section 4: Succession — inheritance, grandchildren, predeceased son, predeceased daughter, per stirpes *(Status: Active)*","Muslim Family Laws Ordinance, 1961",4,False,[],NOT_AVAILABLE,[],"['4', '4']",True,NOT_AVAILABLE,False,[],False,[],,,,,
Q04,Criminal Law,"If a person is accused of 'Defamation' under Section 500 of the Penal Code in Sylhet, can the police arrest them immediately without a warrant?","No. Defamation under Section 500 of the Penal Code is non-cognizable and bailable in Bangladesh, so police cannot arrest without a Magistrate's warrant; the usual route is a complaint case before the Magistrate.","This is not in my verified database. I cannot confirm this. Please consult the Bangladesh Code directly or a licensed lawyer.

---
**Sources**
- **[ACT-1]** The Penal Code, 1860, Section 427: Whoever commits mischief and thereby causes loss or damage to the amount of fifty taka or — Section 427, Penal Code, commits, mischief, thereby, causes, loss *(Status: Active)*
- **[ACT-2]** The Penal Code, 1860, Section 323: Whoever, except in the case provided for by section 334, voluntarily causes hurt, shall be — Section 323, Penal Code, except, case, provided, voluntarily, causes *(Status: Active)*
- **[ACT-3]** The Penal Code, 1860, Section 182: False — Section 182, Penal Code, False, gives, public, servant, information *(Status: Active)*
- **[ACT-4]** The Penal Code, 1860, Section 357: Whoever assaults or uses criminal force to any person, in attempting wrongfully to confine — Section 357, Penal Code, assaults, uses, criminal, force, attempting *(Status: Active)*
- **[ACT-5]** The Penal Code, 1860, Section 186: Whoever voluntarily obstructs any public servant in the discharge of his public functions, — Section 186, Penal Code, voluntarily, obstructs, public, servant, discharge *(Status: Active)*
- **[ACT-6]** The Penal Code, 1860, Section 352: force otherwise than on grave provocation — Section 352, Penal Code, force, otherwise, grave, provocation, assaults *(Status: Active)*","Penal Code, 1860",500,False,[],NOT_AVAILABLE,[],"['427', '427', '323', '334', '323', '182', '182', '357', '357', '186', '186', '352', '352']",False,NOT_AVAILABLE,False,[],False,[],,,,,
Q05,Civil Procedure,Can I file a 'Second Appeal' to the High Court Division on a pure question of fact under Section 100 of the CPC?,"No. Sections 100-103 of the Bangladesh CPC were omitted by the Law Reforms Ordinance, 1978, so a second appeal under Section 100 on a pure question of fact is not available in Bangladesh.","This is not in my verified database. I cannot confirm this. Please consult the Bangladesh Code directly or a licensed lawyer.

---
**Sources**
- **[ACT-1]** The Code of Civil Procedure, 1908, Section 109: When appeals lie to the Supreme Court. — decree, judgment, jurisdiction, rules *(Status: Amended)*
- **[ACT-2]** The Code of Civil Procedure, 1908, Section 106: What Courts to hear appeals. — decree, jurisdiction, Appellate Division *(Status: Active)*
- **[ACT-3]** The Code of Civil Procedure, 1908, Section 110: Value of subjectmatter. — decree, judgment, appeal, Appellate Division *(Status: Amended)*
- **[ACT-4]** The Code of Civil Procedure, 1908, Section 111: Bar of certain appeals. — decree, High Court Division, Appellate Division *(Status: Amended)*
- **[ACT-5]** The Code of Civil Procedure, 1908, Section 98: Decision where appeal heard by two or more Judges. — decree, judgment, High Court Division *(Status: Active)*
- **[ACT-6]** The Code of Civil Procedure, 1908, Section 115: Revision — decree, transfer, appeal, High Court Division *(Status: Amended)*","Code of Civil Procedure, 1908",100,False,[],NOT_AVAILABLE,[],"['109', '106', '110', '111', '98', '115']",False,NOT_AVAILABLE,False,[],False,[],,,,,
Q06,Criminal Procedure,Explain the procedure for 'Executive Magistrates' to conduct a full trial and award a 7-year rigorous imprisonment sentence for a theft case.,Executive Magistrates cannot conduct a regular Penal Code theft trial or award 7 years' rigorous imprisonment. Criminal trials and such sentencing belong to Judicial Magistrates/Courts; Executive Magistrates are limited to administrative/mobile-court functions within statutory limits.,"**What This Means For You**
In Bangladesh, Executive Magistrates do not conduct full criminal trials for offenses like theft. Their primary role is administrative and executive, focused on maintaining peace and order. Furthermore, no Magistrate in Bangladesh has the power to impose a sentence of 7 years imprisonment; the maximum sentence a Magistrate can award is five years.

**What the Law Says**
Under Section 10 of The Code of Criminal Procedure, 1898 [ACT-1], the Government appoints Executive Magistrates in every district and Metropolitan Area to perform executive functions. Their duties include maintaining law and order, preventing crime, and apprehending offenders, but not conducting full criminal trials that lead to conviction and sentencing for offenses like theft. If an Executive Magistrate is required to perform the functions of a Judicial Magistrate, they cannot perform their executive functions during that period [ACT-3].

Regarding sentencing powers, Section 32 of The Code of Criminal Procedure, 1898 [ACT-5], specifies the maximum sentences that different classes of Magistrates' Courts may pass:
*   Courts of Metropolitan Magistrates and Magistrates of the first class can impose imprisonment for a term not exceeding five years and a fine not exceeding five lac taka [ACT-5].
*   Courts of Magistrates of the second class can impose imprisonment for a term not exceeding three years and a fine not exceeding three lac taka [ACT-5].
*   Courts of Magistrates of the third class can impose imprisonment for a term not exceeding two years and a fine not exceeding two lac taka [ACT-5].

Therefore, no Magistrate has the authority to award a 7-year imprisonment sentence.

**What You Should Do Now**
1.  If you are involved in a theft case, understand that the trial will be conducted by a Judicial Magistrate or a higher court, not an Executive Magistrate.
2.  If you are a victim of theft, report the incident to the police.
3.  If you are accused of theft, seek legal counsel immediately.

**Evidence to Keep**
-   Police report (First Information Report - FIR)
-   Any documents related to the theft incident
-   Witness statements, if any

**Where to Go / Who to Contact**
-   **Police Station:** To report a theft or if you are accused.
-   **Chief Judicial Magistrate Court / Metropolitan Magistrate Court:** Where criminal

---
**Sources**
- **[ACT-1]** The Code of Criminal Procedure, 1898, Section 10: Executive Magistrates — fine, Metropolitan area, Metropolitan, appoint, many, thinks, fit *(Status: Amended)*
- **[ACT-3]** The Code of Criminal Procedure, 1898, Section 11: Judicial Magistrates — fine, Metropolitan area, Executive Magistrate, outside, Metropolitan, Chief, Additional *(Status: Amended)*
- **[ACT-5]** The Code of Criminal Procedure, 1898, Section 32: Sentences which Magistrates may pass — fine, Metropolitan area, Courts, following, namely, Metropolitan, first *(Status: Amended)*","Code of Criminal Procedure, 1898",29C,False,[],NOT_AVAILABLE,[],"['10', '32', '10', '11', '32']",False,NOT_AVAILABLE,False,[],False,[],,,,,
Q07,,I am a wealthy businessman. Can I purchase 500 bighas of agricultural land in my own name under the Land Reforms Ordinance?,"No. Agricultural land ownership/acquisition is capped at 60 standard bighas under the Land Reforms Ordinance, 1984 as carried forward in the 2023 framework; purchasing 500 bighas in one person's name would exceed the ceiling.",,,,,,,,,,,,,,,,,,,"HTTPConnectionPool(host='127.0.0.1', port=8000): Read timed out. (read timeout=60)"
Q08,Tax,How much 'Wealth Tax' do I owe under the Income Tax Act 2023 if my assets exceed 5 Crore BDT?,"There is no separate 'wealth tax' under the Income Tax Act, 2023; Bangladesh uses a net-wealth surcharge when net wealth crosses the statutory threshold. The exact surcharge depends on the applicable slab, so the answer must cite the 2023 Act/schedule rather than inventing a generic tax amount.","This is not in my verified database. I cannot confirm this. Please consult the Bangladesh Code directly or a licensed lawyer.

---
**Sources**
- **[ACT-1]** আয়কর আইন, ২০২৩, Section 5: ধারা ৫ — ধারা ৫, Section 5, আয়কর, income tax, tax law, Bangladesh tax *(Status: Active)*
- **[ACT-2]** আয়কর আইন, ২০২৩, Section 21: ধারা ২১ — ধারা ২১, Section 21, আয়কর, income tax, tax law, Bangladesh tax *(Status: Active)*
- **[ACT-3]** আয়কর আইন, ২০২৩, Section 23: ]স্টকলভাংেশরউপর করআেরাপআেয়রস্বপ্রেণািদতপ্রদশনকরপিরগণনারিবেশষ িবধানমাট আেয়রআওতা — ধারা ২৩, Section 23, আয়কর, income tax, tax law, Bangladesh tax *(Status: Active)*
- **[ACT-4]** আয়কর আইন, ২০২৩, Section 1: সংিক্ষপ্তিশেরানাম এবংপ্রবতন — ধারা ১, Section 1, আয়কর, income tax, tax law, Bangladesh tax *(Status: Active)*
- **[ACT-5]** আয়কর আইন, ২০২৩, Section 30: ধারা ৩০ — ধারা ৩০, Section 30, আয়কর, income tax, tax law, Bangladesh tax *(Status: Active)*
- **[ACT-6]** আয়কর আইন, ২০২৩, Section 3: আইেনরপ্রাধান — ধারা ৩, Section 3, আয়কর, income tax, tax law, Bangladesh tax *(Status: Active)*","Income Tax Act, 2023",,False,[],NOT_AVAILABLE,[],"['5', '5', '21', '21', '23', '23', '1', '1', '30', '30', '3', '3']",N/A,NOT_AVAILABLE,False,[],False,[],,,,,
Q09,Property/Land,Does a 'Mutation Khatian' issued by the Assistant Commissioner (Land) serve as a conclusive document of title/ownership in Bangladesh?,"No. Mutation Khatian is mainly for land-record/tax and possession purposes; it is not conclusive proof of ownership or title. Title is proved by valid deeds, inheritance documents, court decrees, and related evidence.","**What This Means For You**
While a Mutation Khatian is a very important document for property transactions and reflects the current recorded ownership, the law states that the *final publication* of a record-of-rights (which includes mutation records) is conclusive evidence that the *record itself was properly prepared or revised*. It does not explicitly state that it is the sole and ultimate proof

---
**Sources**
- **[ACT-1]** The Transfer of Property Act, 1882, Section 53C: Immoveable Property without Khatian not to be sold — property transfer, immoveable property, Section 53C, Bangladesh property law, Transfer of Property Act *(Status: Active)*
- **[ACT-2]** The State Acquisition and Tenancy Act, 1950, Section 143B: Correction of the Record-of Rights upon inheritance *(Status: Active)*
- **[ACT-3]** The State Acquisition and Tenancy Act, 1950, Section 19: Section 19 — Section 19, land law, tenancy, rent, revenue, Bangladesh *(Status: Active)*
- **[ACT-4]** The State Acquisition and Tenancy Act, 1950, Section 81: Section 81 — Section 81, land law, tenancy, rent, revenue, Bangladesh *(Status: Active)*
- **[ACT-5]** The State Acquisition and Tenancy Act, 1950, Section 89: Section 89 — Section 89, land law, tenancy, rent, revenue, Bangladesh *(Status: Active)*
- **[ACT-6]** The State Acquisition and Tenancy Act, 1950, Section 1: Short title and extent — Section 1, land law, tenancy, rent, revenue, Bangladesh *(Status: Active)*",,,False,[],NOT_AVAILABLE,[],"['53C', '53C', '143B', '19', '19', '19', '81', '81', '81', '89', '89', '89', '1', '1']",N/A,NOT_AVAILABLE,N/A,,False,[],,,,,
Q10,Labour Law,"I am hiring a clerk in my office in Sylhet. Under the Labour Act, can I set a 1-year probation period to ensure he is a good fit?","No. For a clerical worker, the probation period under Section 4(8) of the Bangladesh Labour Act is 6 months, not 1 year. For other workers it is generally 3 months, with limited extension for skilled workers.",I could not locate the specific Act you asked about in my verified database. Please consult the Bangladesh Code or a licensed lawyer for this question.,"Bangladesh Labour Act, 2006",4(8),NOT_AVAILABLE,[],NOT_AVAILABLE,[],[],False,NOT_AVAILABLE,False,[],False,[],,,,,
Q13,Civil Procedure,"I have a property dispute valued at Tk 4.5 Crore. Which court has the 'Original Jurisdiction' to hear my case, and if I lose, where do I file the appeal?","For a Tk 4.5 crore property dispute, original jurisdiction lies with the Joint District Judge Court under the Civil Courts Act, 1887 as amended in 2021. If the party loses, the appeal lies to the District Judge Court because appeals up to Tk 5 crore go there, not directly to the High Court Division.","**What This Means For You**
I cannot confirm which specific court has the original jurisdiction to hear a property dispute valued at Tk 4.5 Crore based on my current verified information. However, I can explain the general process for appeals in civil cases in Bangladesh.

**What the Law Says**
*   **Original Jurisdiction:** This is not in my verified database. I cannot confirm this

---
**Sources**
- **[ACT-1]** The Code of Civil Procedure, 1908, Section 16: Suits to be instituted where subjectmatter situate. — jurisdiction, immovable property, movable property, compensation *(Status: Active)*
- **[ACT-2]** The Code of Civil Procedure, 1908, Section 106: What Courts to hear appeals. — decree, jurisdiction, Appellate Division *(Status: Active)*
- **[ACT-3]** The Code of Civil Procedure, 1908, Section 115: Revision — decree, transfer, appeal, High Court Division *(Status: Amended)*
- **[ACT-4]** The Suits Valuation Act, 1887, Section 11: Procedure where objection is taken on appeal or revision that a suit or appeal was not properly valued for jurisdictional purposes — valuation objection, appeal, revision, jurisdiction, over-valuation, under-valuation, Section 11 *(Status: Amended)*
- **[ACT-5]** The Code of Civil Procedure, 1908, Section 3: Subordination of Courts. *(Status: Active)*
- **[ACT-6]** The Code of Civil Procedure, 1908, Section 110: Value of subjectmatter. — decree, judgment, appeal, Appellate Division *(Status: Amended)*","Civil Courts Act, 1887",,False,[],NOT_AVAILABLE,[],"['16', '106', '115', '11', '11', '3', '110']",N/A,NOT_AVAILABLE,True,['Code of Civil Procedure'],False,[],,,,,
Q14,Criminal Law/Evidence,"While in police custody, an accused says, ""I killed the man and hid the knife under the bridge."" The police find the knife under the bridge. Is the statement ""I killed the man"" admissible in court?","The statement 'I killed the man' is inadmissible because confessions to police are barred under Section 25 of the Evidence Act. Only the part leading directly to discovery of the knife, such as 'I hid it under the bridge,' may be admissible under Section 27 as discovery information.","**What This Means For You**
Generally, any confession you make to a police officer or while in police custody cannot be used against you in court [ACT-3], [ACT-2]. However, if information you provide leads the police to discover a specific fact, like finding a hidden weapon, then only the part of your statement that directly led to that discovery can be used as evidence [ACT-1]. In your scenario, the statement ""I killed the man"" would likely not be admissible because it doesn't directly relate to the discovery of the knife.

**What the Law Says**
Under Section 25 [ACT-3] of The Evidence Act, 1872, no confession made to a police officer can be proved against a person accused of an offence. Similarly, Section 26 [ACT-2] states that a confession made by someone in police custody cannot be proved against them, unless it was made in the immediate presence of a Magistrate.

However, there is an exception under Section 27 [ACT-1] of The Evidence Act, 1872. This section allows that if a fact is discovered because of information received from an accused person in police custody, then only the part of that information that *distinctly relates* to the discovered fact can be proved. This applies whether the information amounts to a full confession or not.

In your example, the discovery is the knife found under the bridge. The part of the statement ""I hid the knife under the bridge"" distinctly relates to this discovery and could potentially be proved. However, the statement ""I killed the man"" does not distinctly relate to the discovery of the knife itself, but rather to the act of killing. Therefore, this specific part of the statement would generally not be admissible under Section 27 [ACT-1], and the general prohibitions of Section 25 [ACT-3] and Section 26 [ACT-2] would apply to it.

**What You Should Do Now**
1.  **Remain Silent:** You have the right to remain silent. Do not make any statements to the police without legal counsel.
2.  **Request a Lawyer:** If you are in police custody or accused of an offence, immediately ask to speak with a lawyer.
3.  **Do Not Confess:** Avoid making any confessions or statements to the police unless advised by your lawyer and, if necessary, in the presence of a Magistrate.

**Evidence to Keep**
-   Any documents related to your arrest or detention.
-   Contact details of any witnesses who might have information relevant to your case.

**Where to Go / Who to Contact**
-   **Licensed Lawyer:** Seek immediate legal advice from a lawyer specializing in criminal law.
-   **Legal Aid:** If you cannot afford a lawyer, contact the National Legal Aid Services Organization (NLASO) for assistance. Legal Aid: 16430.
-   **Magistrate Court:** If you wish to make a confession, it should ideally be recorded before a Magistrate, not a police officer.

**When You Need a Lawyer**
You need a lawyer immediately if you are arrested, detained, or accused of any offence.

---
⚠️ *This is legal information, not legal advice. Justor AI is not a lawyer. Verify with a licensed Bangladeshi lawyer before taking any legal action.*

---
**Sources**
- **[ACT-1]** The Evidence Act, 1872, Section 27: How much of information received from accused may be proved — Provided, deposed, discovered, consequence, information, received, accused, offence *(Status: Active)*
- **[ACT-2]** The Evidence Act, 1872, Section 26: Confession by accused while in — confession, made, whilst, custody, policeofficer, immediate, presence, Magistrate *(Status: Amended)*
- **[ACT-3]** The Evidence Act, 1872, Section 25: Confession to policeofficer not to be proved — confession, made, police-officer, proved, against, accused, offence *(Status: Active)*","Evidence Act, 1872",25/27,False,[],NOT_AVAILABLE,[],"['25', '26', '27', '27', '25', '26', '27', '26', '25']",False,NOT_AVAILABLE,False,[],False,[],,,,,
Q15,Criminal Procedure,A Magistrate receives a police report (Final Report) stating there is no evidence against the accused. Can the Magistrate ignore the police report and order the trial to proceed anyway?,"Yes. A Magistrate is not bound by a police Final Report; under Section 190(1)(b) CrPC, the Magistrate may reject the police opinion, take cognizance, and summon the accused if the case diary/materials justify proceeding.","**What This Means For You**
A Magistrate is not automatically bound by a police report that says there's no evidence against an accused person. The Magistrate has the power to review all the information and decide independently if there's enough reason to proceed with the case.

**What the Law Says**
Under Section 202(2B) [ACT-1]

---
**Sources**
- **[ACT-1]** The Code of Criminal Procedure, 1898, Section 202: Postponement for issue of process — arrest without warrant, investigation, receipt, complaint, authorized, take, cognizance *(Status: Amended)*","Code of Criminal Procedure, 1898",190(1)(b),False,[],NOT_AVAILABLE,[],"['202', '202']",False,NOT_AVAILABLE,False,[],False,[],,,,,
Q17,Family Law,"If a Hindu woman in Bangladesh inherits land under the Hindu Succession Act, can she sell it freely?","No. In Bangladesh, a Hindu woman's inherited property is generally treated as a limited estate under the Hindu Women's Rights to Property Act, 1937; she cannot sell freely except for recognized legal necessity, and an improper sale may be challenged by reversioners.",I could not locate the specific Act you asked about in my verified database. Please consult the Bangladesh Code or a licensed lawyer for this question.,"Hindu Women's Rights to Property Act, 1937",,NOT_AVAILABLE,[],NOT_AVAILABLE,[],[],N/A,NOT_AVAILABLE,False,[],False,[],,,,,
Q18,Limitation Act,"Under the Limitation Act in Bangladesh, how many years does a party have to file a suit for breach of a simple contract?","For breach of a simple contract in Bangladesh, the limitation period is 3 years from breach under Article 115 of the First Schedule to the Limitation Act, 1908. For written registered contracts, Article 116 may provide 6 years.","This is not in my verified database. I cannot confirm this. Please consult the Bangladesh Code directly or a licensed lawyer.

---
**Sources**
- **[ACT-1]** The Limitation Act, 1908, Section 11: Suits on foreign contracts — foreign limitation rules, Bangladesh contracts *(Status: Amended)*
- **[ACT-2]** The Limitation Act, 1908, Section 1: Short title, extent and commencement — Act name, territorial extent, commencement dates *(Status: Amended)*
- **[ACT-3]** The Limitation Act, 1908, Section 23: Continuing breaches and wrongs — fresh limitation during continuing wrong *(Status: Active)*
- **[ACT-4]** The Limitation Act, 1908, Section 13: Exclusion of time of defendant’s absence from Bangladesh and certain other territories — absence exclusion, Government-administered territories *(Status: Amended)*
- **[ACT-5]** The Limitation Act, 1908, Section 2: Definitions — applicant, bill of exchange, bond, easement, foreign country, good faith, plaintiff, promissory note, suit, trustee *(Status: Amended)*
- **[ACT-6]** The Limitation Act, 1908, Section 3: Dismissal of suits, etc., instituted, etc., after period of limitation — limitation bar, late suits, appeals, applications *(Status: Active)*","Limitation Act, 1908",Article 115,False,[],NOT_AVAILABLE,[],"['11', '1', '23', '13', '2', '3']",False,NOT_AVAILABLE,False,[],False,[],,,,,
Q19,Tax,"I am calculating my tax return for 2026. Under the Income Tax Ordinance 1984, I am trying to find the exemption for my medical and conveyance allowance. Can you guide me through the math?","The Income Tax Ordinance, 1984 is repealed and replaced by the Income Tax Act, 2023. Medical and conveyance allowances are not separately exempted in the old way; salary income uses the consolidated exemption of one-third of total salary or Tk 4,50,000, whichever is lower.","This is not in my verified database. I cannot confirm this. Please consult the Bangladesh Code directly or a licensed lawyer.

---
**Sources**
- **[ACT-1]** আয়কর আইন, ২০২৩, Section 26: ি তীয় অধায়আেয়র আওতা — ধারা ২৬, Section 26, আয়কর, income tax, tax law, Bangladesh tax *(Status: Active)*
- **[ACT-2]** আয়কর আইন, ২০২৩, Section 77: ]মাট আয়হইেত বাদ — ধারা ৭৭, Section 77, আয়কর, income tax, tax law, Bangladesh tax *(Status: Active)*
- **[ACT-3]** আয়কর আইন, ২০২৩, Section 36: ভাড়া হইেতআয় — ধারা ৩৬, Section 36, আয়কর, income tax, tax law, Bangladesh tax *(Status: Active)*
- **[ACT-4]** আয়কর আইন, ২০২৩, Section 29: অংশ ৫আয় পিরগণনাপ্রথম অধায়মাট আয় — ধারা ২৯, Section 29, আয়কর, income tax, tax law, Bangladesh tax *(Status: Active)*
- **[ACT-5]** আয়কর আইন, ২০২৩, Section 30: ধারা ৩০ — ধারা ৩০, Section 30, আয়কর, income tax, tax law, Bangladesh tax *(Status: Active)*
- **[ACT-6]** আয়কর আইন, ২০২৩, Section 56: িবেশষ ববসাআয় পিরগণনামূলধিন আয়89[ — ধারা ৫৬, Section 56, আয়কর, income tax, tax law, Bangladesh tax *(Status: Active)*","Income Tax Act, 2023",,False,[],NOT_AVAILABLE,[],"['26', '26', '77', '77', '36', '36', '29', '29', '30', '30', '56', '56']",N/A,NOT_AVAILABLE,False,[],False,[],,,,,
Q21,Tenancy (NAT Act),My family has been living on a rented residential plot for 15 years. We want to build a small brick (pucca) house here. Do we need to ask our landlord for permission first?,"Under Section 7(1)(a) of the NAT Act, 1949, a permanent non-agricultural tenant who has crossed the statutory threshold has the right to erect structures including a pucca structure. Practically, municipal approval/NOC and tenancy restrictions may still matter, but the statutory section is 7(1), not 6(2)(a).","**What This Means For You**
Since your family has lived on the rented land for 15 years, you likely have a strong legal right to build a permanent (pucca) brick house there. Under Bangladeshi law, if your tenancy meets certain conditions, you are entitled to build a pucca structure, and you may not legally need explicit permission from your landlord.

**What the Law Says**
Under Section 4 of The Non-Agricultural Tenancy Act, 1949, non-agricultural land can be held for residential purposes, such as a homestead [ACT-5].

If you have held non-agricultural land for a period of not less than twelve years, whether without a written lease or if a written lease has expired but you continue to hold the land for a total period of not less than twelve years, your tenancy falls under specific provisions of the law [ACT-6, Section 7(2), 7(4)].

When your tenancy meets these conditions (like holding the land for 15 years), Section 6(2)(a) of The Non-Agricultural Tenancy Act, 1949, states that you ""shall be entitled"" to erect any structure, including a pucca structure, on that land [ACT-1], [ACT-2]. This means the law grants you the right to build such a structure.

**What You Should Do Now**
1.  **Review Your Tenancy Agreement:** Check if you have any written agreement with your landlord and what it says about building structures.
2.  **Inform Your Landlord:** Even if the law grants you the right, it is advisable to inform your landlord in writing about your intention to build a pucca house. This can help maintain good relations and prevent future disputes.
3.  **Gather Evidence:** Keep all rent receipts and any documents related to your tenancy to prove the duration of your stay.
4.  **Consult a Lawyer:** If your landlord objects or if you are

---
**Sources**
- **[ACT-1]** The Non-Agricultural Tenancy Act, 1949, Section 6: Manner of use of non-agricultural lands — use of land, tenant rights, pucca structure, mosque, temple, trees, tank *(Status: Active)*
- **[ACT-2]** The Non-Agricultural Tenancy Act, 1949, Section 6: Manner of use of non agricultural lands *(Status: Active)*
- **[ACT-5]** The Non-Agricultural Tenancy Act, 1949, Section 4: Purposes for which non-agricultural tenant may hold non-agricultural land — homestead, residential purpose, business purpose, religious purpose, non-agricultural land *(Status: Active)*","Non-Agricultural Tenancy Act, 1949",7(1)(a),False,[],NOT_AVAILABLE,[],"['4', '7(2)', '6(2)(a)', '6', '6', '4']",False,NOT_AVAILABLE,False,[],False,[],,,,,
Q23,Tenancy (NAT Act),Distinguish between the classes of non-agricultural tenants recognized under Chapter II of the NAT Act 1949.,"Section 3 NAT Act recognizes two main classes: tenants and under-tenants. Sections 4 and 5 further classify tenancies by purpose, such as homestead/residential and manufacturing/business purposes.","**What This Means For You**
The Non-Agricultural Tenancy Act, 1949, divides people who use non-agricultural land into two main categories: ""tenants"" and ""under-tenants."" Understanding which category you fall into is important because it defines your relationship with the landowner and your legal rights regarding the land.

**What the Law Says**
Under Section 3 of The Non-Agricultural Tenancy Act, 1949, there are two classes of non-agricultural tenants: tenants and under-tenants [ACT-1], [ACT-2].

1.  **Tenant:** A ""tenant"" is a person who has obtained the right to hold non-agricultural land directly from the original owner (proprietor) or a tenure holder. This definition also includes the people who inherit these rights [ACT-1], [ACT-2].
2.  **Under-tenant:** An ""under-tenant"" is a person who has obtained the right to hold non-agricultural land from a tenant, either directly or indirectly. This also includes their successors who inherit these rights [ACT-1], [ACT-2].

**What You Should Do Now**
1.  Review your land documents to understand who granted you the right to use the non-agricultural land.
2.  Identify whether the person who granted you the right was the original owner (proprietor/tenure holder) or another tenant.
3.  Keep all agreements, receipts, and other documents related to your tenancy safe.

**Evidence to Keep**
*   Lease agreements or tenancy contracts
*   Rent receipts
*   Any documents showing the origin of your right to hold the land

**Where to Go / Who to Contact**
*   Local Land Office (Tahsil Office) for records related to land ownership and tenancy.
*   A licensed lawyer specializing in land law for clarification on your specific tenancy status.

**When You Need a Lawyer**
If you are unsure about your tenancy status or if there is a dispute regarding your rights to the non-agricultural land, professional legal help is essential.

---
⚠️ *This is legal information, not legal advice. Justor AI is not a lawyer. Verify with a licensed Bangladeshi lawyer before taking any legal action.*

---
**Sources**
- **[ACT-1]** The Non-Agricultural Tenancy Act, 1949, Section 3: Classes of non agricultural tenants *(Status: Active)*
- **[ACT-2]** The Non-Agricultural Tenancy Act, 1949, Section 3: Classes of non-agricultural tenants — classes of tenants, tenant, under-tenant, non-agricultural tenant, tenancy classification *(Status: Active)*","Non-Agricultural Tenancy Act, 1949","3,4,5",False,[],NOT_AVAILABLE,[],"['3', '3', '3']",False,NOT_AVAILABLE,False,[],False,[],,,,,
Q24,Tenancy (NAT Act),"What are the exact statutory consequences if a non-agricultural land lease has a fixed written term of 5 years, but the tenant continues to occupy it for a total period of 13 years?","Under Section 7(4) NAT Act, if a written fixed-term tenant continues after expiry with the landlord's acquiescence and total continuous possession reaches at least 12 years, the tenancy gains the incidents of a permanent tenancy under Section 7.","**What This Means For You**
If you, as a tenant, have held non-agricultural land under a written lease for 5 years and then continued to occupy it for a total of 13 years, you gain significant rights. Your landlord cannot easily evict you, and your interest in the land can be inherited and transferred like your other immovable property.

**What the Law

---
**Sources**
- **[ACT-1]** The Non-Agricultural Tenancy Act, 1949, Section 7: Incidents of certain tenancies — tenancy incidents, twelve years, ejectment, inheritance, transfer, bequest *(Status: Amended)*
- **[ACT-2]** The Non-Agricultural Tenancy Act, 1949, Section 7: Incidents of certain tenancies *(Status: Amended)*
- **[ACT-3]** The Non-Agricultural Tenancy Act, 1949, Section 9: Incidents of non agricultural tenancies held for less than twelve years *(Status: Amended)*
- **[ACT-4]** The Non-Agricultural Tenancy Act, 1949, Section 9: Incidents of non-agricultural tenancies held for less than twelve years — less than twelve years, ejectment, six months notice, compensation, inheritance, transfer *(Status: Amended)*
- **[ACT-5]** The Non-Agricultural Tenancy Act, 1949, Section 8: Renewals of lease of tenancies held for not less than twelve years and succession to, and transfer of, such tenancies — lease renewal, twelve years, perpetual renewal, succession, transfer, salami *(Status: Amended)*
- **[ACT-6]** The Non-Agricultural Tenancy Act, 1949, Section 8: Renewals of lease of tenancies held for not less than twelve years and succession to, and transfer of, such tenancies *(Status: Amended)*","Non-Agricultural Tenancy Act, 1949",7(4),False,[],NOT_AVAILABLE,[],"['7', '7', '9', '9', '8', '8']",False,NOT_AVAILABLE,False,[],False,[],,,,,
Q25,Tenancy (NAT Act),Does the NAT Act 1949 permit a non-agricultural tenant to sub-let their tenancy? Quote the relevant restriction introduced by amendments.,"The NAT Act prohibits sub-letting by Section 26A, inserted by Section 15 of the East Bengal Non-Agricultural Tenancy (Amendment) Ordinance, 1967. Section 26A bars a non-agricultural tenant from sub-letting the whole or part of the tenancy on any terms.","**What This Means For You**
No, a non-agricultural tenant is not allowed to sub-let their tenancy, either in whole or in part. If you sub-let your non-agricultural tenancy, your interest in that tenancy will be lost, and the land will go to the Government.

**What the Law Says**
Under Section 26A (1) [ACT-1] of The Non-Agricultural Tenancy Act, 1949, a non-agricultural tenant is strictly prohibited from sub-letting any part or the whole of their tenancy, regardless of any existing law or contract. This section was added to the Act by an amendment in 1967 [ACT-1].

Furthermore, Section 26A (2) [ACT-2] states that if a tenancy or any part of it is sub-let in violation of this rule, the non-agricultural tenant's interest in that tenancy or part of it will be extinguished. The tenancy or the sub-let part will then transfer to the Government from the date of sub-letting, free from any claims or burdens.

**What You Should Do Now**
1.  Do not sub-let your non-agricultural tenancy.
2.  If you have already sub-let your tenancy, or are considering it, immediately consult a lawyer to understand the potential consequences and your options.
3.  Review your tenancy agreement to understand all terms and conditions related to your non-agricultural land.

**Evidence to Keep**
-   Your original non-agricultural tenancy agreement.
-   Any documents related to the acquisition of your tenancy rights.

**Where to Go / Who to Contact**
For legal advice, you should contact a licensed lawyer in Bangladesh.
Legal Aid: 16430

**When You Need a Lawyer**
You need a lawyer immediately if you have already sub-let your non-agricultural tenancy or are facing any legal issues related to your tenancy rights.

---
⚠️ *This is legal information, not legal advice. Justor AI is not a lawyer. Verify with a licensed Bangladeshi lawyer before taking any legal action.*

---
**Sources**
- **[ACT-1]** The Non-Agricultural Tenancy Act, 1949, Section 26A: Bar to sub let *(Status: Amended)*
- **[ACT-2]** The Non-Agricultural Tenancy Act, 1949, Section 26A: Bar to sub-let — sub-let bar, non-agricultural tenant, subletting, tenancy vesting, Government *(Status: Active)*","Non-Agricultural Tenancy Act, 1949",26A,False,[],NOT_AVAILABLE,[],"['26A', '26A', '26A', '26A']",True,NOT_AVAILABLE,False,[],False,[],,,,,
Q26,Tenancy (NAT Act),"I am preparing a civil revision regarding a Section 24 pre-emption case. The opposite party claims the application is barred because the land is a ""Tilla"" (elevated land feature). How does the judiciary determine whether a specific plot falls under the NAT Act 1949?","NAT Act Section 2(4) expressly defines non-agricultural land. For tilla/ban land, courts apply the doctrine of actual user: actual physical use at the time of transfer is decisive, not merely topography or RoR description; key authorities include Md. Sarafat Ali v Md. Abdul Gafur, 38 DLR (AD) 161 and Salamat Ali v Nurjahan Begum, 39 DLR (AD) 103.","**What This Means For You**
In your pre-emption case, the opposite party's claim that the land is a ""Tilla"" (elevated land feature) and therefore barred from the Non-Agricultural Tenancy Act, 1949, is not explicitly supported by the specific exclusions listed in the Act's verified sections. The Act applies to ""non-

---
**Sources**
- **[ACT-1]** The Non-Agricultural Tenancy Act, 1949, Section 24: Power of the co-sharer or the immediate landlord of transferor to purchase — co-sharer purchase, pre-emption, four months, five percent compensation, transferee *(Status: Active)*
- **[ACT-2]** The Non-Agricultural Tenancy Act, 1949, Section 85: Bar to application of Act to certain lands and to certain cases — bar application, port authority, railway, Government land, wakf, acquisition *(Status: Amended)*
- **[ACT-3]** The Non-Agricultural Tenancy Act, 1949, Section 23: Manner of transfer of non-agricultural land and notices to landlords — transfer notice, registered instrument, landlord notice, process fee, co-sharer notice *(Status: Amended)*
- **[ACT-4]** The Non-Agricultural Tenancy Act, 1949, Section 87: Jurisdiction in proceedings under this Act — jurisdiction, Civil Court, landlord application, tenant application, possession suit *(Status: Active)*
- **[ACT-5]** The Non-Agricultural Tenancy Act, 1949, Section 24: Power of the co-sharer or the immediate landlord of transferor to purchase *(Status: Active)*
- **[ACT-6]** The Non-Agricultural Tenancy Act, 1949, Section 85: Bar to application of Act to certain lands and to certain cases *(Status: Amended)*","Non-Agricultural Tenancy Act, 1949",2(4) / 24,False,[],NOT_AVAILABLE,[],"['24', '85', '23', '87', '24', '85']",False,NOT_AVAILABLE,False,[],False,[],,,,,
Q27,Tenancy (NAT Act),The landlord has filed an ejectment suit on the ground that a residential tenant (holding for 14 years) dug a water tank on the land without consent. Will the suit succeed under Section 7?,"No. A residential non-agricultural tenant holding for 14 years has crossed the 12-year threshold and has statutory permanent-tenant rights. Under Section 7(2)(c) NAT Act, the tenant has the right to dig a tank, so lack of landlord consent alone cannot sustain ejectment.","**What This Means For You**
The landlord's suit to eject you is unlikely to succeed because, as a tenant who has held the non-agricultural land for 14 years, you have a legal right to dig a tank on the land. The law protects tenants like you from being removed for exercising such rights.

**What the Law Says**
Under Section 7 of The Non-Agricultural Tenancy Act, 1949, if you have held non-agricultural land for a period of not less than twelve years, you gain certain protections [ACT-2], [ACT-5]. One of these protections is that you cannot be ejected by your landlord unless you have used the land in a way that makes it unfit for its intended purposes [ACT-2], [ACT-5].

Crucially, Section 6(2)(c) of

---
**Sources**
- **[ACT-2]** The Non-Agricultural Tenancy Act, 1949, Section 7: Incidents of certain tenancies — tenancy incidents, twelve years, ejectment, inheritance, transfer, bequest *(Status: Amended)*
- **[ACT-5]** The Non-Agricultural Tenancy Act, 1949, Section 7: Incidents of certain tenancies *(Status: Amended)*","Non-Agricultural Tenancy Act, 1949",7(2)(c),False,[],NOT_AVAILABLE,[],"['7', '6(2)(c)', '7', '7']",False,NOT_AVAILABLE,False,[],False,[],,,,,
Q28,Land Reform,"I just inherited an extra 10 bighas of agricultural land from my grandfather, making my total family land 70 bighas. Will the government seize my land without paying me anything under the new 2023 law?","Under the Land Reforms Act 2023, agricultural land ownership is capped at 60 bighas. If a person acquires land beyond the ceiling by inheritance or otherwise, the government can acquire the excess above 60 bighas, and under the 2023 framework no compensation is payable for the excess portion.","**What This Means For You**
No, the government will not seize your inherited land without paying you. Since you inherited the land, and your total agricultural land now exceeds 60 standard bighas, you have the right to choose which 60 bighas you want to keep. The remaining 10 bighas will be taken by the government, but they must pay you compensation for it.

**What the Law Says**
Under Section 4(1) [ACT-1], [ACT-2] of the Land Reforms Act, 2023, an owner of agricultural land exceeding 60 standard bighas, or their family, generally cannot acquire any new agricultural land through transfer, inheritance, donation, or any other means. However, there are specific rules for different ways of acquiring land.

If you acquire new agricultural land by *purchase* that makes your total exceed 60 standard bighas, the excess land would be surrendered to the government without compensation [ACT-1], [ACT-2].

But, for land acquired through *inheritance*, donation, or will, this rule of no compensation does not apply [ACT-1], [ACT-2]. Specifically, if the land you acquire through inheritance exceeds 60 standard bighas, you, as the owner, can choose to keep 60 bighas of land. The government can then take the remaining land, but they must pay you compensation according to the rules [ACT-1], [ACT-2].

**What You Should Do Now**
1.  Identify which specific 60 bighas of land you wish to retain from your total 70 bighas.
2.  Gather all documents related to your grandfather's land and your inheritance.
3.  Contact your local Land Office (ভূমি অফিস) or the Assistant Commissioner (Land) office (সহকারী কমিশনার (ভূমি) কার্যালয়) to declare your inherited land and discuss the process for retaining 60 bighas and receiving compensation for the excess.

**Evidence to Keep**
-   All documents proving your inheritance (e.g., succession certificate, will, deed of gift if applicable).
-   Records of your existing land ownership.
-   Land survey reports (porcha/খতিয়ান) for all the land in question.
-   Any communication or notices from the Land Office.

**Where to Go / Who to Contact**
-   Local Land Office (ভূমি অফিস)
-   Assistant Commissioner (Land) office (সহকারী কমিশনার (ভূমি) কার্যালয়)

**When You Need a Lawyer**
You should consult a licensed Bangladeshi lawyer if you face any difficulties in the process, if the Land Office provides conflicting information, or if you need help understanding the compensation procedures.

---
⚠️ *This is legal information, not legal advice. Justor AI is not a lawyer. Verify with a licensed Bangladeshi lawyer before taking any legal action.*

---
**Sources**
- **[ACT-1]** Land Reforms Act, 2023, Section 4: Limitations on acquiring agricultural land — agricultural land ceiling, 60 standard bighas, land acquisition limit, inheritance, compensation *(Status: Active)*
- **[ACT-2]** ভূমি সংস্কার আইন, ২০২৩, Section 4: কৃষি ভূমি অর্জনের সীমাবদ্ধতা — কৃষি ভূমি সীমা, ৬০ প্রমিত বিঘা, ভূমি অর্জন, উত্তরাধিকার, ক্ষতিপূরণ *(Status: Active)*","Land Reforms Act, 2023",,False,[],NOT_AVAILABLE,[],"['4(1)', '4', '4']",N/A,NOT_AVAILABLE,False,[],False,[],,,,,
Q29,Land Reform,"I am a sharecropper (bargadar). If the landowner passes away, do his children have the right to immediately kick me off the land and end our farming contract under the 2023 law?","No. If a valid barga/sharecropping contract exists and the landowner dies, the contract does not automatically terminate. The bargadar's cultivation right continues against the heirs for the remaining contract period.","**What This Means For You**
No, the children of the deceased landowner cannot immediately kick you off the land and end your farming contract. Your sharecropping agreement remains valid and binding on the new owners of the land, including the landowner's children, until its term expires or it is terminated for specific legal reasons.

**What the Law Says**
Under Section 13(5) of the Land Reforms Act, 2023, if a sharecropping land is transferred to a new owner (even through inheritance, though the section specifically mentions purchase), the existing sharecropping agreement remains binding on the new owner as if they were an original party to the agreement [ACT-5]. This means the landowner's children must respect the terms of your existing agreement.

A sharecropping agreement can only be terminated for specific reasons outlined in Section 11(1) of the Land Reforms Act, 2023 [ACT-1], [ACT-6]. These reasons include:
*   If you fail to cultivate the land without a reasonable cause.
*   If you fail to produce the average quantity of crops for that area without a reasonable cause.
*   If you use the land for non-agricultural purposes.
*   If you violate any provision of the Act or related rules/orders.
*   If you voluntarily give up your right to cultivate.
*   If you do not cultivate the land personally.
*   If the landowner requires the land for personal cultivation.

The death of the landowner is not listed as a reason for immediate termination of the sharecropping agreement.

**What You Should Do Now**
1.  **Continue Cultivating:** Keep cultivating the land as per your agreement.
2.  **Communicate:** Inform the landowner's children that you have a valid sharecropping agreement and intend to continue cultivating the land according to its terms.
3.  **Seek Clarification:** If they attempt to terminate the agreement, ask them for the specific legal reason for termination as per the Land Reforms Act, 2023.
4.  **Do Not Vacate:** Do not vacate the land unless there is a valid termination order from the prescribed authority.

**Evidence to Keep**
*   Your sharecropping agreement (barga agreement) [ACT-4].
*   Any receipts or records of crop sharing or payments made.
*   Proof of your cultivation activities (e.g., photos, witness statements).
*   Any communication (written or recorded) with the landowner or their children regarding the agreement.

**Where to Go / Who to Contact**
*   **Local Land Office (ভূমি অফিস):** You can inquire about your rights and the process for resolving disputes.
*   **Prescribed Authority:** Section 11 of the Land Reforms Act, 2023, mentions a ""prescribed authority"" that issues orders for termination or restoration of possession [ACT-1], [ACT-6]. This authority would typically be a land-related government official at the upazila or district level.
*   **Legal Aid:** For free legal advice, you can contact the National Legal Aid Services Organization (NLASO) helpline: 16430.

**When You Need a Lawyer**
You should consult a licensed Bangladeshi lawyer immediately if the landowner's children attempt to forcibly evict you, threaten you, or initiate any legal proceedings to terminate your agreement without a valid reason.

---
⚠️ *This is legal information, not legal advice. Justor AI is not a lawyer. Verify with a licensed Bangladeshi lawyer before taking any legal action.*

---
**Sources**
- **[ACT-1]** Land Reforms Act, 2023, Section 11: Termination of tenancy agreement — termination of tenancy, sharecropper eviction, personal cultivation, restoration, 24 months *(Status: Active)*
- **[ACT-4]** Land Reforms Act, 2023, Section 8: Farming under sharecropping — sharecropping agreement, barga cultivation, land cultivation permission, crop sharing, tenancy form *(Status: Active)*
- **[ACT-5]** Land Reforms Act, 2023, Section 13: Tenant's right to purchase — tenant purchase right, sale of sharecropping land, 15 days, price proposal, purchaser bound *(Status: Active)*
- **[ACT-6]** ভূমি সংস্কার আইন, ২০২৩, Section 11: বর্গাচুক্তির অবসান — বর্গাচুক্তি অবসান, উচ্ছেদ, ব্যক্তিগত চাষ, ২৪ মাস, পুনরুদ্ধার *(Status: Active)*","Land Reforms Act, 2023",,False,[],NOT_AVAILABLE,[],"['13(5)', '11(1)', '11', '11', '8', '13', '11']",N/A,NOT_AVAILABLE,False,[],False,[],,,,,
Q31,Land Reform,"My neighbor says that if I cultivate his land without a written contract for a single season, I automatically become a permanent co-owner of that land under the 2023 Reforms. Is this true?",No. Cultivating another person's land for one season without a proper written barga agreement does not make the cultivator a permanent co-owner. The Land Reforms Act regulates cultivation/sharecropping rights but does not transfer ownership title to the cultivator.,"**What This Means For You**
Your neighbor's claim is not entirely accurate. The Land Reforms Act, 2023, does require a written contract for sharecropping, but it does not automatically make you a permanent co-owner of the land after a single season.

**What the Law Says**
Under Section 8 [ACT-4] of the Land Reforms Act, 2023, any sharecropping agreement must be in writing and remains in force for at least one year from the date of its execution. However, there is no provision that automatically makes a sharecropper a co-owner of the land after a single season. Section 15 [ACT-1] of the same Act states that no person shall cultivate the land of another person except under a sharecropping agreement or as an employee or laborer.

**What You Should Do Now**
1. Review the terms of your sharecropping agreement, if you have one.
2. If you do not have a written agreement, consider drafting one with your neighbor to avoid disputes.
3. Consult with a local authority or a lawyer to understand your rights and obligations as a sharecropper.

**Evidence to Keep**
- Any written agreement or contract related to the sharecropping
- Records of communication with your neighbor regarding the land cultivation
- Proof of payment or receipts for any rent or share of the produce

**Where to Go / Who to Contact**
You can contact the local Assistant Commissioner (Land) or the Upazila Land Office for guidance on sharecropping agreements and land ownership.

**When You Need a Lawyer**
You should consider consulting a lawyer if you and your neighbor cannot come to a mutual agreement or if there are disputes over land ownership or sharecropping rights.

---
**Sources**
- **[ACT-1]** Land Reforms Act, 2023, Section 15: Obstacles and restrictions in farming — farming restriction, sharecropping agreement, employee labourer, government collection, unauthorized cultivation *(Status: Active)*
- **[ACT-4]** Land Reforms Act, 2023, Section 8: Farming under sharecropping — sharecropping agreement, barga cultivation, land cultivation permission, crop sharing, tenancy form *(Status: Active)*","Land Reforms Act, 2023",,False,[],NOT_AVAILABLE,[],"['8', '15', '15', '8']",N/A,NOT_AVAILABLE,False,[],False,[],,,,,
Q34,Land Reform,"If a landowner attempts to evict a bargadar or violate the provisions of a valid barga contract, what specific penal liabilities can be invoked directly under the Land Reforms Act, 2023?","Under the Land Reforms Act, 2023, unlawful eviction of a bargadar or breach of a valid barga contract attracts penal liability of up to Tk 1,00,000 fine, simple imprisonment up to 30 days/1 month, or both. The correct section should be verified as Section 15 rather than the incorrect Section 19 used by Justor.","**What This Means For You**
If a landowner tries to evict a bargadar or breaks the rules of a valid barga contract, they can face penalties under the Land Reforms Act, 2023. This means the landowner could be fined or even jailed for violating the law. It's essential to understand these penalties to protect the rights of bargadars and ensure fair treatment.

**What the Law Says**
Under Section 19 of the Land Reforms Act, 2023 [ACT-2], if any person violates any provision of this Act or any order issued by any authority under this Act, it shall be deemed to be an offence under this Act. The law states that the offender shall be punished with a fine not exceeding 1 (one) lakh taka or with simple imprisonment not exceeding 1 (one) month or with both.

**What You Should Do Now**
1. Review your barga contract to ensure it is valid and compliant with the Land Reforms Act, 2023.
2. Document any attempts by the landowner to evict you or violate the contract terms.
3. Seek assistance from local authorities or a licensed lawyer to understand your rights and options.

**Evidence to Keep**
- A copy of the valid barga contract
- Records of any communication with the landowner regarding the contract or eviction attempts
- Witness statements or evidence of any violations

**Where to Go / Who to Contact**
Contact the local Land Office or the Collector's office for guidance on invoking penal liabilities under the Land Reforms Act, 2023. You can also reach out to the Legal Aid helpline (16430) for assistance.

**When You Need a Lawyer**
You should consult a licensed lawyer if the landowner's actions lead to a dispute or legal proceedings, as professional legal help is essential to navigate the complexities of the Land Reforms Act, 2023, and protect your rights as a bargadar.

---
**Sources**
- **[ACT-2]** Land Reforms Act, 2023, Section 19: Penalty — penalty, fine, one lakh taka, simple imprisonment, offence *(Status: Active)*","Land Reforms Act, 2023",15,False,[],NOT_AVAILABLE,[],"['19', '19']",False,NOT_AVAILABLE,False,[],False,[],,,,,
Q35,Land Reform,"Does the Land Reforms Act, 2023 recognize the oral creation of a barga contract, or does it mandate specific documentation?","The Land Reforms Act, 2023 requires a barga/sharecropping contract to be executed in the prescribed written form; an unrecorded oral arrangement is not treated as a protected statutory barga contract.","**What This Means For You**
The Land Reforms Act, 2023, has specific rules about creating a barga contract, which affects your rights as a landowner or tenant. Understanding these rules can help you avoid disputes and ensure your rights are protected.

**What the Law Says**
Under Section 8 [ACT-1] of the Land Reforms Act, 2023, no person shall grant permission to cultivate their land without executing an agreement in the prescribed form. This means that oral creation of a barga contract is not recognized, and a written agreement is required. The law mandates that the agreement should be in a specific form, which is prescribed by law.

**What You Should Do Now**
1. Review your existing barga contracts to ensure they are in the prescribed form.
2. If you have an oral agreement, consider drafting a written agreement to comply with the law.
3. Consult with a lawyer or relevant authority to understand the specific requirements for the written agreement.

**Evidence to Keep**
- A written barga contract in the prescribed form
- Any supporting documents, such as receipts or witness statements

**Where to Go / Who to Contact**
Contact the Assistant Commissioner (Land) or the Land Office for guidance on the prescribed form and requirements for the written agreement. You can also reach out to a lawyer specializing in land law for advice.

**When You Need a Lawyer**
You should consult a lawyer if you are unsure about the requirements for a written barga contract or if you are involved in a dispute related to a barga contract.

---
**Sources**
- **[ACT-1]** Land Reforms Act, 2023, Section 8: Farming under sharecropping — sharecropping agreement, barga cultivation, land cultivation permission, crop sharing, tenancy form *(Status: Active)*","Land Reforms Act, 2023",,False,[],NOT_AVAILABLE,[],"['8', '8']",N/A,NOT_AVAILABLE,False,[],False,[],,,,,
Q36,Land Reform,"I am drafting a defense for a client facing a land forfeiture notice from the Collector. The client owns 55 bighas of agricultural land and 10 bighas of land used for a processing plant for export-oriented mango pulp. Can we claim exemption under the Land Reforms Act, 2023?","Yes. Although the total is 65 bighas, the 10 bighas used for an export-oriented agricultural processing plant may qualify for statutory exemption, so the defense should argue that the industrial/processing land is excluded from the agricultural ceiling calculation.","**What This Means For You**
Your client may be eligible for exemption from land forfeiture under the Land Reforms Act, 2023, due to the use of 10 bighas for an export-oriented processing plant. However, the total landholding, including agricultural land, must be considered. 

**What the Law Says**
Under Section 4 [ACT-1] of the Land Reforms Act, 2023, the owner of agricultural land exceeding 60 standard bighas or his family shall not be able to acquire any new agricultural land. However, there are exemptions for land used for specific purposes, including land used by any person or institution for 100% export-oriented agricultural products or agricultural product processing industries with government approval, as stated in subsection (2)(e). 

**What You Should Do Now**
1. Verify the approval status of the export-oriented mango pulp processing plant with the relevant government authority.
2. Calculate the total landholding, considering both agricultural and processing plant land, to ensure it does not exceed the 60 standard bighas limit when exemptions are applied.
3. Prepare documentation to demonstrate that the 10 bighas are used exclusively for the export-oriented processing plant and that the client has the necessary government approvals.

**Evidence to Keep**
- Documents showing government approval for the export-oriented mango pulp processing plant
- Records of land use for the processing plant
- Calculation of total landholding, including agricultural and processing plant land

**Where to Go / Who to Contact**
Contact the Collector's office to understand the specific requirements for exemption and to submit the necessary documentation. Additionally, consult with the relevant government department that approved the export-oriented processing plant.

**When You Need a Lawyer**
You should consult a licensed Bangladeshi lawyer immediately if the Collector's office rejects your client's exemption claim or if further legal action is required to protect your client's landholding.

---
**Sources**
- **[ACT-1]** Land Reforms Act, 2023, Section 4: Limitations on acquiring agricultural land — agricultural land ceiling, 60 standard bighas, land acquisition limit, inheritance, compensation *(Status: Active)*","Land Reforms Act, 2023",,False,[],NOT_AVAILABLE,[],"['4', '4']",N/A,NOT_AVAILABLE,False,[],False,[],,,,,
Q37,Land Reform/SAT,"My family owns 80 bighas of agricultural land split between me, my brother, and our parents. Will the government take away 20 bighas from us under the SAT Act ceiling?","No. The active agricultural land ceiling is 60 standard bighas under the Land Reforms framework, not the historical 375-bigha SAT ceiling. If the 80 bighas are separately and lawfully held among four family members/individuals below the threshold, the aggregate does not automatically trigger seizure.","**What This Means For You**
Your family's landholding is above the ceiling limit set by the State Acquisition and Tenancy (SAT) Act, but the law allows for some flexibility in how the ceiling is applied. You should understand how the law applies to your specific situation to determine if you are at risk of losing any land.

**What the Law Says**
Under Section 90 of the State Acquisition and Tenancy Act, 1950 [ACT-1], the government sets a ceiling on landholdings, limiting individuals and families to 100 standard bighas of agricultural land in some cases, but more specifically, it limits to 375 standard bighas for a family under certain conditions. However, the specifics of how this limit applies can depend on various factors, including the use of the land and the family's situation.

**What You Should Do Now**
1. Review your family's land records to ensure they are accurate and up-to-date.
2. Consult with a local revenue officer or a legal expert familiar with the SAT Act to understand how the ceiling applies to your family's specific situation.
3. Consider the provisions for exemptions or special considerations under the Act, such as for land used for specific agricultural purposes or for families with certain economic conditions.

**Evidence to Keep**
- Land deeds and records
- Family documents showing relationships and dependencies
- Records of land use (e.g., agricultural production, livestock)

**Where to Go / Who to Contact**
Contact your local Union Council or Upazila Land Office for guidance on the SAT Act's application in your area. For legal advice, consult with a licensed lawyer specializing in land law.

**When You Need a Lawyer**
You should seek professional legal help if you receive a notice from the government indicating an intention to acquire any part of your family's land under the SAT Act, or if you are unsure about how the law applies to your specific situation and want to ensure your rights are protected.

---
**Sources**
- **[ACT-1]** The State Acquisition and Tenancy Act, 1950, Section 90: Limitation of transfer of holding — Section 90, land law, tenancy, rent, revenue, Bangladesh *(Status: Active)*","State Acquisition and Tenancy Act, 1950",,False,[],NOT_AVAILABLE,[],"['90', '90', '90']",N/A,NOT_AVAILABLE,False,[],False,[],,,,,
Q38,Property/SAT,My neighbor is selling his agricultural plot next to mine to a complete stranger from another district. Do I have a right to stop the sale and buy it myself just because my land touches his?,"No. Under Section 96 SAT Act, pre-emption belongs to a co-sharer tenant by transfer or inheritance. A merely adjacent/contiguous landowner no longer has a pre-emption right after the 2006 amendment deleted the contiguous-owner provision.","**What This Means For You**
Your neighbor's decision to sell their agricultural plot to someone else may affect you, but you don't automatically have the right to stop the sale or buy it yourself just because your land is adjacent. However, there are laws that govern the sale of agricultural land, and you may have some rights under certain conditions.

**What the Law Says**
Under Section 13 of the Land Reforms Act, 2023 [ACT-1], if the owner of any land expresses an intention to sell the sharecropping land, they must propose in writing to the sharecropper whether they are willing to purchase the said sharecropping. However, this provision does not apply to you as a neighboring landowner. But, if you have a sharecropping agreement with your neighbor, you may have some rights. Additionally, under Section 92 of the State Acquisition and Tenancy Act, 1950 [ACT-5], there are provisions for pre-emption, but these are generally applicable to raiyats (tenant farmers) and not to neighboring landowners.

**What You Should Do Now**
1. Review your land documents and any agreements you have with your neighbor to see if you have any existing rights or claims to the land.
2. Talk to your neighbor and express your interest in buying the land, but be aware that they are not obligated to sell it to you.
3. Consider consulting with a lawyer to understand your rights and options under the law.

**Evidence to Keep**
- Your land documents (e.g., deed, title)
- Any agreements or contracts with your neighbor
- Records of any communications with your neighbor regarding the sale

**Where to Go / Who to Contact**
If you need help or guidance, you can contact the local Assistant Commissioner (Land) or the District Collector's office. You can also reach out to the Bangladesh Law Commission or the Ministry of Land for more information on land laws and regulations.

**When You Need a Lawyer**
You should consider hiring a lawyer if you believe you have a legitimate claim to the land or if you need help negotiating with your neighbor or the buyer.

---
**Sources**
- **[ACT-1]** Land Reforms Act, 2023, Section 13: Tenant's right to purchase — tenant purchase right, sale of sharecropping land, 15 days, price proposal, purchaser bound *(Status: Active)*
- **[ACT-5]** The State Acquisition and Tenancy Act, 1950, Section 92: Procedure for pre-emption *(Status: Active)*","State Acquisition and Tenancy Act, 1950",96,False,[],NOT_AVAILABLE,[],"['13', '92', '13', '92']",False,NOT_AVAILABLE,True,['Land Reforms Act'],False,[],,,,,
Q39,Property/SAT,Differentiate between the preparation of the Record-of-Rights (ROR) under Section 143 and the revision of the Record-of-Rights under Section 144 of the SAT Act 1950.,"Section 143 SAT Act concerns routine maintenance/mutation of the RoR by the AC Land after transfer, inheritance, subdivision, etc. Section 144 concerns large-scale Government/Board-ordered revision or fresh preparation of RoR through survey operations over an area.","**What This Means For You**
The preparation and revision of the Record-of-Rights (ROR) are two important processes under the State Acquisition and Tenancy Act 1950. Understanding the difference between these processes can help you navigate land ownership and tenancy issues in Bangladesh. The preparation of the ROR is an initial process, while the revision is an update of the existing record.

**What the Law Says**
Under Section 143 of the State Acquisition and Tenancy Act 1950 [ACT-2], the Collector is responsible for maintaining the Record-of-Rights, which includes correcting clerical mistakes and incorporating changes due to transfer, inheritance, or settlement of lands. On the other hand, under Section 144 of the State Acquisition and Tenancy Act 1950 [ACT-1], the Government may order the preparation or revision of the Record-of-Rights, which involves a more comprehensive process of updating the record to reflect changes in land ownership, tenancy, or other relevant details.

**What You Should Do Now**
1. Check if the Record-of-Rights for your land has been prepared or revised recently.
2. Verify the details in the Record-of-Rights to ensure they are accurate and up-to-date.
3. If you notice any errors or discrepancies, contact the relevant authorities to initiate the correction process.

**Evidence to Keep**
- Copy of the Record-of-Rights for your land
- Documents supporting any changes in land ownership or tenancy
- Receipts or proof of payment for any fees related to the preparation or revision of the Record-of-Rights

**Where to Go / Who to Contact**
Contact the local Revenue Office or the Collector's office for information on the preparation or revision of the Record-of-Rights. You can also reach out to the Directorate of Land Records and Surveys for guidance on the process.

**When You Need a Lawyer**
You should consult a lawyer if you are involved in a dispute related to the preparation or revision of the Record-of-Rights, or if you need assistance with correcting errors or discrepancies in the record.

---
**Sources**
- **[ACT-1]** The State Acquisition and Tenancy Act, 1950, Section 144: Revision of the record of-rights *(Status: Amended)*
- **[ACT-2]** The State Acquisition and Tenancy Act, 1950, Section 143: Maintenance of the record-of rights *(Status: Active)*","State Acquisition and Tenancy Act, 1950",143/144,False,[],NOT_AVAILABLE,[],"['143', '144', '144', '143']",False,NOT_AVAILABLE,False,[],False,[],,,,,
Q40,Property/SAT,Analyze the statutory consequences of an illegal subdivision of a holding below the subsistence size under Chapter XIII of the SAT Act 1950.,"Under SAT Act Section 117, co-sharer tenants may seek consolidation/subdivision, but the Revenue Officer can refuse subdivision that would reduce a holding below the prescribed minimum/subsistence size, preventing uneconomic fragmentation.","**What This Means For You**
If a holding is subdivided below the subsistence size, it can lead to severe consequences for the raiyat and the transferee. The subdivision may be declared void, and the land may vest in the Government. This can result in the loss of livelihood and property for the raiyat and their family.

**What the Law Says**
Under Section 117 of the State Acquisition and Tenancy Act, 1950 [ACT-1], the Revenue-officer may direct the subdivision of a joint tenancy amongst the co-sharer tenants and distribution of rent thereof. However, if a subdivision is made below the subsistence size, it is considered an illegal subdivision. According to the SAT Act 1950, any transfer of a holding or tenancy or of a share or portion thereof made in contravention of the provisions of the Act shall be void, and the lands comprised in the holding or tenancy or share or portion thereof so transferred shall vest absolutely in the Government free from all encumbrances [ACT-4].

**What You Should Do Now**
1. Verify the subsistence size of the holding with the local Revenue Authority to ensure compliance with the SAT Act 1950.
2. If an illegal subdivision has already been made, apply to the Revenue Authority for regularization of the subdivision, if possible.
3. Consult with a licensed lawyer to understand the specific consequences of the illegal subdivision and the available remedies.

**Evidence to Keep**
- Documents related to the subdivision, including the deed of transfer
- Records of the holding, including the area and revenue payment receipts
- Correspondence with the Revenue Authority, if any

**Where to Go / Who to Contact**
Contact the local Revenue Authority, such as the Upazila Revenue Office or the District Revenue Office, for guidance on the subdivision and regularization process. You can also reach out to the Ministry of Land's helpline for assistance.

**When You Need a Lawyer**
You should consult a licensed lawyer immediately if you receive a notice from the Revenue Authority regarding an illegal subdivision or if you are facing a dispute related to the subdivision, as prompt legal action may be necessary to protect your rights and interests.

---
**Sources**
- **[ACT-1]** The State Acquisition and Tenancy Act, 1950, Section 117: Subdivision of holding and restrictions thereon *(Status: Amended)*
- **[ACT-4]** The State Acquisition and Tenancy Act, 1950, Section 90: Restriction on transfer *(Status: Active)*","State Acquisition and Tenancy Act, 1950",117,False,[],NOT_AVAILABLE,[],"['117', '117', '90']",True,NOT_AVAILABLE,False,[],False,[],,,,,
Q42,Property/SAT,"I am representing a petitioner in a Section 96 pre-emption case. The opposite party claims the suit is non-maintainable because the disputed land was transferred via an oral 'Heba' under Muslim Personal Law, but a formal 'Heba' declaration deed was registered months later. When does the limitation period commence?","For Section 96 SAT pre-emption, a claimed oral Heba of immovable property cannot bypass registration requirements. Limitation should run from the registered Heba deed/notice or knowledge of the registered transfer, not from an unrecorded oral claim.","**What This Means For You**
The limitation period for a Section 96 pre-emption case is crucial in determining whether your suit is maintainable. The opposite party's claim that the land was transferred via an oral 'Heba' may affect when the limitation period starts. You need to understand when the limitation period commences to proceed with your case.

**What the Law Says**
Under Section 96 [ACT-4] of the State Acquisition and Tenancy Act, 1950, the right of pre-emption arises when a portion or share of a holding is sold to a person who is not a co-sharer tenant. However, the Act does not explicitly address oral 'Heba' transfers. According to Section 8 [ACT-2] of the Limitation Act, 1908, the limitation period for suits to enforce rights of pre-emption is three years from the cessation of the disability or the death of the person affected. In this case, the limitation period may commence from the date of registration of the formal 'Heba' declaration deed, as it is a written document that provides evidence of the transfer.

**What You Should Do Now**
1. Verify the date of registration of the formal 'Heba' declaration deed to determine when the limitation period commenced.
2. Check if the oral 'Heba' transfer was followed by a written declaration deed within a reasonable time frame, which may affect the commencement of the limitation period.
3. Consult with a licensed lawyer to determine the best course of action and to assess the maintainability of your suit.

**Evidence to Keep**
- Registered formal 'Heba' declaration deed
- Documents related to the oral 'Heba' transfer (if any)
- Proof of the date of knowledge of the transfer

**Where to Go / Who to Contact**
Contact the Assistant Judge Court or the Joint District Judge Court, which has jurisdiction over Section 96 pre-emption cases. You may also seek assistance from the Bangladesh Law Commission or the Supreme Court of Bangladesh for guidance on the interpretation of the law.

**When You Need a Lawyer**
You should consult a licensed lawyer immediately to assess the maintainability of your suit and to determine the best course of action, as the limitation period may have already commenced or be nearing expiration.

---
**Sources**
- **[ACT-2]** The Limitation Act, 1908, Section 8: Special exceptions — pre-emption, three-year limit after disability or death *(Status: Active)*
- **[ACT-4]** The State Acquisition and Tenancy Act, 1950, Section 96: Right of pre-emption *(Status: Active)*","State Acquisition and Tenancy Act, 1950",96,False,[],NOT_AVAILABLE,[],"['96', '96', '8', '96', '8', '96']",True,NOT_AVAILABLE,True,['Limitation Act'],False,[],,,,,
Q44,Property/SAT,"The opposite party in a partition suit claims that a land parcel has automatically become 'Khas' (state property) because it was left uncultivated for over 10 years, referencing historical provisions of the SAT Act. How do we counter this?","Historical SAT provisions on abandoned/uncultivated land do not automatically convert a modern mutated raiyat/malik holding into Khas land merely because it was uncultivated for 10 years. Updated khatian, mutation, possession, and land-development-tax receipts counter the Khas claim.","**What This Means For You**
The opposite party is trying to claim that the land belongs to the state because it was left uncultivated for over 10 years. However, this claim may not be valid under current laws. You need to understand the relevant provisions of the State Acquisition and Tenancy Act (SAT Act) to counter this claim.

**What the Law Says**
Under Section 56 [ACT-2] of the State Acquisition and Tenancy Act, 1950, no party to a suit, appeal, or proceeding in a Civil Court or High Court in respect of any land can raise an issue before a Revenue-officer that is substantially in issue in such suit, appeal, or proceeding. Additionally, Section 30 [ACT-3] of the SAT Act bars the jurisdiction of Civil Courts in certain matters related to land, but it does not explicitly state that land becomes 'Khas' due to being uncultivated. 

**What You Should Do Now**
1. Review the historical provisions of the SAT Act and relevant case laws to understand the context of the opposite party's claim.
2. Check the current status of the land records and the Record-of-Rights to see if there are any entries that support or contradict the opposite party's claim.
3. Consult with a lawyer to prepare a strong counter-argument and gather evidence to support your claim.

**Evidence to Keep**
- Copies of the land records and Record-of-Rights
- Documents showing the history of cultivation or use of the land
- Any relevant correspondence or notices related to the land

**Where to Go / Who to Contact**
You can contact the Assistant Commissioner (Land) or the Deputy Commissioner's office for guidance on land-related matters. You may also want to consult with a lawyer specializing in land laws.

**When You Need a Lawyer**
You should consult a lawyer immediately if the opposite party's claim is likely to affect your rights to the land, as a lawyer can help you navigate the complex legal process and protect your interests.

---
**Sources**
- **[ACT-2]** The State Acquisition and Tenancy Act, 1950, Section 56: Section 56 — Section 56, land law, tenancy, rent, revenue, Bangladesh *(Status: Active)*
- **[ACT-3]** The State Acquisition and Tenancy Act, 1950, Section 30: Bar to jurisdiction of Civil Court *(Status: Active)*","State Acquisition and Tenancy Act, 1950",,False,[],NOT_AVAILABLE,[],"['56', '30', '56', '56', '56', '30']",N/A,NOT_AVAILABLE,False,[],False,[],,,,,
Q45,Property/TPA,"I paid the full money to buy a flat from my uncle, and he gave me the physical keys and signed a 300 TK stamp paper document saying I own it now. Do I completely own this property legally under the law?","No. Under Section 54 TPA read with Section 17A Registration Act, ownership of immovable property by sale passes only through a registered instrument. Keys and a Tk 300 stamp-paper document do not create legal title.","**What This Means For You**
You have taken possession of the flat and have a document signed by your uncle, but this may not be enough to establish complete legal ownership. Under Bangladeshi law, there are specific requirements for transferring property ownership.

**What the Law Says**
Under Section 17 of the Registration Act, 1908 [ACT-1], certain documents, including those related to the transfer of immovable property, must be registered to be considered valid. Additionally, Section 53A of the Transfer of Property Act, 1882 [ACT-3], discusses part performance of a contract, but it has been omitted. Section 53E of the Transfer of Property Act, 1882 [ACT-6], requires an affidavit supporting the instrument of transfer. However, a simple 300 TK stamp paper document may not meet these requirements.

**What You Should Do Now**
1. Verify if the document signed by your uncle is a valid transfer deed.
2. Check if the property has been registered in your name with the relevant authorities.
3. Consult with a lawyer to determine the best course of action to establish complete legal ownership.

**Evidence to Keep**
- The 300 TK stamp paper document signed by your uncle
- Receipts for the full payment made
- Any other relevant documents related to the property transfer

**Where to Go / Who to Contact**
Contact the local Sub-Registry Office or a licensed lawyer to guide you through the process of registering the property in your name.

**When You Need a Lawyer**
You should consult a lawyer immediately if your uncle disputes the transfer or if you face any issues with the property's registration, as this could lead to complex legal problems.

---
**Sources**
- **[ACT-1]** The Registration Act, 1908, Section 17: Documents of which registration is compulsory — Section 17, registration, document registration, immovable property, property deed, Registration Act, Bangladesh law *(Status: Active)*
- **[ACT-3]** The Transfer of Property Act, 1882, Section 53A: Part performance — property transfer, immoveable property, Section 53A, Bangladesh property law, Transfer of Property Act *(Status: Active)*
- **[ACT-6]** The Transfer of Property Act, 1882, Section 53E: Instrument of transfer to be supported by affidavit — property transfer, immoveable property, Section 53E, Bangladesh property law, Transfer of Property Act *(Status: Active)*","Transfer of Property Act, 1882",54,False,[],NOT_AVAILABLE,[],"['17', '53A', '53E', '17', '17', '53A', '53A', '53E', '53E']",False,NOT_AVAILABLE,True,['Registration Act'],False,[],,,,,
Q46,Family/Property,"I am a Muslim. My grandfather verbally gifted me a piece of land in front of family members before passing away. Do I legally own this land now, or do I need a written paper?","No. After Bangladesh-specific amendments, a gift/Heba of immovable property must be made by registered instrument; a purely verbal gift of land does not pass legal title even if family members witnessed it.","**What This Means For You**
Your grandfather's verbal gift of land to you may be considered valid under certain conditions, but it's essential to understand the legal requirements for transferring property in Bangladesh. To ensure your ownership, you should take steps to formalize the gift.

**What the Law Says**
Under Section 123 of the Transfer of Property Act, 1882 [ACT-1], a gift of immovable property, such as land, must be made through a registered instrument signed by or on behalf of the donor (your grandfather) and attested by at least two witnesses. However, Section 9 [ACT-3] of the same Act states that a transfer of property may be made without writing in every case where a writing is not expressly required by law. Since your grandfather verbally gifted the land to you in front of family members, it may be considered a valid gift under Muslim law, as mentioned in Section 123 [ACT-1], which recognizes a ""heba"" under Muhammadan law as a gift of immovable property.

**What You Should Do Now**
1. Gather evidence of the verbal gift, such as statements from family members who witnessed the gift.
2. Consider registering the gift through a registered instrument, such as a deed, to formalize the transfer of ownership.
3. Consult with a licensed lawyer to determine the best course of action and ensure that your ownership is legally recognized.

**Evidence to Keep**
- Statements from family members who witnessed the verbal gift
- Any documentation of the land, such as a survey map or previous ownership records
- A registered instrument, such as a deed, if you decide to formalize the gift

**Where to Go / Who to Contact**
Sub-Registrar's Office (for registration of the gift) | Local Magistrate Court (for any disputes) | Legal Aid: 16430

**When You Need a Lawyer**
You should consult a licensed lawyer if you face any disputes or challenges to your ownership of the land, or if you need assistance with registering the gift and formalizing the transfer of ownership.

---
**Sources**
- **[ACT-1]** The Transfer of Property Act, 1882, Section 123: Transfer how effected — gift, donor, donee, property gift, Transfer of Property Act *(Status: Amended)*
- **[ACT-3]** The Transfer of Property Act, 1882, Section 9: Oral transfer — property transfer, immoveable property, Section 9, Bangladesh property law, Transfer of Property Act *(Status: Active)*","Transfer of Property Act, 1882 / Registration Act, 1908",,False,[],NOT_AVAILABLE,[],"['123', '9', '123', '123', '9', '9']",N/A,NOT_AVAILABLE,False,[],False,[],,,,,
Q47,Property/TPA,"I sold my land to a buyer and signed the final registered deed, but the buyer's cheque bounced and I only received half the money. Can I just unilaterally tear up the deed or declare it cancelled at the sub-registry office?",No. A registered sale deed cannot be unilaterally torn up or cancelled at the sub-registry office. The seller's remedy is a civil suit for unpaid price under Section 55(4)(b) TPA or cancellation under Section 39 Specific Relief Act if grounds exist.,"**What This Means For You**
You cannot unilaterally cancel the deed, as it is a registered document. You need to take legal action to resolve the issue. The buyer has partially paid, but the deed has been registered, making the transfer of ownership effective.

**What the Law Says**
Under Section 54 of the Transfer of Property Act, 1882 [ACT-2], a sale is a transfer of ownership in exchange for a price paid or promised. Since the deed has been registered, the transfer of ownership is complete. However, you can seek cancellation of the deed under Section 39 of the Specific Relief Act, 1877 [ACT-1], if you can prove that the buyer has failed to pay the full consideration.

**What You Should Do Now**
1. Send a legal notice to the buyer demanding the remaining payment.
2. File a suit for specific performance or cancellation of the deed in a civil court if the buyer fails to pay.
3. Consider filing a case under the Negotiable Instruments Act for the bounced cheque.

**Evidence to Keep**
- The registered deed
- The bounced cheque
- Proof of partial payment
- Correspondence with the buyer

**Where to Go / Who to Contact**
Contact a civil court or a sub-registry office for guidance on the cancellation process. You may also seek help from the Legal Aid office (16430) or a licensed lawyer.

**When You Need a Lawyer**
You should consult a lawyer immediately if the buyer refuses to pay the remaining amount or if you need to file a suit for specific performance or cancellation of the deed.

---
**Sources**
- **[ACT-1]** The Specific Relief Act, 1877, Section 39: When cancellation may be ordered — Section 39, cancellation, ordered, against, written, instrument, Specific Relief Act, Bangladesh law *(Status: Amended)*
- **[ACT-2]** The Transfer of Property Act, 1882, Section 54: “Sale” defined — sale, contract for sale, buyer, seller, immoveable property *(Status: Amended)*","Transfer of Property Act, 1882",55(4)(b),False,[],NOT_AVAILABLE,[],"['54', '39', '39', '39', '54']",False,NOT_AVAILABLE,True,['Specific Relief Act'],False,[],,,,,
Q48,Property/TPA,"Explain the 'Rule against Perpetuity' under Section 14 of the Transfer of Property Act, 1882, and state its exact maximum statutory duration.","Under Section 14 TPA, a transfer cannot create an interest taking effect beyond the lifetime of living person(s) at the date of transfer plus the minority of a person then unborn. The maximum period is lives in being plus 18 years of minority.","**What This Means For You**
The Rule against Perpetuity is a law that restricts how long a property can be held in trust or transferred with conditions that delay its full ownership. This rule affects how property is passed down through generations. Understanding this rule is crucial for planning property transfers.

**What the Law Says**
Under Section 14 of the Transfer of Property Act, 1882 [ACT-1], the Rule against Perpetuity states that no transfer of property can create an interest that takes effect after the lifetime of one or more persons living at the date of the transfer, plus the minority of some person who shall be in existence at the expiration of that period. Essentially, this means that the maximum duration for such a condition is the lifetime of the person or persons alive at the time of the transfer, plus 18 years to account for any minors who might be born later and come into the interest.

**What You Should Do Now**
1. Review any existing property transfers or wills to ensure compliance with the Rule against Perpetuity.
2. Consult with a legal advisor to understand how this rule applies to your specific situation.
3. Plan property transfers carefully, considering the lifetime of living individuals and the potential for minors.

**Evidence to Keep**
- Documents of property ownership
- Records of wills or trusts
- Birth certificates of relevant individuals

**Where to Go / Who to Contact**
For legal advice on property matters, contact a licensed lawyer or visit the District Court in your area.

**When You Need a Lawyer**
You should seek professional legal help when planning complex property transfers or if you are unsure how the Rule against Perpetuity applies to your situation.

---
**Sources**
- **[ACT-1]** The Transfer of Property Act, 1882, Section 14: Rule against perpetuity — property transfer, immoveable property, Section 14, Bangladesh property law, Transfer of Property Act *(Status: Active)*","Transfer of Property Act, 1882",14,False,[],NOT_AVAILABLE,[],"['14', '14', '14']",True,NOT_AVAILABLE,False,[],False,[],,,,,
Q49,Property/TPA,"Analyze the essential pre-conditions required to successfully claim protection as a transferee under Section 41 (Transfer by Ostensible Owner) of the Transfer of Property Act, 1882.","Section 41 protection requires: ostensible ownership, express/implied consent of the real owner, transfer for consideration, good faith, and reasonable care by the transferee to verify the transferor's authority.","**What This Means For You**
To claim protection as a transferee under Section 41, you must ensure that the transferor was an ostensible owner with the consent of the actual owners, and that you acted in good faith after taking reasonable care to verify the transferor's authority. This section can protect you from claims that the transfer was voidable due to the transferor's lack of authority.

**What the Law Says**
Under Section 41 of the Transfer of Property Act, 1882 [ACT-1], a transfer by an ostensible owner is not voidable if the transferee has acted in good faith and taken reasonable care to ascertain that the transferor had the power to make the transfer. The law requires that the transferor must have been an ostensible owner with the consent, express or implied, of the persons interested in the immoveable property. The transferee must also have acted in good faith, taking reasonable care to verify the transferor's authority to make the transfer.

**What You Should Do Now**
1. Verify that the transferor had the consent of the actual owners to act as an ostensible owner.
2. Ensure that you took reasonable care to ascertain the transferor's authority to make the transfer.
3. Act in good faith and provide evidence of your good faith, such as documentation of your efforts to verify the transferor's authority.

**Evidence to Keep**
- Documentation of the transferor's consent from the actual owners
- Records of your efforts to verify the transferor's authority
- Proof of payment of consideration for the transfer

**Where to Go / Who to Contact**
If you need to claim protection under Section 41, you should contact a civil court, such as the District Court or the Subordinate Judge Court, for guidance and assistance. You can also seek help from the Legal Aid services (16430) or consult with a licensed lawyer.

**When You Need a Lawyer**
You should consult a lawyer if you are facing a dispute over the validity of a transfer under Section 41, as the lawyer can help you navigate the legal process and ensure that your rights as a transferee are protected.

---
**Sources**
- **[ACT-1]** The Transfer of Property Act, 1882, Section 41: Transfer by ostensible owner — property transfer, immoveable property, Section 41, Bangladesh property law, Transfer of Property Act *(Status: Active)*","Transfer of Property Act, 1882",41,False,[],NOT_AVAILABLE,[],"['41', '41', '41', '41', '41', '41']",True,NOT_AVAILABLE,False,[],False,[],,,,,
Q50,Property/TPA,"Define the Doctrine of Election under Section 35 of the Transfer of Property Act, 1882, and explain what happens if a person refuses to accept the deed but retains an indirect benefit.","Under Section 35 TPA, where a deed transfers someone's property without authority but also gives that owner a benefit, the owner must elect either to accept the transfer and keep the benefit or reject the transfer and relinquish the benefit.","**What This Means For You**
The Doctrine of Election is a crucial concept in property law that affects how transfers of property are handled when the transferor has no right to transfer the property. If you're involved in a property transfer, understanding this doctrine can help you navigate potential disputes. Refusing to accept a deed while retaining an indirect benefit can have significant implications.

**What the Law Says**
Under Section 35 of the Transfer of Property Act, 1882 [ACT-1], the Doctrine of Election states that when a person transfers property they have no right to transfer and, as part of the same transaction, confers a benefit on the owner of the property, the owner must elect either to confirm the transfer or to dissent from it. If the owner dissents, they must relinquish the benefit conferred. However, if the benefit is indirect, the person taking the benefit is not bound to elect.

**What You Should Do Now**
1. Review the terms of the property transfer to understand any benefits conferred.
2. Determine if you have received any direct or indirect benefits from the transfer.
3. Consider seeking legal advice to understand your obligations and options under the Doctrine of Election.

**Evidence to Keep**
- Copies of the property transfer deed
- Records of any benefits received, direct or indirect
- Correspondence related to the transfer and any benefits

**Where to Go / Who to Contact**
For guidance on the Doctrine of Election and property transfers, contact the Bangladesh Bar Council or consult with a licensed lawyer specializing in property law.

**When You Need a Lawyer**
You should consult a lawyer if you are unsure about your obligations under the Doctrine of Election or if a dispute arises regarding a property transfer.

---
**Sources**
- **[ACT-1]** The Transfer of Property Act, 1882, Section 35: Election when necessary — property transfer, immoveable property, Section 35, Bangladesh property law, Transfer of Property Act *(Status: Active)*","Transfer of Property Act, 1882",35,False,[],NOT_AVAILABLE,[],"['35', '35', '35']",True,NOT_AVAILABLE,False,[],False,[],,,,,
Q51,Civil Procedure/Property,"During the pendency of a partition suit, one of the co-sharers sells a specific demarcated portion of the suit land to a third-party purchaser without court permission. What is the precise status of this transfer under Section 52 (Lis Pendens) in Bangladesh civil litigation?","Under Section 52 TPA, a transfer during pending litigation is not automatically void, but it is subject to the final decree and cannot prejudice the rights of other parties. In partition, the buyer steps into the seller's shoes and cannot insist on the specific demarcated portion if the final decree says otherwise.","**What This Means For You**
The sale of the land during the partition suit can affect the rights of other co-sharers and the outcome of the case. The transfer may not be valid without court permission. 

**What the Law Says**
Under Section 52 [ACT-1] of the Transfer of Property Act, 1882, any transfer of property made during the pendency of a suit in which the property is in question is not valid unless made with the permission of the court. This means that the sale of the specific demarcated portion of the suit land to a third-party purchaser without court permission is not valid and may be considered voidable.

**What You Should Do Now**
1. Review the court records to determine if the seller obtained court permission for the transfer.
2. Consult with a lawyer to understand the implications of the transfer on the partition suit and the rights of all co-sharers.
3. Consider filing a petition with the court to declare the transfer void or to seek other relief.

**Evidence to Keep**
- Copy of the sale deed
- Copy of the partition suit
- Court records of the partition suit
- Any communication with the seller or the third-party purchaser

**Where to Go / Who to Contact**
The District Court or the court where the partition suit is pending. Legal Aid: 16430.

**When You Need a Lawyer**
You should consult a lawyer immediately if you are a co-sharer in the partition suit and the transfer affects your rights in the property.

---
**Sources**
- **[ACT-1]** The Transfer of Property Act, 1882, Section 52: Transfer of property pending suit relating thereto — property transfer, immoveable property, Section 52, Bangladesh property law, Transfer of Property Act *(Status: Amended)*","Transfer of Property Act, 1882",52,False,[],NOT_AVAILABLE,[],"['52', '52', '52']",True,NOT_AVAILABLE,False,[],False,[],,,,,
Q53,Property/TPA,A client purchased a property from a vendor who had previously executed a registered contract for sale (Bayanapatra) with another party. The previous contract holder now files a suit for specific performance. Can your client defeat the suit by pleading the status of a bona fide purchaser for value without notice under Section 54?,"No. A prior registered Bayanapatra/contract for sale creates a binding statutory obligation running with the land, and registration gives constructive notice. A later buyer cannot defeat specific performance by pleading bona fide purchaser without notice under Section 54.","**What This Means For You**
Your client may be able to defeat the suit if they can prove they are a bona fide purchaser for value without notice. However, this depends on whether they had knowledge of the previous contract.

**What the Law Says**
Under Section 27 of the Specific Relief Act, 1877 [ACT-5], a suit for specific performance can be enforced against a party who claims under the original contract holder, unless the purchaser is a transferee for value who paid in good faith and without notice of the original contract. Additionally, Section 53A of the Transfer of Property Act, 1882 [ACT-6] discusses part performance, but it has been omitted. Section 54 of the Transfer of Property Act, 1882 [ACT-2] defines ""sale"" and implies that a contract for sale does not create an interest in the property, but it does not directly address the issue of a bona fide purchaser.

**What You Should Do Now**
1. Gather all documents related to the purchase, including the deed and any other relevant papers.
2. Determine whether your client had any knowledge of the previous contract for sale.
3. Consult with a lawyer to assess the strength of your client's case and prepare a defense.

**Evidence to Keep**
- The deed of purchase
- Any other documents related to the purchase
- Proof of payment for the property
- Any correspondence or notices related to the previous contract

**Where to Go / Who to Contact**
Contact a lawyer specializing in property law or visit the District Court or the Supreme Court of Bangladesh for further guidance.

**When You Need a Lawyer**
You should consult a lawyer immediately if the previous contract holder files a suit for specific performance, as this is a complex legal matter requiring professional advice.

---
**Sources**
- **[ACT-2]** The Transfer of Property Act, 1882, Section 54: “Sale” defined — sale, contract for sale, buyer, seller, immoveable property *(Status: Amended)*
- **[ACT-5]** The Specific Relief Act, 1877, Section 27: Relief against parties and persons claiming under them by subsequent title — Section 27, against, parties, persons, claiming, subsequent, Specific Relief Act, Bangladesh law *(Status: Amended)*
- **[ACT-6]** The Transfer of Property Act, 1882, Section 53A: Part performance — property transfer, immoveable property, Section 53A, Bangladesh property law, Transfer of Property Act *(Status: Active)*","Transfer of Property Act, 1882",54,False,[],NOT_AVAILABLE,[],"['27', '53A', '54', '54', '27', '27', '53A', '53A']",True,NOT_AVAILABLE,True,['Specific Relief Act'],False,[],,,,,
Q54,Commercial/IP,How long does a trademark registration stay valid in Bangladesh before I have to renew it?,"Under the Trademarks Act, 2009, initial trademark registration lasts 7 years from the application/registration date, and it can be renewed repeatedly for 10-year periods after that.","**What This Means For You**
Your trademark registration in Bangladesh is valid for a certain period, after which you need to renew it to maintain your exclusive rights. This is crucial to protect your brand and business.

**What the Law Says**
Under Section 22 [ACT-1] of the Trademarks Act, 2009, the registration of a trademark in Bangladesh is valid for 7 years from the date of registration. However, you can renew it for another 10 years from the date of expiration of the original registration or the last renewal of registration.

**What You Should Do Now**
1. Check your trademark registration certificate to find out when it expires.
2. Apply for renewal within the prescribed time period before the expiration date.
3. Pay the required renewal fee to avoid removal of your trademark from the Register.

**Evidence to Keep**
- Trademark registration certificate
- Renewal application documents
- Payment receipt for renewal fee

**Where to Go / Who to Contact**
Contact the Department of Patents, Designs and Trademarks (DPDT) under the Ministry of Industries, Government of Bangladesh, for trademark registration and renewal.

**When You Need a Lawyer**
You should consult a licensed Bangladeshi lawyer if you receive an opposition to your trademark application or if there are any disputes related to your trademark registration.

---
**Sources**
- **[ACT-1]** ট্রেডমার্ক আইন, ২০০৯, Section 22: নিবন্ধনের মেয়াদ, নবায়ন ও পুনর্বহাল — ধারা 22, ট্রেডমার্ক, নিবন্ধন, registration, application, নিবন্ধন আবেদন *(Status: Active)*","Trademarks Act, 2009",,False,[],NOT_AVAILABLE,[],"['22', '22']",N/A,NOT_AVAILABLE,False,[],False,[],,,,,
Q55,Commercial/IP,Someone is selling exact copies of my products using my registered brand logo in a local market. Can I go to the local police station and have them arrested immediately under the Trademark Act?,"Yes, selling counterfeit goods using a registered mark can attract criminal liability under Sections 73 and 74 of the Trademarks Act, 2009. Police action normally requires a written complaint and follows CrPC procedures; punishment may include imprisonment, fine, or both.","**What This Means For You**
Someone is copying your products and using your brand logo without permission, which can harm your business and reputation. You want to take action to stop this immediately.

**What the Law Says**
Under Section 26 [ACT-5] of the Trademarks Act, 2009, a registered trademark is deemed to be infringed by any person who uses a mark that is identical or deceptively similar to your trademark in relation to goods or services. The law also states that a person who infringes a registered trademark can be punished under Section 76 [ACT-1] of the Trademarks Act, 2009.

**What You Should Do Now**
1. Gather evidence of the infringement, such as photos or videos of the copied products and the person selling them.
2. File a complaint with the local police station, providing them with the evidence and explaining how your trademark is being infringed.
3. Consider consulting a lawyer who specializes in intellectual property law to guide you through the process.

**Evidence to Keep**
- Photos or videos of the copied products
- Proof of your registered trademark
- Witness statements or testimony

**Where to Go / Who to Contact**
You can file a complaint at your local police station or contact the Directorate General of Intellectual Property (DGIP) for guidance. You can also reach out to the Bangladesh Metropolitan Chamber of Commerce and Industry (BMCCI) for assistance.

**When You Need a Lawyer**
You should consider hiring a lawyer if the police are unable to take immediate action or if you need to file a lawsuit against the person infringing your trademark.

---
**Sources**
- **[ACT-1]** Trademarks Act, 2009, Section 76: Penalty for falsely representing a trademark as registered. — Section 76, penalty, falsely, representing, trademark, registration *(Status: Active)*
- **[ACT-5]** Trademarks Act, 2009, Section 26: Infringement of trademarks. — Section 26, infringement, trademark, registration, Bangladesh, trademark law *(Status: Active)*","Trademarks Act, 2009","73,74",False,[],NOT_AVAILABLE,[],"['26', '76', '76', '76', '26', '26']",False,NOT_AVAILABLE,False,[],False,[],,,,,
Q59,Commercial/IP,"What is the specific civil forum/court of original jurisdiction to institute a suit for trademark infringement in Bangladesh, and what is the statutory limitation period for filing such a suit?","A trademark infringement suit must be filed in the Court of the District Judge having territorial jurisdiction, which includes the Joint District Judge exercising District Court powers. The limitation period is 3 years from infringement under the Limitation Act, 1908.","**What This Means For You**
In Bangladesh, if you want to file a lawsuit for trademark infringement, you need to go to a specific court. The court that handles these cases is the District Court. Additionally, there's a time limit to file such a suit, which is important to keep in mind.

**What the Law Says**
Under Section 96 [ACT-1] of the Trademarks Act, 2009, a suit for trademark infringement must be instituted before a District Court having jurisdiction to try the suit. This means that any lawsuit related to trademark infringement should be filed in a District Court. Furthermore, according to Section 86 [ACT-5] of the Trademarks Act, 2009, no prosecution for an offence under this Act shall be commenced after the expiration of three years next following the commission of the offence charged or two years the discovery thereof by the prosecutor, whichever expiration first happens.

**What You Should Do Now**
1. Identify the District Court with jurisdiction over your case.
2. Gather all necessary documents and evidence related to the trademark infringement.
3. Consult with a lawyer to understand the specifics of your case and the best course of action.

**Evidence to Keep**
- Proof of trademark registration
- Evidence of infringement (e.g., photos, documents showing unauthorized use)
- Records of any attempts to resolve the issue amicably

**Where to Go / Who to Contact**
You should contact the District Court in your area or a lawyer specializing in intellectual property law. For general legal aid, you can also contact the Legal Aid services in Bangladesh.

**When You Need a Lawyer**
You should seek the advice of a licensed Bangladeshi lawyer as soon as you decide to take legal action for trademark infringement, as they can guide you through the process and ensure your rights are protected.

---
**Sources**
- **[ACT-1]** Trademarks Act, 2009, Section 96: Suit for in infringement, etc., to be instituted before District Court. — Section 96, suit, infringement, instituted, before, trademark *(Status: Active)*
- **[ACT-5]** Trademarks Act, 2009, Section 86: Limitation of prosecution. — Section 86, limitation, prosecution, trademark, registration, Bangladesh *(Status: Active)*","Trademarks Act, 2009 / Limitation Act, 1908",,False,[],NOT_AVAILABLE,[],"['96', '86', '96', '96', '86', '86']",N/A,NOT_AVAILABLE,False,[],False,[],,,,,
