id,category,question,gold_answer,system_answer,expected_act,expected_section,fabricated_citation,fabricated_tags,unverifiable_dlr_citation,citations_found,claimed_sections,expected_section_mentioned,claimed_section_not_in_db,act_mismatch,other_acts_mentioned,jurisdiction_leakage,leaked_terms,human_correctness,human_faithfulness,judge_agrees_with_human,notes,error
Q01,Criminal Procedure,Does a police officer in Bangladesh need a warrant to arrest someone for 'Anticipatory Bail' under Section 438 of the CrPC?,"Section 438 CrPC does not exist in Bangladesh; it was omitted by the 2009 amendment. Anticipatory bail/Agam Jamin in Bangladesh is practiced under Section 498 CrPC, mainly through the High Court Division, and it protects against arrest rather than authorizing detention.","**What This Means For You**
In Bangladesh, the concept of 'Anticipatory Bail' is exercised under Section 498 of the Code of Criminal Procedure, 1898, not Section 438. This means that if you are seeking anticipatory bail, you will need to apply under Section 498. 

**What the Law Says**
Under Section 498 of the Code of Criminal Procedure, 1898 [ACT-1], the High Court Division or Court of Session may direct that any person be admitted to bail, or that the bail required by a police-officer or Magistrate be reduced. However, Section 438 CrPC was omitted by the Code of Criminal Procedure (Amendment) Act, 2009, and thus, does not apply in Bangladesh.

**What You Should Do Now**
1. Consult with a licensed lawyer to understand the specific requirements and procedures for applying for anticipatory bail under Section 498.
2. Gather all necessary documents and evidence to support your application.
3. File your application with the appropriate court, either the High Court Division or the Court of Session.

**Evidence to Keep**
- A copy of the application for anticipatory bail
- Supporting documents and evidence
- A copy of the court's order, if granted

**Where to Go / Who to Contact**
You should contact the High Court Division or the Court of Session, depending on the jurisdiction of your case. You can also reach out to a licensed lawyer for guidance and representation.

**When You Need a Lawyer**
You should seek the help of a licensed lawyer as soon as possible if you are seeking anticipatory bail or are facing arrest, as they can provide you with the necessary guidance and representation to protect your rights.

---
**Sources**
- **[ACT-1]** The Code of Criminal Procedure, 1898, Section 498: Power to direct admission to bail or reduction of bail (Anticipatory Bail / Agam Jamin) *(Status: Active)*","Code of Criminal Procedure, 1898",498,False,[],NOT_AVAILABLE,[],"['498', '438', '498', '498', '438', '498', '498']",True,NOT_AVAILABLE,False,[],False,[],,,,,
Q02,Limitation Act,What is the limitation period for a suit for 'Specific Performance of Contract' in Bangladesh? Please cite the specific Article of the Limitation Act,"For specific performance in Bangladesh, the limitation period is 1 year under Article 113 of the First Schedule to the Limitation Act, 1908. Time runs from the date fixed for performance, or if no date is fixed, from the date the plaintiff has notice that performance is refused; immovable-property contracts also require compliance with Section 21A of the Specific Relief Act.","**What This Means For You**
In Bangladesh, if you want to file a lawsuit for specific performance of a contract, you need to know the time limit for doing so. This time limit is crucial because if you miss it, you might not be able to file your lawsuit.

**What the Law Says**
Under Article 113 of the First Schedule of The Limitation Act, 1908 [ACT-1], the period of limitation for a suit for specific performance of a contract is three years. The time from which this period begins to run is the date fixed for the performance, or, if no such date is fixed, when the plaintiff has notice that performance is refused.

**What You Should Do Now**
1. Check your contract to see if there's a specific date for performance mentioned.
2. If performance was refused, note down the date you were notified of this refusal.
3. Calculate three years from this date to determine your deadline for filing a lawsuit.

**Evidence to Keep**
- A copy of the contract
- Any communication regarding refusal of performance

**Where to Go / Who to Contact**
For legal advice on specific performance of contracts, you may want to consult a lawyer specializing in contract law. 

**When You Need a Lawyer**
You should consider hiring a lawyer if you are unsure about how to proceed with a lawsuit for specific performance of a contract or if the other party is contesting your claim.

---
**Sources**
- **[ACT-1]** The Limitation Act, 1908, Section 113: Article 113 - For specific performance of a contract *(Status: In Force)*","Limitation Act, 1908",Article 113,False,[],NOT_AVAILABLE,[],['113'],True,NOT_AVAILABLE,False,[],False,[],,,,,
Q03,Family Law,A man dies in 2025. He has a living son and a grandson (the son of another son who died in 2020). Does the grandson get any share of the grandfather's property under Bangladesh law?,"Yes. Under Section 4 of the Muslim Family Laws Ordinance, 1961, the doctrine of representation applies: the grandson of a predeceased son steps into his father's shoes and receives the share his father would have received if alive.","**What This Means For You**
The grandson may have a claim to a share of his grandfather's property, but this depends on specific circumstances and the application of Bangladesh's inheritance laws. The grandson's rights are derived from his father's rights, as his father predeceased the grandfather.

**What the Law Says**
Under the Muslim Personal Law (Shariat) Application Act, 1937, and the Bangladesh Hindu Family Law, the distribution of property after a person's death is governed by personal laws which vary between Muslims and Hindus. Generally, for Muslims, the Shariah law applies, and for Hindus, the Hindu Succession Act, 1956 (as adapted in Bangladesh), applies. A court also ruled in various cases that the rights of grandchildren to inherit from their grandparents can depend on the absence of a direct heir (like a son) and the specific circumstances of the case, including the personal law applicable to the family.

**What You Should Do Now**
1. Determine the personal law applicable to the grandfather's family (Muslim or Hindu).
2. Consult with a lawyer specializing in inheritance law to understand how the property will be distributed according to the applicable personal law.
3. Gather all relevant documents, including the grandfather's death certificate, proof of the son's death, and any will or estate planning documents the grandfather may have left.

**Evidence to Keep**
- Grandfather's death certificate
- Father's (son's) death certificate
- Proof of relationship between the grandson and the grandfather
- Any will or estate planning documents

**Where to Go / Who to Contact**
Contact a lawyer specializing in family and inheritance law in Bangladesh. You may also reach out to the Bangladesh National Legal Aid Services Organization for guidance.

**When You Need a Lawyer**
You should consult a lawyer immediately if there is a dispute over the inheritance or if you need help understanding your rights under Bangladesh's inheritance laws.

---
**Sources**
- **[ACT-1]** The Bangladesh Labour Act, 2006, Section 155: Distribution of compensation *(Status: Active)*
- **[ACT-2]** The Bangladesh Labour Act, 2006, Section 35: Restriction on certain agreements in respect of children *(Status: Active)*
- **[DLR-1]** Bangladesh, represented by the Secretary, Ministry of Works, Housing and Settlement and ors vs Md Abu Bakar and others — DLR (AD) 2005 | Appellate Division | 2005
- **[DLR-2]** Government of the People's Republic of Bangladesh, represented by the DC and another VS Abdur Rahman and others — DLR (AD) 2005 | Appellate Division | 2005
- **[DLR-3]** Yaor Mia (Md) and anothe VS Haji Shah Dhanai Ali and others — DLR (AD) 2005 | Appellate Division | 2005
- **[DLR-4]** Government of Bangladesh and another VS Md Afsar Ali and others — DLR (AD) 2003 | Appellate Division | 2003
- **[DLR-5]** Bangladesh represented by the Secretary, Ministry of Establishment and others VS Abdul halim miah and others — DLR (AD) 2005 | Appellate Division | 2005
- **[DLR-6]** Secretary, Ministry of Food Government of Bangladesh and others vs. Md Sirajuddin Ahmed and others — DLR (AD) 2005 | Appellate Division | 2005
- **[DLR-7]** Abdul Mannan VS Tayeb Ali and others — DLR (AD) 2006 | Appellate Division | 2006
- **[DLR-8]** Anarul Islam (Md) and others vs. State and another — DLR (AD) 2005 | Appellate Division | 2005
- **[DLR-9]** Fatema Khatun and others VS Abdul Quddus — DLR (AD) 2005 | Appellate Division | 2005
- **[DLR-10]** Yogeshwar Gope vs State — DLR (AD) 2005 | Appellate Division | 2005","Muslim Family Laws Ordinance, 1961",4,False,[],NOT_AVAILABLE,[],"['155', '35']",False,NOT_AVAILABLE,True,['Bangladesh Labour Act'],False,[],,,,,
Q04,Criminal Law,"If a person is accused of 'Defamation' under Section 500 of the Penal Code in Sylhet, can the police arrest them immediately without a warrant?","No. Defamation under Section 500 of the Penal Code is non-cognizable and bailable in Bangladesh, so police cannot arrest without a Magistrate's warrant; the usual route is a complaint case before the Magistrate.","**What This Means For You**
If you're accused of defamation in Sylhet, the police might arrest you, but they should follow proper procedures. You have the right to know why you're being arrested and what the charges are. The police should also inform you of your rights, including the right to a lawyer.

**What the Law Says**
Under Section 500 of the Penal Code [ACT-1], defamation is a punishable offense. However, according to the Code of Criminal Procedure, the police can arrest someone without a warrant if they have reasonable grounds to believe that the person has committed a cognizable offense. Defamation is a non-cognizable and bailable offense, which means the police typically need a warrant to arrest someone for defamation. However, the police can still arrest without a warrant if the offense is committed in their presence.

**What You Should Do Now**
1. If you're accused of defamation, ask the police to show you the warrant or explain why they're arresting you without one.
2. Request to contact a lawyer or a family member to inform them of your arrest.
3. Be prepared to provide a bail bond if the police decide to release you on bail.

**Evidence to Keep**
- A copy of the complaint or First Information Report (FIR) against you
- Any witness statements or evidence that can support your case
- Records of any communication or interactions with the person who accused you of defamation

**Where to Go / Who to Contact**
If you're arrested in Sylhet, you can contact the Sylhet Metropolitan Magistrate Court or the Sylhet District Court for legal assistance. You can also reach out to the Legal Aid Services in Bangladesh (Phone: 16430) or the National Helpline for legal guidance.

**When You Need a Lawyer**
You should consult a lawyer as soon as possible if you're accused of defamation, especially if the police are involved, to ensure your rights are protected and to get guidance on how to proceed with your case.

---
**Sources**
- **[ACT-1]** The Penal Code, 1860, Section 500: Punishment for defamation *(Status: Amended)*","Penal Code, 1860",500,False,[],NOT_AVAILABLE,[],"['500', '500']",True,NOT_AVAILABLE,True,['Code of Criminal Procedure'],False,[],,,,,
Q05,Civil Procedure,Can I file a 'Second Appeal' to the High Court Division on a pure question of fact under Section 100 of the CPC?,"No. Sections 100-103 of the Bangladesh CPC were omitted by the Law Reforms Ordinance, 1978, so a second appeal under Section 100 on a pure question of fact is not available in Bangladesh.","**What This Means For You**
You are wondering if you can file a second appeal to the High Court Division on a pure question of fact under Section 100 of the CPC. However, Section 100 of the CPC has been omitted from Bangladesh law. This means you cannot file a second appeal on a pure question of fact under this section.

**What the Law Says**
Under Section 115 of the Code of Civil Procedure, 1908 [ACT-2], the High Court Division may revise a decree or order passed by a lower court if it appears that the lower court has committed an error of law resulting in an error in the decree or order, occasioning failure of justice. However, since Section 100 of the CPC [ACT-1] has been omitted, the High Court Division's jurisdiction in second appeals is limited. A court also ruled in Abdul Mannan VS Tayeb Ali and others [DLR-1] that the High Court Division was in error in setting aside the judgment of the lower appellate court decreeing the suit, as there was nothing in the judgment to indicate that the findings arrived at by the lower appellate court were not based on proper evidence.

**What You Should Do Now**
1. Review the judgment of the lower appellate court to see if there are any errors of law that can be challenged.
2. Consult with a licensed lawyer to determine the best course of action, as the omission of Section 100 and the limited jurisdiction of the High Court Division in second appeals may affect your case.
3. Gather all relevant documents and evidence to support your appeal, if advised to do so by your lawyer.

**Evidence to Keep**
- Copy of the judgment of the lower appellate court
- Relevant documents and evidence supporting your case

**Where to Go / Who to Contact**
Contact the High Court Division of the Supreme Court of Bangladesh or consult with a licensed lawyer practicing in the High Court Division.

**When You Need a Lawyer**
You should consult a lawyer immediately if you are considering filing an appeal to the High Court Division, as the process can be complex and the omission of Section 100 and the limited jurisdiction of the High Court Division in second appeals may require specialized knowledge and expertise.

---
**Sources**
- **[ACT-1]** The Code of Civil Procedure, 1908, Section 100: TITLE_UNKNOWN [OMITTED] *(Status: Omitted)*
- **[ACT-2]** The Code of Civil Procedure, 1908, Section 115: Revision — decree, transfer, appeal, High Court Division *(Status: Amended)*
- **[DLR-1]** Abdul Mannan VS Tayeb Ali and others — DLR (AD) 2006 | Appellate Division | 2006","Code of Civil Procedure, 1908",100,False,[],NOT_AVAILABLE,[],"['100', '100', '115', '100', '100', '100', '100', '115']",True,NOT_AVAILABLE,False,[],False,[],,,,,
Q06,Criminal Procedure,Explain the procedure for 'Executive Magistrates' to conduct a full trial and award a 7-year rigorous imprisonment sentence for a theft case.,Executive Magistrates cannot conduct a regular Penal Code theft trial or award 7 years' rigorous imprisonment. Criminal trials and such sentencing belong to Judicial Magistrates/Courts; Executive Magistrates are limited to administrative/mobile-court functions within statutory limits.,"**What This Means For You**
If you're involved in a theft case, an Executive Magistrate might conduct your trial. However, their power to award imprisonment is limited. For a 7-year sentence, the case might need to be forwarded to a higher authority.

**What the Law Says**
Under Section 10 [ACT-3] of the Code of Criminal Procedure, 1898, Executive Magistrates are appointed by the Government and have specific powers. According to Section 32 [ACT-2], a Magistrate of the first class can pass a sentence of imprisonment for up to 7 years, but this is subject to certain conditions. For a theft case, if the value of the stolen property exceeds a certain amount, the Magistrate may pass a sentence of imprisonment for up to 7 years. However, if the Magistrate feels that a more severe punishment is needed, they may forward the case to a higher authority, such as the Chief Judicial Magistrate or a Magistrate of the first class, as per Section 349 [ACT-4].

**What You Should Do Now**
1. Check the value of the stolen property to determine the severity of the case.
2. Verify the classification of the Magistrate handling your case to ensure they have the authority to award the desired sentence.
3. If necessary, prepare for the case to be forwarded to a higher authority.

**Evidence to Keep**
- Police report
- Evidence of the stolen property's value
- Witness statements

**Where to Go / Who to Contact**
Contact the Chief Judicial Magistrate or the District Magistrate's office for more information on the procedure.

**When You Need a Lawyer**
You should consult a lawyer if you're facing a theft charge that could result in a 7-year imprisonment sentence, as this is a serious offense that requires professional legal guidance.

---
**Sources**
- **[ACT-2]** The Code of Criminal Procedure, 1898, Section 32: Sentences which Magistrates may pass *(Status: Amended)*
- **[ACT-3]** The Code of Criminal Procedure, 1898, Section 10: Executive Magistrates *(Status: Amended)*
- **[ACT-4]** The Code of Criminal Procedure, 1898, Section 349: Procedure when Magistrate cannot pass sentence sufficiently severe *(Status: Amended)*","Code of Criminal Procedure, 1898",29C,False,[],NOT_AVAILABLE,[],"['10', '32', '349', '32', '10', '349']",False,NOT_AVAILABLE,False,[],False,[],,,,,
Q07,Land Reform,I am a wealthy businessman. Can I purchase 500 bighas of agricultural land in my own name under the Land Reforms Ordinance?,"No. Agricultural land ownership/acquisition is capped at 60 standard bighas under the Land Reforms Ordinance, 1984 as carried forward in the 2023 framework; purchasing 500 bighas in one person's name would exceed the ceiling.","**What This Means For You**
As a wealthy businessman, you are subject to the restrictions on acquiring agricultural land under the Land Reforms Act, 2023. This means you cannot purchase more than 60 standard bighas of agricultural land in your own name. Purchasing 500 bighas would exceed this limit, and you may face consequences for violating the law.

**What the Law Says**
Under Section 4 [ACT-1] of the Land Reforms Act, 2023, the owner of agricultural land exceeding 60 standard bighas or his family shall not be able to acquire any new agricultural land by transfer, inheritance, donation, or any other means. However, there are exceptions to this rule, such as for land used for tea, coffee, rubber, or other fruit plantations, or for land used by any person or institution for 100% export-oriented agricultural products or agricultural product processing industries.

**What You Should Do Now**
1. Review the exceptions to the 60 standard bighas limit under Section 4 [ACT-1] to see if any apply to your situation.
2. Consider alternative options, such as purchasing land through a cooperative society or for a specific purpose allowed under the law.
3. Consult with a licensed lawyer to understand the implications of the law and explore possible solutions.

**Evidence to Keep**
- Documents related to the land you wish to purchase
- Records of your current landholdings
- Proof of any exceptions that may apply to your situation

**Where to Go / Who to Contact**
Contact the Ministry of Lands or the Land Reforms Board for guidance on the law and its application. You can also reach out to a licensed lawyer specializing in land law for advice tailored to your situation.

**When You Need a Lawyer**
You should consult a lawyer immediately if you are unsure about the legality of your land purchase or if you face any legal consequences for violating the Land Reforms Act, 2023.

---
**Sources**
- **[ACT-1]** Land Reforms Act, 2023, Section 4: Restrictions on acquisition of agricultural land *(Status: Active)*","Land Reforms Ordinance, 1984 / Land Reforms Act, 2023",4,False,[],NOT_AVAILABLE,[],"['4', '4', '4']",True,NOT_AVAILABLE,True,['Land Reforms Act'],False,[],,,,,
Q08,Tax,How much 'Wealth Tax' do I owe under the Income Tax Act 2023 if my assets exceed 5 Crore BDT?,"There is no separate 'wealth tax' under the Income Tax Act, 2023; Bangladesh uses a net-wealth surcharge when net wealth crosses the statutory threshold. The exact surcharge depends on the applicable slab, so the answer must cite the 2023 Act/schedule rather than inventing a generic tax amount.","**What This Means For You**
If your assets exceed 5 Crore BDT, you may be subject to wealth tax under the Income Tax Act 2023. This means you'll need to calculate and pay the applicable tax on your wealth.

**What the Law Says**
Under Section 41 of the Income Tax Act 2023 [ACT-1], wealth tax is calculated based on the value of your assets. However, the exact rate of wealth tax is not specified in the provided sections of the Act.

**What You Should Do Now**
1. Review your assets and calculate their total value.
2. Consult the Income Tax Act 2023 or contact a tax professional to determine the applicable wealth tax rate.
3. File your tax return and pay the calculated wealth tax.

**Evidence to Keep**
- Records of your assets and their values
- Calculation of your wealth tax liability
- Proof of tax payment

**Where to Go / Who to Contact**
National Board of Revenue (NBR) - Tax Circle Office or a licensed tax consultant

**When You Need a Lawyer**
If you're unsure about calculating your wealth tax or need assistance with tax-related issues, it's recommended to consult a licensed tax lawyer or consultant.

---
**Sources**
- **[ACT-1]** আয়কর আইন, ২০২৩, Section 41: ধারা ৪১ — ধারা ৪১, Section 41, আয়কর, income tax, tax law, Bangladesh tax *(Status: Active)*","Income Tax Act, 2023",,False,[],NOT_AVAILABLE,[],"['41', '41', '41']",N/A,NOT_AVAILABLE,False,[],False,[],,,,,
Q09,Property/Land,Does a 'Mutation Khatian' issued by the Assistant Commissioner (Land) serve as a conclusive document of title/ownership in Bangladesh?,"No. Mutation Khatian is mainly for land-record/tax and possession purposes; it is not conclusive proof of ownership or title. Title is proved by valid deeds, inheritance documents, court decrees, and related evidence.","**What This Means For You**
A Mutation Khatian is a crucial document in Bangladesh that records the transfer of land ownership, but it does not necessarily serve as a conclusive proof of title or ownership. This means that having a Mutation Khatian is important, but it may not be enough to establish your ownership rights in all situations.

**What the Law Says**
Under Section 2 of the State Acquisition and Tenancy Act, 1950 [ACT-1], and relevant provisions of the Land Reforms Act, 2023 [ACT-1], a Mutation Khatian is a record of land ownership maintained by the government. However, the Act does not explicitly state that a Mutation Khatian is conclusive evidence of title. A court also ruled in various cases, such as those found in DLR (AD) [DLR-1], that the Mutation Khatian is a crucial document but may not be the sole basis for determining ownership, especially in disputes.

**What You Should Do Now**
1. Verify the Mutation Khatian with the relevant land office to ensure it accurately reflects the current ownership status.
2. Consult with a licensed lawyer to understand the specific circumstances under which a Mutation Khatian can be considered conclusive evidence of ownership.
3. Gather all relevant documents, including the deed, previous ownership records, and any court judgments, to support your claim of ownership.

**Evidence to Keep**
- Mutation Khatian
- Deed of transfer
- Previous ownership records
- Court judgments or orders related to the land

**Where to Go / Who to Contact**
For issues related to land ownership and Mutation Khatian, contact the Assistant Commissioner (Land) or the local land office. For legal advice, consult a licensed lawyer specializing in property law.

**When You Need a Lawyer**
You should seek the advice of a licensed Bangladeshi lawyer if you are involved in a land ownership dispute or if the validity of your Mutation Khatian is challenged, as these situations can lead to complex legal issues requiring professional guidance.

---
**Sources**
- **[ACT-1]** Land Reforms Act, 2023, Section 2: Definitions *(Status: Active)*
- **[DLR-1]** Government of the People's Republic of Bangladesh, represented by the DC and another VS Abdur Rahman and others — DLR (AD) 2005 | Appellate Division | 2005",,,False,[],NOT_AVAILABLE,[],"['2', '2']",N/A,NOT_AVAILABLE,N/A,,False,[],,,,,
Q10,Labour Law,"I am hiring a clerk in my office in Sylhet. Under the Labour Act, can I set a 1-year probation period to ensure he is a good fit?","No. For a clerical worker, the probation period under Section 4(8) of the Bangladesh Labour Act is 6 months, not 1 year. For other workers it is generally 3 months, with limited extension for skilled workers.","**What This Means For You**
As an employer in Bangladesh, you want to ensure that your new clerk is a good fit for your office. However, the Labour Act has specific rules about probation periods. 

**What the Law Says**
Under Section 4 of the Bangladesh Labour Act, 2006 [ACT-1], the probation period for a worker whose function is of clerical nature shall be 6 (six) months. For other workers, the probation period is 3 (three) months, but it can be extended for a further period of three months if the quality of their work cannot be ascertained within the first 3 months. 

**What You Should Do Now**
1. Review the job requirements and determine if the clerk's role is clerical or non-clerical.
2. Set a probation period of 6 months for clerical workers or 3 months for non-clerical workers, with the option to extend for an additional 3 months if needed.
3. Ensure that you have a clear understanding of the worker's responsibilities and expectations during the probation period.

**Evidence to Keep**
- A copy of the employment contract or agreement that outlines the probation period and job expectations.
- Records of the worker's performance and progress during the probation period.

**Where to Go / Who to Contact**
If you have any questions or concerns about the Labour Act or probation periods, you can contact the Department of Labour in Sylhet or the Bangladesh Labour Foundation.

**When You Need a Lawyer**
If you are unsure about the specific requirements of the Labour Act or need guidance on creating an employment contract, it is recommended that you consult with a licensed lawyer in Bangladesh.

---
**Sources**
- **[ACT-1]** The Bangladesh Labour Act, 2006, Section 4: Classification of workers and probation period *(Status: Active)*","Bangladesh Labour Act, 2006",4(8),False,[],NOT_AVAILABLE,[],"['4', '4']",True,NOT_AVAILABLE,False,[],False,[],,,,,
Q13,Civil Procedure,"I have a property dispute valued at Tk 4.5 Crore. Which court has the 'Original Jurisdiction' to hear my case, and if I lose, where do I file the appeal?","For a Tk 4.5 crore property dispute, original jurisdiction lies with the Joint District Judge Court under the Civil Courts Act, 1887 as amended in 2021. If the party loses, the appeal lies to the District Judge Court because appeals up to Tk 5 crore go there, not directly to the High Court Division.","**What This Means For You**
You have a property dispute worth Tk 4.5 Crore, and you need to know which court can hear your case initially and where to appeal if the decision doesn't go in your favor. This is important because the court's jurisdiction can affect the outcome of your case.

**What the Law Says**
Under Section 18 of The Civil Courts Act, 1887 [ACT-1], the original jurisdiction of a District Judge or Joint District Judge extends to all original suits for the time being cognizable by Civil Courts without any pecuniary limit. Since your property dispute is valued at Tk 4.5 Crore, which is above the typical limits for lower courts, the Joint District Judge has the original jurisdiction to hear your case. A court also ruled in [DLR-1] that property disputes or civil suits valued at high amounts lie within the original civil jurisdiction of the Joint District Judge.

**What You Should Do Now**
1. File your property dispute case with the Joint District Judge's court.
2. Ensure you have all necessary documents and evidence to support your claim.
3. If you lose the case, you can file an appeal with the High Court Division, as per Section 21 of The Civil Courts Act, 1887 [ACT-2], since the value of your suit exceeds five crore Taka.

**Evidence to Keep**
- Property deeds and ownership documents
- Valuation reports
- Any agreements or contracts related to the property
- Evidence of communication or negotiations regarding the dispute

**Where to Go / Who to Contact**
Joint District Judge's Court (for the initial case) or the High Court Division (for the appeal). You may also consider consulting a licensed lawyer specializing in property disputes for guidance.

**When You Need a Lawyer**
You should consider hiring a lawyer as soon as possible, especially given the high value of the property dispute, to ensure your rights are protected and your case is presented effectively in court.

---
**Sources**
- **[ACT-1]** The Civil Courts Act, 1887, Section 18: Extent of original jurisdiction of District or Joint District Judge *(Status: In Force)*
- **[ACT-2]** The Civil Courts Act, 1887, Section 21: None *(Status: Active)*
- **[DLR-1]** Government of the People's Republic of Bangladesh, represented by the DC and another VS Abdur Rahman and others — DLR (AD) 2005 | Appellate Division | 2005","Civil Courts Act, 1887",,False,[],NOT_AVAILABLE,[],"['18', '21', '18', '21']",N/A,NOT_AVAILABLE,False,[],False,[],,,,,
Q14,Criminal Law/Evidence,"While in police custody, an accused says, ""I killed the man and hid the knife under the bridge."" The police find the knife under the bridge. Is the statement ""I killed the man"" admissible in court?","The statement 'I killed the man' is inadmissible because confessions to police are barred under Section 25 of the Evidence Act. Only the part leading directly to discovery of the knife, such as 'I hid it under the bridge,' may be admissible under Section 27 as discovery information.","**What This Means For You**
The statement ""I killed the man"" made by the accused while in police custody may not be admissible in court as evidence against them. This is because the statement was made while the accused was in custody and not in the presence of a Magistrate.

**What the Law Says**
Under Section 26 of the Evidence Act, 1872 [ACT-5], a confession made by an accused while in the custody of a police officer is not admissible as evidence against them unless it was made in the immediate presence of a Magistrate. Since the accused made the statement while in police custody and not in the presence of a Magistrate, it may not be admissible in court.

**What You Should Do Now**
1. The accused should consult with a lawyer to understand their rights and the implications of the statement made while in custody.
2. The lawyer can help the accused to determine whether the statement was made voluntarily and if it can be used as evidence against them.
3. The accused should not make any further statements to the police without the presence of a lawyer.

**Evidence to Keep**
- Record of the statement made by the accused while in police custody
- Details of the circumstances under which the statement was made
- Any witness statements or evidence that may corroborate or contradict the accused's statement

**Where to Go / Who to Contact**
The accused should contact a licensed lawyer or the Legal Aid office (16430) for guidance and representation.

**When You Need a Lawyer**
The accused should seek the help of a lawyer immediately, as the statement made while in police custody may be a critical piece of evidence in the case against them.

---
**Sources**
- **[ACT-5]** The Evidence Act, 1872, Section 26: Confession by accused while in — confession, made, whilst, custody, policeofficer, immediate, presence, Magistrate *(Status: Amended)*","Evidence Act, 1872",25/27,False,[],NOT_AVAILABLE,[],"['26', '26']",False,NOT_AVAILABLE,False,[],False,[],,,,,
Q15,Criminal Procedure,A Magistrate receives a police report (Final Report) stating there is no evidence against the accused. Can the Magistrate ignore the police report and order the trial to proceed anyway?,"Yes. A Magistrate is not bound by a police Final Report; under Section 190(1)(b) CrPC, the Magistrate may reject the police opinion, take cognizance, and summon the accused if the case diary/materials justify proceeding.","**What This Means For You**
If a Magistrate receives a police report stating there is no evidence against you, it means the police did not find enough evidence to proceed with the case. However, the Magistrate may still decide to proceed with the trial. This could affect the outcome of your case, and you should be prepared to defend yourself.

**What the Law Says**
Under Section 173 of the Code of Criminal Procedure, 1898 [ACT-3], the police must submit a report to the Magistrate after completing the investigation. If the report states that there is no evidence against the accused, the Magistrate may still take cognizance of the offence if they believe there is sufficient evidence to proceed. However, the Magistrate must consider the police report and make a decision based on the evidence presented.

**What You Should Do Now**
1. Review the police report and understand the evidence presented.
2. Consult with a lawyer to discuss your options and prepare a defense.
3. Be prepared to present your case in court, even if the police report states there is no evidence against you.

**Evidence to Keep**
- A copy of the police report
- Any evidence or witness statements that support your case
- Records of any interactions with the police or other authorities

**Where to Go / Who to Contact**
Contact the Magistrate Court where the case is being heard, or reach out to a licensed lawyer for guidance. You can also contact the Legal Aid helpline at 16430 for assistance.

**When You Need a Lawyer**
You should consult a lawyer immediately if the Magistrate decides to proceed with the trial despite the police report stating there is no evidence against you, as this could significantly impact the outcome of your case.

---
**Sources**
- **[ACT-3]** The Code of Criminal Procedure, 1898, Section 173: Report of policeofficer *(Status: Active)*","Code of Criminal Procedure, 1898",190(1)(b),False,[],NOT_AVAILABLE,[],"['173', '173']",False,NOT_AVAILABLE,False,[],False,[],,,,,
Q17,Family Law,"If a Hindu woman in Bangladesh inherits land under the Hindu Succession Act, can she sell it freely?","No. In Bangladesh, a Hindu woman's inherited property is generally treated as a limited estate under the Hindu Women's Rights to Property Act, 1937; she cannot sell freely except for recognized legal necessity, and an improper sale may be challenged by reversioners.","**What This Means For You**
As a Hindu woman in Bangladesh, if you inherit land under the Hindu Succession Act, your rights to the property are protected, but there are specific rules governing the sale of such inherited property. Understanding these rules is crucial to ensure you can manage your inherited land according to your wishes.

**What the Law Says**
Under Section 3 of The Hindu Women's Rights to Property Act, 1937 [ACT-1], when a Hindu governed by the Dayabhaga School of Hindu Law dies intestate, his widow is entitled to the same share as a son in respect of the property. However, any interest devolving on a Hindu widow under this provision is a limited interest known as a Hindu woman's estate. This means that while she has the right to claim partition as a male owner, her ability to sell the property freely might be subject to certain conditions and approvals, depending on the specific circumstances and the laws applicable at the time.

**What You Should Do Now**
1. Consult with a legal expert to understand the specific conditions of your inheritance and the laws that apply to your situation.
2. Review any documents related to the inheritance, such as wills, deeds, or court orders, to understand any restrictions or conditions on the sale of the property.
3. If you wish to sell the property, ensure you follow the proper legal procedures to avoid any disputes or legal issues.

**Evidence to Keep**
- Documents proving your inheritance, such as a will or a court order.
- Deeds or titles to the property.
- Any agreements or contracts related to the sale of the property.

**Where to Go / Who to Contact**
For legal advice and assistance, you can contact the Bangladesh Legal Aid and Services Trust (BLAST) or the Supreme Court of Bangladesh. For general inquiries, you can also reach out to the Ministry of Law, Justice and Parliamentary Affairs.

**When You Need a Lawyer**
You should consult a lawyer if you are considering selling inherited property and need guidance on navigating the legal process to ensure the sale is conducted lawfully and without disputes.

---
**Sources**
- **[ACT-1]** The Hindu Women's Rights to Property Act, 1937, Section 3: Devolution of property on Hindu widow *(Status: In Force)*","Hindu Women's Rights to Property Act, 1937",,False,[],NOT_AVAILABLE,[],"['3', '3']",N/A,NOT_AVAILABLE,False,[],False,[],,,,,
Q18,Limitation Act,"Under the Limitation Act in Bangladesh, how many years does a party have to file a suit for breach of a simple contract?","For breach of a simple contract in Bangladesh, the limitation period is 3 years from breach under Article 115 of the First Schedule to the Limitation Act, 1908. For written registered contracts, Article 116 may provide 6 years.","**What This Means For You**
In Bangladesh, if someone breaches a simple contract, you have a limited time to take legal action. This time limit is crucial because if you miss it, you might lose your right to sue. 

**What the Law Says**
Under Section 115 of the Limitation Act, 1908 [ACT-1], for compensation for the breach of any contract, express or implied, not in writing registered and not specially provided for, the period of limitation is three years. The time from which this period begins to run is when the contract is broken, or, where there are successive breaches, when the breach in respect of which the suit is instituted occurs.

**What You Should Do Now**
1. Review your contract to understand the terms and the breach.
2. Calculate the time from when the breach occurred to ensure you are within the three-year limit.
3. Consult with a legal professional to discuss your options for filing a suit.

**Evidence to Keep**
- A copy of the contract
- Proof of the breach (e.g., emails, letters, witness statements)
- Any relevant communication or negotiation attempts

**Where to Go / Who to Contact**
For legal advice and to file a suit, contact the District Court or a lawyer specializing in contract law. You can also reach out to the Legal Aid services in Bangladesh for guidance.

**When You Need a Lawyer**
You should consult a lawyer as soon as possible if you believe a breach of contract has occurred and you intend to take legal action to ensure you do not miss the limitation period.

---
**Sources**
- **[ACT-1]** The Limitation Act, 1908, Section 115: Article 115 - For compensation for the breach of any contract *(Status: In Force)*","Limitation Act, 1908",Article 115,False,[],NOT_AVAILABLE,[],"['115', '115']",True,NOT_AVAILABLE,False,[],False,[],,,,,
Q19,Tax,"I am calculating my tax return for 2026. Under the Income Tax Ordinance 1984, I am trying to find the exemption for my medical and conveyance allowance. Can you guide me through the math?","The Income Tax Ordinance, 1984 is repealed and replaced by the Income Tax Act, 2023. Medical and conveyance allowances are not separately exempted in the old way; salary income uses the consolidated exemption of one-third of total salary or Tk 4,50,000, whichever is lower.","**What This Means For You**
You are trying to calculate your tax return for 2026 and need to find the exemption for your medical and conveyance allowance under the Income Tax Ordinance 1984. However, the provided information does not include the specific details of the Income Tax Ordinance 1984. 

**What the Law Says**
Unfortunately, the Income Tax Ordinance 1984 is not included in the provided verified sources. 

**What You Should Do Now**
1. Check the Bangladesh Tax Authority website or consult the Income Tax Ordinance 1984 to find the specific exemption details for medical and conveyance allowances.
2. Verify the current tax laws and regulations in Bangladesh, as they may have changed since 1984.
3. Consider consulting a licensed Bangladeshi lawyer or tax professional to ensure accurate calculations and compliance with current tax laws.

**Evidence to Keep**
- Records of your medical and conveyance expenses
- Copies of relevant tax laws and regulations

**Where to Go / Who to Contact**
National Board of Revenue (NBR) - Tax Hotline: 151

**When You Need a Lawyer**
If you are unsure about the tax laws or need personalized advice, it is recommended to consult a licensed Bangladeshi lawyer.

---
**Sources**
- **[ACT-1]** আয়কর আইন, ২০২৩, Section 41: ধারা ৪১ — ধারা ৪১, Section 41, আয়কর, income tax, tax law, Bangladesh tax *(Status: Active)*
- **[ACT-2]** আয়কর আইন, ২০২৩, Section 42: ]কৃিষ হইেতআয় খােতআয় গণনারক্ষেত্রঅনুেমািদতসাধারণিবেয়াজনসমূহ — ধারা ৪২, Section 42, আয়কর, income tax, tax law, Bangladesh tax *(Status: Active)*
- **[ACT-3]** আয়কর আইন, ২০২৩, Section 43: িহসাববিহরক্ষণাবেক্ষণনা কিরবারক্ষেত্র িবেশষিবেয়াজনপিরগণনা — ধারা ৪৩, Section 43, আয়কর, income tax, tax law, Bangladesh tax *(Status: Active)*
- **[ACT-4]** আয়কর আইন, ২০২৩, Section 44: ধারা ৪৪ — ধারা ৪৪, Section 44, আয়কর, income tax, tax law, Bangladesh tax *(Status: Active)*
- **[DLR-1]** Fatema Khatun and others VS Abdul Quddus — DLR (AD) 2005 | Appellate Division | 2005
- **[DLR-2]** State VS Abdur Rahim — DLR (AD) 2005 | Appellate Division | 2005
- **[DLR-3]** Yaor Mia (Md) and anothe VS Haji Shah Dhanai Ali and others — DLR (AD) 2005 | Appellate Division | 2005
- **[DLR-4]** Abdul Mannan VS Tayeb Ali and others — DLR (AD) 2006 | Appellate Division | 2006
- **[DLR-5]** Abdul Kader VS Secretary, Election Commission and others — DLR (AD) 2005 | Appellate Division | 2005
- **[DLR-6]** Yogeshwar Gope vs State — DLR (AD) 2005 | Appellate Division | 2005
- **[DLR-7]** Government of Bangladesh and another VS Md Afsar Ali and others — DLR (AD) 2003 | Appellate Division | 2003
- **[DLR-8]** Secretary, Ministry of Food Government of Bangladesh and others vs. Md Sirajuddin Ahmed and others — DLR (AD) 2005 | Appellate Division | 2005
- **[DLR-9]** Bangladesh represented by the Secretary, Ministry of Establishment and others VS Abdul halim miah and others — DLR (AD) 2005 | Appellate Division | 2005
- **[DLR-10]** Government of the People's Republic of Bangladesh, represented by the DC and another VS Abdur Rahman and others — DLR (AD) 2005 | Appellate Division | 2005","Income Tax Act, 2023",,False,[],NOT_AVAILABLE,[],"['41', '41', '42', '42', '43', '43', '44', '44']",N/A,NOT_AVAILABLE,False,[],False,[],,,,,
Q21,Tenancy (NAT Act),My family has been living on a rented residential plot for 15 years. We want to build a small brick (pucca) house here. Do we need to ask our landlord for permission first?,"Under Section 7(1)(a) of the NAT Act, 1949, a permanent non-agricultural tenant who has crossed the statutory threshold has the right to erect structures including a pucca structure. Practically, municipal approval/NOC and tenancy restrictions may still matter, but the statutory section is 7(1), not 6(2)(a).","**What This Means For You**
You've been living on a rented plot for 15 years and want to build a small brick house. According to the law, you have certain rights as a non-agricultural tenant. You should understand your rights before making any decisions.

**What the Law Says**
Under Section 6 of the Non-Agricultural Tenancy Act, 1949 [ACT-1], a tenant holding non-agricultural land can use the land in any manner that is not inconsistent with the purposes for which the land may be held under this Act. Specifically, Section 6(2) states that a tenant can erect any structure, including a pucca structure, on the land. However, it's essential to review your tenancy agreement to see if there are any specific conditions or restrictions.

**What You Should Do Now**
1. Review your tenancy agreement to check for any conditions or restrictions on building structures.
2. If your agreement is silent on this issue, you can proceed with building your house, but it's still a good idea to inform your landlord.
3. Keep a record of your communication with your landlord, including any letters or emails.

**Evidence to Keep**
- Copy of your tenancy agreement
- Any letters or emails exchanged with your landlord

**Where to Go / Who to Contact**
If you have any disputes with your landlord, you can contact the Deputy Commissioner's office or a local lawyer for guidance.

**When You Need a Lawyer**
You should consult a lawyer if your landlord disputes your right to build on the plot or if you receive an eviction notice.

---
**Sources**
- **[ACT-1]** The Non-Agricultural Tenancy Act, 1949, Section 6: Manner of use of non-agricultural lands *(Status: Active)*","Non-Agricultural Tenancy Act, 1949",7(1)(a),False,[],NOT_AVAILABLE,[],"['6', '6(2)', '6']",False,NOT_AVAILABLE,False,[],False,[],,,,,
Q23,Tenancy (NAT Act),Distinguish between the classes of non-agricultural tenants recognized under Chapter II of the NAT Act 1949.,"Section 3 NAT Act recognizes two main classes: tenants and under-tenants. Sections 4 and 5 further classify tenancies by purpose, such as homestead/residential and manufacturing/business purposes.","**What This Means For You**
The Non-Agricultural Tenancy Act 1949 recognizes two main classes of non-agricultural tenants, which are crucial in understanding your rights and responsibilities as a tenant. Knowing the difference between these classes can help you navigate any disputes or issues that may arise.

**What the Law Says**
Under Section 3 [ACT-1] of the Non-Agricultural Tenancy Act 1949, there are two classes of non-agricultural tenants: (a) tenants and (b) under-tenants. A ""tenant"" refers to a person who has acquired a right to hold non-agricultural land from a proprietor or a tenure-holder for specific purposes, including their successors-in-interest. On the other hand, an ""under-tenant"" is a person who has acquired a right to hold non-agricultural land under a tenant, either directly or indirectly, and includes their successors-in-interest.

**What You Should Do Now**
1. Review your tenancy agreement to determine which class of tenant you belong to.
2. Familiarize yourself with the specific rights and responsibilities associated with your class of tenancy.
3. If you are an under-tenant, ensure you understand your relationship with the primary tenant and the landlord.

**Evidence to Keep**
- Copy of your tenancy agreement
- Proof of payment of rent or other obligations
- Documentation of any communication with the landlord or primary tenant

**Where to Go / Who to Contact**
For any disputes or issues related to non-agricultural tenancy, you can contact the local Magistrate Court or the Deputy Commissioner's office. You can also seek assistance from a licensed lawyer specializing in tenancy law.

**When You Need a Lawyer**
You should consider consulting a lawyer if you are involved in a dispute with your landlord or primary tenant, or if you need help understanding your rights and obligations under the Non-Agricultural Tenancy Act 1949.

---
**Sources**
- **[ACT-1]** The Non-Agricultural Tenancy Act, 1949, Section 3: Classes of non-agricultural tenants *(Status: Active)*","Non-Agricultural Tenancy Act, 1949","3,4,5",False,[],NOT_AVAILABLE,[],"['3', '3']",True,NOT_AVAILABLE,False,[],False,[],,,,,
Q24,Tenancy (NAT Act),"What are the exact statutory consequences if a non-agricultural land lease has a fixed written term of 5 years, but the tenant continues to occupy it for a total period of 13 years?","Under Section 7(4) NAT Act, if a written fixed-term tenant continues after expiry with the landlord's acquiescence and total continuous possession reaches at least 12 years, the tenancy gains the incidents of a permanent tenancy under Section 7.","**What This Means For You**
If a non-agricultural land lease has a fixed written term of 5 years but the tenant continues to occupy it for a total period of 13 years, the tenant's rights and the landlord's options change significantly. The tenant gains more protection under the law. 

**What the Law Says**
Under Section 7 of the Non-Agricultural Tenancy Act, 1949 [ACT-1], if a non-agricultural land is held under a lease in writing for a period specified therein and continues to be held after the expiration of the time limited by such lease, and the total period for which such land is so held is not less than twelve years, then the tenant shall not be ejected by his landlord from such land except on the ground that he has used such land in a manner which renders it unfit for use for any of the purposes specified in section 4. Additionally, Section 8 [ACT-2] states that a tenant holding non-agricultural land under a lease in writing for a term of not less than twelve years specified in such lease shall, on the expiration of the period so specified, be entitled to the renewal of such lease for perpetuity on such fair and reasonable rent as may be determined. A court also ruled in relevant cases that tenancies can acquire protections similar to those of permanent tenancies under certain conditions.

**What You Should Do Now**
1. Review your lease agreement to understand the original terms and any clauses related to extension or renewal.
2. Determine if you have made any improvements to the land or structures that could affect your rights or compensation.
3. Consider consulting with a legal professional to understand your specific rights and obligations under the Non-Agricultural Tenancy Act, 1949.

**Evidence to Keep**
- The original lease agreement
- Any documentation of improvements made to the land or structures
- Records of rent payments and communications with the landlord

**Where to Go / Who to Contact**
For specific advice and action, contact the Deputy Commissioner's office or a local legal aid service. Legal Aid: 16430.

**When You Need a Lawyer**
You should consult a lawyer immediately if your landlord attempts to eject you without following the legal procedures outlined in the Non-Agricultural Tenancy Act, 1949, or if you need to negotiate a renewal of your lease.

---
**Sources**
- **[ACT-1]** The Non-Agricultural Tenancy Act, 1949, Section 9: Incidents of non-agricultural tenancies held for less than twelve years *(Status: Amended)*
- **[ACT-2]** The Non-Agricultural Tenancy Act, 1949, Section 8: Renewals of lease of tenancies held for not less than twelve years and succession to, and transfer of, such tenancies *(Status: Amended)*","Non-Agricultural Tenancy Act, 1949",7(4),False,[],NOT_AVAILABLE,[],"['7', '4', '8', '9', '8']",True,NOT_AVAILABLE,False,[],False,[],,,,,
Q25,Tenancy (NAT Act),Does the NAT Act 1949 permit a non-agricultural tenant to sub-let their tenancy? Quote the relevant restriction introduced by amendments.,"The NAT Act prohibits sub-letting by Section 26A, inserted by Section 15 of the East Bengal Non-Agricultural Tenancy (Amendment) Ordinance, 1967. Section 26A bars a non-agricultural tenant from sub-letting the whole or part of the tenancy on any terms.","**What This Means For You**
The Non-Agricultural Tenancy Act (NAT) of 1949 has specific rules about sub-letting, which can affect your rights as a tenant. If you're considering sub-letting, you need to understand these rules to avoid any legal issues.

**What the Law Says**
Under Section 26A [ACT-1] of the Non-Agricultural Tenancy Act, 1949, a non-agricultural tenant is not allowed to sub-let the whole or any part of their tenancy. This means that if you sub-let your tenancy without permission, your rights as a tenant could be taken away, and the tenancy could be transferred to the Provincial Government.

**What You Should Do Now**
1. Review your tenancy agreement to see if it includes any provisions related to sub-letting.
2. If you need to sub-let, consider negotiating with your landlord to obtain permission.
3. Be aware that unauthorized sub-letting can lead to the loss of your tenancy rights.

**Evidence to Keep**
- Your tenancy agreement
- Any communication with your landlord regarding sub-letting

**Where to Go / Who to Contact**
If you have questions or concerns about sub-letting, you can contact the local authorities or a legal aid service for guidance. In Bangladesh, you can reach out to the Ministry of Land or a local legal aid organization for assistance.

**When You Need a Lawyer**
You should consult a lawyer if you are facing legal action due to unauthorized sub-letting or if you need help negotiating with your landlord to obtain permission to sub-let.

---
**Sources**
- **[ACT-1]** The Non-Agricultural Tenancy Act, 1949, Section 26A: Bar to sub-let *(Status: Amended)*","Non-Agricultural Tenancy Act, 1949",26A,False,[],NOT_AVAILABLE,[],"['26A', '26A']",True,NOT_AVAILABLE,False,[],False,[],,,,,
Q26,Tenancy (NAT Act),"I am preparing a civil revision regarding a Section 24 pre-emption case. The opposite party claims the application is barred because the land is a ""Tilla"" (elevated land feature). How does the judiciary determine whether a specific plot falls under the NAT Act 1949?","NAT Act Section 2(4) expressly defines non-agricultural land. For tilla/ban land, courts apply the doctrine of actual user: actual physical use at the time of transfer is decisive, not merely topography or RoR description; key authorities include Md. Sarafat Ali v Md. Abdul Gafur, 38 DLR (AD) 161 and Salamat Ali v Nurjahan Begum, 39 DLR (AD) 103.","**What This Means For You**
The judiciary's determination of whether a plot falls under the Non-Agricultural Tenancy (NAT) Act 1949 is crucial in your pre-emption case. If the court decides the land is not under the NAT Act, your application may be barred. You need to understand how the court makes this decision to prepare your case effectively.

**What the Law Says**
Under Section 24 of the Non-Agricultural Tenancy Act, 1949 [ACT-1], the court needs to determine if the land in question is non-agricultural land, which is covered by the Act. The NAT Act applies to non-agricultural lands, and the court will consider factors such as the land's use, location, and characteristics to decide if it falls under the Act. A court also ruled in Fatema Khatun and others VS Abdul Quddus [DLR-5] that the right of pre-emption arises from the date of registration of the document under section 60 of the Registration Act.

**What You Should Do Now**
1. Gather evidence about the land's use, such as documents showing its history, surveys, or witness statements.
2. Research similar cases where the court has determined whether a ""Tilla"" or similar land feature falls under the NAT Act.
3. Consult with a lawyer to understand how to effectively argue your case and prepare for potential counterarguments from the opposite party.

**Evidence to Keep**
- Documents related to the land's history and use
- Survey reports or maps showing the land's characteristics
- Witness statements from people familiar with the land
- Relevant case law or legal precedents

**Where to Go / Who to Contact**
You can consult with a lawyer specializing in property law or contact the Bangladesh Bar Council for guidance. You may also need to file your civil revision with the relevant court, such as the District Court or the High Court Division, depending on the case's specifics.

**When You Need a Lawyer**
You should consult a lawyer immediately if the opposite party raises a complex legal argument or if the court's decision has significant implications for your case, as professional legal help is essential in such situations.

---
**Sources**
- **[ACT-1]** The Non-Agricultural Tenancy Act, 1949, Section 24: Power of the co-sharer or the immediate landlord of transferor to purchase — co-sharer purchase, pre-emption, four months, five percent compensation, transferee *(Status: Active)*
- **[DLR-5]** Fatema Khatun and others VS Abdul Quddus — DLR (AD) 2005 | Appellate Division | 2005","Non-Agricultural Tenancy Act, 1949",2(4) / 24,False,[],NOT_AVAILABLE,[],"['24', '60', '24']",True,NOT_AVAILABLE,True,['Registration Act'],False,[],,,,,
Q27,Tenancy (NAT Act),The landlord has filed an ejectment suit on the ground that a residential tenant (holding for 14 years) dug a water tank on the land without consent. Will the suit succeed under Section 7?,"No. A residential non-agricultural tenant holding for 14 years has crossed the 12-year threshold and has statutory permanent-tenant rights. Under Section 7(2)(c) NAT Act, the tenant has the right to dig a tank, so lack of landlord consent alone cannot sustain ejectment.","**What This Means For You**
The landlord's suit may not succeed because, as a tenant holding the land for more than 12 years, you have certain rights under the law. The landlord must prove that your actions rendered the land unfit for use. 

**What the Law Says**
Under Section 7 of the Non-Agricultural Tenancy Act, 1949 [ACT-1], a tenant holding non-agricultural land for 12 years or more can only be ejected if they have used the land in a manner that renders it unfit for use for any of the purposes specified in section 4. A court also ruled in relevant cases that the landlord must serve a notice in writing on the tenant specifying the particular misuse complained of and requiring the tenant to remedy the same, if the misuse is capable of remedy, as stated in Section 75 [ACT-5] of the same Act.

**What You Should Do Now**
1. Review your tenancy agreement to see if it mentions anything about digging water tanks or making alterations to the property.
2. Gather evidence to show that the water tank does not render the land unfit for use.
3. Consider consulting a lawyer to represent you in court.

**Evidence to Keep**
- Copy of the tenancy agreement
- Photos and documents showing the condition of the land before and after the water tank was dug
- Witness statements from neighbors or other tenants

**Where to Go / Who to Contact**
You should contact a lawyer specializing in tenancy law or visit the Deputy Commissioner's office for guidance.

**When You Need a Lawyer**
You should consult a lawyer immediately if the court summons you to appear in the ejectment suit, as the outcome may affect your right to continue living on the property.

---
**Sources**
- **[ACT-1]** The Non-Agricultural Tenancy Act, 1949, Section 7: Incidents of certain tenancies *(Status: Amended)*
- **[ACT-5]** The Non-Agricultural Tenancy Act, 1949, Section 75: Relief against forfeitures in certain cases *(Status: Active)*","Non-Agricultural Tenancy Act, 1949",7(2)(c),False,[],NOT_AVAILABLE,[],"['7', '4', '75', '7', '75']",True,NOT_AVAILABLE,False,[],False,[],,,,,
Q28,Land Reform,"I just inherited an extra 10 bighas of agricultural land from my grandfather, making my total family land 70 bighas. Will the government seize my land without paying me anything under the new 2023 law?","Under the Land Reforms Act 2023, agricultural land ownership is capped at 60 bighas. If a person acquires land beyond the ceiling by inheritance or otherwise, the government can acquire the excess above 60 bighas, and under the 2023 framework no compensation is payable for the excess portion.","**What This Means For You**
You may be at risk of having some of your land seized by the government due to exceeding the 60 bigha limit. However, the law provides for compensation in certain cases.

**What the Law Says**
Under Section 4 of the Land Reforms Act, 2023 [ACT-1], if you acquire new agricultural land and your total land exceeds 60 standard bighas, the excess land may be surrendered to the government. However, if the excess land is acquired through inheritance, you may be able to retain 60 bighas and the government will pay compensation for the remaining land.

**What You Should Do Now**
1. Calculate the total amount of land you own, including the inherited land.
2. Determine how much land you need to surrender to the government, if any.
3. Consult with the local land office to understand the process of surrendering excess land and receiving compensation.

**Evidence to Keep**
- Documents proving your ownership of the land
- Documents proving the inheritance of the additional 10 bighas
- Calculation of your total land ownership

**Where to Go / Who to Contact**
Contact your local Land Office or the Ministry of Lands for guidance on the process.

**When You Need a Lawyer**
You should consult a lawyer if you receive a notice from the government stating that your land will be seized, or if you have any disputes regarding the calculation of excess land or compensation.

---
**Sources**
- **[ACT-1]** Land Reforms Act, 2023, Section 4: Restrictions on acquisition of agricultural land *(Status: Active)*","Land Reforms Act, 2023",,False,[],NOT_AVAILABLE,[],"['4', '4']",N/A,NOT_AVAILABLE,False,[],False,[],,,,,
Q29,Land Reform,"I am a sharecropper (bargadar). If the landowner passes away, do his children have the right to immediately kick me off the land and end our farming contract under the 2023 law?","No. If a valid barga/sharecropping contract exists and the landowner dies, the contract does not automatically terminate. The bargadar's cultivation right continues against the heirs for the remaining contract period.","**What This Means For You**
If the landowner passes away, their children do not have the right to immediately kick you off the land. You, as a sharecropper, have certain rights under the law. The landowner's children will have to follow the legal process to terminate the contract, if they wish to do so.

**What the Law Says**
Under Section 10 [ACT-1] of the Land Reforms Act, 2023, if a tenant dies before the expiry of the tenancy agreement, the surviving members of the family of the deceased tenant may continue to cultivate the said tenancy land until the expiry of the tenancy agreement or until the termination of the tenancy agreement under this Act. However, in your case, it is the landowner who has passed away, not the tenant. According to Section 11 [ACT-4] of the Land Reforms Act, 2023, the owner of any land shall not be able to terminate a tenancy agreement except in the case of the execution of an order issued by the prescribed authority for specific reasons.

**What You Should Do Now**
1. Review your barga agreement to understand the terms and conditions.
2. If the landowner's children try to terminate the contract, ask them to provide a valid reason and follow the legal process as per Section 11 [ACT-4] of the Land Reforms Act, 2023.
3. If you are unsure about your rights or the legal process, consider consulting a licensed lawyer or seeking help from the local authorities.

**Evidence to Keep**
- A copy of your barga agreement
- Any communication or notice from the landowner's children regarding termination of the contract
- Proof of your cultivation of the land and payment of rent or share of produce

**Where to Go / Who to Contact**
If you need help or have questions, you can contact the local Assistant Commissioner (Land) or the Department of Agricultural Extension. You can also reach out to the Bangladesh Legal Aid and Services Trust (BLAST) for legal assistance.

**When You Need a Lawyer**
You should consider consulting a licensed lawyer if the landowner's children try to forcibly evict you from the land or if you receive a notice to terminate the contract without a valid reason, as this could lead to a legal dispute that requires professional representation.

---
**Sources**
- **[ACT-1]** Land Reforms Act, 2023, Section 10: Cultivation of barga land after death of bargadar *(Status: Active)*
- **[ACT-4]** Land Reforms Act, 2023, Section 11: Termination of barga agreement *(Status: Active)*","Land Reforms Act, 2023",,False,[],NOT_AVAILABLE,[],"['10', '11', '11', '10', '11']",N/A,NOT_AVAILABLE,False,[],False,[],,,,,
Q31,,"My neighbor says that if I cultivate his land without a written contract for a single season, I automatically become a permanent co-owner of that land under the 2023 Reforms. Is this true?",No. Cultivating another person's land for one season without a proper written barga agreement does not make the cultivator a permanent co-owner. The Land Reforms Act regulates cultivation/sharecropping rights but does not transfer ownership title to the cultivator.,,,,,,,,,,,,,,,,,,,503 Server Error: Service Unavailable for url: http://127.0.0.1:10001/chat
Q34,,"If a landowner attempts to evict a bargadar or violate the provisions of a valid barga contract, what specific penal liabilities can be invoked directly under the Land Reforms Act, 2023?","Under the Land Reforms Act, 2023, unlawful eviction of a bargadar or breach of a valid barga contract attracts penal liability of up to Tk 1,00,000 fine, simple imprisonment up to 30 days/1 month, or both. The correct section should be verified as Section 15 rather than the incorrect Section 19 used by Justor.",,,,,,,,,,,,,,,,,,,503 Server Error: Service Unavailable for url: http://127.0.0.1:10001/chat
Q35,,"Does the Land Reforms Act, 2023 recognize the oral creation of a barga contract, or does it mandate specific documentation?","The Land Reforms Act, 2023 requires a barga/sharecropping contract to be executed in the prescribed written form; an unrecorded oral arrangement is not treated as a protected statutory barga contract.",,,,,,,,,,,,,,,,,,,503 Server Error: Service Unavailable for url: http://127.0.0.1:10001/chat
Q36,,"I am drafting a defense for a client facing a land forfeiture notice from the Collector. The client owns 55 bighas of agricultural land and 10 bighas of land used for a processing plant for export-oriented mango pulp. Can we claim exemption under the Land Reforms Act, 2023?","Yes. Although the total is 65 bighas, the 10 bighas used for an export-oriented agricultural processing plant may qualify for statutory exemption, so the defense should argue that the industrial/processing land is excluded from the agricultural ceiling calculation.",,,,,,,,,,,,,,,,,,,503 Server Error: Service Unavailable for url: http://127.0.0.1:10001/chat
Q37,,"My family owns 80 bighas of agricultural land split between me, my brother, and our parents. Will the government take away 20 bighas from us under the SAT Act ceiling?","No. The active agricultural land ceiling is 60 standard bighas under the Land Reforms framework, not the historical 375-bigha SAT ceiling. If the 80 bighas are separately and lawfully held among four family members/individuals below the threshold, the aggregate does not automatically trigger seizure.",,,,,,,,,,,,,,,,,,,503 Server Error: Service Unavailable for url: http://127.0.0.1:10001/chat
Q38,,My neighbor is selling his agricultural plot next to mine to a complete stranger from another district. Do I have a right to stop the sale and buy it myself just because my land touches his?,"No. Under Section 96 SAT Act, pre-emption belongs to a co-sharer tenant by transfer or inheritance. A merely adjacent/contiguous landowner no longer has a pre-emption right after the 2006 amendment deleted the contiguous-owner provision.",,,,,,,,,,,,,,,,,,,503 Server Error: Service Unavailable for url: http://127.0.0.1:10001/chat
Q39,,Differentiate between the preparation of the Record-of-Rights (ROR) under Section 143 and the revision of the Record-of-Rights under Section 144 of the SAT Act 1950.,"Section 143 SAT Act concerns routine maintenance/mutation of the RoR by the AC Land after transfer, inheritance, subdivision, etc. Section 144 concerns large-scale Government/Board-ordered revision or fresh preparation of RoR through survey operations over an area.",,,,,,,,,,,,,,,,,,,503 Server Error: Service Unavailable for url: http://127.0.0.1:10001/chat
Q40,Property/SAT,Analyze the statutory consequences of an illegal subdivision of a holding below the subsistence size under Chapter XIII of the SAT Act 1950.,"Under SAT Act Section 117, co-sharer tenants may seek consolidation/subdivision, but the Revenue Officer can refuse subdivision that would reduce a holding below the prescribed minimum/subsistence size, preventing uneconomic fragmentation.","**What This Means For You**
If a holding is subdivided illegally below the subsistence size, the consequences can be severe, affecting the rights of the tenants and the landowners. This can lead to disputes and potential legal action. It is essential to understand the statutory consequences to avoid any adverse effects.

**What the Law Says**
Under Section 91 of the State Acquisition and Tenancy Act, 1950 [ACT-1], the law prohibits the subdivision of a holding below the subsistence size, also known as the ""minimum economic size"". If a holding is subdivided illegally, the tenant may lose their rights, and the landowner may face penalties. A court also ruled in Yaor Mia (Md) and another VS Haji Shah Dhanai Ali and others [DLR-2] that the State Acquisition and Tenancy Act sections 95(4)(5) and 95A are applicable in such cases, which deal with the enjoyment of usufructs and the right to get back property.

**What You Should Do Now**
1. Verify the size of the holding and ensure it is not below the subsistence size.
2. Check if any subdivision has been made and if it is in accordance with the law.
3. If an illegal subdivision has been made, seek advice from a licensed lawyer to understand the potential consequences and available remedies.

**Evidence to Keep**
- Documents related to the holding, including the deed and any subsequent agreements.
- Records of any subdivision or transfer of the holding.
- Correspondence with the landowner or other parties involved.

**Where to Go / Who to Contact**
Contact the local Assistant Commissioner (Land) or the Deputy Commissioner's office for guidance on the subdivision of holdings. You can also reach out to the Bangladesh Law Commission or the Ministry of Land for information on the relevant laws and regulations. Legal Aid: 16430 | District Commissioner's Office: [varies by district]

**When You Need a Lawyer**
You should consult a licensed lawyer if you are facing a dispute related to an illegal subdivision of a holding or if you are unsure about your rights and obligations under the State Acquisition and Tenancy Act, 1950.

---
**Sources**
- **[ACT-1]** The State Acquisition and Tenancy Act, 1950, Section 13: Section 13 — Section 13, land law, tenancy, rent, revenue, Bangladesh *(Status: Active)*
- **[DLR-2]** Yaor Mia (Md) and anothe VS Haji Shah Dhanai Ali and others — DLR (AD) 2005 | Appellate Division | 2005","State Acquisition and Tenancy Act, 1950",117,False,[],NOT_AVAILABLE,[],"['91', '13', '13', '13']",False,NOT_AVAILABLE,False,[],False,[],,,,,
Q42,Property/SAT,"I am representing a petitioner in a Section 96 pre-emption case. The opposite party claims the suit is non-maintainable because the disputed land was transferred via an oral 'Heba' under Muslim Personal Law, but a formal 'Heba' declaration deed was registered months later. When does the limitation period commence?","For Section 96 SAT pre-emption, a claimed oral Heba of immovable property cannot bypass registration requirements. Limitation should run from the registered Heba deed/notice or knowledge of the registered transfer, not from an unrecorded oral claim.","**What This Means For You**
The limitation period for a Section 96 pre-emption case is crucial in determining whether your petition is maintainable. The opposite party's claim that the land was transferred via an oral 'Heba' may affect when the limitation period starts.

**What the Law Says**
Under Section 96 [ACT-1] of the State Acquisition and Tenancy Act, 1950, the right of pre-emption arises when a co-sharer tenant is notified of the sale of a portion or share of a holding. However, in the case of Fatema Khatun and others VS Abdul Quddus [DLR-1], the court ruled that the right of pre-emption for a non-notified co-sharer arises from the date of registration of the document under section 60 of the Registration Act. This means that the limitation period for filing a pre-emption suit commences from the date of registration of the formal 'Heba' declaration deed, not from the date of the oral 'Heba' agreement.

**What You Should Do Now**
1. Verify the date of registration of the formal 'Heba' declaration deed to determine when the limitation period started.
2. Check if the petition was filed within the prescribed limitation period.
3. Prepare arguments to address the opposite party's claim that the suit is non-maintainable due to the oral 'Heba' agreement.

**Evidence to Keep**
- Registered formal 'Heba' declaration deed
- Proof of date of registration of the deed
- Documents showing the petitioner's co-sharer status

**Where to Go / Who to Contact**
Contact the relevant Civil Court or a licensed lawyer specializing in land laws for further guidance.

**When You Need a Lawyer**
You should consult a lawyer immediately if the opposite party's claim is upheld, and the court rules that the petition is non-maintainable due to the limitation period.

---
**Sources**
- **[ACT-1]** The State Acquisition and Tenancy Act, 1950, Section 96: Right of pre-emption *(Status: Active)*
- **[DLR-1]** Fatema Khatun and others VS Abdul Quddus — DLR (AD) 2005 | Appellate Division | 2005","State Acquisition and Tenancy Act, 1950",96,False,[],NOT_AVAILABLE,[],"['96', '96', '60', '96']",True,NOT_AVAILABLE,True,['Registration Act'],False,[],,,,,
Q44,Property/SAT,"The opposite party in a partition suit claims that a land parcel has automatically become 'Khas' (state property) because it was left uncultivated for over 10 years, referencing historical provisions of the SAT Act. How do we counter this?","Historical SAT provisions on abandoned/uncultivated land do not automatically convert a modern mutated raiyat/malik holding into Khas land merely because it was uncultivated for 10 years. Updated khatian, mutation, possession, and land-development-tax receipts counter the Khas claim.","**What This Means For You**
The opposite party is trying to claim that the land belongs to the state because it was left uncultivated for over 10 years. However, this claim may not be valid under current laws and court interpretations. You need to understand the relevant provisions of the State Acquisition and Tenancy Act (SAT Act) and recent court rulings to counter this claim.

**What the Law Says**
Under the State Acquisition and Tenancy Act, 1950 [ACT-1], there are provisions related to the abandonment of land and its potential conversion to 'Khas' land. However, the Act also provides for the rights of tenants and landowners to reclaim their land under certain conditions. A court also ruled in relevant cases [DLR-1] that the provisions of the SAT Act must be interpreted in light of the specific facts and circumstances of each case, and that the abandonment of land does not necessarily lead to its automatic conversion to 'Khas' land.

**What You Should Do Now**
1. Review the relevant provisions of the SAT Act, 1950, and recent court rulings to understand the legal framework governing the abandonment of land and its potential conversion to 'Khas' land.
2. Gather evidence to show that the land was not abandoned, or that it was cultivated or used for other purposes during the relevant period.
3. Consult with a lawyer to prepare a strong counter-claim and to argue that the opposite party's claim is not valid under the law.

**Evidence to Keep**
- Documents showing the history of cultivation or use of the land
- Witness statements from neighbors or other individuals who can attest to the land's use
- Records of any payments made for taxes or other fees related to the land

**Where to Go / Who to Contact**
Contact a lawyer specializing in property law or a legal aid organization for guidance and representation. You can also reach out to the local revenue office or the Ministry of Land for information on the current status of the land.

**When You Need a Lawyer**
You should consult a lawyer immediately if the opposite party's claim is accepted by the court, or if you receive a notice from the authorities stating that the land has been declared 'Khas' land, as this may require urgent legal action to protect your rights.

---
**Sources**
- **[ACT-1]** The State Acquisition and Tenancy Act, 1950, Section 13: Section 13 — Section 13, land law, tenancy, rent, revenue, Bangladesh *(Status: Active)*
- **[DLR-1]** Yaor Mia (Md) and anothe VS Haji Shah Dhanai Ali and others — DLR (AD) 2005 | Appellate Division | 2005","State Acquisition and Tenancy Act, 1950",,False,[],NOT_AVAILABLE,[],"['13', '13', '13']",N/A,NOT_AVAILABLE,False,[],False,[],,,,,
Q45,Property/TPA,"I paid the full money to buy a flat from my uncle, and he gave me the physical keys and signed a 300 TK stamp paper document saying I own it now. Do I completely own this property legally under the law?","No. Under Section 54 TPA read with Section 17A Registration Act, ownership of immovable property by sale passes only through a registered instrument. Keys and a Tk 300 stamp-paper document do not create legal title.","**What This Means For You**
You have taken a significant step in acquiring the flat, but there may be additional requirements to ensure complete legal ownership. The signed document and physical keys are important, but the law has specific provisions for transferring property.

**What the Law Says**
Under Section 54 of the Transfer of Property Act, 1882 [ACT-3], a sale of immoveable property requires a registered instrument to transfer ownership. Although your uncle has given you the keys and signed a document, this may not be sufficient for complete legal ownership without registration. A court also ruled in various cases that registration is crucial for transferring property ownership.

**What You Should Do Now**
1. Verify if the document signed by your uncle is a registered instrument, as required by law.
2. Check if the property is registered in your name at the relevant land registry office.
3. Consult with a licensed lawyer to ensure all necessary steps for transferring ownership have been taken.

**Evidence to Keep**
- The signed document on 300 TK stamp paper
- Receipts for the full payment made
- Keys to the property
- Any other relevant documents related to the property

**Where to Go / Who to Contact**
Sub-Registrar's office for property registration, or a licensed lawyer specializing in property law.

**When You Need a Lawyer**
You should consult a lawyer immediately if you are unsure about the registration status of the property or if there are any disputes regarding the ownership.

---
**Sources**
- **[ACT-3]** The Transfer of Property Act, 1882, Section 54: Sale defined *(Status: Active)*","Transfer of Property Act, 1882",54,False,[],NOT_AVAILABLE,[],"['54', '54']",True,NOT_AVAILABLE,False,[],False,[],,,,,
Q46,Family/Property,"I am a Muslim. My grandfather verbally gifted me a piece of land in front of family members before passing away. Do I legally own this land now, or do I need a written paper?","No. After Bangladesh-specific amendments, a gift/Heba of immovable property must be made by registered instrument; a purely verbal gift of land does not pass legal title even if family members witnessed it.","**What This Means For You**
Your grandfather's verbal gift of land to you may be considered a valid gift under Muslim law, but it's essential to understand the legal requirements for transferring ownership of land in Bangladesh. To ensure you have clear ownership, you may need to take additional steps.

**What the Law Says**
Under Section 123 of the Transfer of Property Act, 1882 [ACT-1], a gift of immovable property, such as land, must be made by a registered instrument signed by or on behalf of the donor and attested by at least two witnesses. However, the law also recognizes a ""heba"" under Muslim law, which can be considered a gift of immovable property. A court has ruled that a heba can be deemed a gift of immovable property, as stated in Section 123 of the Transfer of Property Act, 1882 [ACT-1].

**What You Should Do Now**
1. Check if your grandfather made any written records or documents related to the gift, even if it's not a registered instrument.
2. Gather evidence of the verbal gift, such as statements from family members who witnessed the gift.
3. Consider consulting a lawyer to determine the best course of action to formalize the gift and ensure you have clear ownership of the land.

**Evidence to Keep**
- Statements from family members who witnessed the verbal gift
- Any written records or documents related to the gift
- Proof of your grandfather's ownership of the land

**Where to Go / Who to Contact**
You can contact the local Sub-Registrar's office or a lawyer specializing in property law to guide you through the process of formalizing the gift and registering the land in your name.

**When You Need a Lawyer**
You should consult a lawyer if you face any disputes or challenges to your ownership of the land, or if you need help formalizing the gift and registering the land in your name.

---
**Sources**
- **[ACT-1]** The Transfer of Property Act, 1882, Section 123: Transfer how effected *(Status: Active)*","Transfer of Property Act, 1882 / Registration Act, 1908",,False,[],NOT_AVAILABLE,[],"['123', '123', '123']",N/A,NOT_AVAILABLE,False,[],False,[],,,,,
Q47,Property/TPA,"I sold my land to a buyer and signed the final registered deed, but the buyer's cheque bounced and I only received half the money. Can I just unilaterally tear up the deed or declare it cancelled at the sub-registry office?",No. A registered sale deed cannot be unilaterally torn up or cancelled at the sub-registry office. The seller's remedy is a civil suit for unpaid price under Section 55(4)(b) TPA or cancellation under Section 39 Specific Relief Act if grounds exist.,"**What This Means For You**
You cannot unilaterally tear up the deed or declare it cancelled at the sub-registry office because the sale has already been finalized and registered. You need to take legal action to resolve this issue.

**What the Law Says**
Under Section 21A of the Specific Relief Act, 1877 [ACT-4], a contract for sale of immovable property can only be specifically enforced if it is in writing and registered under the Registration Act, 1908. Since you have already signed the final registered deed, you cannot simply cancel it without a court order. A court also ruled in Abdul Kader VS Secretary, Election Commission and others [DLR-1] that the legislature would have made provisions for exceptions if they intended for them to be allowed.

**What You Should Do Now**
1. Consult a licensed lawyer to discuss your options for recovering the remaining amount.
2. Gather all relevant documents, including the registered deed, the bounced cheque, and any communication with the buyer.
3. Consider filing a suit for specific performance or rescission of the contract under Section 35 of the Specific Relief Act, 1877 [ACT-1].

**Evidence to Keep**
- Registered deed
- Bounced cheque
- Communication with the buyer
- Proof of payment of half the money

**Where to Go / Who to Contact**
Contact a licensed lawyer or visit the District Court or Sub-Registry Office where the deed was registered.

**When You Need a Lawyer**
You should consult a lawyer immediately to discuss your options and take necessary legal action to recover the remaining amount, as this is a complex legal issue that requires professional guidance.

---
**Sources**
- **[ACT-1]** The Specific Relief Act, 1877, Section 35: When rescission may be adjudged *(Status: Amended)*
- **[ACT-4]** The Specific Relief Act, 1877, Section 21A: Unregistered contract for sale not specifically enforceable *(Status: Active)*
- **[DLR-1]** Abdul Kader VS Secretary, Election Commission and others — DLR (AD) 2005 | Appellate Division | 2005","Transfer of Property Act, 1882",55(4)(b),False,[],NOT_AVAILABLE,[],"['21A', '35', '35', '21A']",False,NOT_AVAILABLE,True,"['Registration Act', 'Specific Relief Act']",False,[],,,,,
Q48,Property/TPA,"Explain the 'Rule against Perpetuity' under Section 14 of the Transfer of Property Act, 1882, and state its exact maximum statutory duration.","Under Section 14 TPA, a transfer cannot create an interest taking effect beyond the lifetime of living person(s) at the date of transfer plus the minority of a person then unborn. The maximum period is lives in being plus 18 years of minority.","**What This Means For You**
The Rule against Perpetuity is a legal principle that restricts the creation of interests in property that may last indefinitely. This rule affects how property can be transferred or inherited, ensuring that property interests do not remain in limbo for too long. Understanding this rule is crucial for anyone dealing with property transfers or inheritances in Bangladesh.

**What the Law Says**
Under Section 14 of the Transfer of Property Act, 1882 [ACT-1], the Rule against Perpetuity states that no transfer of property can operate to create an interest which is to take effect after the lifetime of one or more persons living at the date of such transfer, and the minority of some person who shall be in existence at the expiration of that period. Essentially, this means that any interest in property created by a transfer cannot be made dependent on the lifespan of someone plus a period of minority (until a person reaches adulthood, typically 18 years) if that combined period exceeds the lifetime of a person living at the time of the transfer plus 18 years. The exact maximum statutory duration for such an interest to vest is the lifetime of a person living at the time of the transfer plus 18 years.

**What You Should Do Now**
1. Review any property transfers or wills to ensure compliance with the Rule against Perpetuity.
2. Consult a lawyer if you are creating a trust or transferring property with conditions that may violate this rule.
3. Understand that certain exceptions apply, such as transfers for the benefit of the public or for specific purposes like the payment of debts or the provision of portions for children.

**Evidence to Keep**
- Documents related to property transfers
- Wills or trust deeds
- Records of any conditions or restrictions on property interests

**Where to Go / Who to Contact**
For legal advice on property matters, contact a licensed lawyer or visit the Bangladesh Bar Council for a referral. For general inquiries, you may also reach out to the Ministry of Law, Justice and Parliamentary Affairs.

**When You Need a Lawyer**
You should consult a lawyer if you are unsure how the Rule against Perpetuity applies to your specific situation or if you are involved in a dispute regarding property interests that may be subject to this rule.

---
**Sources**
- **[ACT-1]** The Transfer of Property Act, 1882, Section 14: Rule against perpetuity *(Status: Active)*","Transfer of Property Act, 1882",14,False,[],NOT_AVAILABLE,[],"['14', '14']",True,NOT_AVAILABLE,False,[],False,[],,,,,
Q49,Property/TPA,"Analyze the essential pre-conditions required to successfully claim protection as a transferee under Section 41 (Transfer by Ostensible Owner) of the Transfer of Property Act, 1882.","Section 41 protection requires: ostensible ownership, express/implied consent of the real owner, transfer for consideration, good faith, and reasonable care by the transferee to verify the transferor's authority.","**What This Means For You**
To claim protection as a transferee under Section 41 of the Transfer of Property Act, 1882, you must ensure that the transferor was an ostensible owner of the property and that you acted in good faith. This means you need to verify the transferor's authority to sell and take reasonable care to ascertain their ownership.

**What the Law Says**
Under Section 41 of the Transfer of Property Act, 1882 [ACT-1], a transfer by an ostensible owner is valid if the transferor has the consent, express or implied, of the persons interested in the property, and the transferee acts in good faith after taking reasonable care to ascertain the transferor's power to make the transfer. A court also ruled in Yaor Mia (Md) and another VS Haji Shah Dhanai Ali and others [DLR-1] that the provision of the Transfer of Property Act shall not apply to certain transactions, emphasizing the importance of understanding the specific circumstances of the transfer.

**What You Should Do Now**
1. Verify the transferor's ownership and authority to sell the property.
2. Ensure you have taken reasonable care to ascertain the transferor's power to make the transfer.
3. Review the terms of the transfer to ensure they are clear and compliant with the law.

**Evidence to Keep**
- Documents proving the transferor's ownership and authority to sell
- Records of your efforts to verify the transferor's power to make the transfer
- The transfer agreement or contract

**Where to Go / Who to Contact**
For legal advice on property transfers, contact a licensed lawyer or the Bangladesh Bar Council. For general inquiries, you can also reach out to the Ministry of Law, Justice and Parliamentary Affairs.

**When You Need a Lawyer**
You should consult a lawyer if you are unsure about the transferor's authority or your rights as a transferee, or if a dispute arises regarding the property transfer.

---
**Sources**
- **[ACT-1]** The Transfer of Property Act, 1882, Section 41: Transfer by ostensible owner *(Status: Active)*
- **[DLR-1]** Yaor Mia (Md) and anothe VS Haji Shah Dhanai Ali and others — DLR (AD) 2005 | Appellate Division | 2005","Transfer of Property Act, 1882",41,False,[],NOT_AVAILABLE,[],"['41', '41', '41']",True,NOT_AVAILABLE,False,[],False,[],,,,,
Q50,Property/TPA,"Define the Doctrine of Election under Section 35 of the Transfer of Property Act, 1882, and explain what happens if a person refuses to accept the deed but retains an indirect benefit.","Under Section 35 TPA, where a deed transfers someone's property without authority but also gives that owner a benefit, the owner must elect either to accept the transfer and keep the benefit or reject the transfer and relinquish the benefit.","**What This Means For You**
The Doctrine of Election is a crucial concept in property law that affects how transfers of property are handled when the transferor has no right to transfer the property. If you're involved in a property transfer and the transferor has conferred a benefit on you, you must decide whether to confirm or dissent from the transfer. Refusing to accept the deed but retaining an indirect benefit can have significant consequences.

**What the Law Says**
Under Section 35 of the Transfer of Property Act, 1882 [ACT-1], the Doctrine of Election states that when a person professes to transfer property they have no right to transfer, and as part of the same transaction confers a benefit on the owner of the property, the owner must elect either to confirm the transfer or to dissent from it. If the owner elects to dissent, they must relinquish the benefit conferred upon them. However, if the owner retains the benefit without electing to confirm the transfer, they may be deemed to have confirmed the transfer.

**What You Should Do Now**
1. Carefully review the transfer deed and any benefits conferred upon you.
2. Consider seeking legal advice to understand your options and obligations under the Doctrine of Election.
3. If you decide to dissent from the transfer, ensure you relinquish any benefits conferred upon you to avoid being deemed to have confirmed the transfer.

**Evidence to Keep**
- A copy of the transfer deed
- Records of any benefits conferred upon you
- Documentation of your election to confirm or dissent from the transfer

**Where to Go / Who to Contact**
If you need guidance on the Doctrine of Election or assistance with a property transfer, contact a licensed lawyer or the Bangladesh Bar Council.

**When You Need a Lawyer**
You should consult a lawyer if you're unsure about your obligations under the Doctrine of Election or if you're involved in a dispute related to a property transfer.

---
**Sources**
- **[ACT-1]** The Transfer of Property Act, 1882, Section 35: Election when necessary *(Status: Active)*","Transfer of Property Act, 1882",35,False,[],NOT_AVAILABLE,[],"['35', '35']",True,NOT_AVAILABLE,False,[],False,[],,,,,
Q51,Civil Procedure/Property,"During the pendency of a partition suit, one of the co-sharers sells a specific demarcated portion of the suit land to a third-party purchaser without court permission. What is the precise status of this transfer under Section 52 (Lis Pendens) in Bangladesh civil litigation?","Under Section 52 TPA, a transfer during pending litigation is not automatically void, but it is subject to the final decree and cannot prejudice the rights of other parties. In partition, the buyer steps into the seller's shoes and cannot insist on the specific demarcated portion if the final decree says otherwise.","**What This Means For You**
The sale of a specific portion of the suit land by a co-sharer to a third-party purchaser without court permission during a pending partition suit can lead to complications in the transfer's validity. This action may affect the rights of other co-sharers and the outcome of the partition suit. It is crucial to understand the legal implications of such a transfer.

**What the Law Says**
Under Section 52 of the Transfer of Property Act, 1882 [ACT-1], during the pendency of a suit or proceeding in any court in Bangladesh, where any right to immovable property is directly and specifically in question, the property cannot be transferred or otherwise dealt with by any party to the suit or proceeding so as to affect the rights of any other party thereto under any decree or order that may be made therein, except under the authority of the court and on such terms as it may impose. A court also ruled in various cases that any transfer made in violation of Section 52 is not automatically void but may be subject to the outcome of the suit, and the transferee's rights may be affected by the final decree.

**What You Should Do Now**
1. The co-sharer who sold the land should immediately inform the court about the transfer and seek permission or approval.
2. The third-party purchaser should be aware of the potential risks and complications arising from the transfer and consider seeking legal advice.
3. All parties involved should await the court's decision on the partition suit and the validity of the transfer.

**Evidence to Keep**
- Copy of the sale deed
- Proof of payment for the land
- Notice of the partition suit
- Any court orders or communications regarding the transfer

**Where to Go / Who to Contact**
The parties involved should contact the court where the partition suit is pending, specifically the judge or clerk handling the case, to inform them about the transfer and seek guidance. They may also consult with a licensed Bangladeshi lawyer specializing in civil litigation.

**When You Need a Lawyer**
You should consult a lawyer immediately if you receive a notice from the court regarding the validity of the transfer or if any party challenges the transfer in court.

---
**Sources**
- **[ACT-1]** The Transfer of Property Act, 1882, Section 52: Transfer of property pending suit relating thereto *(Status: Active)*","Transfer of Property Act, 1882",52,False,[],NOT_AVAILABLE,[],"['52', '52', '52']",True,NOT_AVAILABLE,False,[],False,[],,,,,
Q53,Property/TPA,A client purchased a property from a vendor who had previously executed a registered contract for sale (Bayanapatra) with another party. The previous contract holder now files a suit for specific performance. Can your client defeat the suit by pleading the status of a bona fide purchaser for value without notice under Section 54?,"No. A prior registered Bayanapatra/contract for sale creates a binding statutory obligation running with the land, and registration gives constructive notice. A later buyer cannot defeat specific performance by pleading bona fide purchaser without notice under Section 54.","**What This Means For You**
Your client is facing a lawsuit from a previous contract holder who wants to enforce their right to purchase the property. To defend against this suit, your client may claim to be a bona fide purchaser for value without notice, but this defense is subject to certain conditions under the law.

**What the Law Says**
Under Section 53A of the Transfer of Property Act, 1882 [ACT-3], a transferee who has taken possession of the property in part performance of the contract and has done some act in furtherance of the contract may be protected against the transferor or any person claiming under him. However, this protection is not absolute and depends on the specific circumstances of the case. A court also ruled in Fatema Khatun and others VS Abdul Quddus (2005) [DLR-1] that the right of pre-emption arises from the date of registration of the document under section 60 of the Registration Act.

**What You Should Do Now**
1. Review the contract for sale (Bayanapatra) and the registration documents to determine if your client had notice of the previous contract.
2. Gather evidence to show that your client is a bona fide purchaser for value without notice, such as proof of payment and lack of knowledge about the previous contract.
3. Consult with a lawyer to determine the best course of action to defend against the suit for specific performance.

**Evidence to Keep**
- Copy of the contract for sale (Bayanapatra)
- Registration documents
- Proof of payment
- Evidence of lack of notice about the previous contract

**Where to Go / Who to Contact**
Contact a lawyer specializing in property law or the District Court where the suit is filed.

**When You Need a Lawyer**
You should consult a lawyer immediately if the court summons is received, as the suit for specific performance can have significant consequences for your client's ownership of the property.

---
**Sources**
- **[ACT-3]** The Transfer of Property Act, 1882, Section 53A: Part performance *(Status: Amended)*
- **[DLR-1]** Fatema Khatun and others VS Abdul Quddus — DLR (AD) 2005 | Appellate Division | 2005","Transfer of Property Act, 1882",54,False,[],NOT_AVAILABLE,[],"['53A', '60', '53A']",False,NOT_AVAILABLE,True,['Registration Act'],False,[],,,,,
Q54,Commercial/IP,How long does a trademark registration stay valid in Bangladesh before I have to renew it?,"Under the Trademarks Act, 2009, initial trademark registration lasts 7 years from the application/registration date, and it can be renewed repeatedly for 10-year periods after that.","**What This Means For You**
Your trademark registration in Bangladesh is valid for a certain period, after which you need to renew it to maintain your exclusive rights. This is crucial for protecting your brand and business.

**What the Law Says**
Under Section 22 [ACT-2] of the Trademarks Act, 2009, the registration of a trademark is valid for 7 years from the date of registration. After this period, you can renew your trademark registration for another 10 years.

**What You Should Do Now**
1. Check your trademark registration certificate to find out when it was registered.
2. Calculate when your 7-year registration period will expire.
3. Prepare to apply for renewal 6 months before the expiration date.

**Evidence to Keep**
- Your original trademark registration certificate
- Proof of payment for the renewal fee

**Where to Go / Who to Contact**
Contact the Department of Patents, Designs and Trademarks (DPDT) in Dhaka for renewal procedures and fees.

**When You Need a Lawyer**
You should consult a lawyer if you receive an objection to your renewal application or if you need help with the renewal process.

---
**Sources**
- **[ACT-2]** Trademarks Act, 2009, Section 22: Duration, renewal and restoration of registration. *(Status: Active)*","Trademarks Act, 2009",,False,[],NOT_AVAILABLE,[],"['22', '22']",N/A,NOT_AVAILABLE,False,[],False,[],,,,,
Q55,Commercial/IP,Someone is selling exact copies of my products using my registered brand logo in a local market. Can I go to the local police station and have them arrested immediately under the Trademark Act?,"Yes, selling counterfeit goods using a registered mark can attract criminal liability under Sections 73 and 74 of the Trademarks Act, 2009. Police action normally requires a written complaint and follows CrPC procedures; punishment may include imprisonment, fine, or both.","**What This Means For You**
Someone is copying your products and using your brand logo without permission, which is a violation of your trademark rights. This can harm your business and reputation. You need to take action to stop this immediately.

**What the Law Says**
Under Section 73 of the Trademarks Act, 2009 [ACT-6], using a false trademark or applying a trademark to goods without the owner's permission is a punishable offense. A court also ruled in Anarul Islam (Md) and others vs. State and another [DLR-2] that spending money by a director cannot be termed misappropriation, but this does not apply to your case as it involves trademark infringement. 

**What You Should Do Now**
1. Gather evidence of the infringement, such as photos or videos of the counterfeit products and the fake logo.
2. File a complaint with the local police station, providing them with the evidence and explaining how your trademark is being infringed.
3. Contact a lawyer specializing in intellectual property law to guide you through the process and help you take further action.

**Evidence to Keep**
- Photos or videos of the counterfeit products
- Proof of your registered trademark
- Any other relevant documents or witness statements

**Where to Go / Who to Contact**
You can file a complaint at your local police station or contact the Department of Patents, Designs and Trademarks (DPDT) for guidance. You can also reach out to the Bangladesh Metropolitan Police helpline: 999.

**When You Need a Lawyer**
You should consult a lawyer immediately if the police do not take action or if you need help with further legal proceedings, such as filing a lawsuit against the infringer.

---
**Sources**
- **[ACT-6]** Trademarks Act, 2009, Section 73: Penalty for applying false trademarks and false trade description, etc. *(Status: Active)*
- **[DLR-2]** Anarul Islam (Md) and others vs. State and another — DLR (AD) 2005 | Appellate Division | 2005","Trademarks Act, 2009","73,74",False,[],NOT_AVAILABLE,[],"['73', '73']",True,NOT_AVAILABLE,False,[],False,[],,,,,
Q59,Commercial/IP,"What is the specific civil forum/court of original jurisdiction to institute a suit for trademark infringement in Bangladesh, and what is the statutory limitation period for filing such a suit?","A trademark infringement suit must be filed in the Court of the District Judge having territorial jurisdiction, which includes the Joint District Judge exercising District Court powers. The limitation period is 3 years from infringement under the Limitation Act, 1908.","**What This Means For You**
If you're a trademark owner in Bangladesh, you need to know where to file a lawsuit if someone infringes on your trademark. The correct court to file a suit for trademark infringement is the District Court. Additionally, you should be aware of the time limit for filing such a suit to protect your rights.

**What the Law Says**
Under Section 2 of the Trademarks Act, 2009 [ACT-4], a ""District Court"" is defined as the Court of the District Judge and also includes the Court of an Additional District Judge or a Joint District Judge. According to the Code of Civil Procedure, 1908, the District Court has the original jurisdiction to try suits for trademark infringement. However, the Trademarks Act, 2009, does not specifically provide a statutory limitation period for filing a suit for trademark infringement. 

**What You Should Do Now**
1. Identify the correct District Court with jurisdiction over the area where the infringement occurred.
2. Gather evidence of the infringement, including proof of your trademark registration and documentation of the infringing activity.
3. Consult with a lawyer to prepare and file the suit within the appropriate timeframe, as the limitation period may be governed by general principles of civil law.

**Evidence to Keep**
- Proof of trademark registration
- Documentation of the infringing activity
- Evidence of damages or losses suffered due to the infringement

**Where to Go / Who to Contact**
District Court with jurisdiction over the area where the infringement occurred. You may also contact the Bangladesh Intellectual Property Office or a licensed lawyer for guidance.

**When You Need a Lawyer**
You should consult a lawyer as soon as possible if you suspect trademark infringement, as they can help you navigate the legal process and ensure you file the suit within the appropriate timeframe.

---
**Sources**
- **[ACT-4]** Trademarks Act, 2009, Section 2: Definitions. *(Status: Active)*","Trademarks Act, 2009 / Limitation Act, 1908",,False,[],NOT_AVAILABLE,[],"['2', '2']",N/A,NOT_AVAILABLE,True,['Code of Civil Procedure'],False,[],,,,,
