id,category,question,gold_answer,system_answer,expected_act,expected_section,fabricated_citation,fabricated_tags,unverifiable_dlr_citation,citations_found,claimed_sections,expected_section_mentioned,claimed_section_not_in_db,act_mismatch,other_acts_mentioned,jurisdiction_leakage,leaked_terms,human_correctness,human_faithfulness,judge_agrees_with_human,notes
Q01,Criminal Procedure,Does a police officer in Bangladesh need a warrant to arrest someone for 'Anticipatory Bail' under Section 438 of the CrPC?,"Section 438 CrPC does not exist in Bangladesh; it was omitted by the 2009 amendment. Anticipatory bail/Agam Jamin in Bangladesh is practiced under Section 498 CrPC, mainly through the High Court Division, and it protects against arrest rather than authorizing detention.","**What This Means For You**
In Bangladesh, the concept of 'Anticipatory Bail' is exercised under Section 498 of the Code of Criminal Procedure, 1898, not Section 438, which was omitted. This means that if you're seeking anticipatory bail, you'll need to apply to the High Court Division or the Court of Session. A police officer does not need a warrant to arrest someone in the context of anticipatory bail, as it is a pre-emptive measure to prevent arrest.

**What the Law Says**
Under Section 498 of the Code of Criminal Procedure, 1898 [ACT-1], the High Court Division or the Court of Session may direct that any person be admitted to bail, or that the bail required by a police-officer or Magistrate be reduced, in cases where anticipatory bail is applied for. This section allows for the granting of bail before an arrest is made, to prevent unnecessary detention.

**What You Should Do Now**
1. Consult with a licensed lawyer in Bangladesh to understand the specifics of your case and the requirements for applying for anticipatory bail.
2. Gather all necessary documents and evidence to support your application for anticipatory bail.
3. Apply to the High Court Division or the Court of Session for anticipatory bail, as directed by your lawyer.

**Evidence to Keep**
- A copy of the application for anticipatory bail
- Supporting documents and evidence
- Receipts for any fees paid

**Where to Go / Who to Contact**
The High Court Division or the Court of Session in your jurisdiction, or a licensed lawyer in Bangladesh. You can also contact the Legal Aid helpline at 16430 for guidance.

**When You Need a Lawyer**
You should consult a lawyer immediately if you are facing a situation where you might be arrested and are considering applying for anticipatory bail, as the lawyer can guide you through the legal process and help protect your rights.

---
**Sources**
- **[ACT-1]** The Code of Criminal Procedure, 1898, Section 498: Power to direct admission to bail or reduction of bail (Anticipatory Bail / Agam Jamin) *(Status: Active)*","Code of Criminal Procedure, 1898",498,False,[],NOT_AVAILABLE,[],"['498', '438', '498', '498']",True,NOT_AVAILABLE,False,[],False,[],,,,
Q02,Limitation Act,What is the limitation period for a suit for 'Specific Performance of Contract' in Bangladesh? Please cite the specific Article of the Limitation Act,"For specific performance in Bangladesh, the limitation period is 1 year under Article 113 of the First Schedule to the Limitation Act, 1908. Time runs from the date fixed for performance, or if no date is fixed, from the date the plaintiff has notice that performance is refused; immovable-property contracts also require compliance with Section 21A of the Specific Relief Act.","**What This Means For You**
In Bangladesh, if you want to file a lawsuit for specific performance of a contract, you need to do so within a certain time limit. This time limit is crucial, and if you miss it, you might not be able to file your lawsuit.

**What the Law Says**
Under Article 113 of the First Schedule of the Limitation Act, 1908 [ACT-1], the period of limitation for a suit for specific performance of a contract is three years. The time from which this period begins to run is the date fixed for the performance, or, if no such date is fixed, when the plaintiff has notice that performance is refused.

**What You Should Do Now**
1. Check your contract to see if there's a specific date for performance mentioned.
2. If there's no specific date, determine when you first knew that the other party was refusing to perform their part of the contract.
3. Calculate three years from that date to determine the deadline for filing your lawsuit.

**Evidence to Keep**
- A copy of the contract
- Any communication indicating refusal to perform the contract
- Records of any attempts to resolve the issue amicably

**Where to Go / Who to Contact**
You can file your lawsuit at the relevant court in your area, such as the District Court or the Subordinate Judge Court, depending on the jurisdiction and the value of the contract.

**When You Need a Lawyer**
You should consult a lawyer as soon as possible if you believe the other party is not fulfilling their contractual obligations and you are considering legal action for specific performance of the contract.

---
**Sources**
- **[ACT-1]** The Limitation Act, 1908, Section 113: Article 113 - For specific performance of a contract *(Status: In Force)*","Limitation Act, 1908",Article 113,False,[],NOT_AVAILABLE,[],"['113', '113', '113']",True,NOT_AVAILABLE,False,[],False,[],,,,
Q03,Family Law,A man dies in 2025. He has a living son and a grandson (the son of another son who died in 2020). Does the grandson get any share of the grandfather's property under Bangladesh law?,"Yes. Under Section 4 of the Muslim Family Laws Ordinance, 1961, the doctrine of representation applies: the grandson of a predeceased son steps into his father's shoes and receives the share his father would have received if alive.","**What This Means For You**
The grandson may be eligible for a share of his grandfather's property under Bangladesh law. This is because the grandson's father, the deceased son, would have been entitled to a share if he were alive.

**What the Law Says**
Under Section 4 of the Muslim Family Laws Ordinance, 1961 [ACT-1], if a son or daughter of the deceased person dies before the deceased, their children (i.e., the grandchildren) are entitled to a share of the property. Specifically, the section states that the children of a predeceased son or daughter shall receive a share equivalent to what their parent would have received if they were alive.

**What You Should Do Now**
1. Gather documents proving the family relationships, such as birth and death certificates.
2. Consult with a licensed lawyer to determine the exact share of the property the grandson is entitled to.
3. File a petition with the relevant court to claim the grandson's share of the property.

**Evidence to Keep**
- Birth certificate of the grandson
- Death certificate of the grandfather
- Death certificate of the son (grandson's father)
- Proof of family relationships (e.g., marriage certificates, other relevant documents)

**Where to Go / Who to Contact**
Contact a District Judge Court or a lawyer specializing in family law to initiate the process.

**When You Need a Lawyer**
You should consult a lawyer immediately if there are disputes among family members regarding the distribution of the grandfather's property or if you need help navigating the legal process.

---
**Sources**
- **[ACT-1]** The Muslim Family Laws Ordinance, 1961, Section 4: Succession — predeceased child, grandchildren, per stirpes inheritance *(Status: Active)*","Muslim Family Laws Ordinance, 1961",4,False,[],NOT_AVAILABLE,[],"['4', '4']",True,NOT_AVAILABLE,False,[],False,[],,,,
Q04,Criminal Law,"If a person is accused of 'Defamation' under Section 500 of the Penal Code in Sylhet, can the police arrest them immediately without a warrant?","No. Defamation under Section 500 of the Penal Code is non-cognizable and bailable in Bangladesh, so police cannot arrest without a Magistrate's warrant; the usual route is a complaint case before the Magistrate.","**What This Means For You**
If you are accused of defamation, the police may arrest you without a warrant, but only under certain conditions. You should understand your rights and the process the police must follow.

**What the Law Says**
Under Section 54 of the Code of Criminal Procedure, 1898 [ACT-1], a police officer may arrest without a warrant if a person commits a cognizable offence in their presence, or if they have reasonable grounds to believe the person has committed a cognizable offence. Defamation under Section 500 of the Penal Code is a cognizable offence. However, the police must follow the proper procedure and have sufficient evidence before making an arrest.

**What You Should Do Now**
1. Seek legal advice from a licensed lawyer in Sylhet to understand the specifics of your case.
2. If arrested, remain calm and ask to contact your lawyer or a family member.
3. Be aware of your rights during the arrest and police custody.

**Evidence to Keep**
- Any evidence related to the alleged defamation, such as documents, emails, or witness statements.
- Records of any previous interactions with the complainant.

**Where to Go / Who to Contact**
Contact the Sylhet Metropolitan Magistrate Court or the Sylhet Police Station to understand the procedure and to seek help. You can also call the Legal Aid helpline (16430) for guidance.

**When You Need a Lawyer**
You should consult a lawyer as soon as possible if you are accused of defamation, especially if the police are involved, to ensure your rights are protected and to receive proper legal advice.

---
**Sources**
- **[ACT-1]** The Code of Criminal Procedure, 1898, Section 54: When police may arrest without warrant *(Status: Amended)*","Penal Code, 1860",500,False,[],NOT_AVAILABLE,[],"['54', '500', '54']",True,NOT_AVAILABLE,True,['Code of Criminal Procedure'],False,[],,,,
Q05,Civil Procedure,Can I file a 'Second Appeal' to the High Court Division on a pure question of fact under Section 100 of the CPC?,"No. Sections 100-103 of the Bangladesh CPC were omitted by the Law Reforms Ordinance, 1978, so a second appeal under Section 100 on a pure question of fact is not available in Bangladesh.","**What This Means For You**
You are wondering if you can file a second appeal to the High Court Division based on a question of fact. However, the law has specific provisions regarding second appeals. 

**What the Law Says**
Under Section 100 of the Code of Civil Procedure, 1908 [ACT-1], a second appeal can only be filed on a question of law. The High Court Division's jurisdiction in second appeal is limited to questions of law, and it cannot interfere with findings of fact by lower appellate courts unless there is an error of law. A court also ruled in Abdul Mannan VS Tayeb Ali and others [DLR-1] that the High Court Division was in error in setting aside the judgment of the lower appellate court decreeing the suit when there was no evidence that the findings were not based on proper evidence.

**What You Should Do Now**
1. Review your case to determine if there is a question of law involved.
2. Consult with a lawyer to assess whether you have a valid ground for a second appeal.
3. If your appeal is based on a question of fact, consider other legal options available to you.

**Evidence to Keep**
- Copies of the lower court judgments
- Records of evidence presented in the lower courts
- Legal opinions from your counsel

**Where to Go / Who to Contact**
Contact the High Court Division of the Supreme Court of Bangladesh or consult with a licensed lawyer practicing in the High Court Division.

**When You Need a Lawyer**
You should consult a lawyer immediately if you are considering filing a second appeal to the High Court Division to ensure you have a valid legal ground and to guide you through the complex legal process.

---
**Sources**
- **[ACT-1]** The Code of Civil Procedure, 1908, Section 100: TITLE_UNKNOWN [OMITTED] *(Status: Omitted)*
- **[DLR-1]** Abdul Mannan VS Tayeb Ali and others — DLR (AD) 2006 | Appellate Division | 2006","Code of Civil Procedure, 1908",100,False,[],NOT_AVAILABLE,[],"['100', '100']",True,NOT_AVAILABLE,False,[],False,[],,,,
Q06,Criminal Procedure,Explain the procedure for 'Executive Magistrates' to conduct a full trial and award a 7-year rigorous imprisonment sentence for a theft case.,Executive Magistrates cannot conduct a regular Penal Code theft trial or award 7 years' rigorous imprisonment. Criminal trials and such sentencing belong to Judicial Magistrates/Courts; Executive Magistrates are limited to administrative/mobile-court functions within statutory limits.,"**What This Means For You**
If you're involved in a theft case, an Executive Magistrate may conduct a full trial and award a sentence. However, their powers are limited, and they can only award a sentence of up to 7 years if they have been specially empowered under Section 29C of the Code of Criminal Procedure,

---
**Sources**
- **[ACT-1]** The Code of Criminal Procedure, 1898, Section 29C: Offences not punishable with death *(Status: Amended)*
- **[ACT-2]** The Code of Criminal Procedure, 1898, Section 33A: Higher powers of certain Magistrates *(Status: Active)*
- **[ACT-3]** The Code of Criminal Procedure, 1898, Section 32: Sentences which Magistrates may pass *(Status: Amended)*
- **[ACT-4]** The Code of Criminal Procedure, 1898, Section 10: Executive Magistrates *(Status: Amended)*
- **[ACT-5]** The Code of Criminal Procedure, 1898, Section 349: Procedure when Magistrate cannot pass sentence sufficiently severe *(Status: Amended)*
- **[ACT-6]** The Code of Criminal Procedure, 1898, Section 260: Power to try summarily *(Status: Amended)*
- **[ACT-7]** The Code of Criminal Procedure, 1898, Section 28: Offences under Penal Code *(Status: Active)*
- **[ACT-8]** The Code of Criminal Procedure, 1898, Section 30: Omitted *(Status: Omitted)*
- **[ACT-9]** The Code of Criminal Procedure, 1898, Section 34: Omitted *(Status: Omitted)*
- **[ACT-10]** The Code of Criminal Procedure, 1898, Section 31: Sentences which High Court Division and Sessions Judges may pass *(Status: Amended)*
- **[ACT-11]** The Code of Criminal Procedure, 1898, Section 33: Power of Magistrates to sentence to imprisonment in default of fine *(Status: Active)*
- **[ACT-12]** The Code of Criminal Procedure, 1898, Section 9: Court of Sessions *(Status: Amended)*
- **[ACT-13]** The Code of Criminal Procedure, 1898, Section 11: Judicial Magistrates *(Status: Amended)*
- **[ACT-14]** The Code of Criminal Procedure, 1898, Section 348: Trial of persons previously convicted of offences against coinage, stamp-law or property *(Status: Amended)*
- **[ACT-15]** The Code of Criminal Procedure, 1898, Section 350: evidence partly recorded by one Magistrate and partly by another *(Status: Active)*
- **[ACT-16]** The Code of Criminal Procedure, 1898, Section 259: Omitted *(Status: Omitted)*
- **[ACT-17]** The Code of Criminal Procedure, 1898, Section 261: Power to invest Bench of Magistrates invested with less power *(Status: Active)*
- **[DLR-1]** Yaor Mia (Md) and anothe VS Haji Shah Dhanai Ali and others — DLR (AD) 2005 | Appellate Division | 2005
- **[DLR-2]** Secretary, Ministry of Food Government of Bangladesh and others vs. Md Sirajuddin Ahmed and others — DLR (AD) 2005 | Appellate Division | 2005
- **[DLR-3]** State VS Abdur Rahim — DLR (AD) 2005 | Appellate Division | 2005
- **[DLR-4]** Yogeshwar Gope vs State — DLR (AD) 2005 | Appellate Division | 2005","Code of Criminal Procedure, 1898",29C,False,[],NOT_AVAILABLE,[],"['29C', '29C', '33A', '32', '10', '349', '260', '28', '30', '34', '31', '33', '9', '11', '348', '350', '259', '261']",True,NOT_AVAILABLE,True,['Penal Code'],False,[],,,,
Q07,Land Reform,I am a wealthy businessman. Can I purchase 500 bighas of agricultural land in my own name under the Land Reforms Ordinance?,"No. Agricultural land ownership/acquisition is capped at 60 standard bighas under the Land Reforms Ordinance, 1984 as carried forward in the 2023 framework; purchasing 500 bighas in one person's name would exceed the ceiling.","**What This Means For You**
As a wealthy businessman, you are subject to the restrictions on acquiring agricultural land under the Land Reforms Act, 2023. The law limits the amount of agricultural land that can be owned by an individual or family. Purchasing 500 bighas of agricultural land may exceed these limits.

**What the Law Says**
Under Section 4 of the Land Reforms Act, 2023, the owner of agricultural land exceeding 60 standard bighas or his family shall not be able to acquire any new agricultural land by transfer, inheritance, donation, or any other means. There are some exceptions to this rule, such as for land used for tea, coffee, rubber, or other fruit plantations, or for land used by industrial establishments for producing raw materials.

**What You Should Do Now**
1. Review the exceptions under Section 4 of the Land Reforms Act, 2023, to determine if any apply to your situation.
2. Calculate the total amount of agricultural land you currently own, including any land owned by your family members.
3. Consult with a licensed lawyer to determine the best course of action and to ensure compliance with the Land Reforms Act, 2023.

**Evidence to Keep**
- Records of current land ownership
- Documents showing family members' land ownership
- Proof of exceptions under Section 4, if applicable

**Where to Go / Who to Contact**
Contact the Ministry of Land or the local Land Office for guidance on the Land Reforms Act, 2023, and its application to your situation.

**When You Need a Lawyer**
You should consult a lawyer immediately if you are unsure about the legality of purchasing 500 bighas of agricultural land or if you need help navigating the exceptions under the Land Reforms Act, 2023.

---
**Sources**
- **[ACT-1]** Land Reforms Act, 2023, Section 15: Prohibition and restrictions on cultivation *(Status: Active)*
- **[ACT-2]** Land Reforms Act, 2023, Section 19: Penalty *(Status: Active)*
- **[ACT-3]** Land Reforms Act, 2023, Section 4: Restrictions on acquisition of agricultural land *(Status: Active)*
- **[ACT-4]** Land Reforms Act, 2023, Section 2: Definitions *(Status: Active)*
- **[ACT-5]** Land Reforms Act, 2023, Section 14: Upper limit of barga land *(Status: Active)*
- **[ACT-6]** Land Reforms Act, 2023, Section 13: Bargadar's right to purchase *(Status: Active)*
- **[ACT-7]** Land Reforms Act, 2023, Section 16: Dispute resolution *(Status: Active)*
- **[ACT-8]** Land Reforms Act, 2023, Section 18: Modernization of land management and preservation of information repository *(Status: Active)*
- **[ACT-9]** Land Reforms Act, 2023, Section 20: Trial of offences *(Status: Active)*
- **[ACT-10]** Land Reforms Act, 2023, Section 3: Act to prevail *(Status: Active)*
- **[ACT-11]** Land Reforms Act, 2023, Section 5: Benami transactions in immovable property *(Status: Active)*
- **[ACT-12]** Land Reforms Act, 2023, Section 1: Short title and commencement *(Status: Active)*
- **[ACT-13]** Land Reforms Act, 2023, Section 12: Division of produce of barga land *(Status: Active)*
- **[DLR-1]** Government of the People's Republic of Bangladesh, represented by the DC and another VS Abdur Rahman and others — DLR (AD) 2005 | Appellate Division | 2005
- **[DLR-2]** Yaor Mia (Md) and anothe VS Haji Shah Dhanai Ali and others — DLR (AD) 2005 | Appellate Division | 2005
- **[DLR-3]** Bangladesh, represented by the Secretary, Ministry of Works, Housing and Settlement and ors vs Md Abu Bakar and others — DLR (AD) 2005 | Appellate Division | 2005
- **[DLR-4]** State VS Abdur Rahim — DLR (AD) 2005 | Appellate Division | 2005","Land Reforms Ordinance, 1984 / Land Reforms Act, 2023",4,False,[],NOT_AVAILABLE,[],"['4', '4', '4', '15', '19', '4', '2', '14', '13', '16', '18', '20', '3', '5', '1', '12']",True,NOT_AVAILABLE,True,['Land Reforms Act'],False,[],,,,
Q08,Tax,How much 'Wealth Tax' do I owe under the Income Tax Act 2023 if my assets exceed 5 Crore BDT?,"There is no separate 'wealth tax' under the Income Tax Act, 2023; Bangladesh uses a net-wealth surcharge when net wealth crosses the statutory threshold. The exact surcharge depends on the applicable slab, so the answer must cite the 2023 Act/schedule rather than inventing a generic tax amount.","**What This Means For You**
If your assets exceed 5 Crore BDT, you may be liable to pay Wealth Tax under the Income Tax Act 2023. This tax is imposed on individuals with high-value assets, and the amount you owe will depend on the value of your assets.

**What the Law Says**
Under Section 40 of the Income Tax Act 2023 [ACT-5], the law does not explicitly mention a ""Wealth Tax"". However, it does discuss income tax on various types of income, including business income. For information on wealth tax, you may need to look into other sections or schedules of the Act.

**What You Should Do Now**
1. Review your assets and calculate their total value to determine if you exceed the 5 Crore BDT threshold.
2. Consult the Income Tax Act 2023 or contact the National Board of Revenue (NBR) to determine if there are any specific provisions related to Wealth Tax.
3. If you are liable for Wealth Tax, file your tax return and pay the required amount to avoid penalties.

**Evidence to Keep**
- Records of your assets and their values
- Calculation of your total asset value
- Tax return documents and payment receipts

**Where to Go / Who to Contact**
National Board of Revenue (NBR) - http://nbr.gov.bd/ or contact your local tax office.

**When You Need a Lawyer**
If you are unsure about your liability for Wealth Tax or need assistance with tax-related matters, it is recommended that you consult a licensed Bangladeshi lawyer specializing in tax law.

---
**Sources**
- **[ACT-5]** আয়কর আইন, ২০২৩, Section 40: ]ৃচতুথ অধায়কিষ হইেত আয়কৃিষ হইেতআয়িবেশষ কৃ িষআয় — ধারা ৪০, Section 40, আয়কর, income tax, tax law, Bangladesh tax *(Status: Active)*","Income Tax Act, 2023",,False,[],NOT_AVAILABLE,[],"['40', '40', '40']",N/A,NOT_AVAILABLE,False,[],False,[],,,,
Q09,Property/Land,Does a 'Mutation Khatian' issued by the Assistant Commissioner (Land) serve as a conclusive document of title/ownership in Bangladesh?,"No. Mutation Khatian is mainly for land-record/tax and possession purposes; it is not conclusive proof of ownership or title. Title is proved by valid deeds, inheritance documents, court decrees, and related evidence.","**What This Means For You**
A Mutation Khatian is a crucial document in Bangladesh, but it may not be the final proof of ownership. It's essential to understand its limitations to avoid any potential disputes or issues with your property.

**What the Law Says**
Under Section 2 of the Land Reforms Act, 2023 [ACT-1], various terms related to land ownership are defined, but it does not explicitly state that a Mutation Khatian is conclusive proof of title. However, the State Acquisition and Tenancy Act, 1950, which is referenced in the Land Reforms Act, 2023, implies that a Mutation Khatian is an important document for recording land ownership. A court also ruled in relevant cases [DLR-1] that documents like the Mutation Khatian are significant in land disputes, but they may not be the sole deciding factor in determining ownership.

**What You Should Do Now**
1. Verify the Mutation Khatian with the local land office to ensure it is up-to-date and accurate.
2. Consult with a licensed lawyer to understand the specific laws and regulations applicable to your situation.
3. Gather all relevant documents, including the deed, previous ownership records, and any other supporting evidence, to establish a clear chain of ownership.

**Evidence to Keep**
- Mutation Khatian
- Deed of ownership
- Previous ownership records
- Supporting documents (e.g., receipts, agreements)

**Where to Go / Who to Contact**
For assistance, contact the local Assistant Commissioner (Land) office or the Ministry of Lands. You can also reach out to the Bangladesh Legal Aid and Services Trust (BLAST) helpline (16430) for guidance.

**When You Need a Lawyer**
You should consult a lawyer if you are involved in a land dispute or if there are any discrepancies in your Mutation Khatian or other ownership documents.

---
**Sources**
- **[ACT-1]** Land Reforms Act, 2023, Section 2: Definitions *(Status: Active)*
- **[DLR-1]** Government of the People's Republic of Bangladesh, represented by the DC and another VS Abdur Rahman and others — DLR (AD) 2005 | Appellate Division | 2005",,,False,[],NOT_AVAILABLE,[],"['2', '2']",N/A,NOT_AVAILABLE,N/A,False,[],,,,
Q10,Labour Law,"I am hiring a clerk in my office in Sylhet. Under the Labour Act, can I set a 1-year probation period to ensure he is a good fit?","No. For a clerical worker, the probation period under Section 4(8) of the Bangladesh Labour Act is 6 months, not 1 year. For other workers it is generally 3 months, with limited extension for skilled workers.","**What This Means For You**
You want to hire a clerk in your Sylhet office and ensure they are a good fit. However, the Labour Act has specific rules about probation periods.

**What the Law Says**
Under Section 4 of the Bangladesh Labour Act, 2006 [ACT-1], the probation period for a worker whose function is of a clerical nature shall be 6 (six) months. This means you can set a probation period, but it cannot exceed 6 months for a clerical worker like a clerk.

**What You Should Do Now**
1. Review the job requirements and ensure you are hiring the clerk as a permanent worker or probationer, as defined in the Labour Act.
2. Set a probation period of 6 months, as allowed by law, to assess the clerk's performance.
3. Provide the clerk with an appointment letter and an identity card, as required by Section 5 of the Labour Act [ACT-7].

**Evidence to Keep**
- Appointment letter
- Identity card
- Record of probation period start and end dates

**Where to Go / Who to Contact**
If you have questions or concerns, contact the Department of Inspection for Factories and Establishments (DIFE) or the Labour Directorate in Sylhet.

**When You Need a Lawyer**
If you are unsure about the specific requirements of the Labour Act or need help with drafting employment contracts, consider consulting a licensed Bangladeshi lawyer specializing in labour law.

---
**Sources**
- **[ACT-1]** The Bangladesh Labour Act, 2006, Section 4: Classification of workers and probation period *(Status: Active)*
- **[ACT-7]** The Bangladesh Labour Act, 2006, Section 5: Appointment letter and identity card *(Status: Active)*","Bangladesh Labour Act, 2006",4(8),False,[],NOT_AVAILABLE,[],"['4', '5', '4', '5']",True,NOT_AVAILABLE,False,[],False,[],,,,
Q13,Civil Procedure,"I have a property dispute valued at Tk 4.5 Crore. Which court has the 'Original Jurisdiction' to hear my case, and if I lose, where do I file the appeal?","For a Tk 4.5 crore property dispute, original jurisdiction lies with the Joint District Judge Court under the Civil Courts Act, 1887 as amended in 2021. If the party loses, the appeal lies to the District Judge Court because appeals up to Tk 5 crore go there, not directly to the High Court Division.","**What This Means For You**
You have a property dispute worth Tk 4.5 Crore, and you need to know which court can hear your case initially and where to appeal if needed. The court that hears your case first is crucial for the outcome.

**What the Law Says**
Under Section 18 of The Civil Courts Act, 1887 [ACT-1], the original jurisdiction for property disputes or civil suits valued at high amounts (e.g., Tk 4.5 Crore or above) lies with the Joint District Judge. If you lose your case, according to Section 21 of The Civil Courts Act, 1887 [ACT-2], an appeal from a decree or order of a Joint District Judge shall lie to the High Court Division in any case where the value of the original suit exceeds five crore Taka.

**What You Should Do Now**
1. Prepare your case documents and evidence to file with the Joint District Judge's court.
2. Ensure you understand the court procedures and the time frame for filing your case.
3. If you lose, gather all necessary documents and grounds for appeal to file with the High Court Division.

**Evidence to Keep**
- All property documents (deeds, titles, etc.)
- Valuation reports of the property
- Any agreements or contracts related to the dispute
- Evidence of communication or attempts to resolve the dispute

**Where to Go / Who to Contact**
You should file your case with the Joint District Judge's court in your district. For appeals, contact the High Court Division in Dhaka. For legal aid or advice, you can contact the Legal Aid office or a licensed lawyer.

**When You Need a Lawyer**
You should consider hiring a lawyer as soon as possible to guide you through the legal process and represent you in court, especially given the high value of the dispute.

---
**Sources**
- **[ACT-1]** The Civil Courts Act, 1887, Section 18: Extent of original jurisdiction of District or Joint District Judge *(Status: In Force)*
- **[ACT-2]** The Civil Courts Act, 1887, Section 21: None *(Status: Active)*","Civil Courts Act, 1887",,False,[],NOT_AVAILABLE,[],"['18', '21', '18', '21']",N/A,NOT_AVAILABLE,False,[],False,[],,,,
Q14,Criminal Law/Evidence,"While in police custody, an accused says, ""I killed the man and hid the knife under the bridge."" The police find the knife under the bridge. Is the statement ""I killed the man"" admissible in court?","The statement 'I killed the man' is inadmissible because confessions to police are barred under Section 25 of the Evidence Act. Only the part leading directly to discovery of the knife, such as 'I hid it under the bridge,' may be admissible under Section 27 as discovery information.","**What This Means For You**
The statement ""I killed the man"" made by the accused while in police custody may not be admissible in court as evidence against them. This is because the statement was made to a police officer, and according to the law, such statements are not admissible as evidence.

**What the Law Says**
Under Section 25 of the Evidence Act, 1872 [ACT-3], a confession made to a police officer is not admissible as evidence against the accused. However, Section 27 of the Evidence Act, 1872 [ACT-2] states that if a fact is discovered in consequence of information received from the accused, the information that led to the discovery of that fact can be proved. In this case, the statement ""I killed the man and hid the knife under the bridge"" led to the discovery of the knife, so the part of the statement related to the discovery of the knife (""hid the knife under the bridge"") may be admissible as evidence.

**What You Should Do Now**
1. Understand that the statement ""I killed the man"" may not be used as evidence against you in court.
2. Consult with a lawyer to understand how the statement and the discovery of the knife may be used in the case against you.
3. Be prepared to provide any additional information or context about the statement and the circumstances surrounding it.

**Evidence to Keep**
- Any records of the statement made to the police, including the exact words used
- Any evidence related to the discovery of the knife under the bridge
- Any witness statements or other evidence that may be relevant to the case

**Where to Go / Who to Contact**
Contact a licensed lawyer or the Legal Aid office (16430) for guidance on how to proceed with your case.

**When You Need a Lawyer**
You should seek the advice of a licensed lawyer as soon as possible to understand your rights and the potential implications of the statement made to the police.

---
**Sources**
- **[ACT-2]** The Evidence Act, 1872, Section 27: How much of information received from accused may be proved — Provided, deposed, discovered, consequence, information, received, accused, offence *(Status: Active)*
- **[ACT-3]** The Evidence Act, 1872, Section 25: Confession to policeofficer not to be proved — confession, made, police-officer, proved, against, accused, offence *(Status: Active)*","Evidence Act, 1872",25/27,False,[],NOT_AVAILABLE,[],"['25', '27', '27', '25']",True,NOT_AVAILABLE,False,[],False,[],,,,
Q15,Criminal Procedure,A Magistrate receives a police report (Final Report) stating there is no evidence against the accused. Can the Magistrate ignore the police report and order the trial to proceed anyway?,"Yes. A Magistrate is not bound by a police Final Report; under Section 190(1)(b) CrPC, the Magistrate may reject the police opinion, take cognizance, and summon the accused if the case diary/materials justify proceeding.","**What This Means For You**
If a Magistrate receives a police report stating there is no evidence against you, it's a significant development in your case. However, the Magistrate has the authority to decide whether to proceed with the trial or not. You should be prepared for either outcome and understand your rights in this situation.

**What the Law Says**
Under Section 173 of the Code of Criminal Procedure, 1898 [ACT-1], when a police report is submitted to the Magistrate, it is the Magistrate's duty to consider the report and decide on the next course of action. However, the Magistrate is not bound by the police report and can exercise their discretion to proceed with the trial if they believe there is sufficient ground for doing so. According to Section 249 of the Code of Criminal Procedure, 1898 [ACT-2], a Magistrate has the power to stop proceedings or proceed with the trial.

**What You Should Do Now**
1. Consult with your lawyer to understand the implications of the police report and the Magistrate's potential decision.
2. Review the police report and ensure it accurately reflects the investigation's findings.
3. Be prepared to present your case in court if the Magistrate decides to proceed with the trial.

**Evidence to Keep**
- A copy of the police report (Final Report)
- Any evidence or documents supporting your case

**Where to Go / Who to Contact**
Contact your lawyer or the Magistrate Court where your case is being heard for further guidance.

**When You Need a Lawyer**
You should seek professional legal help immediately if the Magistrate decides to proceed with the trial despite the police report stating there is no evidence against you.

---
**Sources**
- **[ACT-1]** The Code of Criminal Procedure, 1898, Section 173: Report of policeofficer *(Status: Active)*
- **[ACT-2]** The Code of Criminal Procedure, 1898, Section 249: Power to stop proceedings when no complainant *(Status: Amended)*","Code of Criminal Procedure, 1898",190(1)(b),False,[],NOT_AVAILABLE,[],"['173', '249', '173', '249']",False,NOT_AVAILABLE,False,[],False,[],,,,
Q17,Family Law,"If a Hindu woman in Bangladesh inherits land under the Hindu Succession Act, can she sell it freely?","No. In Bangladesh, a Hindu woman's inherited property is generally treated as a limited estate under the Hindu Women's Rights to Property Act, 1937; she cannot sell freely except for recognized legal necessity, and an improper sale may be challenged by reversioners.","**What This Means For You**
As a Hindu woman in Bangladesh, your rights to inherit and sell land are governed by the Hindu Succession Act. However, the specific rules and restrictions on selling inherited land can be complex. It's essential to understand your rights and obligations to make informed decisions about your property.

**What the Law Says**
Under the Hindu Succession Act, a Hindu woman has the right to inherit property, including land. However, the Act also imposes certain restrictions on her ability to sell or transfer the property. According to the Act, a Hindu woman's property is considered absolute property, but she may still be subject to certain limitations and obligations, such as maintaining the property for the benefit of her family members.

**What You Should Do Now**
1. Consult the Hindu Succession Act to understand the specific provisions applicable to your situation.
2. Seek advice from a qualified lawyer specializing in Hindu law and property rights in Bangladesh.
3. Gather all relevant documents, including the deed of inheritance and any other property records.

**Evidence to Keep**
- Deed of inheritance
- Property records
- Identification documents

**Where to Go / Who to Contact**
District Court or a qualified lawyer specializing in Hindu law and property rights in Bangladesh. You can also contact the National Legal Aid Services Organization (NLASO) helpline at 16430 for guidance.

**When You Need a Lawyer**
You should consult a lawyer if you are unsure about your rights or obligations regarding the inherited land or if you face any disputes or challenges related to the property.

---
**Sources**
- **[ACT-1]** The Muslim Family Laws Ordinance, 1961, Section 4: Succession — predeceased child, grandchildren, per stirpes inheritance *(Status: Active)*
- **[ACT-2]** The Muslim Family Laws Ordinance, 1961, Section 1: Short title, extent, application and commencement — title, territorial extent, Muslim citizens, commencement by Gazette notification *(Status: Amended)*
- **[ACT-3]** The Muslim Family Laws Ordinance, 1961, Section 5: Registration of marriages [OMITTED] *(Status: Omitted)*
- **[ACT-4]** The Muslim Family Laws Ordinance, 1961, Section 9: Maintenance — wife maintenance, equitable maintenance among wives, Arbitration Council certificate, arrears of land revenue *(Status: Amended)*
- **[ACT-5]** The Muslim Family Laws Ordinance, 1961, Section 6: Polygamy — prior permission of Arbitration Council, second marriage, dower, punishment *(Status: Amended)*
- **[ACT-6]** The Muslim Family Laws Ordinance, 1961, Section 8: Dissolution of marriage otherwise than by talaq — delegated divorce right, non-talaq dissolution *(Status: Active)*
- **[ACT-7]** The Muslim Family Laws Ordinance, 1961, Section 3: Ordinance to override other Laws, etc. — overriding effect, custom or usage, Arbitration Council procedure *(Status: Amended)*
- **[ACT-8]** The Muslim Family Laws Ordinance, 1961, Section 2: Definitions — Arbitration Council, Chairman, Union Parishad, Paurashava, Municipal Corporation, prescribed *(Status: Amended)*
- **[ACT-9]** The Muslim Family Laws Ordinance, 1961, Section 10: Dower — nikah nama, marriage contract, mode of payment, payable on demand *(Status: Active)*
- **[ACT-10]** The Muslim Family Laws Ordinance, 1961, Section 7: Talaq — notice to Chairman, reconciliation, ninety-day effectiveness, pregnancy, remarriage *(Status: Amended)*
- **[DLR-1]** Government of the People's Republic of Bangladesh, represented by the DC and another VS Abdur Rahman and others — DLR (AD) 2005 | Appellate Division | 2005
- **[DLR-2]** Bangladesh, represented by the Secretary, Ministry of Works, Housing and Settlement and ors vs Md Abu Bakar and others — DLR (AD) 2005 | Appellate Division | 2005
- **[DLR-3]** Yaor Mia (Md) and anothe VS Haji Shah Dhanai Ali and others — DLR (AD) 2005 | Appellate Division | 2005
- **[DLR-4]** State VS Abdur Rahim — DLR (AD) 2005 | Appellate Division | 2005","Hindu Women's Rights to Property Act, 1937",,False,[],NOT_AVAILABLE,[],"['4', '1', '5', '9', '6', '8', '3', '2', '10', '7']",N/A,NOT_AVAILABLE,True,['Muslim Family Laws Ordinance'],False,[],,,,
Q18,Limitation Act,"Under the Limitation Act in Bangladesh, how many years does a party have to file a suit for breach of a simple contract?","For breach of a simple contract in Bangladesh, the limitation period is 3 years from breach under Article 115 of the First Schedule to the Limitation Act, 1908. For written registered contracts, Article 116 may provide 6 years.","**What This Means For You**
In Bangladesh, if someone breaches a simple contract, you have a limited time to take legal action. The law sets a specific timeframe for filing a suit, and it's essential to understand this to protect your rights.

**What the Law Says**
Under Section 115 [ACT-1] of the Limitation Act, 1908, a suit for breach of a simple contract must be filed within three years from the date the contract was broken. This means that if someone fails to fulfill their contractual obligations, you have three years from the date of the breach to initiate legal proceedings.

**What You Should Do Now**
1. Review your contract to understand the terms and conditions.
2. Document the breach of contract, including dates and details of what happened.
3. Consult with a lawyer to discuss your options and determine the best course of action.

**Evidence to Keep**
- A copy of the contract
- Records of communication related to the breach
- Any relevant correspondence or notices

**Where to Go / Who to Contact**
You can file a suit at the District Court or contact a lawyer for guidance. For legal aid, you can call the Legal Aid helpline at 16430.

**When You Need a Lawyer**
You should consult a lawyer as soon as possible if you believe a breach of contract has occurred and you intend to take legal action to protect your rights.

---
**Sources**
- **[ACT-1]** The Limitation Act, 1908, Section 115: Article 115 - For compensation for the breach of any contract *(Status: In Force)*","Limitation Act, 1908",Article 115,False,[],NOT_AVAILABLE,[],"['115', '115', '115']",True,NOT_AVAILABLE,False,[],False,[],,,,
Q19,Tax,"I am calculating my tax return for 2026. Under the Income Tax Ordinance 1984, I am trying to find the exemption for my medical and conveyance allowance. Can you guide me through the math?","The Income Tax Ordinance, 1984 is repealed and replaced by the Income Tax Act, 2023. Medical and conveyance allowances are not separately exempted in the old way; salary income uses the consolidated exemption of one-third of total salary or Tk 4,50,000, whichever is lower.","**What This Means For You**
You are trying to calculate your tax return for 2026 and need to find the exemption for your medical and conveyance allowance. This is an important step in filing your tax return accurately.

**What the Law Says**
Under Section 41 of the আয়কর আইন, ২০২৩ [ACT-1], there are provisions for calculating income tax. However, the Income Tax Ordinance 1984 is not mentioned in the verified sources. 

**What You Should Do Now**
1. Check the আয়কর আইন, ২০২৩ [ACT-1] for the latest provisions on income tax calculation.
2. Consult a licensed Bangladeshi lawyer or tax consultant to ensure you are using the correct laws and regulations for your tax return.
3. Verify the specific exemptions available for medical and conveyance allowances under the current laws.

**Evidence to Keep**
- Records of your medical and conveyance expenses
- Your employment contract or letter stating the allowances
- Any other relevant documents supporting your tax return

**Where to Go / Who to Contact**
National Board of Revenue (NBR) - http://nbr.gov.bd/ 
Legal Aid: 16430 

**When You Need a Lawyer**
You should consult a lawyer if you are unsure about the specific laws and regulations applicable to your tax return or if you need help with the calculation and filing process.

---
**Sources**
- **[ACT-1]** আয়কর আইন, ২০২৩, Section 41: ধারা ৪১ — ধারা ৪১, Section 41, আয়কর, income tax, tax law, Bangladesh tax *(Status: Active)*","Income Tax Act, 2023",,False,[],NOT_AVAILABLE,[],"['41', '41', '41']",N/A,NOT_AVAILABLE,False,[],False,[],,,,
Q21,Tenancy (NAT Act),My family has been living on a rented residential plot for 15 years. We want to build a small brick (pucca) house here. Do we need to ask our landlord for permission first?,"Under Section 7(1)(a) of the NAT Act, 1949, a permanent non-agricultural tenant who has crossed the statutory threshold has the right to erect structures including a pucca structure. Practically, municipal approval/NOC and tenancy restrictions may still matter, but the statutory section is 7(1), not 6(2)(a).","**What This Means For You**
You've been living on this plot for a long time and want to build a house. The law has something to say about this. You should understand your rights as a tenant before making any big decisions.

**What the Law Says**
Under Section 6 [ACT-1] of the Non-Agricultural Tenancy Act, 1949, a tenant holding non-agricultural land can use the land in any manner that doesn't impair its value, as long as it's not inconsistent with the purposes for which the land is held. If your tenancy falls under sections 7 or 8, you are entitled to erect any structure, including a pucca structure, without needing permission from the landlord. However, it's always best to review your specific situation and tenancy agreement.

**What You Should Do Now**
1. Review your tenancy agreement to see if it mentions anything about building structures.
2. Determine if your tenancy falls under sections 7 or 8 of the Non-Agricultural Tenancy Act, 1949.
3. Consider consulting with your landlord to avoid any potential disputes, even if the law is on your side.

**Evidence to Keep**
- Your tenancy agreement
- Proof of how long you've been living on the plot
- Any communication with your landlord regarding the construction

**Where to Go / Who to Contact**
If you have questions or concerns, you can contact the Deputy Commissioner's office or a local legal aid service for guidance.

**When You Need a Lawyer**
You should consult a lawyer if your landlord disputes your right to build on the plot or if you're unsure about your rights under the Non-Agricultural Tenancy Act, 1949.

---
**Sources**
- **[ACT-1]** The Non-Agricultural Tenancy Act, 1949, Section 6: Manner of use of non-agricultural lands *(Status: Active)*","Non-Agricultural Tenancy Act, 1949",7(1)(a),False,[],NOT_AVAILABLE,[],"['6', '7', '7', '6']",True,NOT_AVAILABLE,False,[],False,[],,,,
Q24,Tenancy (NAT Act),"What are the exact statutory consequences if a non-agricultural land lease has a fixed written term of 5 years, but the tenant continues to occupy it for a total period of 13 years?","Under Section 7(4) NAT Act, if a written fixed-term tenant continues after expiry with the landlord's acquiescence and total continuous possession reaches at least 12 years, the tenancy gains the incidents of a permanent tenancy under Section 7.","**What This Means For You**
If a non-agricultural land lease has a fixed written term of 5 years, but the tenant continues to occupy it for a total period of 13 years, the tenant's rights and liabilities may change. The tenant may be entitled to certain protections under the law.

**What the Law Says**
Under Section 7 [ACT-1] of the Non-Agricultural Tenancy Act, 1949, if a non-agricultural land is held under a lease in writing for a period specified therein and the total period for which such land is held is not less than twelve years, the tenant shall not be ejected by his landlord from such land except on the ground that he has used such land in a manner which renders it unfit for use for any of the purposes specified in section 4. Additionally, under Section 8 [ACT-2] of the same Act, the tenant may be entitled to the renewal of the lease for perpetuity on such fair and reasonable rent as may be determined.

**What You Should Do Now**
1. Review the lease agreement to understand the terms and conditions.
2. Determine the total period of occupation and calculate the rent payable.
3. Consider seeking legal advice to understand the implications of continued occupation.

**Evidence to Keep**
- Copy of the lease agreement
- Proof of payment of rent
- Documents showing the total period of occupation

**Where to Go / Who to Contact**
Deputy Commissioner's office or a civil court for guidance on lease renewal and rent determination.

**When You Need a Lawyer**
If the landlord serves a notice of ejectment or disputes the tenant's right to continue occupation, it is essential to consult a licensed lawyer to protect your rights.

---
**Sources**
- **[ACT-1]** The Non-Agricultural Tenancy Act, 1949, Section 9: Incidents of non-agricultural tenancies held for less than twelve years *(Status: Amended)*
- **[ACT-2]** The Non-Agricultural Tenancy Act, 1949, Section 8: Renewals of lease of tenancies held for not less than twelve years and succession to, and transfer of, such tenancies *(Status: Amended)*","Non-Agricultural Tenancy Act, 1949",7(4),False,[],NOT_AVAILABLE,[],"['7', '4', '8', '9', '8']",True,NOT_AVAILABLE,False,[],False,[],,,,
Q25,Tenancy (NAT Act),Does the NAT Act 1949 permit a non-agricultural tenant to sub-let their tenancy? Quote the relevant restriction introduced by amendments.,"The NAT Act prohibits sub-letting by Section 26A, inserted by Section 15 of the East Bengal Non-Agricultural Tenancy (Amendment) Ordinance, 1967. Section 26A bars a non-agricultural tenant from sub-letting the whole or part of the tenancy on any terms.","**What This Means For You**
The Non-Agricultural Tenancy Act of 1949 has specific rules about sub-letting, which are important for non-agricultural tenants to understand. If you're a tenant, you should know that there are restrictions on sub-letting your tenancy. 

**What the Law Says**
Under Section 26A [ACT-1] of the Non-Agricultural Tenancy Act, 1949, it is stated that no non-agricultural tenant shall sub-let the whole or any part of his tenancy on any terms or conditions whatsoever. This means that sub-letting is generally not allowed. The section also mentions that if any tenancy or part of a tenancy is sub-let in contravention of this provision, the interest of the non-agricultural tenant in the tenancy or in that part of the tenancy shall be extinguished, and the tenancy or the part of the tenancy shall vest in the Provincial Government from the date of such sub-letting free from all encumbrances.

**What You Should Do Now**
1. Review your tenancy agreement to understand any specific terms related to sub-letting.
2. If you are considering sub-letting, consult with a legal professional to understand the implications and potential consequences.
3. Ensure you comply with all legal requirements to avoid any adverse actions against your tenancy.

**Evidence to Keep**
- Copy of your tenancy agreement
- Any communication related to sub-letting

**Where to Go / Who to Contact**
For legal advice or clarification, contact a licensed lawyer or visit the local Civil Court that has jurisdiction over your tenancy.

**When You Need a Lawyer**
You should seek professional legal help if you are facing legal action due to sub-letting or if you need guidance on navigating the legal implications of sub-letting your non-agricultural tenancy.

---
**Sources**
- **[ACT-1]** The Non-Agricultural Tenancy Act, 1949, Section 26A: Bar to sub-let *(Status: Amended)*","Non-Agricultural Tenancy Act, 1949",26A,False,[],NOT_AVAILABLE,[],"['26A', '26A']",True,NOT_AVAILABLE,False,[],False,[],,,,
Q26,Tenancy (NAT Act),"I am preparing a civil revision regarding a Section 24 pre-emption case. The opposite party claims the application is barred because the land is a ""Tilla"" (elevated land feature). How does the judiciary determine whether a specific plot falls under the NAT Act 1949?","NAT Act Section 2(4) expressly defines non-agricultural land. For tilla/ban land, courts apply the doctrine of actual user: actual physical use at the time of transfer is decisive, not merely topography or RoR description; key authorities include Md. Sarafat Ali v Md. Abdul Gafur, 38 DLR (AD) 161 and Salamat Ali v Nurjahan Begum, 39 DLR (AD) 103.","**What This Means For You**
The judiciary's determination of whether a plot falls under the Non-Agricultural Tenancy (NAT) Act 1949 is crucial in your case, as it will decide the applicability of Section 24 pre-emption. If the court rules that the land is not under the NAT Act, your application may be barred.

**What the Law Says**
Under Section 3 of the Non-Agricultural Tenancy Act, 1949 [ACT-1], the Act applies to all non-agricultural lands in Bangladesh, except those specifically exempted. To determine whether a plot falls under the NAT Act, the court will consider factors such as the land's use, location, and characteristics. The court may also consider expert opinions, revenue records, and other relevant evidence.

**What You Should Do Now**
1. Review the revenue records and documents related to the land to determine its classification and use.
2. Gather evidence, such as expert opinions, photographs, and witness statements, to support your claim that the land is non-agricultural in nature.
3. Prepare your arguments to address the opposite party's claim that the land is a ""Tilla"" and therefore exempt from the NAT Act.

**Evidence to Keep**
- Revenue records and documents related to the land
- Expert opinions on the land's use and characteristics
- Photographs and witness statements supporting your claim

**Where to Go / Who to Contact**
You should consult with a licensed lawyer specializing in property law to guide you through the process. You may also contact the local revenue office or the Deputy Commissioner's office for information on the land's classification and use.

**When You Need a Lawyer**
You should consult a lawyer immediately, as the determination of whether the land falls under the NAT Act is a critical issue in your case, and a lawyer can help you navigate the legal complexities and prepare a strong argument to support your claim.

---
**Sources**
- **[ACT-1]** The Non-Agricultural Tenancy Act, 1949, Section 24: Power of the co-sharer or the immediate landlord of transferor to purchase — co-sharer purchase, pre-emption, four months, five percent compensation, transferee *(Status: Active)*","Non-Agricultural Tenancy Act, 1949",2(4) / 24,False,[],NOT_AVAILABLE,[],"['24', '3', '24']",True,NOT_AVAILABLE,False,[],False,[],,,,
Q27,Tenancy (NAT Act),The landlord has filed an ejectment suit on the ground that a residential tenant (holding for 14 years) dug a water tank on the land without consent. Will the suit succeed under Section 7?,"No. A residential non-agricultural tenant holding for 14 years has crossed the 12-year threshold and has statutory permanent-tenant rights. Under Section 7(2)(c) NAT Act, the tenant has the right to dig a tank, so lack of landlord consent alone cannot sustain ejectment.","The suit will likely succeed under Section 7, as the law states that the land is held by the landlord, and the tenant cannot make the land without consent. The court will ruled that the tenant had no right to dig a water tank on the land without the landlord's consent. The court will likely rule in favor of the tenant, as the law is on their side.

---
**Sources**
- **[ACT-1]** The State Acquisition and Tenancy Act, 1950, Section 117: Subdivision of holding and restrictions thereon *(Status: Amended)*
- **[ACT-2]** The State Acquisition and Tenancy Act, 1950, Section 17: Section 17 — Section 17, land law, tenancy, rent, revenue, Bangladesh *(Status: Active)*
- **[ACT-3]** The State Acquisition and Tenancy Act, 1950, Section 27: Creation of separate holdings or tenancies in certain cases Assessment of rents of service tenancies Effect of rents settled under this — Section 27, land law, tenancy, rent, revenue, Bangladesh *(Status: Active)*
- **[ACT-4]** The State Acquisition and Tenancy Act, 1950, Section 13: Section 13 — Section 13, land law, tenancy, rent, revenue, Bangladesh *(Status: Active)*
- **[ACT-5]** The State Acquisition and Tenancy Act, 1950, Section 14: Section 14 — Section 14, land law, tenancy, rent, revenue, Bangladesh *(Status: Active)*
- **[ACT-6]** The State Acquisition and Tenancy Act, 1950, Section 15: Miscellaneous — Section 15, land law, tenancy, rent, revenue, Bangladesh *(Status: Active)*
- **[ACT-7]** The State Acquisition and Tenancy Act, 1950, Section 116: Amalgamation of holdings of a tenant in the same village *(Status: Active)*
- **[ACT-8]** The State Acquisition and Tenancy Act, 1950, Section 118: Transfer of the interest of a co-sharer tenant in a holding on payment of compensation [OMITTED] *(Status: Omitted)*
- **[ACT-9]** The State Acquisition and Tenancy Act, 1950, Section 16: Saving as to certain lands Preparation of record-of rights — Section 16, land law, tenancy, rent, revenue, Bangladesh *(Status: Active)*
- **[ACT-10]** The State Acquisition and Tenancy Act, 1950, Section 18: Particulars to be recorded in the record of-rights Draft and final publication of the record-of rights — Section 18, land law, tenancy, rent, revenue, Bangladesh *(Status: Active)*
- **[ACT-11]** The State Acquisition and Tenancy Act, 1950, Section 26: Section 26 — Section 26, land law, tenancy, rent, revenue, Bangladesh *(Status: Active)*
- **[ACT-12]** The State Acquisition and Tenancy Act, 1950, Section 28: Section 28 — Section 28, land law, tenancy, rent, revenue, Bangladesh *(Status: Active)*
- **[ACT-13]** The State Acquisition and Tenancy Act, 1950, Section 12: Removal of the homestead of a tenant in certain cases Restoration of agricultural land in — Section 12, land law, tenancy, rent, revenue, Bangladesh *(Status: Active)*
- **[DLR-1]** Yaor Mia (Md) and anothe VS Haji Shah Dhanai Ali and others — DLR (AD) 2005 | Appellate Division | 2005
- **[DLR-2]** Abdul Kader VS Secretary, Election Commission and others — DLR (AD) 2005 | Appellate Division | 2005
- **[DLR-3]** Anarul Islam (Md) and others vs. State and another — DLR (AD) 2005 | Appellate Division | 2005
- **[DLR-4]** Bangladesh, represented by the Secretary, Ministry of Works, Housing and Settlement and ors vs Md Abu Bakar and others — DLR (AD) 2005 | Appellate Division | 2005","Non-Agricultural Tenancy Act, 1949",7(2)(c),False,[],NOT_AVAILABLE,[],"['7', '117', '17', '17', '17', '27', '27', '13', '13', '13', '14', '14', '14', '15', '15', '116', '118', '16', '16', '18', '18', '26', '26', '26', '28', '28', '28', '12', '12']",True,NOT_AVAILABLE,True,['State Acquisition and Tenancy Act'],False,[],,,,
Q28,Land Reform,"I just inherited an extra 10 bighas of agricultural land from my grandfather, making my total family land 70 bighas. Will the government seize my land without paying me anything under the new 2023 law?","Under the Land Reforms Act 2023, agricultural land ownership is capped at 60 bighas. If a person acquires land beyond the ceiling by inheritance or otherwise, the government can acquire the excess above 60 bighas, and under the 2023 framework no compensation is payable for the excess portion.","**What This Means For You**
You are concerned about the government seizing your inherited land without compensation. However, I must inform you that there is no information about a 2023 law that allows the government to seize land without payment in the provided verified sources.

**What the Law Says**
Under the State Acquisition and Tenancy Act, the government has the power to acquire land for public purposes, but it must follow certain procedures and provide compensation to the landowner. However, the specifics of this law are not mentioned in the provided verified sources.

**What You Should Do Now**
1. Consult the Bangladesh Code or a licensed lawyer to understand the current laws regarding land acquisition and inheritance.
2. Verify the existence and provisions of the 2023 law you mentioned, as it is not present in the provided verified sources.
3. Gather all relevant documents, including your grandfather's will, inheritance papers, and land deeds, to establish your ownership of the land.

**Evidence to Keep**
- Land deeds and ownership documents
- Inheritance papers and will (if applicable)
- Any other relevant documents related to the land

**Where to Go / Who to Contact**
You can contact the Ministry of Land or a local land administration office to inquire about the current laws and procedures regarding land acquisition and inheritance. You may also want to consult with a licensed lawyer who specializes in land law.

**When You Need a Lawyer**
You should consider consulting a lawyer if you receive any notice or communication from the government regarding the acquisition of your land, or if you need help understanding your rights and options under the current laws.

---
**Sources**
- **[ACT-1]** The Muslim Family Laws Ordinance, 1961, Section 4: Succession — predeceased child, grandchildren, per stirpes inheritance *(Status: Active)*
- **[ACT-2]** The Muslim Family Laws Ordinance, 1961, Section 6: Polygamy — prior permission of Arbitration Council, second marriage, dower, punishment *(Status: Amended)*
- **[ACT-3]** The Muslim Family Laws Ordinance, 1961, Section 10: Dower — nikah nama, marriage contract, mode of payment, payable on demand *(Status: Active)*
- **[ACT-4]** The Muslim Family Laws Ordinance, 1961, Section 9: Maintenance — wife maintenance, equitable maintenance among wives, Arbitration Council certificate, arrears of land revenue *(Status: Amended)*
- **[ACT-5]** The Muslim Family Laws Ordinance, 1961, Section 3: Ordinance to override other Laws, etc. — overriding effect, custom or usage, Arbitration Council procedure *(Status: Amended)*
- **[ACT-6]** The Muslim Family Laws Ordinance, 1961, Section 1: Short title, extent, application and commencement — title, territorial extent, Muslim citizens, commencement by Gazette notification *(Status: Amended)*
- **[ACT-7]** The Muslim Family Laws Ordinance, 1961, Section 5: Registration of marriages [OMITTED] *(Status: Omitted)*
- **[ACT-8]** The Muslim Family Laws Ordinance, 1961, Section 7: Talaq — notice to Chairman, reconciliation, ninety-day effectiveness, pregnancy, remarriage *(Status: Amended)*
- **[ACT-9]** The Muslim Family Laws Ordinance, 1961, Section 11: Power to make rules — Government rule-making, breach penalty, official Gazette *(Status: Amended)*
- **[ACT-10]** The Muslim Family Laws Ordinance, 1961, Section 8: Dissolution of marriage otherwise than by talaq — delegated divorce right, non-talaq dissolution *(Status: Active)*
- **[ACT-11]** The Muslim Family Laws Ordinance, 1961, Section 2: Definitions — Arbitration Council, Chairman, Union Parishad, Paurashava, Municipal Corporation, prescribed *(Status: Amended)*
- **[DLR-1]** Government of the People's Republic of Bangladesh, represented by the DC and another VS Abdur Rahman and others — DLR (AD) 2005 | Appellate Division | 2005
- **[DLR-2]** Yaor Mia (Md) and anothe VS Haji Shah Dhanai Ali and others — DLR (AD) 2005 | Appellate Division | 2005
- **[DLR-3]** Secretary, Ministry of Food Government of Bangladesh and others vs. Md Sirajuddin Ahmed and others — DLR (AD) 2005 | Appellate Division | 2005
- **[DLR-4]** Bangladesh, represented by the Secretary, Ministry of Works, Housing and Settlement and ors vs Md Abu Bakar and others — DLR (AD) 2005 | Appellate Division | 2005","Land Reforms Act, 2023",,False,[],NOT_AVAILABLE,[],"['4', '6', '10', '9', '3', '1', '5', '7', '11', '8', '2']",N/A,NOT_AVAILABLE,True,"['State Acquisition and Tenancy Act', 'Muslim Family Laws Ordinance']",False,[],,,,
Q29,Land Reform,"I am a sharecropper (bargadar). If the landowner passes away, do his children have the right to immediately kick me off the land and end our farming contract under the 2023 law?","No. If a valid barga/sharecropping contract exists and the landowner dies, the contract does not automatically terminate. The bargadar's cultivation right continues against the heirs for the remaining contract period.","**What This Means For You**
If the landowner passes away, their children do not have the immediate right to kick you off the land and end your farming contract. You have certain rights under the law that protect your interest in the land. 

**What the Law Says**
Under Section 10 [ACT-2] of the Land Reforms Act, 2023, if a tenant dies before the expiry of the tenancy agreement, the surviving members of the family of the deceased tenant may continue to cultivate the said tenancy land until the expiry of the tenancy agreement or until the termination of the tenancy agreement under this Act. However, if the landowner dies, the law does not explicitly state that the children can immediately terminate the contract. Instead, the contract may continue with the heirs of the landowner, and they may have the right to bring the land under personal cultivation or permit another tenant to cultivate it, but only under certain conditions.

**What You Should Do Now**
1. Review your barga agreement to understand the terms and conditions.
2. Communicate with the landowner's children to determine their intentions regarding the land.
3. If they attempt to terminate the contract, seek assistance from the prescribed authority under the Land Reforms Act, 2023.

**Evidence to Keep**
- A copy of your barga agreement
- Proof of your cultivation of the land
- Any communication with the landowner's children regarding the land

**Where to Go / Who to Contact**
Contact the Assistant Commissioner (Land) or the prescribed authority under the Land Reforms Act, 2023, for assistance in resolving any disputes.

**When You Need a Lawyer**
You should consult a lawyer if the landowner's children attempt to forcibly evict you from the land or if you need help navigating the legal process to protect your rights as a sharecropper.

---
**Sources**
- **[ACT-2]** Land Reforms Act, 2023, Section 10: Cultivation of barga land after death of bargadar *(Status: Active)*","Land Reforms Act, 2023",,False,[],NOT_AVAILABLE,[],"['10', '10']",N/A,NOT_AVAILABLE,False,[],False,[],,,,
Q31,Land Reform,"My neighbor says that if I cultivate his land without a written contract for a single season, I automatically become a permanent co-owner of that land under the 2023 Reforms. Is this true?",No. Cultivating another person's land for one season without a proper written barga agreement does not make the cultivator a permanent co-owner. The Land Reforms Act regulates cultivation/sharecropping rights but does not transfer ownership title to the cultivator.,"**What This Means For You**
Your neighbor's claim is not accurate. The Land Reforms Act, 2023, does not automatically make you a permanent co-owner of the land just because you cultivated it for a season without a written contract.

**What the Law Says**
Under Section 8 [ACT-1] of the Land Reforms Act, 2023, any barga agreement must be in writing and remain in force for at least one year from the date of its execution. Section 9 [ACT-2] recognizes existing bargadars, but it does not imply automatic co-ownership. The law requires a written agreement for sharecropping, and the rights of the bargadar and the landowner are defined by the terms of this agreement and the provisions of the Act.

**What You Should Do Now**
1. Review the terms of your verbal agreement with your neighbor, if any.
2. Consider drafting a written barga agreement that outlines the terms of your sharecropping arrangement, including the duration and the division of produce.
3. If you and your neighbor cannot come to an agreement, you may want to seek mediation or consult with a local authority, such as the Assistant Commissioner (Land), to resolve any disputes.

**Evidence to Keep**
- Any records of verbal agreements or discussions with your neighbor
- Proof of cultivation, such as receipts for seeds, fertilizers, or equipment
- Documentation of the produce and its division, if applicable

**Where to Go / Who to Contact**
For disputes related to land or sharecropping agreements, you can contact the local Assistant Commissioner (Land) or the Land Reforms Board. For legal advice, consider consulting a licensed lawyer specializing in land law.

**When You Need a Lawyer**
You should consult a lawyer if your dispute with your neighbor escalates and you need professional legal representation to protect your rights or resolve the issue through legal means.

---
**Sources**
- **[ACT-1]** Land Reforms Act, 2023, Section 8: Cultivation under barga agreement *(Status: Active)*
- **[ACT-2]** Land Reforms Act, 2023, Section 9: Recognition of existing bargadars *(Status: Active)*","Land Reforms Act, 2023",,False,[],NOT_AVAILABLE,[],"['8', '9', '8', '9']",N/A,NOT_AVAILABLE,False,[],False,[],,,,
Q34,Land Reform,"If a landowner attempts to evict a bargadar or violate the provisions of a valid barga contract, what specific penal liabilities can be invoked directly under the Land Reforms Act, 2023?","Under the Land Reforms Act, 2023, unlawful eviction of a bargadar or breach of a valid barga contract attracts penal liability of up to Tk 1,00,000 fine, simple imprisonment up to 30 days/1 month, or both. The correct section should be verified as Section 15 rather than the incorrect Section 19 used by Justor.","**What This Means For You**
If a landowner tries to evict a bargadar or breaks the rules of a valid barga contract, the bargadar can take action under the Land Reforms Act, 2023. This means the landowner could face penalties for violating the law. The bargadar has rights that are protected by the Act, and violating these rights can lead to legal consequences for the landowner.

**What the Law Says**
Under Section 19 of the Land Reforms Act, 2023, if any person violates any provision of this Act or any order issued by any authority under this Act, it shall be deemed to be an offence under this Act. The offender shall be punished with a fine not exceeding 1 (one) lakh taka or with simple imprisonment not exceeding 1 (one) month or with both. This means that if a landowner violates the provisions of a valid barga contract or attempts to evict a bargadar illegally, they can be fined or imprisoned, or both.

**What You Should Do Now**
1. Document all violations of the barga contract or attempts at illegal eviction.
2. File a complaint with the prescribed authority under the Land Reforms Act, 2023.
3. Seek legal advice from a licensed lawyer to understand your rights and the best course of action.

**Evidence to Keep**
- A copy of the barga contract.
- Records of any violations of the contract.
- Proof of attempts at illegal eviction.
- Any communication with the landowner regarding the violations.

**Where to Go / Who to Contact**
Contact the Assistant Commissioner (Land) or the prescribed authority under the Land Reforms Act, 2023, for filing complaints and seeking redress.

**When You Need a Lawyer**
You should consult a lawyer immediately if the landowner's violations of the barga contract or attempts at illegal eviction escalate or if you receive any legal notices from the landowner, to ensure your rights are protected under the Land Reforms Act, 2023.

---
**Sources**
- **[ACT-1]** Land Reforms Act, 2023, Section 19: Penalty *(Status: Active)*
- **[ACT-2]** Land Reforms Act, 2023, Section 15: Prohibition and restrictions on cultivation *(Status: Active)*
- **[ACT-3]** Land Reforms Act, 2023, Section 13: Bargadar's right to purchase *(Status: Active)*
- **[ACT-4]** Land Reforms Act, 2023, Section 9: Recognition of existing bargadars *(Status: Active)*
- **[ACT-5]** Land Reforms Act, 2023, Section 14: Upper limit of barga land *(Status: Active)*
- **[ACT-6]** Land Reforms Act, 2023, Section 11: Termination of barga agreement *(Status: Active)*
- **[ACT-7]** Land Reforms Act, 2023, Section 18: Modernization of land management and preservation of information repository *(Status: Active)*
- **[ACT-8]** Land Reforms Act, 2023, Section 20: Trial of offences *(Status: Active)*
- **[ACT-9]** Land Reforms Act, 2023, Section 16: Dispute resolution *(Status: Active)*
- **[ACT-10]** Land Reforms Act, 2023, Section 12: Division of produce of barga land *(Status: Active)*
- **[ACT-11]** Land Reforms Act, 2023, Section 8: Cultivation under barga agreement *(Status: Active)*
- **[ACT-12]** Land Reforms Act, 2023, Section 10: Cultivation of barga land after death of bargadar *(Status: Active)*
- **[DLR-1]** Abdul Kader VS Secretary, Election Commission and others — DLR (AD) 2005 | Appellate Division | 2005
- **[DLR-2]** State VS Abdur Rahim — DLR (AD) 2005 | Appellate Division | 2005
- **[DLR-3]** Government of the People's Republic of Bangladesh, represented by the DC and another VS Abdur Rahman and others — DLR (AD) 2005 | Appellate Division | 2005
- **[DLR-4]** Yaor Mia (Md) and anothe VS Haji Shah Dhanai Ali and others — DLR (AD) 2005 | Appellate Division | 2005","Land Reforms Act, 2023",15,False,[],NOT_AVAILABLE,[],"['19', '19', '15', '13', '9', '14', '11', '18', '20', '16', '12', '8', '10']",True,NOT_AVAILABLE,False,[],False,[],,,,
Q35,Land Reform,"Does the Land Reforms Act, 2023 recognize the oral creation of a barga contract, or does it mandate specific documentation?","The Land Reforms Act, 2023 requires a barga/sharecropping contract to be executed in the prescribed written form; an unrecorded oral arrangement is not treated as a protected statutory barga contract.","The Land Reforms Act, 2023 — Section 7: Division of produce of barga land
Content: (1) The law says it or the law says it.

---
**Sources**
- **[ACT-1]** Land Reforms Act, 2023, Section 15: Prohibition and restrictions on cultivation *(Status: Active)*
- **[ACT-2]** Land Reforms Act, 2023, Section 8: Cultivation under barga agreement *(Status: Active)*
- **[ACT-3]** Land Reforms Act, 2023, Section 13: Bargadar's right to purchase *(Status: Active)*
- **[ACT-4]** Land Reforms Act, 2023, Section 9: Recognition of existing bargadars *(Status: Active)*
- **[ACT-5]** Land Reforms Act, 2023, Section 12: Division of produce of barga land *(Status: Active)*
- **[ACT-6]** Land Reforms Act, 2023, Section 16: Dispute resolution *(Status: Active)*
- **[ACT-7]** Land Reforms Act, 2023, Section 14: Upper limit of barga land *(Status: Active)*
- **[ACT-8]** Land Reforms Act, 2023, Section 7: Settlement of khas land for homestead *(Status: Active)*
- **[ACT-9]** Land Reforms Act, 2023, Section 10: Cultivation of barga land after death of bargadar *(Status: Active)*
- **[ACT-10]** Land Reforms Act, 2023, Section 11: Termination of barga agreement *(Status: Active)*
- **[ACT-11]** Land Reforms Act, 2023, Section 17: Appeal *(Status: Active)*
- **[DLR-1]** Government of the People's Republic of Bangladesh, represented by the DC and another VS Abdur Rahman and others — DLR (AD) 2005 | Appellate Division | 2005
- **[DLR-2]** Bangladesh represented by the Secretary, Ministry of Establishment and others VS Abdul halim miah and others — DLR (AD) 2005 | Appellate Division | 2005
- **[DLR-3]** Secretary, Ministry of Food Government of Bangladesh and others vs. Md Sirajuddin Ahmed and others — DLR (AD) 2005 | Appellate Division | 2005
- **[DLR-4]** Abdul Kader VS Secretary, Election Commission and others — DLR (AD) 2005 | Appellate Division | 2005","Land Reforms Act, 2023",,False,[],NOT_AVAILABLE,[],"['7', '15', '8', '13', '9', '12', '16', '14', '7', '10', '11', '17']",N/A,NOT_AVAILABLE,False,[],False,[],,,,
Q36,Land Reform,"I am drafting a defense for a client facing a land forfeiture notice from the Collector. The client owns 55 bighas of agricultural land and 10 bighas of land used for a processing plant for export-oriented mango pulp. Can we claim exemption under the Land Reforms Act, 2023?","Yes. Although the total is 65 bighas, the 10 bighas used for an export-oriented agricultural processing plant may qualify for statutory exemption, so the defense should argue that the industrial/processing land is excluded from the agricultural ceiling calculation.","**What This Means For You**
Your client may be eligible for exemption from land forfeiture under the Land Reforms Act, 2023, due to the use of a portion of their land for an export-oriented processing plant. However, the total landholding and specific exemptions must be carefully examined.

**What the Law Says**
Under Section 4 [ACT-3] of the Land Reforms Act, 2023, there are restrictions on the acquisition of agricultural land, but exemptions are provided for certain cases, including land used for 100% export-oriented agricultural products or agricultural product processing industries with government approval. Since your client has 10 bighas of land used for a processing plant for export-oriented mango pulp, this might qualify for an exemption.

**What You Should Do Now**
1. Verify the approval status of the export-oriented processing plant with the relevant government authorities.
2. Calculate the total landholding in standard bighas, considering that 1 standard bigha equals 33 hundredths of a bigha, to ensure compliance with the 60 standard bighas limit.
3. Gather documents proving the land use for the export-oriented processing plant and any relevant government approvals.

**Evidence to Keep**
- Documents showing government approval for the export-oriented processing plant
- Records of land use for the processing plant
- Calculation of total landholding in standard bighas

**Where to Go / Who to Contact**
Contact the Collector's office or the Land Reforms Board for clarification on the exemption criteria and to submit the necessary documents. You may also reach out to the Ministry of Lands for guidance on the exemption process.

**When You Need a Lawyer**
You should consult a licensed Bangladeshi lawyer immediately if the Collector's office rejects your claim for exemption or if you receive a notice for land forfeiture, to ensure your client's rights are protected and to explore all available legal options.

---
**Sources**
- **[ACT-3]** Land Reforms Act, 2023, Section 4: Restrictions on acquisition of agricultural land *(Status: Active)*","Land Reforms Act, 2023",,False,[],NOT_AVAILABLE,[],"['4', '4']",N/A,NOT_AVAILABLE,False,[],False,[],,,,
Q37,Land Reform/SAT,"My family owns 80 bighas of agricultural land split between me, my brother, and our parents. Will the government take away 20 bighas from us under the SAT Act ceiling?","No. The active agricultural land ceiling is 60 standard bighas under the Land Reforms framework, not the historical 375-bigha SAT ceiling. If the 80 bighas are separately and lawfully held among four family members/individuals below the threshold, the aggregate does not automatically trigger seizure.","**What This Means For You**
The government may take away excess land from your family if it exceeds the ceiling limit set by the State Acquisition and Tenancy Act. This could affect your family's land ownership and livelihood. You should understand the Act's provisions to determine if your family's land is at risk.

**What the Law Says**
Under Section 13 of the State Acquisition and Tenancy Act, 1950 [ACT-1], the government can acquire excess land from landholders who own more than the ceiling limit. However, the Act does not specify the exact ceiling limit in the provided sections. To determine if your family's land is at risk, you need to know the specific ceiling limit set by the Act. A court also ruled in Yaor Mia (Md) and another vs Haji Shah Dhanai Ali and others [DLR-3] that the State Acquisition and Tenancy Act has provisions for the enjoyment of usufructs and the right to get back property, but this does not directly address the ceiling limit.

**What You Should Do Now**
1. Check the specific ceiling limit set by the State Acquisition and Tenancy Act to determine if your family's land exceeds it.
2. Consult with a licensed lawyer to understand how the Act applies to your family's land and to explore possible options.
3. Gather documents related to your family's land ownership, such as deeds and records of rights.

**Evidence to Keep**
- Deeds and records of rights for the 80 bighas of agricultural land
- Documents showing the split of land ownership between family members
- Any relevant correspondence with government authorities

**Where to Go / Who to Contact**
Contact the local Revenue Office or a licensed lawyer specializing in land law to understand the specific provisions of the State Acquisition and Tenancy Act and how it applies to your family's land.

**When You Need a Lawyer**
You should consult a lawyer immediately if you receive a notice from the government indicating that your family's land exceeds the ceiling limit and is at risk of being acquired.

---
**Sources**
- **[ACT-1]** The State Acquisition and Tenancy Act, 1950, Section 13: Section 13 — Section 13, land law, tenancy, rent, revenue, Bangladesh *(Status: Active)*
- **[DLR-3]** Yaor Mia (Md) and anothe VS Haji Shah Dhanai Ali and others — DLR (AD) 2005 | Appellate Division | 2005","State Acquisition and Tenancy Act, 1950",,False,[],NOT_AVAILABLE,[],"['13', '13', '13', '13']",N/A,NOT_AVAILABLE,False,[],False,[],,,,
Q38,Property/SAT,My neighbor is selling his agricultural plot next to mine to a complete stranger from another district. Do I have a right to stop the sale and buy it myself just because my land touches his?,"No. Under Section 96 SAT Act, pre-emption belongs to a co-sharer tenant by transfer or inheritance. A merely adjacent/contiguous landowner no longer has a pre-emption right after the 2006 amendment deleted the contiguous-owner provision.","**What This Means For You**
You may have a right to purchase the land, but it depends on specific conditions. The law gives certain rights to neighboring landowners, but these rights are subject to specific requirements and procedures.

**What the Law Says**
Under Section 96 [ACT-1] of the State Acquisition and Tenancy Act, 1950, if a portion or share of a holding of a raiyat is sold to a person who is not a co-sharer tenant in the holding, one or more co-sharer tenants of the holding may apply to the Court for the said portion or share to be sold to themselves. However, this right is subject to certain conditions, such as the applicant being a co-sharer tenant by inheritance and the sale being made to a person who is not a co-sharer tenant. A court also ruled in Fatema Khatun and others VS Abdul Quddus [DLR-3] that the right of pre-emption arises from the date of registration of the document under section 60 of the Registration Act.

**What You Should Do Now**
1. Check if you are a co-sharer tenant by inheritance and if the sale is being made to a person who is not a co-sharer tenant.
2. Verify if the sale is being made in accordance with the provisions of the State Acquisition and Tenancy Act, 1950.
3. If you believe you have a right to purchase the land, apply to the Court for pre-emption within the prescribed time limit (two months from the date of service of the notice or from the date of knowledge of the sale).

**Evidence to Keep**
- Proof of your co-sharer tenancy by inheritance
- Copy of the sale deed or notice of sale
- Documents showing your ownership of the adjacent land

**Where to Go / Who to Contact**
Contact the local Civil Court or the Sub-divisional Magistrate's office for guidance on the pre-emption process. You may also seek advice from a licensed lawyer specializing in land law.

**When You Need a Lawyer**
You should consult a lawyer if you are unsure about your rights or the procedures involved in pre-empting the sale, or if the seller or buyer disputes your claim.

---
**Sources**
- **[ACT-1]** The State Acquisition and Tenancy Act, 1950, Section 96: Right of pre-emption *(Status: Active)*
- **[DLR-3]** Fatema Khatun and others VS Abdul Quddus — DLR (AD) 2005 | Appellate Division | 2005","State Acquisition and Tenancy Act, 1950",96,False,[],NOT_AVAILABLE,[],"['96', '60', '96']",True,NOT_AVAILABLE,True,['Registration Act'],False,[],,,,
Q39,Property/SAT,Differentiate between the preparation of the Record-of-Rights (ROR) under Section 143 and the revision of the Record-of-Rights under Section 144 of the SAT Act 1950.,"Section 143 SAT Act concerns routine maintenance/mutation of the RoR by the AC Land after transfer, inheritance, subdivision, etc. Section 144 concerns large-scale Government/Board-ordered revision or fresh preparation of RoR through survey operations over an area.","**What This Means For You**
The preparation and revision of the Record-of-Rights (ROR) are two important processes under the State Acquisition and Tenancy Act, 1950. Understanding the differences between these processes can help you navigate land ownership and tenancy issues in Bangladesh. The preparation of the ROR is an initial process, while the revision is an update or correction of the existing record.

**What the Law Says**
Under Section 143 [ACT-1] of the State Acquisition and Tenancy Act, 1950, the Collector is responsible for maintaining an up-to-date Record-of-Rights. This section deals with the correction of clerical mistakes and the incorporation of changes due to transfer, inheritance, subdivision, or other factors. On the other hand, Section 144 [ACT-3] of the same Act governs the revision of the Record-of-Rights, which involves the preparation or revision of the record by a Revenue-officer, as directed by the Government. This section provides for the assessment or re-assessment of rent and the publication of a draft record-of-rights for objections. A court also ruled in [DLR-1] that review under Appellate Division Rules is subject to law and rules but could not be a substitute for an appeal for re-hearing on the impugned judgment and order passed in appeal.

**What You Should Do Now**
1. Ensure you understand the purpose of the Record-of-Rights and its significance in land ownership and tenancy disputes.
2. If you are a landowner or tenant, verify the accuracy of your information in the existing Record-of-Rights.
3. If you need to update or correct your information, follow the procedures outlined in Sections 143 and 144 of the SAT Act, 1950.

**Evidence to Keep**
- Copy of the Record-of-Rights
- Documents supporting land ownership or tenancy
- Proof of payment of rent or taxes

**Where to Go / Who to Contact**
For issues related to the Record-of-Rights, contact the local Revenue Office or the Collector's office. You can also seek assistance from the Ministry of Land or the Department of Land Records and Surveys.

**When You Need a Lawyer**
You should consult a lawyer if you are involved in a land ownership or tenancy dispute, or if you need help navigating the legal processes related to the Record-of-Rights.

---
**Sources**
- **[ACT-1]** The State Acquisition and Tenancy Act, 1950, Section 143C: Procedure for Correction of the Record-of Rights *(Status: Active)*
- **[ACT-3]** The State Acquisition and Tenancy Act, 1950, Section 144: Revision of the record of-rights *(Status: Amended)*
- **[DLR-1]** Bangladesh represented by the Secretary, Ministry of Establishment and others VS Abdul halim miah and others — DLR (AD) 2005 | Appellate Division | 2005","State Acquisition and Tenancy Act, 1950",143/144,False,[],NOT_AVAILABLE,[],"['143', '144', '143', '144', '143C', '144']",True,NOT_AVAILABLE,False,[],False,[],,,,
Q40,Property/SAT,Analyze the statutory consequences of an illegal subdivision of a holding below the subsistence size under Chapter XIII of the SAT Act 1950.,"Under SAT Act Section 117, co-sharer tenants may seek consolidation/subdivision, but the Revenue Officer can refuse subdivision that would reduce a holding below the prescribed minimum/subsistence size, preventing uneconomic fragmentation.","**What This Means For You**
If a holding is subdivided illegally below the subsistence size, it can lead to severe consequences for the tenants and landlords involved. The State Acquisition and Tenancy Act, 1950, aims to protect the rights of tenants and ensure fair distribution of land. Illegal subdivision can result in loss of tenancy rights and even eviction.

**What the Law Says**
Under Section 117 of the State Acquisition and Tenancy Act, 1950 [ACT-1], the Revenue-officer has the authority to direct the subdivision of a joint tenancy amongst co-sharer tenants and distribution of rent, including arrears, in a fair and equitable manner. However, if a subdivision is made below the subsistence size, it is considered illegal and can attract penalties. The law aims to prevent fragmentation of landholdings, which can lead to uneconomic holdings and negatively impact agricultural productivity.

**What You Should Do Now**
1. Verify the subdivision with the local Revenue-officer to ensure it is legal and compliant with the SAT Act, 1950.
2. If the subdivision is found to be illegal, apply to the Revenue-officer for a lawful subdivision under Section 117 of the SAT Act, 1950 [ACT-1].
3. Consult with a licensed lawyer to understand the specific consequences of an illegal subdivision and the available remedies.

**Evidence to Keep**
- Documents related to the subdivision, including any agreements or contracts.
- Records of communication with the Revenue-officer or other authorities.
- Proof of tenancy rights and land ownership.

**Where to Go / Who to Contact**
Contact the local Revenue-officer or the District Collector's office for guidance on lawful subdivision and to report any illegal activities. You can also reach out to the Bangladesh Legal Aid and Services Trust (BLAST) for legal assistance.

**When You Need a Lawyer**
You should consult a licensed lawyer immediately if you receive a notice from the authorities regarding an illegal subdivision or if you are facing eviction due to an unlawful subdivision of your holding.

---
**Sources**
- **[ACT-1]** The State Acquisition and Tenancy Act, 1950, Section 117: Subdivision of holding and restrictions thereon *(Status: Amended)*","State Acquisition and Tenancy Act, 1950",117,False,[],NOT_AVAILABLE,[],"['117', '117', '117']",True,NOT_AVAILABLE,False,[],False,[],,,,
Q42,Property/SAT,"I am representing a petitioner in a Section 96 pre-emption case. The opposite party claims the suit is non-maintainable because the disputed land was transferred via an oral 'Heba' under Muslim Personal Law, but a formal 'Heba' declaration deed was registered months later. When does the limitation period commence?","For Section 96 SAT pre-emption, a claimed oral Heba of immovable property cannot bypass registration requirements. Limitation should run from the registered Heba deed/notice or knowledge of the registered transfer, not from an unrecorded oral claim.","**What This Means For You**
The limitation period for a Section 96 pre-emption case is crucial in determining whether your petition is maintainable. If the opposite party claims the transfer was made via an oral 'Heba', but a formal deed was registered later, the timing of the registration is key.

**What the Law Says**
Under Section 96 [ACT-1] of the State Acquisition and Tenancy Act, 1950, the right of pre-emption arises when a co-sharer tenant is notified of the sale. According to the case of Fatema Khatun and others VS Abdul Quddus [DLR-1], the limitation period for a non-notified co-sharer to exercise their right of pre-emption starts from the date of registration of the document under Section 60 of the Registration Act. This means that the formal registration of the 'Heba' declaration deed, not the oral transfer, is the relevant date for calculating the limitation period.

**What You Should Do Now**
1. Verify the date of registration of the formal 'Heba' declaration deed to determine when the limitation period commenced.
2. Calculate the limitation period from the date of registration to determine if your petition is within the allowed timeframe.
3. Prepare your argument to address the opposite party's claim, focusing on the registered deed as the relevant date for the limitation period.

**Evidence to Keep**
- Registered 'Heba' declaration deed
- Proof of date of registration
- Calculation of limitation period

**Where to Go / Who to Contact**
Contact the Sub-Registrar's office where the deed was registered to verify the registration date. If necessary, consult with a lawyer specializing in land law and Muslim Personal Law.

**When You Need a Lawyer**
You should consult a lawyer immediately if the opposite party's claim is upheld, and your petition is deemed non-maintainable due to the limitation period, as this may require an appeal or further legal action to protect your client's interests.

---
**Sources**
- **[ACT-1]** The State Acquisition and Tenancy Act, 1950, Section 96: Right of pre-emption *(Status: Active)*
- **[DLR-1]** Fatema Khatun and others VS Abdul Quddus — DLR (AD) 2005 | Appellate Division | 2005","State Acquisition and Tenancy Act, 1950",96,False,[],NOT_AVAILABLE,[],"['96', '96', '60', '96']",True,NOT_AVAILABLE,True,['Registration Act'],False,[],,,,
Q44,Property/SAT,"The opposite party in a partition suit claims that a land parcel has automatically become 'Khas' (state property) because it was left uncultivated for over 10 years, referencing historical provisions of the SAT Act. How do we counter this?","Historical SAT provisions on abandoned/uncultivated land do not automatically convert a modern mutated raiyat/malik holding into Khas land merely because it was uncultivated for 10 years. Updated khatian, mutation, possession, and land-development-tax receipts counter the Khas claim.","**What This Means For You**
The opposite party is trying to claim that the land belongs to the state because it was left uncultivated for over 10 years. However, this claim may not be valid under current laws. You need to understand the relevant provisions of the State Acquisition and Tenancy Act (SAT Act) and gather evidence to counter this claim.

**What the Law Says**
Under Section 13 of the State Acquisition and Tenancy Act, 1950 [ACT-1], if a person has been ejected from any agricultural or horticultural land, they may apply to the Collector for restoration of such land within six months from the date of commencement of the Act. However, there is no provision in the provided acts that automatically converts private land to 'Khas' land due to non-cultivation. The SAT Act does deal with the acquisition of land and the rights of tenants, but the specific provision regarding abandonment or non-cultivation leading to automatic conversion to state property is not mentioned in the given sections.

**What You Should Do Now**
1. Review the historical provisions of the SAT Act and any amendments to understand if there was ever a provision that could support the opposite party's claim.
2. Gather evidence of ownership and cultivation history of the land to prove that it was not abandoned.
3. Consult with a lawyer specializing in property law to understand the current legal stance on such matters and to prepare a strong counterclaim.

**Evidence to Keep**
- Documents proving ownership of the land
- Records of cultivation or attempts to cultivate the land
- Witness statements from neighbors or local officials
- Any correspondence or notices related to the land

**Where to Go / Who to Contact**
Contact a lawyer specializing in property law or visit the local Collector's office for guidance on the SAT Act and its application to your case. You may also need to file a petition in the District Court.

**When You Need a Lawyer**
You should consult a lawyer immediately if the opposite party's claim is accepted by the court or if you receive any legal notice regarding the land, as this could lead to serious consequences including loss of property rights.

---
**Sources**
- **[ACT-1]** The State Acquisition and Tenancy Act, 1950, Section 13: Section 13 — Section 13, land law, tenancy, rent, revenue, Bangladesh *(Status: Active)*","State Acquisition and Tenancy Act, 1950",,False,[],NOT_AVAILABLE,[],"['13', '13', '13', '13']",N/A,NOT_AVAILABLE,False,[],False,[],,,,
Q45,Property/TPA,"I paid the full money to buy a flat from my uncle, and he gave me the physical keys and signed a 300 TK stamp paper document saying I own it now. Do I completely own this property legally under the law?","No. Under Section 54 TPA read with Section 17A Registration Act, ownership of immovable property by sale passes only through a registered instrument. Keys and a Tk 300 stamp-paper document do not create legal title.","**What This Means For You**
You have taken a significant step in acquiring the flat, but there may be additional requirements to ensure complete legal ownership. The signed document and physical keys are important, but the law has specific provisions for transferring property.

**What the Law Says**
Under Section 54 of the Transfer of Property Act, 1882 [ACT-3], a sale of immovable property like a flat requires a registered instrument to transfer ownership. Although your uncle has given you the keys and signed a document, this document may not be sufficient for complete legal transfer if it is not registered. A court also ruled in various cases that registration is crucial for the transfer of immovable property.

**What You Should Do Now**
1. Check if the document signed by your uncle is registered under the Registration Act, 1908.
2. If not, consult with your uncle and consider registering the document to ensure legal transfer of ownership.
3. Verify the property's records to ensure there are no other claims or encumbrances on the property.

**Evidence to Keep**
- The signed document on the 300 TK stamp paper
- Receipts of the full payment made to your uncle
- Any other documents related to the property, such as previous deeds or tax records

**Where to Go / Who to Contact**
For registration and verification of property documents, contact the local Sub-Registrar's office or a licensed lawyer specializing in property law.

**When You Need a Lawyer**
You should consult a lawyer if there are any disputes regarding the ownership or if you are unsure about the registration process and its implications on your legal rights.

---
**Sources**
- **[ACT-3]** The Transfer of Property Act, 1882, Section 54: Sale defined *(Status: Active)*","Transfer of Property Act, 1882",54,False,[],NOT_AVAILABLE,[],"['54', '54']",True,NOT_AVAILABLE,True,['Registration Act'],False,[],,,,
Q46,Family/Property,"I am a Muslim. My grandfather verbally gifted me a piece of land in front of family members before passing away. Do I legally own this land now, or do I need a written paper?","No. After Bangladesh-specific amendments, a gift/Heba of immovable property must be made by registered instrument; a purely verbal gift of land does not pass legal title even if family members witnessed it.","**What This Means For You**
Your grandfather's verbal gift of land to you may be considered valid under Muslim law, but it's essential to understand the legal implications and potential challenges. In Bangladesh, a verbal gift can be recognized, but having a written document can provide stronger evidence of the gift.

**What the Law Says**
Under Section 4 of the Muslim Family Laws Ordinance, 1961 [ACT-1], the law discusses succession and inheritance, but it does not directly address verbal gifts. However, in Muslim law, a verbal gift (hiba) can be valid if made in the presence of witnesses. A court also ruled in various cases that a verbal gift can be recognized if proven through evidence, but having a written document, such as a deed or a registered gift deed, can provide stronger evidence of the gift.

**What You Should Do Now**
1. Gather evidence: Collect statements from the family members who witnessed the verbal gift.
2. Consult a lawyer: Discuss your situation with a licensed Bangladeshi lawyer to understand the best course of action.
3. Consider registration: If possible, consider registering the gift deed with the relevant authorities to provide a written record of the gift.

**Evidence to Keep**
- Statements from family members who witnessed the verbal gift
- Any other relevant documents, such as a mutation certificate or a khata certificate

**Where to Go / Who to Contact**
Contact a local lawyer or the Sub-Registry Office in your area for guidance on registering the gift deed. You can also reach out to the Ministry of Law, Justice and Parliamentary Affairs for more information.

**When You Need a Lawyer**
You should consult a lawyer immediately if any family members dispute the verbal gift or if you need help with registering the gift deed or resolving any potential legal issues.

---
**Sources**
- **[ACT-1]** The Muslim Family Laws Ordinance, 1961, Section 4: Succession — predeceased child, grandchildren, per stirpes inheritance *(Status: Active)*","Transfer of Property Act, 1882 / Registration Act, 1908",,False,[],NOT_AVAILABLE,[],"['4', '4']",N/A,NOT_AVAILABLE,True,['Muslim Family Laws Ordinance'],False,[],,,,
Q47,Property/TPA,"I sold my land to a buyer and signed the final registered deed, but the buyer's cheque bounced and I only received half the money. Can I just unilaterally tear up the deed or declare it cancelled at the sub-registry office?",No. A registered sale deed cannot be unilaterally torn up or cancelled at the sub-registry office. The seller's remedy is a civil suit for unpaid price under Section 55(4)(b) TPA or cancellation under Section 39 Specific Relief Act if grounds exist.,"**What This Means For You**
You cannot unilaterally cancel the deed or declare it cancelled at the sub-registry office. Since the deed is already registered, you need to follow the proper legal procedure to resolve the issue. You should take action to recover the remaining amount from the buyer.

**What the Law Says**
Under Section 39 of the Specific Relief Act, 1877 [ACT-2], a written instrument can be cancelled if it is void or voidable and the party against whom it is void or voidable has reasonable apprehension that the instrument may cause serious injury. However, this cancellation must be done through a court order. Additionally, Section 40 of the Specific Relief Act, 1877 [ACT-9] states that the court may cancel an instrument in part and allow it to stand for the residue.

**What You Should Do Now**
1. Consult a lawyer to discuss your options for recovering the remaining amount from the buyer.
2. Gather all relevant documents, including the registered deed, the bounced cheque, and any communication with the buyer.
3. Consider filing a case against the buyer to recover the remaining amount and potentially seek cancellation of the deed.

**Evidence to Keep**
- Registered deed
- Bounced cheque
- Communication with the buyer
- Any other relevant documents

**Where to Go / Who to Contact**
You should contact a lawyer or visit the District Court or the Sub-Registry Office where the deed was registered.

**When You Need a Lawyer**
You should consult a lawyer immediately to discuss your options and determine the best course of action to recover the remaining amount and potentially cancel the deed.

---
**Sources**
- **[ACT-2]** The Specific Relief Act, 1877, Section 39: When cancellation may be ordered *(Status: Amended)*
- **[ACT-9]** The Specific Relief Act, 1877, Section 40: What instruments may be partially cancelled *(Status: Active)*","Transfer of Property Act, 1882",55(4)(b),False,[],NOT_AVAILABLE,[],"['39', '40', '39', '40']",False,NOT_AVAILABLE,True,['Specific Relief Act'],False,[],,,,
Q48,Property/TPA,"Explain the 'Rule against Perpetuity' under Section 14 of the Transfer of Property Act, 1882, and state its exact maximum statutory duration.","Under Section 14 TPA, a transfer cannot create an interest taking effect beyond the lifetime of living person(s) at the date of transfer plus the minority of a person then unborn. The maximum period is lives in being plus 18 years of minority.","**What This Means For You**
The Rule against Perpetuity is a legal principle that restricts the creation of interests in property that may last indefinitely. This rule affects how property can be transferred or inherited, ensuring that property interests do not remain in limbo for too long. Understanding this rule is crucial for anyone dealing with property transfers or inheritances in Bangladesh.

**What the Law Says**
Under Section 14 of the Transfer of Property Act, 1882 [ACT-1], the Rule against Perpetuity states that no transfer of property can operate to create an interest that takes effect after the lifetime of one or more persons living at the date of the transfer, plus a period of minority for a person in existence at the expiration of that lifetime. Essentially, this means that any interest created must vest within the lifetime of a person alive at the time of the transfer plus 18 years (to account for a potential minority), or it will be void.

**What You Should Do Now**
1. Review any property transfers or wills to ensure compliance with the Rule against Perpetuity.
2. Consult with a legal professional to understand how this rule applies to your specific situation.
3. Ensure that all property interests are clearly defined and will vest within the allowed timeframe.

**Evidence to Keep**
- Documents related to property transfers
- Wills or testaments
- Records of births and deaths of relevant individuals

**Where to Go / Who to Contact**
For legal advice on property matters, contact a licensed lawyer or visit the District Court or the Supreme Court of Bangladesh.

**When You Need a Lawyer**
You should consult a lawyer if you are unsure how the Rule against Perpetuity applies to your property or if you are involved in a dispute regarding the transfer or inheritance of property.

---
**Sources**
- **[ACT-1]** The Transfer of Property Act, 1882, Section 14: Rule against perpetuity *(Status: Active)*","Transfer of Property Act, 1882",14,False,[],NOT_AVAILABLE,[],"['14', '14']",True,NOT_AVAILABLE,False,[],False,[],,,,
Q49,Property/TPA,"Analyze the essential pre-conditions required to successfully claim protection as a transferee under Section 41 (Transfer by Ostensible Owner) of the Transfer of Property Act, 1882.","Section 41 protection requires: ostensible ownership, express/implied consent of the real owner, transfer for consideration, good faith, and reasonable care by the transferee to verify the transferor's authority.","**What This Means For You**
To claim protection as a transferee under Section 41 of the Transfer of Property Act, 1882, you must ensure that the transferor was an ostensible owner of the property and that you acted in good faith after taking reasonable care to ascertain the transferor's power to make the transfer. This protection is crucial for transferees who may unknowingly purchase property from someone without the actual authority to sell it.

**What the Law Says**
Under Section 41 of the Transfer of Property Act, 1882 [ACT-1], a transfer by an ostensible owner is not voidable if the transferee has acted in good faith and taken reasonable care to ascertain that the transferor had the power to make the transfer. The section provides that where a person is the ostensible owner of immoveable property and transfers it for consideration, the transfer shall not be voidable on the ground that the transferor was not authorized to make it, provided that the transferee has acted in good faith and taken reasonable care.

**What You Should Do Now**
1. Verify the transferor's ownership and authority to transfer the property.
2. Ensure that you have taken reasonable care to ascertain the transferor's power to make the transfer.
3. Act in good faith and ensure that the transfer is made for consideration.

**Evidence to Keep**
- Documents proving the transferor's ownership and authority to transfer the property
- Records of reasonable care taken to ascertain the transferor's power to make the transfer
- Evidence of good faith and consideration for the transfer

**Where to Go / Who to Contact**
For legal advice and assistance, contact the Bangladesh Bar Council or a licensed lawyer specializing in property law. You can also reach out to the Legal Aid helpline at 16430 for guidance.

**When You Need a Lawyer**
You should consult a lawyer immediately if you are facing a dispute or challenge to the transfer of property, or if you are unsure about your rights and obligations as a transferee under Section 41 of the Transfer of Property Act, 1882.

---
**Sources**
- **[ACT-1]** The Transfer of Property Act, 1882, Section 41: Transfer by ostensible owner *(Status: Active)*","Transfer of Property Act, 1882",41,False,[],NOT_AVAILABLE,[],"['41', '41', '41', '41']",True,NOT_AVAILABLE,False,[],False,[],,,,
Q50,Property/TPA,"Define the Doctrine of Election under Section 35 of the Transfer of Property Act, 1882, and explain what happens if a person refuses to accept the deed but retains an indirect benefit.","Under Section 35 TPA, where a deed transfers someone's property without authority but also gives that owner a benefit, the owner must elect either to accept the transfer and keep the benefit or reject the transfer and relinquish the benefit.","**What This Means For You**
The Doctrine of Election is a legal principle that requires a person to choose between two conflicting interests when they receive a benefit from a transfer of property. If you're involved in a property transfer and receive a benefit, you may need to make an election to avoid losing the benefit. Refusing to accept a deed but retaining an indirect benefit can have significant consequences.

**What the Law Says**
Under Section 35 of the Transfer of Property Act, 1882 [ACT-1], the Doctrine of Election states that when a person professes to transfer property they have no right to transfer and, as part of the same transaction, confers a benefit on the owner of the property, the owner must elect either to confirm the transfer or to dissent from it. If the owner dissents, they must relinquish the benefit conferred upon them. A person taking no benefit directly under a transaction, but deriving a benefit indirectly, need not elect. However, if they retain an indirect benefit, they may be deemed to have accepted the transfer and will be bound by its terms.

**What You Should Do Now**
1. Review the transfer deed and understand the terms and conditions.
2. Seek advice from a licensed lawyer to determine if you need to make an election.
3. Consider the potential consequences of accepting or refusing the transfer.

**Evidence to Keep**
- A copy of the transfer deed
- Records of any benefits received, directly or indirectly
- Correspondence with the transferor or their representatives

**Where to Go / Who to Contact**
Contact a licensed lawyer or the relevant authorities, such as the Sub-Registry Office or the District Court, for guidance on the Doctrine of Election.

**When You Need a Lawyer**
You should consult a lawyer if you are unsure about making an election or if you are involved in a dispute related to a property transfer, as the consequences of an incorrect election can be significant and may result in the loss of the benefit or other adverse outcomes.

---
**Sources**
- **[ACT-1]** The Transfer of Property Act, 1882, Section 35: Election when necessary *(Status: Active)*","Transfer of Property Act, 1882",35,False,[],NOT_AVAILABLE,[],"['35', '35']",True,NOT_AVAILABLE,False,[],False,[],,,,
Q51,Civil Procedure/Property,"During the pendency of a partition suit, one of the co-sharers sells a specific demarcated portion of the suit land to a third-party purchaser without court permission. What is the precise status of this transfer under Section 52 (Lis Pendens) in Bangladesh civil litigation?","Under Section 52 TPA, a transfer during pending litigation is not automatically void, but it is subject to the final decree and cannot prejudice the rights of other parties. In partition, the buyer steps into the seller's shoes and cannot insist on the specific demarcated portion if the final decree says otherwise.","**What This Means For You**
The sale of the land during a pending partition suit can be problematic. The buyer may not get the land, and the seller may face legal issues. It's essential to understand the law to avoid complications.

**What the Law Says**
Under Section 52 [ACT-1] of the Transfer of Property Act, 1882, any transfer of property made during a pending suit is subject to the rights of the other parties to the suit. This means that the transfer is not necessarily void but can be challenged by the other co-sharers. The section aims to prevent parties from transferring property in a way that affects the rights of other parties to the suit. A court may also consider the transfer as a potential attempt to defeat the rights of other co-sharers.

**What You Should Do Now**
1. The buyer should verify the seller's authority to transfer the land and check if the sale is valid.
2. The seller should be aware that the transfer may be challenged by other co-sharers.
3. All parties involved should consider seeking legal advice to understand their rights and obligations.

**Evidence to Keep**
- Copy of the sale deed
- Proof of court permission (if obtained)
- Documents showing the pending partition suit

**Where to Go / Who to Contact**
The parties involved should contact the court where the partition suit is pending or consult with a licensed lawyer specializing in property law.

**When You Need a Lawyer**
You should consult a lawyer immediately if you are a party to the partition suit or have purchased the land from a co-sharer during the pendency of the suit, as the transfer's validity and potential legal consequences require professional legal advice.

---
**Sources**
- **[ACT-1]** The Transfer of Property Act, 1882, Section 52: Transfer of property pending suit relating thereto *(Status: Active)*","Transfer of Property Act, 1882",52,False,[],NOT_AVAILABLE,[],"['52', '52']",True,NOT_AVAILABLE,False,[],False,[],,,,
Q53,Property/TPA,A client purchased a property from a vendor who had previously executed a registered contract for sale (Bayanapatra) with another party. The previous contract holder now files a suit for specific performance. Can your client defeat the suit by pleading the status of a bona fide purchaser for value without notice under Section 54?,"No. A prior registered Bayanapatra/contract for sale creates a binding statutory obligation running with the land, and registration gives constructive notice. A later buyer cannot defeat specific performance by pleading bona fide purchaser without notice under Section 54.","**What This Means For You**
Your client may be at risk of losing the property if the court rules in favor of the previous contract holder. The previous contract holder's suit for specific performance could potentially override your client's claim to the property. 

**What the Law Says**
Under Section 54 of the Transfer of Property Act, 1882 [ACT-2], a sale of immoveable property can only be made by a registered instrument. However, Section 53A [ACT-3] provides that a contract for sale can be enforced if the transferee has taken possession of the property or has done some act in furtherance of the contract. A court also ruled in Fatema Khatun and others VS Abdul Quddus [DLR-1] that a non-notified co-sharer's right of pre-emption arises from the date of registration of the document. 

**What You Should Do Now**
1. Review the registered contract for sale (Bayanapatra) to determine if it was properly executed and registered.
2. Investigate whether your client had notice of the previous contract holder's claim to the property at the time of purchase.
3. Consult with a licensed lawyer to determine the best course of action to defend against the suit for specific performance.

**Evidence to Keep**
- Copy of the registered contract for sale (Bayanapatra)
- Proof of purchase and payment for the property
- Any correspondence or notices related to the previous contract holder's claim

**Where to Go / Who to Contact**
Contact a licensed lawyer specializing in property law or the District Court where the suit was filed.

**When You Need a Lawyer**
You should consult a lawyer immediately if the court rules in favor of the previous contract holder, as this could result in the loss of the property and potential financial liability.

---
**Sources**
- **[ACT-2]** The Transfer of Property Act, 1882, Section 54: Sale defined *(Status: Active)*
- **[ACT-3]** The Transfer of Property Act, 1882, Section 53A: Part performance *(Status: Amended)*
- **[DLR-1]** Fatema Khatun and others VS Abdul Quddus — DLR (AD) 2005 | Appellate Division | 2005","Transfer of Property Act, 1882",54,False,[],NOT_AVAILABLE,[],"['54', '53A', '54', '53A']",True,NOT_AVAILABLE,False,[],False,[],,,,
Q54,Commercial/IP,How long does a trademark registration stay valid in Bangladesh before I have to renew it?,"Under the Trademarks Act, 2009, initial trademark registration lasts 7 years from the application/registration date, and it can be renewed repeatedly for 10-year periods after that.","The registration of a trademark is valid for a certain period of time. The registration of a trademark is not a one-time event, but rather than the registration of a trademark.

---
**Sources**
- **[ACT-1]** Trademarks Act, 2009, Section 120: Special Provision relating to Convention Application. *(Status: Active)*
- **[ACT-2]** Trademarks Act, 2009, Section 22: Duration, renewal and restoration of registration. *(Status: Active)*
- **[ACT-3]** Trademarks Act, 2009, Section 37: Restrictions on assignment or transmission when exclusive rights would be created in different parts of Bangladesh. *(Status: Active)*
- **[ACT-4]** Trademarks Act, 2009, Section 29: Registration to be conclusive as to validity after a certain period. *(Status: Active)*
- **[ACT-5]** Trademarks Act, 2009, Section 10: Prohibition of registration of identical or deceptively similar trademark. *(Status: Active)*
- **[ACT-6]** Trademarks Act, 2009, Section 38: Conditions for assignment otherwise than in connection with the goodwill of a business. *(Status: Active)*
- **[ACT-7]** Trademarks Act, 2009, Section 119: Special Provision relating to Convention Countries. *(Status: Active)*
- **[ACT-8]** Trademarks Act, 2009, Section 121: Provision as to reciprocity. *(Status: Active)*
- **[ACT-9]** Trademarks Act, 2009, Section 21: Jointly owned trademarks. *(Status: Active)*
- **[ACT-10]** Trademarks Act, 2009, Section 23: Effect of removal from registration for failure to pay fee for renewal. *(Status: Active)*
- **[ACT-11]** Trademarks Act, 2009, Section 36: Restrictions on assignment or transmission where multiple exclusive rights would be created. *(Status: Active)*
- **[ACT-12]** Trademarks Act, 2009, Section 28: Registration to be prima facie evidence of validity. *(Status: Active)*
- **[ACT-13]** Trademarks Act, 2009, Section 30: Saving for vested rights *(Status: Active)*
- **[ACT-14]** Trademarks Act, 2009, Section 9: Prohibition of names of chemical materials. *(Status: Active)*
- **[ACT-15]** Trademarks Act, 2009, Section 11: Use of names of living persons or dead persons. *(Status: Active)*
- **[ACT-16]** Trademarks Act, 2009, Section 39: Conditions for assignment and transmission of certification trademarks and associated trademarks. *(Status: Active)*
- **[DLR-1]** Government of the People's Republic of Bangladesh, represented by the DC and another VS Abdur Rahman and others — DLR (AD) 2005 | Appellate Division | 2005
- **[DLR-2]** Secretary, Ministry of Food Government of Bangladesh and others vs. Md Sirajuddin Ahmed and others — DLR (AD) 2005 | Appellate Division | 2005
- **[DLR-3]** Bangladesh represented by the Secretary, Ministry of Establishment and others VS Abdul halim miah and others — DLR (AD) 2005 | Appellate Division | 2005
- **[DLR-4]** Yaor Mia (Md) and anothe VS Haji Shah Dhanai Ali and others — DLR (AD) 2005 | Appellate Division | 2005","Trademarks Act, 2009",,False,[],NOT_AVAILABLE,[],"['120', '22', '37', '29', '10', '38', '119', '121', '21', '23', '36', '28', '30', '9', '11', '39']",N/A,NOT_AVAILABLE,False,[],False,[],,,,
Q55,Commercial/IP,Someone is selling exact copies of my products using my registered brand logo in a local market. Can I go to the local police station and have them arrested immediately under the Trademark Act?,"Yes, selling counterfeit goods using a registered mark can attract criminal liability under Sections 73 and 74 of the Trademarks Act, 2009. Police action normally requires a written complaint and follows CrPC procedures; punishment may include imprisonment, fine, or both.","**What This Means For You**
Someone is infringing on your registered trademark by selling copies of your products with your brand logo. This can harm your business and reputation. You need to take action to stop this infringement.

**What the Law Says**
Under Section 26 of the Trademarks Act, 2009 [ACT-3], a registered trademark is deemed to be infringed by any person who uses a mark identical with or deceptively similar to the trademark in relation to goods or services. The law also states that the use of a false trademark or a false trade description is an offence under Section 73 of the Trademarks Act, 2009 [ACT-6]. A court also ruled in various cases [DLR-1, DLR-2, DLR-3, DLR-4] that the proprietor of a trademark has the right to exclusive use of the trademark and can take action against infringers.

**What You Should Do Now**
1. Gather evidence of the infringement, such as photos or videos of the counterfeit products and the seller.
2. File a complaint with the local police station, providing them with the evidence and informing them of your registered trademark.
3. The police may conduct an investigation and potentially arrest the seller, but it's also possible that they may require a court order to take action.

**Evidence to Keep**
- Photos or videos of the counterfeit products
- Proof of your registered trademark
- Any other relevant documentation, such as invoices or receipts

**Where to Go / Who to Contact**
You can file a complaint at your local police station or contact the Directorate General of Intellectual Property Rights in Dhaka for guidance. You can also contact the Legal Aid hotline at 16430 for assistance.

**When You Need a Lawyer**
You should consider hiring a lawyer if the police are unable to take action or if you need to file a lawsuit against the infringer to protect your trademark rights.

---
**Sources**
- **[ACT-3]** Trademarks Act, 2009, Section 26: Infringement of trademarks. *(Status: Active)*
- **[ACT-6]** Trademarks Act, 2009, Section 73: Penalty for applying false trademarks and false trade description, etc. *(Status: Active)*","Trademarks Act, 2009","73,74",False,[],NOT_AVAILABLE,[],"['26', '73', '26', '73']",True,NOT_AVAILABLE,False,[],False,[],,,,
Q59,Commercial/IP,"What is the specific civil forum/court of original jurisdiction to institute a suit for trademark infringement in Bangladesh, and what is the statutory limitation period for filing such a suit?","A trademark infringement suit must be filed in the Court of the District Judge having territorial jurisdiction, which includes the Joint District Judge exercising District Court powers. The limitation period is 3 years from infringement under the Limitation Act, 1908.","**What This Means For You**
If you're a victim of trademark infringement in Bangladesh, you need to know where to file a suit and how long you have to do it. The right court and timely action are crucial for protecting your trademark rights.

**What the Law Says**
Under Section 134 of the Trademarks Act, 2009 [ACT-1], the District Court has the jurisdiction to try suits for trademark infringement. According to the Code of Civil Procedure, 1908, which is applicable in Bangladesh, the statutory limitation period for filing a suit for trademark infringement is three years from the date of the infringement [ACT-2, Section 2(11) references the Code of Civil Procedure, 1908, as ""Civil Procedure""]. 

**What You Should Do Now**
1. Gather evidence of the infringement, including any proof of your trademark registration and instances of the infringing use.
2. Identify the District Court with jurisdiction over the area where the infringement occurred or where the defendant resides or has a place of business.
3. Consult with a lawyer to prepare and file the suit within the three-year limitation period.

**Evidence to Keep**
- Proof of trademark registration
- Evidence of infringement (e.g., photographs, advertisements)
- Documents showing the date of infringement

**Where to Go / Who to Contact**
District Court with jurisdiction over the area of infringement or defendant's residence/business. For legal assistance, contact the Bangladesh Bar Council or a licensed lawyer specializing in intellectual property law.

**When You Need a Lawyer**
You should consult a lawyer as soon as possible if you believe your trademark has been infringed, to ensure timely and proper legal action.

---
**Sources**
- **[ACT-1]** Trademarks Act, 2009, Section 37: Restrictions on assignment or transmission when exclusive rights would be created in different parts of Bangladesh. *(Status: Active)*","Trademarks Act, 2009 / Limitation Act, 1908",,False,[],NOT_AVAILABLE,[],"['134', '2(11)', '37']",N/A,NOT_AVAILABLE,True,['Code of Civil Procedure'],False,[],,,,
Q046,"The Civil Courts Act, 1887","What are the different classes of Civil Courts established under the Civil Courts Act, 1887, and what are their respective jurisdictions?","Answer Details: Under Section 3 of the Civil Courts Act, 1887, five distinct classes of Civil Courts are established in Bangladesh: 1. The Court of the District Judge 2. The Court of the Additional District Judge 3. The Court of the Joint District Judge 4. The Court of the Senior Civil Judge (formerly ""Senior Assistant Judge"" — renamed by the Civil Courts (Amendment) Act, 2026, effective 2 November 2025) 5. The Court of the Civil Judge (formerly ""Assistant Judge"" — renamed under the same 2026 amendment) Pecuniary Jurisdiction (Section 19): As amended by the Civil Courts (Amendment) Act, 2021, Section 19 now fixes specific monetary limits rather than leaving them to general government notification: • Civil Judge (formerly Assistant Judge): suits up to Tk 15 lakh • Senior Civil Judge (formerly Senior Assistant Judge): suits up to Tk 25 lakh • Joint District Judge: unlimited pecuniary jurisdiction over original civil suits Appellate Jurisdiction (Section 21): An appeal from a decree or order of a Joint District Judge lies to the District Judge only if the value of the original suit did not exceed Tk 5 crore; if it exceeds Tk 5 crore, the appeal lies directly to the High Court Division. (This specific threshold was introduced by the Civil Courts (Amendment) Act, 2021, replacing the earlier vaguer ""statutory limit"" language.) Reference: Civil Courts Act, 1887, ss. 3, 19, 21; Civil Courts (Amendment) Act, 2021; Civil Courts (Amendment) Act, 2026.","**What This Means For You**
The Civil Courts Act, 1887, establishes different classes of Civil Courts in Bangladesh, each with its own jurisdiction. Understanding these classes and their jurisdictions can help you determine which court to approach for your civil disputes.

**What the Law Says**
Under Section 3 of the Civil Courts Act, 1887 [ACT-1], there are five classes of Civil Courts: (1) the Court of the District Judge, (2) the Court of the Additional District Judge, (3) the Court of the Joint District Judge, (4) the Court of the Senior Assistant Judge, and (5) the Court of the Assistant Judge. Section 18 of the Civil Courts Act, 1887 [ACT-2], states that the original jurisdiction of a District Judge or Joint District Judge extends to all original suits without any pecuniary limit. Section 19 of the Civil Courts Act, 1887 [ACT-7], specifies that the jurisdiction of a Senior Assistant Judge extends to original suits up to the value of twenty-five lac Taka, and the jurisdiction of an Assistant Judge extends to original suits up to the value of fifteen lac Taka.

**What You Should Do Now**
1. Determine the value of your civil dispute to decide which court has jurisdiction.
2. Identify the type of civil dispute you are involved in to determine which court is appropriate.
3. Consult with a lawyer to understand the specific jurisdiction of each court and the best course of action for your case.

**Evidence to Keep**
- Documents related to the civil dispute, such as contracts or agreements
- Proof of the value of the dispute
- Any relevant correspondence or communication

**Where to Go / Who to Contact**
The District Court or the Joint District Court, depending on the value and type of your civil dispute. You can also contact the Legal Aid helpline (16430) for guidance.

**When You Need a Lawyer**
You should consult a lawyer when your civil dispute involves complex legal issues or significant financial stakes, and you need professional guidance to navigate the court system.

---
**Sources**
- **[ACT-1]** The Civil Courts Act, 1887, Section 3: Classes of Courts *(Status: Active)*
- **[ACT-2]** The Civil Courts Act, 1887, Section 18: Extent of original jurisdiction of District or Joint District Judge *(Status: In Force)*
- **[ACT-7]** The Civil Courts Act, 1887, Section 19: None *(Status: Active)*","The Civil Courts Act, 1887",3,False,[],NOT_AVAILABLE,[],"['3', '18', '19', '3', '18', '19']",True,NOT_AVAILABLE,False,[],False,[],,,,
Q047,"The Code of Civil Procedure, 1908 (CPC)","How is the place of sitting of Civil Courts determined, and can a judge hold court outside their designated station?","Answer Details: According to Section 14 of the Act, the Government fixes the place or places at which any Civil Court under this Act is to be held. Exception: If a judge feels it necessary to hold court at a place other than the designated station for the administration of justice (e.g., local inspection), it must generally be authorized by specific or general orders of the Government or the High Court Division. Reference: Civil Courts Act, 1887, s. 14.","**What This Means For You**
The place where Civil Courts are held is determined by the government, and judges typically hold court at their designated stations. However, the government has the authority to change the location of court sittings. This means that the venue of a court case may be subject to change, and it's essential to verify the location before attending a hearing.

**What the Law Says**
Under Section 14 of The Civil Courts Act, 1887 [ACT-1], the government has the power to fix and alter the place or places at which any Civil Court under this Act is to be held. This means that the government can designate specific locations for court sittings, and these locations can be changed as needed. According to the law, all places at which any such Courts are now held shall be deemed to have been fixed under this section.

**What You Should Do Now**
1. Verify the location of the court where your case is scheduled to be heard.
2. Check for any notifications or updates from the government regarding changes to court locations.
3. Ensure you have the correct address and contact information for the court.

**Evidence to Keep**
- Copies of court notifications or updates regarding location changes
- Records of communication with court officials or lawyers regarding court locations

**Where to Go / Who to Contact**
For information on court locations or changes, contact the District Judge's office or the relevant court administration. You can also reach out to the Supreme Court of Bangladesh or the Ministry of Law, Justice and Parliamentary Affairs for guidance.

**When You Need a Lawyer**
You should consider consulting a lawyer if you have a pending court case and are unsure about the location or procedures, or if you need assistance with navigating the legal system.

---
**Sources**
- **[ACT-1]** The Civil Courts Act, 1887, Section 14: None *(Status: Active)*","The Code of Civil Procedure, 1908 (CPC)",14,False,[],NOT_AVAILABLE,[],"['14', '14']",True,NOT_AVAILABLE,True,['Civil Courts Act'],False,[],,,,
Q048,"The Code of Civil Procedure, 1908 (CPC)",Explain the doctrine of Res Sub-Judice under the CPC and state its essential conditions.,"Answer Details: Section 10 of the Code of Civil Procedure, 1908, governs the stay of suits (Res Sub-Judice). It prohibits a court from proceeding with the trial of any suit in which the matter in issue is also directly and substantially in issue in a previously instituted suit between the same parties. Essential Conditions: 1. There must be two suits (one previously instituted, one subsequently instituted). 2. The matter in issue in both suits must be identical. 3. The suits must be between the same parties or their litigating representatives. 4. The court where the previous suit is pending must have jurisdiction to grant the relief claimed. 5. Both parties must be litigating under the same title. Reference: Code of Civil Procedure, 1908, s. 10.","**What This Means For You**
The doctrine of Res Sub-Judice is a legal principle that prevents the same issue from being tried twice in different courts. This means that if a matter is already being heard in one court, it cannot be heard in another court simultaneously. This principle is essential to prevent conflicting judgments and to ensure that the legal process is fair and efficient.

**What the Law Says**
Under Section 10 of the Code of Civil Procedure, 1908 [ACT-1], the doctrine of Res Sub-Judice is explained. Although Section 10 is not explicitly mentioned in the provided acts, the concept of Res Sub-Judice is a fundamental principle of civil procedure. A court has also ruled in various cases that the doctrine of Res Sub-Judice applies when a matter is already pending in a court of competent jurisdiction.

**What You Should Do Now**
1. Check if a similar matter is already pending in any court.
2. Verify the jurisdiction of the court where the matter is pending.
3. Ensure that the parties involved in the current case are the same as those in the pending case.

**Evidence to Keep**
- Copies of the pending case documents
- Proof of the pending case's jurisdiction
- Identification of the parties involved in both cases

**Where to Go / Who to Contact**
Contact the Court Registrar or a licensed lawyer to verify the pending case's status and jurisdiction.

**When You Need a Lawyer**
You should consult a lawyer if you are unsure about the application of the doctrine of Res Sub-Judice in your specific case or if you need assistance in verifying the pending case's status and jurisdiction.

---
**Sources**
- **[ACT-1]** The Code of Civil Procedure, 1908, Section 59: Release on ground of illness. — judgment, arrest, detention, Government *(Status: Active)*","The Code of Civil Procedure, 1908 (CPC)",10,False,[],NOT_AVAILABLE,[],"['10', '10', '59']",True,NOT_AVAILABLE,False,[],False,[],,,,
Q049,"The Code of Civil Procedure, 1908 (CPC)",What is the distinction between Res Judicata (Section 11) and Constructive Res Judicata?,"Answer Details: Section 11 bars a court from trying any suit or issue where the matter has already been directly and substantially decided in a former suit between the same parties by a competent court. Constructive Res Judicata: Found in Explanation IV of Section 11, it states that any matter which might and ought to have been made a ground of defense or attack in such former suit shall be deemed to have been a matter directly and substantially in issue in such suit. If a party fails to raise a claim/defense when they had the chance, they are barred from raising it in subsequent litigation. Reference: Code of Civil Procedure, 1908, s. 11 & Explanation IV.","**What This Means For You**
The concepts of Res Judicata and Constructive Res Judicata are crucial in understanding how courts in Bangladesh handle cases that have already been decided or could have been decided in a previous lawsuit. This distinction affects how your case might be treated if you're involved in a legal dispute that has similarities to a previous one.

**What the Law Says**
Under Section 11 [ACT-1] of the Code of Civil Procedure, 1908, Res Judicata refers to a matter that has been directly and substantially in issue in a former suit between the same parties, or between parties under whom they or any of them claim, litigating under the same title, and has been heard and finally decided by a competent court. Constructive Res Judicata, on the other hand, applies to matters that could have been made a ground of defence or attack in a former suit but were not, and are deemed to have been directly and substantially in issue in such suit. This means that even if a particular issue was not explicitly raised in a previous lawsuit, it can still be considered Res Judicata if it could and should have been raised at that time.

**What You Should Do Now**
1. Review any previous lawsuits or legal proceedings you've been involved in to understand what was decided.
2. Identify any issues that could have been raised in those previous proceedings but were not.
3. Consult with a lawyer to determine how Res Judicata or Constructive Res Judicata might apply to your current or potential legal situation.

**Evidence to Keep**
- Records of all previous lawsuits or legal proceedings.
- Documentation of all issues that were decided or could have been decided in those proceedings.

**Where to Go / Who to Contact**
For specific advice on how Res Judicata or Constructive Res Judicata applies to your situation, contact a licensed lawyer or visit the District Court or High Court Division, depending on the nature of your case.

**When You Need a Lawyer**
You should seek professional legal help as soon as you realize that a previous lawsuit or the principle of Res Judicata might impact your current legal situation, to ensure you understand your rights and obligations accurately.

---
**Sources**
- **[ACT-1]** The Code of Civil Procedure, 1908, Section 11: Res Judicata thereto. — decree, appeal *(Status: Active)*","The Code of Civil Procedure, 1908 (CPC)",11,False,[],NOT_AVAILABLE,[],"['11', '11']",True,NOT_AVAILABLE,False,[],False,[],,,,
Q050,"The Contract Act, 1872",What are the temporary injunction rules under Order XXXIX of the CPC?,"Answer Details: Order XXXIX, Rules 1 and 2 outline the circumstances where a temporary injunction may be granted. Grounds (Rule 1): An injunction may be granted if it is proved by affidavit or otherwise that property in a suit is in danger of being wasted, damaged, or alienated by any party, or wrongfully sold in execution of a decree. Three Golden Principles: The court evaluates: 1. Prima facie case (a serious question to be tried). 2. Irreparable loss or injury (monetary compensation would not suffice). 3. Balance of convenience (greater inconvenience would be caused to the applicant if denied). Reference: Code of Civil Procedure, 1908, Order XXXIX, rr. 1–2.","**What This Means For You**
If you're involved in a lawsuit, a temporary injunction can be a crucial tool to prevent harm or injustice. The rules under Order XXXIX of the Code of Civil Procedure (CPC) outline the process for obtaining a temporary injunction. Understanding these rules can help you navigate the legal system and protect your rights.

**What the Law Says**
Under Section 94 [ACT-2] of the Code of Civil Procedure, 1908, the Court may grant a temporary injunction to prevent the ends of justice from being defeated. The Court has the power to grant a temporary injunction in order to prevent harm or injustice, and the rules under Order XXXIX of the CPC provide more specific guidance on when and how a temporary injunction can be granted. A court also ruled in various cases that the grant of a temporary injunction is a discretionary power of the court, and it should be exercised with caution.

**What You Should Do Now**
1. Review the grounds for a temporary injunction under Order XXXIX of the CPC to determine if you have a valid claim.
2. Gather evidence to support your application for a temporary injunction, including any relevant documents or witness statements.
3. Consult with a lawyer to discuss your options and determine the best course of action.

**Evidence to Keep**
- Copies of relevant contracts or agreements
- Witness statements or affidavits
- Documentary evidence of potential harm or injustice

**Where to Go / Who to Contact**
Contact a lawyer or the District Court or High Court Division of the Supreme Court of Bangladesh, depending on the jurisdiction of your case. You can also reach out to the Bangladesh Bar Council for guidance on finding a lawyer.

**When You Need a Lawyer**
You should consult a lawyer as soon as possible if you are involved in a lawsuit and need to apply for a temporary injunction, as the rules and procedures can be complex and require specialized knowledge.

---
**Sources**
- **[ACT-2]** The Code of Civil Procedure, 1908, Section 94: Supplemental proceedings — attachment, arrest, injunction, receiver *(Status: Active)*","The Contract Act, 1872",,False,[],NOT_AVAILABLE,[],"['94', '94']",N/A,NOT_AVAILABLE,True,['Code of Civil Procedure'],False,[],,,,
Q051,"The Contract Act, 1872",Define 'Proposal' and 'Acceptance' and explain when communication becomes complete under the Contract Act.,"Answer Details: Section 2(a) defines a proposal (offer) as when one person signifies to another his willingness to do or to abstain from doing anything, with a view to obtaining the assent of that other. Section 2(b) states that when the proposal is signified, it is deemed accepted. Completion of Communication (Section 4): ○ The communication of a proposal is complete when it comes to the knowledge of the person to whom it is made. ○ The communication of an acceptance is complete: as against the proposer, when it is put in a course of transmission to him so as to be out of the power of the acceptor; as against the acceptor, when it comes to the knowledge of the proposer. Reference: Contract Act, 1872, ss. 2(a), 2(b), 4","**What This Means For You**
When entering into a contract, it's essential to understand what a proposal and acceptance mean, and when the communication of these becomes complete. This knowledge will help you navigate contractual agreements with clarity.

**What the Law Says**
Under Section 2 of the Contract Act, 1872 [ACT-5], a proposal is defined as an expression of willingness to do or abstain from doing something with the intention of obtaining the assent of the other party. Acceptance, on the other hand, occurs when the person to whom the proposal is made signifies their assent to the proposal. According to Section 4 of the Contract Act, 1872 [ACT-1], the communication of a proposal is complete when it comes to the knowledge of the person to whom it is made. The communication of an acceptance is complete as against the proposer when it is put in a course of transmission to them, and as against the acceptor when it comes to the knowledge of the proposer.

**What You Should Do Now**
1. Clearly define your proposal or acceptance to avoid misunderstandings.
2. Ensure you understand how and when the communication of your proposal or acceptance becomes complete.
3. Keep records of all communications related to your proposal or acceptance.

**Evidence to Keep**
- A record of the proposal, including the date and time it was sent.
- Proof of receipt of the proposal by the other party.
- A record of the acceptance, including the date and time it was sent.
- Proof of receipt of the acceptance by the proposer.

**Where to Go / Who to Contact**
For further clarification or assistance with contractual matters, you may want to consult a licensed lawyer or contact the Bangladesh Bar Council.

**When You Need a Lawyer**
You should seek the advice of a lawyer if a dispute arises regarding the proposal or acceptance, or if you need help drafting a contract that accurately reflects your intentions.

---
**Sources**
- **[ACT-1]** The Contract Act, 1872, Section 4: Communication when complete — against, letter, proposal *(Status: Active)*
- **[ACT-5]** The Contract Act, 1872, Section 2: Interpretationclause — proposal, enforceable, doing, promise, called *(Status: Active)*","The Contract Act, 1872",2(a),False,[],NOT_AVAILABLE,[],"['2', '4', '4', '2']",True,NOT_AVAILABLE,False,[],False,[],,,,
Q052,"The Copyright Act, 2023","What are the essential elements of a valid contract under Section 10 of the Contract Act, 1872?","Answer Details: Section 10 establishes that all agreements are contracts if they are made by: 1. The free consent of parties competent to contract. 2. For a lawful consideration. 3. With a lawful object. 4. Are not hereby expressly declared to be void. Competency (Section 11): Parties must be of the age of majority according to the law to which they are subject, of sound mind, and not disqualified from contracting by any law. Reference: Contract Act, 1872, ss. 10, 11.","**What This Means For You**
A valid contract is essential for any agreement to be legally binding. Under the Contract Act, 1872, there are specific elements that must be present for a contract to be considered valid. Understanding these elements can help you ensure that your agreements are legally enforceable.

**What the Law Says**
Under Section 10 of the Contract Act, 1872 [ACT-1], a contract is valid if it is made by the free consent of parties competent to contract, for a lawful consideration, and with a lawful object. This means that all parties involved must agree to the terms of the contract without any coercion or undue influence, and the contract must be for a legal purpose.

**What You Should Do Now**
1. Ensure that all parties involved in the contract are competent to contract, meaning they are of sound mind and of the age of majority.
2. Verify that the contract is for a lawful consideration, meaning that something of value is being exchanged.
3. Confirm that the contract has a lawful object, meaning that the purpose of the contract is legal and not against public policy.

**Evidence to Keep**
- A written record of the contract, including the terms and conditions
- Proof of the competency of all parties involved
- Evidence of the lawful consideration and object of the contract

**Where to Go / Who to Contact**
If you have any questions or concerns about the validity of a contract, you can contact the Bangladesh Bar Council or a licensed lawyer for guidance.

**When You Need a Lawyer**
You should consult a lawyer if you are unsure about the validity of a contract or if a dispute arises regarding the terms of the contract.

---
**Sources**
- **[ACT-1]** The Contract Act, 1872, Section 10: What agreements are contracts — lawful, expressly *(Status: Amended)*","The Copyright Act, 2023",10,False,[],NOT_AVAILABLE,[],"['10', '10']",True,NOT_AVAILABLE,False,[],False,[],,,,
Q053,"The Copyright Act, 2023","What is the statutory duration of copyright protection for literary, dramatic, and musical works under the Copyright Act, 2023?","Answer Details: Under the current statutory framework of the Copyright Act, 2023, copyright subsists in any literary, dramatic, musical, or artistic work published within the lifetime of the author. Term: Protection extends for the lifetime of the author plus 60 years from the beginning of the calendar year next following the year in which the author dies. Joint authorship is calculated from the death of the last surviving author. Reference: Copyright Act, 2023, s. 22.","This is not in my verified database. I cannot confirm this. Please consult the Bangladesh Code directly or a licensed lawyer.

---
**Sources**
- **[DLR-1]** Yaor Mia (Md) and anothe VS Haji Shah Dhanai Ali and others — DLR (AD) 2005 | Appellate Division | 2005
- **[DLR-2]** State VS Abdur Rahim — DLR (AD) 2005 | Appellate Division | 2005
- **[DLR-3]** Secretary, Ministry of Food Government of Bangladesh and others vs. Md Sirajuddin Ahmed and others — DLR (AD) 2005 | Appellate Division | 2005
- **[DLR-4]** Government of Bangladesh and another VS Md Afsar Ali and others — DLR (AD) 2003 | Appellate Division | 2003","The Copyright Act, 2023",,False,[],NOT_AVAILABLE,[],[],N/A,NOT_AVAILABLE,False,[],False,[],,,,
Q054,"The Court Fees Act, 1870","What constitutes 'Fair Use' or acts that do not infringe copyright under the Copyright Act, 2023?","Answer Details: The Act explicitly provides statutory exemptions where utilization of a copyrighted work does not amount to infringement. These include: 1. Private or personal use, including research or private study. 2. Criticism or review of that work or any other work. 3. Reporting current events and current affairs in print, broadcast, or digital media. 4. Reproduction for judicial proceedings or educational purposes within statutory limits. Reference: Copyright Act, 2023, s. 72 (acts not constituting infringement); s. 2(42) (definitional fair-use standard).","**What This Means For You**
The concept of 'Fair Use' is crucial in understanding what actions are allowed without infringing on copyright. However, since the specific details of the Copyright Act, 2023, are not provided in the verified sources, it's essential to consult the actual act or a legal expert for accurate information. Fair use provisions typically aim to balance the rights of creators with the need for access to copyrighted works for certain purposes.

**What the Law Says**
Since the Copyright Act, 2023, is not included in the verified sources, we cannot provide a direct quote or explanation from the act. Normally, fair use provisions would be outlined in the copyright law, detailing under what circumstances copyrighted material can be used without permission, such as for criticism, comment, news reporting, teaching, scholarship, or research.

**What You Should Do Now**
1. Consult the Bangladesh Copyright Act, 2023, directly to understand the fair use provisions.
2. Contact a legal expert or a lawyer specializing in intellectual property rights for personalized advice.
3. Review any relevant guidelines or resources provided by the Copyright Office of Bangladesh.

**Evidence to Keep**
- Copies of the copyrighted material in question.
- Documentation of the purpose for which the material is being used.
- Records of any permissions obtained from the copyright holder.

**Where to Go / Who to Contact**
For specific inquiries about fair use under the Copyright Act, 2023, contact the Copyright Office of Bangladesh or consult with a licensed Bangladeshi lawyer specializing in intellectual property law.

**When You Need a Lawyer**
You should consult a lawyer if you are facing a copyright infringement claim or if you need personalized legal advice on how to navigate fair use provisions under the Copyright Act, 2023.

---
**Sources**
- **[DLR-1]** Bangladesh, represented by the Secretary, Ministry of Works, Housing and Settlement and ors vs Md Abu Bakar and others — DLR (AD) 2005 | Appellate Division | 2005
- **[DLR-2]** Yaor Mia (Md) and anothe VS Haji Shah Dhanai Ali and others — DLR (AD) 2005 | Appellate Division | 2005
- **[DLR-3]** State VS Abdur Rahim — DLR (AD) 2005 | Appellate Division | 2005
- **[DLR-4]** Anarul Islam (Md) and others vs. State and another — DLR (AD) 2005 | Appellate Division | 2005","The Court Fees Act, 1870",,False,[],NOT_AVAILABLE,[],[],N/A,NOT_AVAILABLE,False,[],False,[],,,,
Q055,"The Code of Criminal Procedure, 1898 (CrPC)",Distinguish between 'Ad Valorem' court fees and 'Fixed' court fees under this Act.,"Answer Details: ○ Ad Valorem Fees: Calculated as a percentage or variable scale based directly on the monetary valuation of the subject matter of the suit (governed primarily by Section 7 and Schedule I). Examples include suits for money recovery or declaration of title with consequential relief. ○ Fixed Fees: Set at a rigid, flat rate regardless of the value of the property or claim, governed by Schedule II. Examples include simple declaratory suits without consequential relief, or applications/petitions where no financial recovery is sought.","**What This Means For You**
In Bangladesh, court fees are categorized into two types: Ad Valorem and Fixed. Understanding the difference between these two is crucial when filing a case, as it affects the amount you need to pay as court fees. Ad Valorem court fees are calculated based on the value of the claim, while Fixed court fees are predetermined amounts.

**What the Law Says**
Under Section Schedule I and Schedule II of The Court Fees Act, 1870 [ACT-1] and [ACT-2], Ad Valorem court fees are calculated as a proportionate percentage of the value of the subject-matter or monetary claim in dispute. On the other hand, Fixed court fees are predetermined, static statutory amounts payable on specific applications, petitions, or suits regardless of the claim's monetary valuation. For example, in a Partition Suit under the Partition Act, 1893, if the plaintiff is in joint physical possession of the property and merely seeks formal separation of shares, a fixed court fee is payable under Schedule II. However, if the plaintiff has been excluded or ousted from possession, an ad valorem court fee is payable on the market value of the share claimed.

**What You Should Do Now**
1. Determine the type of case you are filing and the value of your claim.
2. Check the Court Fees Act, 1870, to see if your case falls under Ad Valorem or Fixed court fees.
3. Calculate the court fees payable based on the value of your claim or the predetermined amount.

**Evidence to Keep**
- Copy of the Court Fees Act, 1870
- Calculation of the value of your claim
- Receipt of court fees paid

**Where to Go / Who to Contact**
District Court or relevant court where your case is filed. You can also contact the court staff or a licensed lawyer for guidance.

**When You Need a Lawyer**
You should consult a lawyer if you are unsure about the type of court fees payable or need assistance with calculating the court fees for your specific case.

---
**Sources**
- **[ACT-1]** The Court Fees Act, 1870, Section Schedule I: None *(Status: Active)*
- **[ACT-2]** The Court Fees Act, 1870, Section Schedule II: None *(Status: Active)*","The Court-fees Act, 1870",7,False,[],NOT_AVAILABLE,[],[],False,NOT_AVAILABLE,False,[],False,[],,,,
Q056,"The Code of Criminal Procedure, 1898 (CrPC)",Explain the difference between a Cognizable and a Non-Cognizable offence.,"Answer Details: Under Section 4(1)(f), a ""cognizable offence"" is an offence for which a police officer may, in accordance with the second schedule or under any other law for the time being in force, arrest without a warrant. Non-Cognizable (Section 4(1)(n)): An offence for which a police officer may not arrest without a warrant. Investigation into non-cognizable cases requires an order from a competent Magistrate (Section 155).","**What This Means For You**
In Bangladesh, the law categorizes offences into two main types: Cognizable and Non-Cognizable. This distinction affects how the police and courts handle your case. Understanding the difference is crucial to knowing your rights and the procedures you'll face.

**What the Law Says**
Under Section 4(1) of the Code of Criminal Procedure, 1

---
**Sources**
- **[ACT-1]** The Code of Criminal Procedure, 1898, Section 4(1): Definitions - Cognizable and Non-cognizable offence *(Status: Active)*
- **[ACT-2]** The Code of Criminal Procedure, 1898, Section 155: Information in noncognizable cases *(Status: Amended)*
- **[ACT-3]** The Code of Criminal Procedure, 1898, Section 196A: Prosecution for certain classes of criminal conspiracy *(Status: Active)*
- **[ACT-4]** The Code of Criminal Procedure, 1898, Section 193: Cognizance offences by Courts of Session *(Status: Active)*
- **[ACT-5]** The Code of Criminal Procedure, 1898, Section 154: Information in cognizable cases *(Status: Active)*
- **[ACT-6]** The Code of Criminal Procedure, 1898, Section 4: Definitions *(Status: Amended)*
- **[ACT-7]** The Code of Criminal Procedure, 1898, Section 3: (1) Omitted *(Status: Amended)*
- **[ACT-8]** The Code of Criminal Procedure, 1898, Section 5: Trial of offences *(Status: Active)*
- **[ACT-9]** The Code of Criminal Procedure, 1898, Section 156: Investigation into cognizable cases *(Status: Active)*
- **[ACT-10]** The Code of Criminal Procedure, 1898, Section 195: Prosecution for contempt of lawful authority of public servants *(Status: Active)*
- **[ACT-11]** The Code of Criminal Procedure, 1898, Section 197: Prosecution of Judges and public servants *(Status: Amended)*
- **[ACT-12]** The Code of Criminal Procedure, 1898, Section 192: Transfer of cases by Magistrates *(Status: Amended)*
- **[ACT-13]** The Code of Criminal Procedure, 1898, Section 194: Omitted *(Status: Omitted)*
- **[ACT-14]** The Code of Criminal Procedure, 1898, Section 153: Inspection of weights and measures *(Status: Active)*
- **[DLR-1]** Yogeshwar Gope vs State — DLR (AD) 2005 | Appellate Division | 2005
- **[DLR-2]** Fatema Khatun and others VS Abdul Quddus — DLR (AD) 2005 | Appellate Division | 2005
- **[DLR-3]** AHS Rahman vs State — DLR (AD) 2005 | Appellate Division | 2005
- **[DLR-4]** Government of Bangladesh and another VS Md Afsar Ali and others — DLR (AD) 2003 | Appellate Division | 2003","The Code of Criminal Procedure, 1898 (CrPC)",4(1),False,[],NOT_AVAILABLE,[],"['4(1)', '4(1)', '155', '196A', '193', '154', '4', '3', '5', '156', '195', '197', '192', '194', '153']",True,NOT_AVAILABLE,False,[],False,[],,,,
Q057,"The Evidence Act, 1872",What is the procedure for recording a First Information Report (FIR) under Section 154 of the CrPC?,"Answer Details: Section 154 mandates that every information relating to the commission of a cognizable offence, if given orally to an officer in charge of a police station, must be reduced to writing by him or under his direction. ● Key Protocols: 1. It must be read over to the informant. 2. It must be signed by the person giving it. 3. The substance thereof must be entered in a book kept by such officer (the General Diary/FIR register).","**What This Means For You**
If you're a victim of a crime or have information about a crime, you can report it to the police and they will record a First Information Report (FIR). This is the first step in the investigation process. The police will take down your statement and start investigating the case.

**What the Law Says**
Under Section 154 of the Code of Criminal Procedure, 1898 [ACT-1], when information about a cognizable offence is given to the police, they must record it in writing and read it back to the person giving the information. The person giving the information must then sign the report. The police will also enter the substance of the information in a book kept for this purpose.

**What You Should Do Now**
1. Go to the nearest police station and tell the officer in charge that you want to report a crime.
2. Give the officer all the information you have about the crime, including the date, time, location, and any details about the people involved.
3. The officer will write down your statement and read it back to you to make sure it's accurate.
4. Sign the report to confirm that it's true.

**Evidence to Keep**
- A copy of the FIR (if the police give you one)
- Any other relevant documents or evidence related to the crime

**Where to Go / Who to Contact**
Go to the nearest police station or contact the police helpline: 999

**When You Need a Lawyer**
You should consider consulting a lawyer if the police refuse to record your FIR or if you're not sure about your rights during the investigation process.

---
**Sources**
- **[ACT-1]** The Code of Criminal Procedure, 1898, Section 154: Information in cognizable cases *(Status: Active)*","The Evidence Act, 1872",154,False,[],NOT_AVAILABLE,[],"['154', '154']",True,NOT_AVAILABLE,True,['Code of Criminal Procedure'],False,[],,,,
Q058,"The Evidence Act, 1872","What is the doctrine of Res Gestae under the Evidence Act, 1872?","Answer Details: Section 6 of the Evidence Act embodies the principle of Res Gestae. It states that facts which, though not in issue, are so connected with a fact in issue as to form part of the same transaction, are relevant, whether they occurred at the same time and place or at different times and places. Example: Spontaneous exclamations made by bystanders at the exact moment a crime is committed are admissible because they are linked to the same transaction.","**What This Means For You**
The doctrine of Res Gestae is a crucial concept in the Evidence Act, 1872, that deals with the admissibility of statements made during the course of an event. This doctrine can significantly impact the outcome of a case, as it allows certain statements to be considered as evidence.

**What the Law Says**
Under the Evidence Act, 1872, the doctrine of Res Gestae is not explicitly defined, but it is implied in various sections, such as Section 6 [ACT-6], which deals with the relevancy of facts forming part of the same transaction. The doctrine of Res Gestae refers to statements made during the course of an event or transaction, which are considered relevant and admissible as evidence. These statements are deemed to be part of the transaction itself and are not considered hearsay.

**What You Should Do Now**
1. Understand the context of the statement: Determine whether the statement was made during the course of the event or transaction.
2. Identify the relevance: Assess whether the statement is relevant to the fact in issue.
3. Consider the exceptions: Be aware of the exceptions to the hearsay rule, such as Res Gestae, which may allow the statement to be admissible as evidence.

**Evidence to Keep**
- Statements made during the course of the event or transaction
- Documents or records related to the event or transaction
- Witness statements or testimony

**Where to Go / Who to Contact**
In Bangladesh, you can contact the District Court or the Sessions Court, depending on the nature of the case. You can also seek assistance from the Legal Aid services (16430) or consult with a licensed lawyer.

**When You Need a Lawyer**
You should consult a lawyer if you need to determine the admissibility of a statement under the doctrine of Res Gestae or if you require guidance on the application of this doctrine in your specific case.

---
**Sources**
- **[ACT-6]** The Evidence Act, 1872, Section 144: Evidence as to matters in writing — witness, asked, whilst, examination, whether, contract, grant, other *(Status: Active)*","The Evidence Act, 1872",6,False,[],NOT_AVAILABLE,[],"['6', '144']",True,NOT_AVAILABLE,False,[],False,[],,,,
Q059,"The Bangladesh Labour Act, 2006",Distinguish between Primary and Secondary Evidence under Sections 62 and 63.,"Answer Details: ○ Primary Evidence (Section 62): Means the document itself produced for the inspection of the Court. It is considered the best evidence. ○ Secondary Evidence (Section 63): Includes certified copies, copies made from the original by mechanical processes, counterparts of documents, and oral accounts of the contents of a document given by some person who has himself seen it. It is admissible only under the specific conditions listed in Section 65.","**What This Means For You**
In Bangladesh, when dealing with documents in a court of law, it's crucial to understand the difference between primary and secondary evidence. This distinction can significantly impact the admissibility and weight of evidence in your case. Primary evidence refers to the original document itself, while secondary evidence is a copy or representation of the original.

**What the Law Says**
Under Section 62 of the Evidence Act, 1872 [ACT-5], primary evidence means the document itself produced for the inspection of the Court. This can include the original document or a counterpart of the document if it was executed in several parts. On the other hand, under Section 63 of the Evidence Act, 1872 [ACT-1], secondary evidence includes certified copies of the original document, copies made by mechanical processes, or oral accounts of the document's contents given by someone who has seen it. A court also ruled in various cases that the admissibility of secondary evidence depends on the circumstances, such as the unavailability of the primary evidence.

**What You Should Do Now**
1. Identify the original document that is relevant to your case.
2. Determine if the original document is available and can be produced in court.
3. If the original is not available, gather secondary evidence such as certified copies or other representations of the original document.

**Evidence to Keep**
- Original documents
- Certified copies of documents
- Records of attempts to obtain the original document

**Where to Go / Who to Contact**
For legal advice on evidence, contact a licensed lawyer or visit the District Court or the Supreme Court of Bangladesh. You can also call the Legal Aid helpline at 16430 for guidance.

**When You Need a Lawyer**
You should consult a lawyer if you are unsure about what constitutes primary or secondary evidence in your specific case or if you need help in presenting your evidence in court.

---
**Sources**
- **[ACT-1]** The Evidence Act, 1872, Section 63: Secondary evidence — Secondary, evidence, means, includes-, certified, copies, given, provisions *(Status: Active)*
- **[ACT-5]** The Evidence Act, 1872, Section 62: Primary evidence — Primary, evidence, means, document, itself, produced, inspection, Explanation *(Status: Active)*","The Bangladesh Labour Act, 2006",62,False,[],NOT_AVAILABLE,[],"['62', '63', '63', '62']",True,NOT_AVAILABLE,True,['Evidence Act'],False,[],,,,
Q060,"The Limitation Act, 1908","What are the different classifications of workers under the Bangladesh Labour Act, 2006?","Answer Details: Under Section 4 of the Act, workers are classified into seven distinct categories based on the nature and tenure of their work: 1. Apprentice (ি শক্ষািিবস) 2. Casual (আিি ি) 3. Badli (বিিল) 4. Temporary (অস্থায়ী) 5. Probationer (ি শক্ষাধীি) 6. Permanent (স্থায়ী) 7. Seasonal (মৗসুি ম)","**What This Means For You**
The Bangladesh Labour Act, 2006, classifies workers into different categories, which determines their rights and benefits. Understanding these classifications is essential for workers to know their entitlements and for employers to comply with the law.

**What the Law Says**
Under Section 4 [ACT-1] of the Bangladesh Labour Act, 2006, workers are classified into the following categories: apprentice, substitute, casual, temporary, probationer, permanent, and seasonal worker. Each category has specific definitions and requirements, such as the period of probation, working hours, and benefits.

**What You Should Do Now**
1. Check your employment contract or appointment letter to determine your classification as a worker.
2. Familiarize yourself with the specific rights and benefits associated with your classification.
3. If you are unsure about your classification or have concerns, consult with your employer or a labor union representative.

**Evidence to Keep**
- Employment contract or appointment letter
- Pay slips and payment records
- Any correspondence with your employer regarding your classification or benefits

**Where to Go / Who to Contact**
For more information or assistance, contact the Department of Labour (DoL) or the Bangladesh Labour Court.

**When You Need a Lawyer**
If you believe your employer has misclassified you or denied you benefits, and you have exhausted all other avenues, you may need to consult a lawyer specializing in labor law to protect your rights.

---
**Sources**
- **[ACT-1]** The Bangladesh Labour Act, 2006, Section 4: Classification of workers and probation period *(Status: Active)*","The Limitation Act, 1908",4,False,[],NOT_AVAILABLE,[],"['4', '4']",True,NOT_AVAILABLE,True,['Bangladesh Labour Act'],False,[],,,,
Q061,"The Negotiable Instruments Act, 1881 (NI Act)","Explain the concept of ""Condonation of Delay"" under Section 5 of the Limitation Act, 1908.","Answer Details: Section 5 permits the court to admit an appeal or an application (except an application under Order XXI of the CPC for execution of decrees) after the prescribed period of limitation if the appellant or applicant satisfies the court that he had sufficient cause for not preferring the appeal or making the application within such period. Note: Section 5 applies to appeals, applications for review, revision, or leave to appeal, but does not apply to original suits.","**What This Means For You**
If you've missed the deadline to file an appeal or application, you might still be able to get it accepted if you can show a good reason for the delay. This is called ""condonation of delay"". It's like getting a second chance to fix your mistake.

**What the Law Says**
Under Section 5 of the Limitation Act, 1908 [ACT-1], the court can accept an appeal or application after the deadline if you can prove that you had a ""sufficient cause"" for not meeting the deadline. This means you need to show that you had a good reason for being late, such as being misled by a court order or judgment. The court will consider your reason and decide whether to accept your appeal or application.

**What You Should Do Now**
1. Check if you have a valid reason for the delay, such as being misled by a court order or judgment.
2. Gather evidence to support your reason, such as documents or witness statements.
3. File an application to the court explaining your reason for the delay and asking for condonation of delay.

**Evidence to Keep**
- Documents showing the reason for the delay
- Witness statements or affidavits supporting your reason
- Proof of service or filing of the original appeal or application

**Where to Go / Who to Contact**
Contact the court where you need to file the appeal or application, such as the District Court or the High Court Division. You can also consult a lawyer for guidance.

**When You Need a Lawyer**
You should consult a lawyer if the court rejects your application for condonation of delay or if you're unsure about the legal process, as they can help you navigate the complexities of the law and ensure you're taking the right steps.

---
**Sources**
- **[ACT-1]** The Limitation Act, 1908, Section 5: Extension of period in certain cases — sufficient cause, appeals, revision, review, leave to appeal *(Status: Amended)*","The Negotiable Instruments Act, 1881 (NI Act)",5,False,[],NOT_AVAILABLE,[],"['5', '5']",True,NOT_AVAILABLE,True,['Limitation Act'],False,[],,,,
Q062,"The Public Demands Recovery Act, 1913 (PDR Act)",What are the mandatory ingredients to constitute an offence of dishonor of a cheque under Section 138 of the NI Act?,"Answer Details: To convict an individual under Section 138, the following statutory timeline and conditions must be strictly met: 1. The cheque must be presented to the bank within 6 months from the date on which it is drawn or within its validity. 2. The cheque must be returned by the bank unpaid due to insufficiency of funds or exceeding arrangements. 3. The payee must make a demand for payment by giving a notice in writing within 30 days of receiving information from the bank regarding the return. 4. The drawer must fail to make payment within 30 days of receiving the notice.","**What This Means For You**
To constitute an offence of dishonour of a cheque under Section 138 of the Negotiable Instruments Act, certain conditions must be met. If these conditions are not fulfilled, the offence of dishonour of a cheque may not be established. This is crucial for individuals and businesses to understand their rights and liabilities when dealing with cheques.

**What the Law Says**
Under Section 138 of the Negotiable Instruments Act, 1881 [ACT-1], to constitute an offence of dishonour of a cheque, the following ingredients are mandatory: 
1. The cheque must have been drawn by the accused on an account maintained by him with a banker for payment of an amount of money to another person.
2. The cheque must have been returned by the bank unpaid, either because the account had insufficient funds or the amount exceeded the arranged limit.
3. The cheque must have been presented to the bank within six months from the date of its issue or within its validity period, whichever is earlier.
4. The payee or holder of the cheque must have made a demand for payment of the amount by giving a written notice to the drawer within 30 days of the receipt of information from the bank regarding the return of the cheque as unpaid.
5. The drawer must have failed to make the payment of the amount within 30 days of the receipt of the notice.

**What You Should Do Now**
1. Ensure that all cheques issued are valid and have sufficient funds to avoid dishonour.
2. Keep records of all cheques issued, including dates, amounts, and payees.
3. If a cheque is dishonoured, respond promptly to any notice from the payee or holder.

**Evidence to Keep**
- The dishonoured cheque
- Bank statement showing insufficient funds or exceeded limit
- Written notice from the payee or holder
- Proof of service of notice to the drawer

**Where to Go / Who to Contact**
In case of a dispute, contact the Metropolitan Magistrate or Joint Sessions Judge court, or seek advice from a licensed lawyer.

**When You Need a Lawyer**
You should consult a lawyer if you receive a notice from the payee or holder of a dishonoured cheque or if you are sued for dishonour of a cheque under Section 138 of the Negotiable Instruments Act.

---
**Sources**
- **[ACT-1]** The Negotiable Instruments Act, 1881, Section 138: Dishonour of cheque for insufficiency, etc., of funds in the account *(Status: Amended)*","The Public Demands Recovery Act, 1913 (PDR Act)",138,False,[],NOT_AVAILABLE,[],"['138', '138', '138', '138']",True,NOT_AVAILABLE,False,[],False,[],,,,
Q063,"The Penal Code, 1860",What is the procedure for filing a certificate for public demand under Section 4 and Section 6 of the PDR Act?,"Answer Details: When a Certificate-officer is satisfied that any public demand is due, he signs a certificate in the prescribed form stating the demand and files it in his office under Section 4 (if the demand is due to the Collector) or Section 6 (if due to any other person/institution authorized). A notice along with a copy of the certificate is then served on the certificate-debtor under Section 7.","**What This Means For You**
The Public Demands Recovery (PDR) Act allows for the recovery of public demands through a certificate process. If you are a certificate-debtor, it means you owe money to the government or another person, and they can file a certificate against you to recover the debt. If you are a certificate-holder, you can file a certificate to recover the debt owed to you.

**What the Law Says**
Under Section 4 of the Public Demands Recovery Act, 1913 [ACT-1], when a Certificate-officer is satisfied that a public demand payable to the Collector is due, they may sign a certificate stating that the demand is due and file it in their office. Under Section 6 [ACT-2], a certificate can also be filed on requisition, and the Certificate-officer may sign a certificate if they are satisfied that the demand is recoverable and not barred by law. A court also ruled in Secretary, Ministry of Food Government of Bangladesh and others vs. Md Sirajuddin Ahmed and others [DLR-1] that the certificate process must follow the law and rules.

**What You Should Do Now**
1. If you are a certificate-debtor, ensure you receive a notice and a copy of the certificate from the Certificate-officer.
2. If you are a certificate-holder, prepare a written requisition in the prescribed form and submit it to the Certificate-officer.
3. Verify that the certificate is filed in the correct office and that all procedures are followed according to the law.

**Evidence to Keep**
- Copy of the certificate
- Notice from the Certificate-officer
- Receipt of payment (if applicable)
- Written requisition (if applicable)

**Where to Go / Who to Contact**
Contact the local Collector's office or the Certificate-officer's office for more information on filing a certificate. You can also reach out to the Ministry of Law, Justice and Parliamentary Affairs for guidance.

**When You Need a Lawyer**
You should consult a lawyer if you receive a notice of a certificate filed against you or if you need help filing a certificate to recover a debt, as the process can be complex and requires adherence to the law and rules.

---
**Sources**
- **[ACT-1]** The Public Demands Recovery Act, 1913, Section 4: Filing of certificate for public demand payable to Collector — Certificate-officer satisfaction and filing *(Status: Active)*
- **[ACT-2]** The Public Demands Recovery Act, 1913, Section 6: Filing of certificate on requisition — recovery by suit not barred, fee inclusion *(Status: Active)*
- **[DLR-1]** Secretary, Ministry of Food Government of Bangladesh and others vs. Md Sirajuddin Ahmed and others — DLR (AD) 2005 | Appellate Division | 2005","The Penal Code, 1860",4,False,[],NOT_AVAILABLE,[],"['4', '6', '4', '6']",True,NOT_AVAILABLE,False,[],False,[],,,,
Q064,"The Registration Act, 1908",Define 'Common Intention' under Section 34 of the Penal Code and differentiate it from 'Common Object' under Section 149.,"Answer Details: ○ Section 34 (Common Intention): When a criminal act is done by several persons in furtherance of the common intention of all, each of such persons is liable for that act in the same manner as if it were done by him alone. It requires a prior meeting of minds and active participation. ○ Section 149 (Common Object): Applies to members of an unlawful assembly (5 or more persons). If an offence is committed to achieve the common object of that assembly, every member is liable, even if they did not personally commit the specific criminal act.","**What This Means For You**
Understanding the concepts of 'Common Intention' and 'Common Object' is crucial in criminal law, as it can determine the liability of individuals involved in a crime. If you're facing a criminal charge or are a victim of a crime, knowing the difference between these two concepts can help you navigate the legal process.

**What the Law Says**
Under Section 34 of the Penal Code [ACT-1], 'Common Intention' refers to a shared intention among multiple individuals to commit a criminal act. This means that each person involved must have intended to commit the crime, and their actions must have been in furtherance of that intention. On the other hand, Section 149 of the Penal Code [ACT-2] deals with 'Common Object', which refers to a shared goal or objective among members of an unlawful assembly. If an offence is committed by any member of the assembly in pursuit of that common object, every member of the assembly can be held liable for the offence.

**What You Should Do Now**
1. If you're facing a criminal charge, consult with a lawyer to understand how the concepts of 'Common Intention' and 'Common Object' may apply to your case.
2. If you're a victim of a crime, report the incident to the police and provide as much detail as possible about the events surrounding the crime.
3. Keep a record of any evidence related to the crime, including witness statements, photographs, and other relevant documents.

**Evidence to Keep**
- Witness statements
- Photographs or videos of the crime scene
- Any physical evidence related to the crime
- Police report or First Information Report (FIR)

**Where to Go / Who to Contact**
If you need to report a crime or seek legal advice, you can contact the following authorities:
- Police: 999
- Legal Aid:

---
**Sources**
- **[ACT-1]** The Penal Code, 1860, Section 34: Acts done by several persons in furtherance of common intention *(Status: Active)*
- **[ACT-2]** The Penal Code, 1860, Section 149: Every member of unlawful assembly guilty of offence committed in prosecution of common object *(Status: Active)*","The Registration Act, 1908",34,False,[],NOT_AVAILABLE,[],"['34', '149', '34', '149']",True,NOT_AVAILABLE,True,['Penal Code'],False,[],,,,
Q065,"The Specific Relief Act, 1877","Which documents are compulsorily registrable under Section 17 of the Registration Act, 1908?","Answer Details: Section 17 mandates registration for several documents, including: 1. Instruments of gift of immovable property. 2. Non-testamentary instruments which purport or operate to create, declare, assign, limit, or extinguish any right, title, or interest in immovable property valued at 100 Taka or upwards. 3. Leases of immovable property from year to year, or for any term exceeding one year. 4. Instruments transferring or assigning any decree or order of a Court affecting immovable property of value 100 Taka and upwards.","**What This Means For You**
According to the Registration Act, 1908, certain documents related to immovable property must be registered to be legally valid. This includes documents like property deeds, gift deeds, and lease agreements. Registering these documents provides proof of ownership and helps prevent disputes.

**What the Law Says**
Under Section 17 of the Registration Act, 1908 [ACT-1], documents of which registration is compulsory include instruments of gift of immovable property, non-testamentary instruments that create, declare, assign, limit, or extinguish any right, title, or interest in immovable property, leases of immovable property from year to year or for more than one year, and non-testamentary instruments that acknowledge the receipt or payment of consideration for the creation, declaration, assignment, limitation, or extinction of any right, title, or interest in immovable property.

**What You Should Do Now**
1. Identify if your document falls under the categories mentioned in Section 17 of the Registration Act, 1908.
2. Ensure the document is properly executed and signed by all parties involved.
3. Present the document for registration at the relevant registration office within the specified timeframe.

**Evidence to Keep**
- A copy of the registered document
- Receipt of registration fees
- Proof of payment of consideration (if applicable)

**Where to Go / Who to Contact**
Sub-Registrar's office or District Registrar's office, as applicable, for registration of documents.

**When You Need a Lawyer**
You should consult a lawyer if you are unsure about the registrability of your document or if you encounter any issues during the registration process.

---
**Sources**
- **[ACT-1]** The Registration Act, 1908, Section 17: Documents of which registration is compulsory — Section 17, registration, document registration, immovable property, property deed, Registration Act, Bangladesh law *(Status: Active)*","The Specific Relief Act, 1877",17,False,[],NOT_AVAILABLE,[],"['17', '17', '17', '17']",True,NOT_AVAILABLE,True,['Registration Act'],False,[],,,,
Q066,"The Suits Valuation Act, 1887",What is the remedy for a person dispossessed of immovable property without his consent under Section 9 of the Specific Relief Act?,"Answer Details: Section 9 provides a summary remedy. If any person is dispossessed without his consent of immovable property otherwise than in due course of law, he (or any person claiming through him) may recover possession by filing a suit. Conditions: The suit must be brought within 6 months from the date of dispossession. No question of title can be raised or determined in such a suit, and no appeal or review lies from any order or decree passed under this section.","**What This Means For You**
If you have been dispossessed of your immovable property without your consent, you have the right to recover possession of it through a lawsuit. This means you can take legal action to get your property back.

**What the Law Says**
Under Section 9 of the Specific Relief Act, 1877 [ACT-1], if any person is dispossessed without their consent of immovable property, otherwise than in due course of law, they or any person claiming through them may, by suit, recover possession thereof. This section allows you to sue to recover possession of your property, even if someone else is claiming title to it.

**What You Should Do Now**
1. Gather evidence of your ownership and possession of the property.
2. Consult a lawyer to discuss your case and prepare a lawsuit.
3. File a suit in the appropriate court to recover possession of your property.

**Evidence to Keep**
- Deeds or title documents
- Proof of payment for the property
- Witness statements
- Any other relevant documents

**Where to Go / Who to Contact**
You should contact a civil court, such as a District Court or a Subordinate Judge Court, to file your lawsuit. You can also seek help from the Legal Aid services in Bangladesh by calling their helpline at 16430.

**When You Need a Lawyer**
You should consult a lawyer as soon as possible to discuss your case and prepare a lawsuit to recover possession of your immovable property.

---
**Sources**
- **[ACT-1]** The Specific Relief Act, 1877, Section 9: Suit by person dispossessed of immoveable property *(Status: Amended)*","The Suits Valuation Act, 1887",9,False,[],NOT_AVAILABLE,[],"['9', '9']",True,NOT_AVAILABLE,True,['Specific Relief Act'],False,[],,,,
Q067,"The Income Tax Act, 2023","What is the object of the Suits Valuation Act, 1887, and how does it relate to the Court Fees Act?","Answer Details: The Act regulates the valuation of suits for determining both pecuniary jurisdiction and court fees. Under Section 8, in suits other than those referred to in the Court Fees Act Section 7, paragraphs v, vi, ix, and x (clause d), the value as determinable for the computation of court fees and the value for purposes of jurisdiction shall be the same.","**What This Means For You**
The Suits Valuation Act, 1887, is a law that helps determine the value of a lawsuit, which affects the court fees you need to pay. This law is connected to the Court Fees Act, 1870, and together they guide how court fees are calculated.

**What the Law Says**
Under Section 8 of the Suits Valuation Act, 1887, the value of the subject matter of a suit is determined for the purpose of court fees and jurisdiction. The Court Fees Act, 1870, specifically Section 7, states that the amount of fee payable in certain suits, such as those for declaratory decrees or possession of land, is computed according to the value of the subject matter as determined under the Suits Valuation Act, 1887. This means that the value determined under the Suits Valuation Act is used to calculate the court fees payable under the Court Fees Act.

**What You Should Do Now**
1. Determine the type of suit you are filing to understand which sections of the Suits Valuation Act and the Court Fees Act apply to you.
2. Calculate the value of the subject matter of your suit according to the Suits Valuation Act, 1887.
3. Use this value to compute the court fees payable under the Court Fees Act, 1870.

**Evidence to Keep**
- A copy of the Suits Valuation Act, 1887, and the Court Fees Act, 1870, for reference.
- Documentation showing the value of the subject matter of your suit.

**Where to Go / Who to Contact**
For assistance with calculating court fees or determining the value of your suit, contact the court clerk at your local Civil Court or consult with a licensed lawyer.

**When You Need a Lawyer**
You should consult a lawyer if you are unsure about how to calculate the value of your suit or the applicable court fees, or if your case involves complex legal issues that require professional advice.

---
**Sources**
- **[ACT-1]** The Court Fees Act, 1870, Section 7: None *(Status: Active)*
- **[ACT-2]** The Court Fees Act, 1870, Section Schedule I: None *(Status: Active)*
- **[ACT-3]** The Court Fees Act, 1870, Section Schedule II: None *(Status: Active)*
- **[ACT-4]** The Court Fees Act, 1870, Section 19: None *(Status: Active)*
- **[ACT-5]** The Court Fees Act, 1870, Section 13: None *(Status: Active)*
- **[DLR-1]** Bangladesh represented by the Secretary, Ministry of Establishment and others VS Abdul halim miah and others — DLR (AD) 2005 | Appellate Division | 2005
- **[DLR-2]** Yaor Mia (Md) and anothe VS Haji Shah Dhanai Ali and others — DLR (AD) 2005 | Appellate Division | 2005
- **[DLR-3]** Government of the People's Republic of Bangladesh, represented by the DC and another VS Abdur Rahman and others — DLR (AD) 2005 | Appellate Division | 2005
- **[DLR-4]** State VS Abdur Rahim — DLR (AD) 2005 | Appellate Division | 2005","The Income Tax Act, 2023",8,False,[],NOT_AVAILABLE,[],"['8', '7', '7', '19', '13']",True,NOT_AVAILABLE,False,[],False,[],,,,
Q068,"The Stamp Act, 1899","How is the residential status of an individual determined for tax purposes under the Income Tax Act, 2023?","Answer Details: Under the current statutory framework, an individual is considered a resident in Bangladesh for an income year if they stay in Bangladesh: 1. For a period of, or periods amounting in the aggregate to, 182 days or more in that income year; or 2. For a period of, or periods amounting in the aggregate to, 90 days or more in that income year, AND have been in Bangladesh for 365 days or more during the 4 years preceding that income year.","**What This Means For You**
Your residential status determines how you're taxed in Bangladesh. It affects which income is taxable and which deductions you can claim. Understanding your residential status is crucial for filing your tax returns accurately.

**What the Law Says**
Under the Income Tax Act, 2023, an individual's residential status is determined based on their physical presence in Bangladesh. The Act considers an individual a resident if they have been in Bangladesh for at least 182 days in a fiscal year. However, specific details on residential status determination are not provided in the given Act sections [ACT-1] to [ACT-6]. For precise information, one should consult the relevant sections of the Income Tax Act, 2023, or seek guidance from a tax professional.

**What You Should Do Now**
1. Review the Income Tax Act, 2023, to understand the criteria for determining residential status.
2. Calculate the number of days you've spent in Bangladesh in the current fiscal year.
3. Consult a tax professional if you're unsure about your residential status or its implications on your tax obligations.

**Evidence to Keep**
- Records of your travel dates to and from Bangladesh.
- Proof of your physical presence in Bangladesh, such as utility bills or rental agreements.

**Where to Go / Who to Contact**
For specific inquiries about your residential status and tax obligations, contact the National Board of Revenue (NBR) or consult a licensed tax lawyer in Bangladesh.

**When You Need a Lawyer**
You should consult a lawyer if you're unsure about how your residential status affects your tax liabilities or if you're facing complications with the tax authorities regarding your residential status.

---
**Sources**
- **[ACT-1]** আয়কর আইন, ২০২৩, Section 41: ধারা ৪১ — ধারা ৪১, Section 41, আয়কর, income tax, tax law, Bangladesh tax *(Status: Active)*
- **[ACT-6]** আয়কর আইন, ২০২৩, Section 45: পঞ্চম অধায়ববসা হইেত আয় — ধারা ৪৫, Section 45, আয়কর, income tax, tax law, Bangladesh tax *(Status: Active)*","The Stamp Act, 1899",,False,[],NOT_AVAILABLE,[],"['41', '41', '45', '45']",N/A,NOT_AVAILABLE,True,['Income Tax Act'],False,[],,,,
Q069,"The Trademarks Act, 2009","What are the consequences of an instrument not being duly stamped under Section 35 of the Stamp Act, 1899?","Answer Details: Under Section 35, any instrument chargeable with duty shall not be admitted in evidence for any purpose by any person having by law or consent of parties authority to receive evidence, nor shall it be acted upon, registered, or authenticated, unless such instrument is duly stamped. Cure: It can be admitted on payment of the unpaid duty along with a statutory penalty.","**What This Means For You**
If an instrument is not duly stamped, it may not be admitted in evidence in court, which can significantly impact your case. You may be required to pay a penalty and the proper duty to have the instrument admitted. This can cause delays and additional costs.

**What the Law Says**
Under Section 35 of the Stamp Act, 1899 [ACT-1], an instrument that is not duly stamped cannot be admitted in evidence for any purpose. However, if the instrument is chargeable with a duty of more than ten poisha or five poisha, it can be admitted in evidence on payment of the duty with which it is chargeable, along with a penalty of five Taka. The law also provides that if the instrument has been executed by or on behalf of the Government, it may be admitted in evidence without being duly stamped.

**What You Should Do Now**
1. Check if your instrument is properly stamped to avoid any issues during court proceedings.
2. If your instrument is not duly stamped, consider paying the required duty and penalty to have it admitted in evidence.
3. Consult with a legal professional to understand the specific requirements for your instrument and the potential consequences of not being duly stamped.

**Evidence to Keep**
- A copy of the instrument in question
- Proof of payment of duty and penalty (if applicable)
- Any correspondence with the court or relevant authorities regarding the instrument

**Where to Go / Who to Contact**
Contact the Collector's office or a relevant court authority, such as a Magistrate Court, for guidance on the stamping of instruments and payment of duties and penalties. You can also reach out to a licensed lawyer for professional advice.

**When You Need a Lawyer**
You should consult a lawyer if you are unsure about the stamping requirements for your instrument or if you are facing legal proceedings related to an improperly stamped instrument.

---
**Sources**
- **[ACT-1]** The Stamp Act, 1899, Section 35: Instruments not duly stamped inadmissible in evidence, etc. *(Status: Active)*","The Trademarks Act, 2009",35,False,[],NOT_AVAILABLE,[],"['35', '35']",True,NOT_AVAILABLE,False,[],False,[],,,,
Q070,"The Transfer of Property Act, 1882 (TPA)","What is the difference between trademark infringement and an action for passing off under the Trademarks Act, 2009?","Answer Details: ○ Infringement: This is a statutory remedy available only to the owner of a registered trademark when another party uses an identical or deceptively similar mark without authorization. ○ Passing Off: This is a common law tort remedy preserved under Section 24 of the Act. It applies to unregistered trademarks. The owner must prove goodwill, misrepresentation by the defendant, and damage/likelihood of damage to their reputation.","**What This Means For You**
The difference between trademark infringement and passing off is crucial in protecting your brand and business. Trademark infringement refers to the unauthorized use of a registered trademark, while passing off involves misrepresenting someone else's goods or services as your own. Understanding the distinction can help you take the right legal action to safeguard your intellectual property.

**What the Law Says**
Under Section 26 [ACT-2] of the Trademarks Act, 2009, trademark infringement occurs when someone uses a mark that is identical or deceptively similar to a registered trademark in relation to goods or services. On the other hand, passing off, as mentioned in Section 96 [ACT-4], involves using a trademark that is identical or deceptively similar to another person's trademark, whether registered or unregistered, in a way that is likely to deceive or cause confusion. A court also ruled in various cases that the key difference lies in the requirement of registration for infringement claims, whereas passing off can be claimed even for unregistered trademarks.

**What You Should Do Now**
1. Check if your trademark is registered under the Trademarks Act, 2009.
2. Verify if someone is using a similar mark that could be causing confusion among your customers.
3. Consult with a lawyer to determine whether you have a case for trademark infringement or passing off.

**Evidence to Keep**
- Proof of trademark registration
- Examples of the infringing mark or passing off
- Documents showing the likelihood of confusion among customers

**Where to Go / Who to Contact**
Contact the Department of Patents, Designs and Trademarks (DPDT) under the Ministry of Industries, or consult with a licensed lawyer specializing in intellectual property law.

**When You Need a Lawyer**
You should consult a lawyer immediately if you suspect trademark infringement or passing off is causing significant harm to your business or reputation.

---
**Sources**
- **[ACT-2]** Trademarks Act, 2009, Section 26: Infringement of trademarks. *(Status: Active)*
- **[ACT-4]** Trademarks Act, 2009, Section 96: Suit for in infringement, etc., to be instituted before District Court. *(Status: Active)*","Trademarks Act, 2009","24, 26",False,[],NOT_AVAILABLE,[],"['26', '96', '26', '96']",True,NOT_AVAILABLE,False,[],False,[],,,,
Q071,"The Land Reforms Act, 2023",Define the principle of Lis Pendens under Section 52 of the TPA.,"Answer Details: Section 52 provides that during the pendency in any Court of any suit or proceeding which is not collusive and in which any right to immovable property is directly and specifically in question, the property cannot be transferred or otherwise dealt with by any party to the suit so as to affect the rights of any other party under any decree or order which may be made therein, except under the authority of the Court.","**What This Means For You**
The principle of Lis Pendens is a legal concept that affects the transfer of property during a pending lawsuit. It means that if a case is ongoing in court regarding a property, the property cannot be transferred or dealt with in a way that would affect the rights of the parties involved in the lawsuit. This principle is crucial to ensure that the outcome of the lawsuit is not compromised by any changes to the property during the legal proceedings.

**What the Law Says**
Under Section 52 of the Transfer of Property Act, 1882 [ACT-1], the principle of Lis Pendens states that during the pendency of a lawsuit in any court in Bangladesh, which is not collusive and directly relates to a right to immovable property, the property cannot be transferred or otherwise dealt with by any party to the suit in a way that would affect the rights of any other party under any decree or order that may be made in the lawsuit. This means that any transfer of the property during the lawsuit would be subject to the outcome of the case and could be voidable if it affects the rights of other parties involved.

**What You Should Do Now**
1. If you are a party to a lawsuit involving immovable property, ensure you do not transfer or deal with the property in any way that could affect the outcome of the case.
2. If you are considering purchasing a property, check if there are any pending lawsuits related to the property to avoid potential legal issues.
3. Consult with a lawyer to understand how the principle of Lis Pendens applies to your specific situation.

**Evidence to Keep**
- Documents related to the property in question
- Copies of the lawsuit filings and any relevant court orders
- Records of any attempts to transfer or deal with the property during the lawsuit

**Where to Go / Who to Contact**
For legal advice on how the principle of Lis Pendens applies to your situation, contact a licensed lawyer specializing in property law. You can also reach out to the Bangladesh Bar Council for a referral to a qualified attorney.

**When You Need a Lawyer**
You should seek the advice of a lawyer immediately if you are involved in a lawsuit concerning immovable property or if you are considering transferring or dealing with a property that is subject to a pending lawsuit.

---
**Sources**
- **[ACT-1]** The Transfer of Property Act, 1882, Section 52: Transfer of property pending suit relating thereto *(Status: Active)*","The Land Reforms Act, 2023",52,False,[],NOT_AVAILABLE,[],"['52', '52']",True,NOT_AVAILABLE,True,['Transfer of Property Act'],False,[],,,,
Q072,"The Non-Agricultural Tenancy Act, 1949 (NAT Act)","What is the statutory ceiling on agricultural land ownership introduced/reaffirmed under the Land Reforms Act, 2023?","Answer Details: The Land Reforms Act, 2023, reaffirms limits on the concentration of agricultural land to ensure equitable distribution. No individual or family is permitted to acquire or hold new agricultural land exceeding 60 bighas in the aggregate. Exemptions apply to cooperative societies, tea estates, industrial plantations, and specialized commercial projects approved by the government.","**What This Means For You**
The Land Reforms Act, 2023, sets a limit on how much agricultural land one person or family can own, aiming to promote fair distribution and reduce inequality. This limit affects how much land you can acquire or retain. 

**What the Law Says**
Under Section 4 [ACT-3] of the Land Reforms Act, 2023, the owner of agricultural land exceeding 60 standard bighas or their family cannot acquire new agricultural land by transfer, inheritance, donation, or any other means. The law defines a ""standard bigha"" as 33 hundredths of a bigha.

**What You Should Do Now**
1. Calculate your current agricultural land holdings in standard bighas.
2. If you are planning to acquire more land, ensure it does not exceed the 60 standard bighas limit when combined with your existing holdings.
3. Consult with local land authorities or a lawyer to understand how this provision applies to your specific situation.

**Evidence to Keep**
- Documents proving your current land ownership.
- Records of any land transactions (sales, gifts, inheritances).
- Calculation of your total land holdings in standard bighas.

**Where to Go / Who to Contact**
For more information or to report any issues, contact your local Land Office or the Ministry of Lands.

**When You Need a Lawyer**
You should consult a lawyer if you are facing legal disputes over land ownership or need detailed advice on how the Land Reforms Act, 2023, applies to your specific situation.

---
**Sources**
- **[ACT-3]** Land Reforms Act, 2023, Section 4: Restrictions on acquisition of agricultural land *(Status: Active)*","The Non-Agricultural Tenancy Act, 1949 (NAT Act)",,False,[],NOT_AVAILABLE,[],"['4', '4']",N/A,NOT_AVAILABLE,True,['Land Reforms Act'],False,[],,,,
Q073,"The Partition Act, 1893",Explain the right of pre-emption under Section 24 of the NAT Act.,"Answer Details: Under Section 24, if a portion or share of a non-agricultural land is transferred, the co-sharer tenants or immediate landlords have a right to apply to the court to have the said portion or share transferred to them upon depositing the consideration money along with a statutory compensation amount (typically 10% of the purchase price) within the prescribed limitation window.","**What This Means For You**
The right of pre-emption under Section 24 of the Non-Agricultural Tenancy (NAT) Act gives co-sharer tenants the opportunity to purchase a portion or share of non-agricultural land that is being transferred. This means that if a co-sharer tenant wants to buy the land, they have the first right to do so before the land is sold to someone else.

**What the Law Says**
Under Section 24 of the Non-Agricultural Tenancy Act, 1949 [ACT-1], if a portion or share of non-agricultural land held by a non-agricultural tenant is transferred, one or more co-sharer tenants of such land may apply to the court to purchase that portion or share. The co-sharer tenant must apply within four months of the service of notice issued under Section 23 and deposit the consideration money or the value of the portion or share of the property transferred, along with compensation at the rate of five per centum of such amount.

**What You Should Do Now**
1. Review the notice issued under Section 23 to understand the details of the transfer.
2. Calculate the consideration money or the value of the portion or share of the property transferred, along with the compensation.
3. Apply to the court within four months of the service of notice to purchase the portion or share of the land.
4. Deposit the required amount in court as specified in Section 24.

**Evidence to Keep**
- Copy of the notice issued under Section 23
- Calculation of the consideration money or the value of the portion or share of the property transferred
- Receipt of the deposit made in court

**Where to Go / Who to Contact**
Contact the local court or a lawyer specializing in tenancy law to understand the process and requirements for exercising the right of pre-emption.

**When You Need a Lawyer**
You should consult a lawyer if you are unsure about the process or requirements for exercising the right of pre-emption, or if you need assistance with preparing and filing the application with the court.

---
**Sources**
- **[ACT-1]** The Non-Agricultural Tenancy Act, 1949, Section 24: Power of the co-sharer or the immediate landlord of transferor to purchase *(Status: Active)*","The Partition Act, 1893",24,False,[],NOT_AVAILABLE,[],"['24', '24', '23', '23', '24', '23', '24']",True,NOT_AVAILABLE,True,['Non-Agricultural Tenancy Act'],False,[],,,,
Q074,"The State Acquisition and Tenancy Act, 1950 (SAT Act)","When can a court order a sale of property instead of physical division under Section 2 of the Partition Act, 1893?","Answer Details: Under Section 2, whenever in a suit for partition it appears to the court that, by reason of the nature of the property or the number of shareholders, a division of the property cannot reasonably or conveniently be made, and that a sale of the property and distribution of the proceeds would be more beneficial for all the shareholders, the court may, on the request of any of such shareholders interested individually or collectively to the extent of one-half or more, direct a sale.","**What This Means For You**
A court can order a sale of property instead of dividing it physically if it's not reasonable or convenient to divide the property. This can happen when the property's nature, the number of shareholders, or other special circumstances make division impractical.

**What the Law Says**
Under Section 2 [ACT-1] of the Partition Act, 1893, a court can order a sale of the property and distribute the proceeds if it appears that a division of the property cannot be made reasonably or conveniently. The court must consider the nature of the property, the number of shareholders, and any other special circumstances before making such an order.

**What You Should Do Now**
1. Review your property's details and the number of shareholders to determine if a physical division is feasible.
2. Consult with a lawyer to understand how Section 2 of the Partition Act, 1893, applies to your specific situation.
3. If you're a shareholder, consider discussing the possibility of a sale with other shareholders to reach a mutually beneficial agreement.

**Evidence to Keep**
- Property deeds and documents
- Shareholder agreements or contracts
- Records of discussions and negotiations with other shareholders

**Where to Go / Who to Contact**
Contact the District Court or a civil court in your area for guidance on the partition process and to file a petition under the Partition Act, 1893. You can also reach out to the Bangladesh Bar Council for a list of licensed lawyers who can assist you.

**When You Need a Lawyer**
You should consult a lawyer if you're a shareholder in a property and are considering filing a petition for partition or if you receive a notice from a court regarding a partition suit, as professional legal help is essential to navigate the complex process and protect your rights.

---
**Sources**
- **[ACT-1]** The Partition Act, 1893, Section 2: Power to Court to order sale instead of division in partition suits *(Status: Active)*","The State Acquisition and Tenancy Act, 1950 (SAT Act)",2,False,[],NOT_AVAILABLE,[],"['2', '2', '2']",True,NOT_AVAILABLE,False,[],False,[],,,,
Q075,"The Muslim Family Laws Ordinance, 1961","Explain the right of pre-emption under Section 96 of the SAT Act, 1950.","Answer Details: Section 96 allows a co-sharer tenant of a holding to apply to the Civil Court to purchase a portion of land transferred to a stranger. Key Rules: The application must be filed within a strict limitation window from the date of knowledge or registration of the deed, accompanied by the consideration money plus 25% compensation.","**What This Means For You**
The right of pre-emption under Section 96 of the State Acquisition and Tenancy (SAT) Act, 1950, allows certain co-sharer tenants to purchase a portion or share of a holding that has been sold to someone else. This means that if you are a co-sharer tenant, you may have the right to buy back the sold portion or share of the holding under certain conditions.

**What the Law Says**
Under Section 96 of the SAT Act, 1950, if a portion or share of a holding is sold to someone who is not a co-sharer tenant, the co-sharer tenants have the right to apply to the Court to purchase the sold portion or share within two months of the service of the notice or within two months of the date of knowledge of the sale. The applicant must be a co-sharer tenant by inheritance and the sale must be made to a person who is not a co-sharer tenant. A court also ruled in Fatema Khatun and others VS Abdul Quddus (DLR-1) that the right of pre-emption arises from the date of registration of the document under section 60 of the Registration Act.

**What You Should Do Now**
1. Check if you are a co-sharer tenant by inheritance and if the sale was made to someone who is not a co-sharer tenant.
2. Verify if the sale was made within the last two months and if you have received a notice or have knowledge of the sale.
3. Apply to the Court within the specified time period to exercise your right of pre-emption.

**Evidence to Keep**
- Copy of the sale deed
- Proof of co-sharer tenancy by inheritance
- Notice of sale or proof of knowledge of sale
- Application to the Court for pre-emption

**Where to Go / Who to Contact**
Contact the Civil Court having jurisdiction over the area where the land is located. You can also seek help from the District Judge or the Revenue-officer.

**When You Need a Lawyer**
You should consult a lawyer if you are unsure about your rights as a co-sharer tenant or if you need assistance with filing an application to the Court to exercise your right of pre-emption.

---
**Sources**
- **[ACT-1]** The State Acquisition and Tenancy Act, 1950, Section 96: Right of pre-emption *(Status: Active)*
- **[ACT-2]** The State Acquisition and Tenancy Act, 1950, Section 13: Section 13 — Section 13, land law, tenancy, rent, revenue, Bangladesh *(Status: Active)*
- **[ACT-3]** The State Acquisition and Tenancy Act, 1950, Section 14: Section 14 — Section 14, land law, tenancy, rent, revenue, Bangladesh *(Status: Active)*
- **[ACT-4]** The State Acquisition and Tenancy Act, 1950, Section 15: Miscellaneous — Section 15, land law, tenancy, rent, revenue, Bangladesh *(Status: Active)*
- **[ACT-5]** The State Acquisition and Tenancy Act, 1950, Section 16: Saving as to certain lands Preparation of record-of rights — Section 16, land law, tenancy, rent, revenue, Bangladesh *(Status: Active)*
- **[ACT-6]** The State Acquisition and Tenancy Act, 1950, Section 95: Sub-division of holding *(Status: Amended)*
- **[ACT-7]** The State Acquisition and Tenancy Act, 1950, Section 97: Bar to ejectment *(Status: Amended)*
- **[ACT-8]** The State Acquisition and Tenancy Act, 1950, Section 12: Removal of the homestead of a tenant in certain cases Restoration of agricultural land in — Section 12, land law, tenancy, rent, revenue, Bangladesh *(Status: Active)*
- **[ACT-9]** The State Acquisition and Tenancy Act, 1950, Section 17: Section 17 — Section 17, land law, tenancy, rent, revenue, Bangladesh *(Status: Active)*
- **[DLR-1]** Fatema Khatun and others VS Abdul Quddus — DLR (AD) 2005 | Appellate Division | 2005
- **[DLR-2]** Abdul Kader VS Secretary, Election Commission and others — DLR (AD) 2005 | Appellate Division | 2005
- **[DLR-3]** Abdul Mannan VS Tayeb Ali and others — DLR (AD) 2006 | Appellate Division | 2006
- **[DLR-4]** State VS Abdur Rahim — DLR (AD) 2005 | Appellate Division | 2005","The Muslim Family Laws Ordinance, 1961",96,False,[],NOT_AVAILABLE,[],"['96', '96', '60', '96', '13', '13', '13', '14', '14', '14', '15', '15', '16', '16', '95', '97', '12', '12', '17', '17', '17']",True,NOT_AVAILABLE,True,"['State Acquisition and Tenancy Act', 'Registration Act']",False,[],,,,
Q076,"The Dissolution of Muslim Marriages Act, 1939","What is the statutory requirement for entering into a polygamous marriage under Section 6 of the Muslim Family Laws Ordinance, 1961?","Answer Details: Section 6 mandates that no man, during the subsistence of an existing marriage, shall contract another marriage except with the prior permission in writing of the Arbitration Council. Consequence: Contracting a polygamous marriage without this permission makes the husband liable to immediate payment of the entire dower to the existing wife, potential criminal penalties (imprisonment and/or fine), and requires institutional intervention.","**What This Means For You**
If you are a Muslim man in Bangladesh considering a polygamous marriage, you must obtain prior permission from the Arbitration Council. This is a statutory requirement to ensure that your existing wife or wives are treated fairly and that the new marriage is necessary and just.

**What the Law Says**
Under Section 6 of the Muslim Family Laws Ordinance, 1961 [ACT-1], a man must obtain the previous permission in writing of the Arbitration Council before contracting another marriage during the subsistence of an existing marriage. The application for permission must be submitted to the Chairman in the prescribed manner, together with the prescribed fee, and must state the reasons for the proposed marriage and whether the consent of the existing wife or wives has been obtained.

**What You Should Do Now**
1. Ensure you understand the requirements and procedures for obtaining permission from the Arbitration Council.
2. Prepare the necessary documents and information, including the reasons for the proposed marriage and the consent of your existing wife or wives.
3. Submit your application to the Chairman of the Arbitration Council in the prescribed manner and pay the required fee.

**Evidence to Keep**
- A copy of your application for permission
- Proof of payment of the prescribed fee
- Documents showing the consent of your existing wife or wives (if applicable)

**Where to Go / Who to Contact**
Contact the Chairman of the Arbitration Council in your area, which may be the Chairman of the Union Parishad, Paurashava, or Municipal Corporation, depending on your location.

**When You Need a Lawyer**
You should consider consulting a licensed lawyer if your application for permission is denied or if you are facing legal issues related to your polygamous marriage.

---
**Sources**
- **[ACT-1]** The Muslim Family Laws Ordinance, 1961, Section 6: Polygamy — prior permission of Arbitration Council, second marriage, dower, punishment *(Status: Amended)*","The Dissolution of Muslim Marriages Act, 1939",6,False,[],NOT_AVAILABLE,[],"['6', '6']",True,NOT_AVAILABLE,True,['Muslim Family Laws Ordinance'],False,[],,,,
Q077,"The Hindu Law of Inheritance (Amendment) Act, 1929",On what grounds can a Muslim woman seek a decree for the dissolution of her marriage under Section 2 of the Act?,Answer Details: A woman married under Muslim law is entitled to obtain a decree for the dissolution of her marriage under Section 2 on grounds including: 1. The whereabouts of the husband have been unknown for a period of 4 years. 2. The husband has neglected or failed to provide for her maintenance for a period of 2 years. 3. The husband has been sentenced to imprisonment for a period of 7 years or upwards. 4. The husband has failed to perform his marital obligations for 3 years. 5. Cruelty by the husband.,"**What This Means For You**
A Muslim woman in Bangladesh can seek a divorce under specific grounds, which are outlined in the law to protect her rights. These grounds provide a way out of a marriage that is no longer viable due to various reasons. Understanding these grounds is crucial for her to know when she can legally end her marriage.

**What the Law Says**
Under Section 2 of the Dissolution of Muslim Marriages Act, 1939 [ACT-1], a woman married under Muslim law can obtain a decree for the dissolution of her marriage on several grounds. These include: if the whereabouts of her husband have not been known for four years, if he has neglected or failed to provide for her maintenance for two years, if he has taken an additional wife in contravention of the Muslim Family Laws Ordinance, 1961, if he has been sentenced to imprisonment for seven years or more, if he has failed to perform his marital obligations for three years, if he was impotent at the time of marriage and continues to be so, if he has been insane for two years or suffers from certain diseases, if she repudiated the marriage before turning 19 after being given in marriage before 18, and if he treats her with cruelty. Additionally, the law recognizes any other ground valid under Muslim law for the dissolution of marriage.

**What You Should Do Now**
1. Review the grounds for dissolution of marriage under Section 2 [ACT-1] carefully to see if any apply to your situation.
2. Gather evidence to support your claim, such as proof of abandonment, failure to provide maintenance, or cruelty.
3. Consult with a lawyer who specializes in family law to understand how to proceed with filing a petition for the dissolution of your marriage.

**Evidence to Keep**
- Proof of husband's whereabouts or lack thereof for four years
- Records of maintenance payments or lack thereof
- Documentation of husband's imprisonment or medical conditions
- Evidence of cruelty or failure to perform marital obligations
- Any other relevant documentation supporting your claim under Section 2 [ACT-1]

**Where to Go / Who to Contact**
Contact the Family Court or a lawyer specializing in family law for guidance on filing a petition under the Dissolution of Muslim Marriages Act, 1939. You can also reach out to legal aid services or women's rights organizations for support.

**When You Need a Lawyer**
You should consult a lawyer as soon as possible if you are considering seeking a decree for the dissolution of your marriage, as they can provide specific legal advice tailored to your situation and help navigate the legal process.

---
**Sources**
- **[ACT-1]** The Dissolution of Muslim Marriages Act, 1939, Section 2: Grounds for decree for dissolution of marriage — missing husband, maintenance failure, additional wife, imprisonment, marital obligations, impotence, insanity, disease, child marriage repudiation, cruelty, Muslim law grounds *(Status: Amended)*","The Hindu Law of Inheritance (Amendment) Act, 1929",2,False,[],NOT_AVAILABLE,[],"['2', '2', '2', '2']",True,NOT_AVAILABLE,True,['Muslim Family Laws Ordinance'],False,[],,,,
Q078,The Hindu Married Women's Right to Separate Residence and,Which female heirs were introduced into the line of succession under this amendment act?,"Answer Details: This Act altered the traditional order of succession under Mitakshara law by introducing specific female relatives into the line of inheritance immediately after the paternal grandfather. These include the son's daughter, daughter's daughter, and sister. Maintenance Act, 1946","**What This Means For You**
The Hindu Law of Inheritance Act, 1929, introduced new female heirs into the line of succession, affecting how property is inherited. This change impacts the rights of female family members to inherit property from a deceased Hindu male. 

**What the Law Says**
Under Section 2 [ACT-2] of the Hindu Law of Inheritance Act, 1929, a son's daughter, daughter's daughter, sister, and sister's son are now entitled to rank in the order of succession next after a father's father and before a father's brother. A court also ruled that these female heirs have specific rights in the line of succession.

**What You Should Do Now**
1. Review your family's property inheritance structure to understand how this amendment affects you.
2. Identify the female heirs in your family who may be impacted by this change.
3. Consider consulting a licensed lawyer to determine how this amendment applies to your specific situation.

**Evidence to Keep**
- Family tree or genealogy records
- Property deeds or documents
- Records of previous inheritance or succession

**Where to Go / Who to Contact**
District Court or a licensed lawyer specializing in Hindu law and inheritance

**When You Need a Lawyer**
You should consult a lawyer if you are a female heir or a family member affected by the Hindu Law of Inheritance Act, 1929, and need guidance on your rights and obligations regarding property inheritance.

---
**Sources**
- **[ACT-2]** The Hindu Law of Inheritance Act, 1929, Section 2: Order of succession of certain heirs — son's daughter, daughter's daughter, sister, sister's son, Hindu male intestate succession *(Status: Active)*",The Hindu Married Women's Right to Separate Residence and,,False,[],NOT_AVAILABLE,[],"['2', '2']",N/A,NOT_AVAILABLE,False,[],False,[],,,,
Q079,"The Hindu Marriage Registration Act, 2012",What grounds allow a Hindu married woman to claim separate residence and maintenance under Section 2?,"Answer Details: Under Section 2, a Hindu married woman is entitled to separate residence and maintenance from her husband if: 1. He is suffering from a loathsome disease not contracted from her. 2. He treats her with such cruelty as renders it unsafe or undesirable for her to live with him. 3. He is guilty of desertion. 4. He marries again. 5. He ceases to be a Hindu by conversion.","**What This Means For You**
A Hindu married woman in Bangladesh has the right to claim separate residence and maintenance from her husband under certain conditions. This means she can legally separate from her husband and receive financial support if her situation meets specific grounds. This right is crucial for her well-being and safety.

**What the Law Says**
Under Section 2 of the Hindu Married Women's Right to Separate Residence and Maintenance Act, 1946 [ACT-1], a Hindu married woman can claim separate residence and maintenance from her husband on one or more of the following grounds: if he is suffering from a loathsome disease, if he is cruel to her, if he deserts her, if he marries again, if he converts to another religion, if he keeps a concubine, or for any other justifiable cause. A court also ruled in various cases that these grounds are to be considered by the court when determining the right to separate residence and maintenance.

**What You Should Do Now**
1. Review the grounds for separate residence and maintenance under Section 2 [ACT-1] to see if your situation applies.
2. Gather evidence to support your claim, such as medical records for loathsome disease, proof of cruelty, or evidence of desertion.
3. Consult with a lawyer to understand how to proceed with your claim.

**Evidence to Keep**
- Medical records or proof of loathsome disease
- Evidence of cruelty, such as police reports or witness statements
- Proof of desertion, such as letters or witness statements
- Evidence of husband's conversion to another religion
- Evidence of husband keeping a concubine

**Where to Go / Who to Contact**
Contact the Family Court or a lawyer specializing in family law to initiate the process. You can also reach out to the National Helpline for Women (109) for guidance and support.

**When You Need a Lawyer**
You should consult a lawyer as soon as possible if you are considering claiming separate residence and maintenance to ensure your rights are protected and to guide you through the legal process.

---
**Sources**
- **[ACT-1]** The Hindu Married Women's Right to Separate Residence and Maintenance Act, 1946, Section 2: Grounds for claiming separate residence and maintenance — Hindu married women, loathsome disease, cruelty, desertion, remarriage, conversion, concubine, justifiable cause *(Status: Active)*","The Hindu Marriage Registration Act, 2012",2,False,[],NOT_AVAILABLE,[],"['2', '2', '2']",True,NOT_AVAILABLE,False,[],False,[],,,,
Q080,"The Civil Courts Act, 1887",Is Hindu marriage registration compulsory or optional under the Act of 2012?,"Answer Details: Under the Hindu Marriage Registration Act, 2012, the registration of a Hindu marriage is optional and voluntary. Non-registration does not invalidate a marriage contract or ritual performed under Hindu personal law, but registration serves as definitive documentary proof of the marriage before state authorities. Here is Part 2 of your comprehensive legal Q&A collection. It continues with the same structured, section- by-section breakdown across your 28 listed statutes, picking up from Question 36 to Question 75. To turn this into a PDF, you can append this text directly beneath Part 1 in your word processor before exporting. Part 2: Comprehensive Legal Q&A (Questions 36 to 75)","**What This Means For You**
Hindu marriage registration is not mandatory, and couples can choose whether or not to register their marriage. This means that you have the option to register your Hindu marriage if you want to, but it's not required by law.

**What the Law Says**
Under Section 3 of The Hindu Marriage Registration Act, 2012 [ACT-1], the registration of a Hindu marriage is optional, not compulsory. This means that while the law allows for the registration of Hindu marriages, it does not make it a requirement for the marriage to be considered valid.

**What You Should Do Now**
1. Decide with your partner whether you want to register your Hindu marriage.
2. If you choose to register, find out the requirements and procedures for registration in your area.
3. Contact the Hindu Marriage Registrar or a relevant authority to initiate the registration process if you decide to proceed.

**Evidence to Keep**
- Proof of age and identity of both spouses
- Proof of Hindu religion
- Marriage certificate or proof of marriage

**Where to Go / Who to Contact**
Contact the Hindu Marriage Registrar or the local authorities in your area for more information on the registration process.

**When You Need a Lawyer**
You may need a lawyer if you encounter any legal issues or disputes related to your marriage registration, such as problems with the registration process or questions about the validity of your marriage.

---
**Sources**
- **[ACT-1]** The Hindu Marriage Registration Act, 2012, Section 3: Registration of Hindu marriage *(Status: Active)*","The Hindu Marriage Registration Act, 2012","2, 3",False,[],NOT_AVAILABLE,[],"['3', '3']",True,NOT_AVAILABLE,False,[],False,[],,,,
Q081,"The Code of Civil Procedure, 1908 (CPC)","What are the primary rules governing the ""Rejection of a Plaint"" under Order VII, Rule 11?","Answer Details: Order VII, Rule 11 mandates that a plaint shall be rejected by the court under four specific, distinct statutory scenarios: 1. Where it does not disclose a clear cause of action. 2. Where the relief claimed is undervalued, and the plaintiff fails to correct the valuation within the time fixed by the court. 3. Where the relief is properly valued, but the plaint is written upon paper insufficiently stamped, and the plaintiff fails to supply the requisite stamp paper within the court's timeline. 4. Where the suit appears from the statement in the plaint to be barred by any law.","**What This Means For You**
If a plaint is rejected, it means the court has decided that the case cannot proceed due to a significant flaw in the complaint. This can be due to various reasons such as lack of jurisdiction, non-disclosure of cause of action, or failure to pay the required court fees. Understanding the rules governing the rejection of a plaint is crucial to avoid such outcomes and ensure that your case is heard.

**What the Law Says**
Under Order VII, Rule 11 of the Code of Civil Procedure, 1908 [ACT-1], the court has the power to reject a plaint if it does not disclose a cause of action, or if the relief claimed is undervalued, or if the plaint is not properly stamped, among other reasons. The rule outlines specific grounds on which a plaint can be rejected, emphasizing the importance of a well-drafted plaint that meets all legal requirements.

**What You Should Do Now**
1. Ensure your plaint clearly states the cause of action and the relief you are seeking.
2. Verify that your plaint is properly stamped and that all court fees have been paid.
3. Review your plaint for any deficiencies or inaccuracies before submitting it to the court.

**Evidence to Keep**
- A copy of the plaint and all supporting documents.
- Proof of payment of court fees.
- Any correspondence with the court or the defendant.

**Where to Go / Who to Contact**
For legal advice on drafting and filing a plaint, or for assistance with a rejected plaint, contact a licensed lawyer or visit the District Court or the High Court Division of the Supreme Court of Bangladesh.

**When You Need a Lawyer**
You should consult a lawyer immediately if your plaint has been rejected to understand the reasons for the rejection and to explore options for revising and resubmitting the plaint or appealing the court's decision.

---
**Sources**
- **[ACT-1]** The Code of Civil Procedure, 1908, Section 11: Res Judicata thereto. — decree, appeal *(Status: Active)*","The Code of Civil Procedure, 1908 (CPC)",,False,[],NOT_AVAILABLE,[],['11'],N/A,NOT_AVAILABLE,False,[],False,[],,,,
Q082,"The Code of Civil Procedure, 1908 (CPC)","What is the distinction between a ""Review"" (Section 114, Order XLVII) and a ""Revision"" (Section 115)?","Answer Details: ○ Review: Filed in the same court that passed the original decree or order. It is permissible on grounds of discovery of new and important matter/evidence, a mistake or error apparent on the face of the record, or any other sufficient reason. ○ Revision: Filed strictly before a superior court (such as the High Court Division or District Judge as per jurisdiction) against a non-appealable order. It addresses errors of jurisdiction—where the subordinate court has exercised a jurisdiction not vested in it, failed to exercise a jurisdiction vested, or acted with material irregularity.","**What This Means For You**
The distinction between a ""Review"" and a ""Revision"" is crucial in understanding your legal options when you're not satisfied with a court's decision. A Review is a re-examination of a judgment or order, while a Revision is a re-evaluation of a decision by a higher court. This distinction affects how you can challenge a court's decision and which court you should approach.

**What the Law Says**
Under Section 114 of the Code of Civil Procedure, 1908 [ACT-2], a Review is a process where the same court that made the original decision can re-examine it. On the other hand, under Section 115 of the Code of Civil Procedure, 1908 [ACT-1], a Revision is a process where a higher court, such as the High Court Division, can re-evaluate a decision made by a lower court. A court also ruled in Bangladesh represented by the Secretary, Ministry of Establishment and others VS Abdul halim miah and others [DLR-1] that a Review is not a substitute for an appeal, and it can only be done if there's an error apparent on the face of the record.

**What You Should Do Now**
1. Identify the court that made the original decision and check if you can file a Review petition under Section 114.
2. If you're not satisfied with the decision of a lower court, consider filing a Revision petition under Section 115 to the High Court Division.
3. Consult a lawyer to determine the best course of action for your specific case.

**Evidence to Keep**
- A copy of the original court decision
- Any new evidence that was not presented during the original trial
- A detailed account of the error apparent on the face of the record (if applicable)

**Where to Go / Who to Contact**
Contact the court that made the original decision or the High Court Division, depending on your case. You can also reach out to a licensed lawyer for guidance.

**When You Need a Lawyer**
You should consult a lawyer if you're unsure about the distinction between a Review and a Revision or if you need help with filing a petition, as the process can be complex and requires professional legal expertise.

---
**Sources**
- **[ACT-1]** The Code of Civil Procedure, 1908, Section 115: Revision — decree, transfer, appeal, High Court Division *(Status: Amended)*
- **[ACT-2]** The Code of Civil Procedure, 1908, Section 114: Review — decree, judgment, appeal, reference *(Status: Active)*
- **[DLR-1]** Bangladesh represented by the Secretary, Ministry of Establishment and others VS Abdul halim miah and others — DLR (AD) 2005 | Appellate Division | 2005","The Code of Civil Procedure, 1908 (CPC)",,False,[],NOT_AVAILABLE,[],"['114', '115', '114', '115', '115', '114']",N/A,NOT_AVAILABLE,False,[],False,[],,,,
Q083,"The Contract Act, 1872","Under what conditions can a Court order a ""Judgment Debtors"" arrest and detention in civil prison?","Answer Details: Under Section 51 and Order XXI, Rule 37, execution of a decree by detention in prison requires the court to give the judgment-debtor an opportunity to show cause why he should not be committed to prison. The court must be satisfied that the debtor, with the object of obstructing execution, is about to abscond, has dishonestly transferred property, or has the means to pay but refuses/neglects to do so.","**What This Means For You**
A court can order the arrest and detention of a judgment debtor in civil prison under certain conditions, which can have serious consequences for the debtor. It's essential to understand these conditions to avoid such a situation. The court's decision is based on specific criteria, and the debtor's rights and obligations are protected by law.

**What the Law Says**
Under Section 51 of the Code of Civil Procedure, 1908 [ACT-4], a Court may order execution of a decree by arrest and detention in prison, but only if the decree is for the payment of money and the Court, after giving the judgment-debtor an opportunity to show cause, is satisfied that the judgment-debtor has the means to pay the decree or a substantial part of it and refuses or neglects to pay. The Court must record its reasons in writing for ordering the arrest and detention.

**What You Should Do Now**
1. If you are a judgment debtor, ensure you have a valid reason for not paying the decree.
2. Attend the Court hearing and show cause why you should not be committed to prison.
3. Provide evidence of your financial situation and any efforts you have made to pay the decree.

**Evidence to Keep**
- Records of your financial transactions and income
- Proof of any payments made towards the decree
- Documents showing your efforts to pay the decree

**Where to Go / Who to Contact**
If you are a judgment debtor, you should contact the Court that passed the decree or a licensed lawyer for guidance. You can also reach out to the District Court or the Supreme Court of Bangladesh for assistance.

**When You Need a Lawyer**
You should consult a lawyer immediately if you receive a notice of arrest and detention in civil prison to understand your rights and options for defending yourself against the decree.

---
**Sources**
- **[ACT-4]** The Code of Civil Procedure, 1908, Section 51: Powers of Court to enforce execution. — decree, judgment, jurisdiction, transfer *(Status: Amended)*","The Contract Act, 1872",51,False,[],NOT_AVAILABLE,[],"['51', '51']",True,NOT_AVAILABLE,True,['Code of Civil Procedure'],False,[],,,,
Q084,"The Contract Act, 1872",What is the effect of an agreement where both parties are under a mistake as to a matter of fact under Section 20?,"Answer Details: Section 20 establishes that where both the parties to an agreement are under a mistake as to a matter of fact essential to the agreement, the agreement is completely void. Limitation: Section 21 clarifies that a contract is not voidable merely because it was caused by a mistake as to any law in force in Bangladesh; a mistake as to a foreign law has the same effect as a mistake of fact.","**What This Means For You**
If you and the other party in an agreement are both mistaken about a fact that is essential to the agreement, the agreement may be considered void. This means that the agreement may not be enforceable, and you may not be bound by its terms.

**What the Law Says**
Under Section 20 of the Contract Act, 1872 [ACT-1], if both parties to an agreement are under a mistake as to a matter of fact essential to the agreement, the agreement is void. This means that if the mistake is about a fundamental aspect of the agreement, the agreement itself is not valid.

**What You Should Do Now**
1. Review the agreement to determine if the mistake is about a fundamental aspect of the agreement.
2. Consider seeking legal advice to determine if the agreement is void due to the mistake.
3. If the agreement is void, you may need to negotiate a new agreement or seek alternative remedies.

**Evidence to Keep**
- A copy of the agreement
- Documentation of the mistake, including any communications or evidence that shows both parties were mistaken

**Where to Go / Who to Contact**
District Court or a lawyer specializing in contract law

**When You Need a Lawyer**
You should consult a lawyer if you are unsure about the validity of the agreement or if you need help negotiating a new agreement or seeking alternative remedies.

---
**Sources**
- **[ACT-1]** The Contract Act, 1872, Section 20: Agreement void where both parties are under mistake as to matter of fact — agrees *(Status: Amended)*","The Contract Act, 1872",20,False,[],NOT_AVAILABLE,[],"['20', '20']",True,NOT_AVAILABLE,False,[],False,[],,,,
Q085,"The Copyright Act, 2023","Distinguish between ""Liquidated Damages"" and a ""Penalty"" under Section 74 of the Contract Act.","Answer Details: Section 74 eliminates the traditional English common law distinction between liquidated damages and penalties. It states that if a sum is named in the contract as the amount to be paid in case of breach, or if the contract contains any other stipulation by way of penalty, the party complaining of the breach is entitled to receive reasonable compensation not exceeding the amount so named, whether or not actual damage or loss is proved to have been caused.","**What This Means For You**
Liquidated damages and penalties are two concepts in contract law that can have significant financial implications. Understanding the difference between them is crucial to avoid disputes and potential losses. In Bangladesh, the Contract Act, 1872, provides guidance on these concepts.

**What the Law Says**
Under Section 74 of the Contract Act, 1872 [ACT-1], a stipulation for damages in the event of a breach of contract can be either a liquidated damages clause or a penalty. A liquidated damages clause is a genuine pre-estimate of the damages that would be incurred in the event of a breach, and it is enforceable. On the other hand, a penalty is a stipulation that is not a genuine pre-estimate of damages, but rather a punishment for breaching the contract. The court will award reasonable compensation, not exceeding the amount stipulated, if it is considered a penalty.

**What You Should Do Now**
1. Review your contracts to determine if they contain liquidated damages or penalty clauses.
2. Ensure that any liquidated damages clause is a genuine pre-estimate of the potential damages.
3. Consider seeking legal advice to draft or review contracts to avoid potential disputes.

**Evidence to Keep**
- Copies of contracts containing liquidated damages or penalty clauses
- Records of negotiations and agreements regarding damages
- Evidence of the circumstances surrounding the breach of contract

**Where to Go / Who to Contact**
District Courts or the Supreme Court of Bangladesh can provide guidance on contract disputes. For legal advice, consider consulting a licensed lawyer in Bangladesh.

**When You Need a Lawyer**
You should consult a lawyer if you are involved in a contract dispute or if you need assistance in drafting or reviewing a contract to ensure that any liquidated damages or penalty clauses are enforceable and reasonable.

---
**Sources**
- **[ACT-1]** The Contract Act, 1872, Section 74: Compensation for breach of contract where penalty stipulated for — stipulation, entitled, reasonable *(Status: Amended)*","The Copyright Act, 2023",74,False,[],NOT_AVAILABLE,[],"['74', '74']",True,NOT_AVAILABLE,False,[],False,[],,,,
Q086,"The Court Fees Act, 1870","What constitutes a statutory assignment of copyright, and what are its formatting mandates?","Answer Details: Under the Copyright Act, 2023, the owner of a copyright can assign the right to any person. Mandates: The assignment must be executed in writing and signed by the assignor or their duly authorized agent. It must explicitly specify the exact rights assigned, the duration of the assignment, the territorial extent, and the amount of royalty or consideration payable. If the duration is not specifically mentioned, it defaults to a statutory limit of 5 years.","**What This Means For You**
A statutory assignment of copyright is a legal transfer of ownership of a creative work, such as a book, music, or art. This transfer must be in writing and follow specific formatting rules to be valid. If you're a creator or buyer of a copyright, understanding these rules is crucial to ensure a smooth transfer of ownership.

**What the Law Says**
Under Section 18 of the Copyright Act, 2000 [ACT-18] of the Copyright Act, a statutory assignment of copyright must be in writing and signed by the assignor (the person transferring the copyright) or their authorized agent. The assignment must also include the date of the assignment and a clear description of the work being transferred. A court also ruled in various cases that the assignment should be explicit, leaving no doubt about the intention to transfer the copyright.

**What You Should Do Now**
1. Ensure the assignment is in writing and signed by the assignor or their authorized agent.
2. Include the date of the assignment and a clear description of the work being transferred.
3. Specify the scope of the assignment, including the rights being transferred and any limitations.

**Evidence to Keep**
- A signed copy of the assignment agreement
- Proof of the assignor's ownership of the copyright
- Documentation of the transfer, including the date and description of the work

**Where to Go / Who to Contact**
For more information or to register a copyright, contact the Copyright Office, Department of Patents, Designs and Trademarks, Ministry of Industries, Government of the People's Republic of Bangladesh.

**When You Need a Lawyer**
You should consult a lawyer if you're unsure about the validity of a copyright assignment or if a dispute arises regarding the ownership or scope of the assignment.

---
**Sources**
- **[ACT-1]** Trademarks Act, 2009, Section 2: Definitions. *(Status: Active)*
- **[ACT-2]** Trademarks Act, 2009, Section 36: Restrictions on assignment or transmission where multiple exclusive rights would be created. *(Status: Active)*
- **[ACT-3]** Trademarks Act, 2009, Section 48: Registered user not to have right of assignment or transmission. *(Status: Active)*
- **[ACT-4]** Trademarks Act, 2009, Section 37: Restrictions on assignment or transmission when exclusive rights would be created in different parts of Bangladesh. *(Status: Active)*
- **[ACT-5]** Trademarks Act, 2009, Section 40: Registration of assignments and transmissions. *(Status: Active)*
- **[ACT-6]** Trademarks Act, 2009, Section 62: Right conferred by registration of certification trademark. *(Status: Active)*
- **[ACT-7]** Trademarks Act, 2009, Section 1: Short title and commencement. *(Status: Active)*
- **[ACT-8]** Trademarks Act, 2009, Section 3: Registrar of Trademarks, Trademarks Registry, etc. *(Status: Active)*
- **[ACT-9]** Trademarks Act, 2009, Section 35: Assignability and transmissibility of unregistered trademarks *(Status: Active)*
- **[ACT-10]** Trademarks Act, 2009, Section 47: Power of registered to vary or cancel of registration as registered user. *(Status: Active)*
- **[ACT-11]** Trademarks Act, 2009, Section 49: Use of one of associated or substantially identical trademarks equivalent to use of another. *(Status: Active)*
- **[ACT-12]** Trademarks Act, 2009, Section 38: Conditions for assignment otherwise than in connection with the goodwill of a business. *(Status: Active)*
- **[ACT-13]** Trademarks Act, 2009, Section 39: Conditions for assignment and transmission of certification trademarks and associated trademarks. *(Status: Active)*
- **[ACT-14]** Trademarks Act, 2009, Section 41: Use of proposed trademarks by company to be formed. *(Status: Active)*
- **[ACT-15]** Trademarks Act, 2009, Section 61: Deposit of regulations governing the use of a certification trademark. *(Status: Active)*
- **[ACT-16]** Trademarks Act, 2009, Section 63: Infringement of certification trademark. *(Status: Active)*
- **[DLR-1]** Bangladesh, represented by the Secretary, Ministry of Works, Housing and Settlement and ors vs Md Abu Bakar and others — DLR (AD) 2005 | Appellate Division | 2005
- **[DLR-2]** Fatema Khatun and others VS Abdul Quddus — DLR (AD) 2005 | Appellate Division | 2005
- **[DLR-3]** Secretary, Ministry of Food Government of Bangladesh and others vs. Md Sirajuddin Ahmed and others — DLR (AD) 2005 | Appellate Division | 2005
- **[DLR-4]** Government of Bangladesh and another VS Md Afsar Ali and others — DLR (AD) 2003 | Appellate Division | 2003","The Court Fees Act, 1870",,True,['ACT-18'],NOT_AVAILABLE,[],"['18', '2', '36', '48', '37', '40', '62', '1', '3', '35', '47', '49', '38', '39', '41', '61', '63']",N/A,NOT_AVAILABLE,True,['Trademarks Act'],False,[],,,,
Q087,"The Code of Criminal Procedure, 1898 (CrPC)",What is the procedure if a court finds that the net profits or market value of a suit property has been wrongly estimated under Section 9?,"Answer Details: Under Section 9, if the Court has reason to believe that the market value or net profits of any property have been miscalculated, the Court may issue a commission to any proper person, directing him to make a local investigation and report back. Under Section 10, if it is found undervalued, the Court will require the plaintiff to pay the additional fees within a specified timeframe; if unpaid, the suit will be dismissed.","**What This Means For You**
If a court finds that the net profits or market value of a suit property has been wrongly estimated, it may affect the outcome of your case. You may need to provide additional evidence or testimony to correct the estimate. This could impact the amount of compensation or damages awarded in the case.

**What the Law Says**
Under Section 9 of the Trademarks Act, 2009 [ACT-1], no word which is the commonly used and accepted name of any single chemical element or single chemical compound shall be registered as a trademark in respect of a chemical substance or preparation. However, this section does not directly address the procedure for correcting a wrongly estimated net profit or market value. 

**What You Should Do Now**
1. Review the court's decision and understand the reasons for the incorrect estimate.
2. Gather additional evidence or testimony to support a corrected estimate of the net profits or market value.
3. Consult with your lawyer to determine the best course of action to correct the estimate and potentially appeal the decision.

**Evidence to Keep**
- Documents related to the suit property's value, such as appraisals or financial records
- Testimony from experts, such as accountants or appraisers
- Records of any previous estimates or valuations of the property

**Where to Go / Who to Contact**
Contact the District Court or the High Court Division, depending on the level of your case, to understand the procedures for correcting the estimate and potentially appealing the decision. You may also want to consult with a licensed lawyer specializing in trademark law.

**When You Need a Lawyer**
You should consult a lawyer immediately if the court's decision has a significant impact on your case, and you need to appeal or correct the estimate to protect your interests.

---
**Sources**
- **[ACT-1]** Trademarks Act, 2009, Section 9: Prohibition of names of chemical materials. *(Status: Active)*","The Court-fees Act, 1870","9, 10",False,[],NOT_AVAILABLE,[],"['9', '9']",True,NOT_AVAILABLE,True,['Trademarks Act'],False,[],,,,
Q088,"The Code of Criminal Procedure, 1898 (CrPC)",Explain the statutory power of a Magistrate to issue an order in urgent cases of nuisance or apprehended danger under Section 144.,"Answer Details: Section 144 empowers an Executive Magistrate, specially empowered by the Government, to issue an absolute or conditional written order directing any person to abstain from a certain act if the Magistrate considers that such direction is likely to prevent obstruction, annoyance, injury, or danger to human life, health, or safety, or a riot/affray. Duration: Such temporary orders cannot remain in force for more than 2 months unless extended by the government via official notification.","**What This Means For You**
A Magistrate has the power to issue an order to prevent nuisance or danger to public safety, and this order can be made quickly in urgent cases. This means that if there's a situation that could harm people or cause trouble, a Magistrate can step in to prevent it. This power is important for maintaining public order and safety.

**What the Law Says**
Under Section 144 [ACT-1] of the Code of Criminal Procedure, 1898, a Magistrate can issue an order to prevent nuisance or danger to public safety. The law says that if a Magistrate thinks that an order is needed to prevent obstruction, annoyance, or injury to people, or to prevent danger to human life, health, or safety, they can make an order directing someone to abstain from a certain act or to take certain action. This order can be made without giving notice to the person against whom it's made, in cases of emergency.

**What You Should Do Now**
1. If you're affected by a Magistrate's order under Section 144, you should carefully read the order and understand what you're required to do.
2. If you disagree with the order, you can apply to the Magistrate to have it changed or cancelled.
3. You should comply with the order until it's changed or cancelled, as failing to do so can result in legal consequences.

**Evidence to Keep**
- A copy of the Magistrate's order
- Any evidence that shows you've complied with the order
- Any documents that support your application to change or cancel the order

**Where to Go / Who to Contact**
If you need to apply to have a Section 144 order changed or cancelled, you should contact the Magistrate's Court that made the order. You can also seek help from a lawyer or legal aid organization.

**When You Need a Lawyer**
You should consider seeking help from a lawyer if you're unsure about what to do after receiving a Section 144 order, or if you want to challenge the order in court.

---
**Sources**
- **[ACT-1]** The Code of Criminal Procedure, 1898, Section 144: Power to issue order *(Status: Active)*","The Code of Criminal Procedure, 1898 (CrPC)",144,False,[],NOT_AVAILABLE,[],"['144', '144', '144', '144', '144']",True,NOT_AVAILABLE,False,[],False,[],,,,
Q089,"The Code of Criminal Procedure, 1898 (CrPC)",What is the procedure for recording a confession by a Magistrate under Section 164?,"Answer Details: Section 164 allows any Metropolitan Magistrate or Magistrate of the first class to record statements or confessions made during an investigation. Mandatory Safeguards: 1. The Magistrate must explain to the accused person that he is not bound to make a confession and that if he does so, it may be used as evidence against him. 2. The Magistrate must not record it unless he believes it was made voluntarily. 3. A signed statutory memorandum must be appended at the foot of the record confirming these warnings.","**What This Means For You**
If you are a suspect in a criminal case, a Magistrate may record your confession under Section 164 of the Code of Criminal Procedure. This means that the Magistrate will write down what you say and use it as evidence against you. It's essential to understand your rights and the procedure to ensure that your confession is voluntary and recorded correctly.

**What the Law Says**
Under Section 164 [ACT-1] of the Code of Criminal Procedure, a Magistrate can record a confession made by an accused person. The Magistrate must explain to the person that they are not bound to make a confession and that it may be used as evidence against them. The Magistrate must also believe that the confession was made voluntarily. The confession must be recorded in the manner provided in Section 364, and the Magistrate must make a memorandum at the foot of the record stating that they believe the confession was made voluntarily.

**What You Should Do Now**
1. If you are asked to make a confession, ensure that you understand your rights and the implications of making a confession.
2. Request that the Magistrate explain the procedure and your rights before making a confession.
3. If you do not understand the language used by the Magistrate, ask for an interpreter.

**Evidence to Keep**
- A copy of the recorded confession
- Any memorandum made by the Magistrate

**Where to Go / Who to Contact**
If you have concerns about the recording of your confession, you can contact the Magistrate Court or a licensed lawyer for assistance. Legal Aid: 16430 | Police: 999

**When You Need a Lawyer**
You should consult a lawyer immediately if you are asked to make a confession or if you believe that your confession was not recorded correctly.

---
**Sources**
- **[ACT-1]** The Code of Criminal Procedure, 1898, Section 164: Power to record statements and confessions *(Status: Amended)*","The Code of Criminal Procedure, 1898 (CrPC)",164,False,[],NOT_AVAILABLE,[],"['164', '164', '364', '164']",True,NOT_AVAILABLE,False,[],False,[],,,,
Q090,"The Evidence Act, 1872","What is the difference between an ""Acquittal"" and a ""Discharge"" under the CrPC?","Answer Details: ○ Discharge (Sections 241A, 265C): Occurs at the initial stage of the criminal proceedings before charges are formally framed. It happens when the Magistrate or Sessions Judge considers the charge groundless after perusing the police report and case documents. It does not bar a fresh trial if new facts emerge. ○ Acquittal (Sections 245, 265H): Occurs at the conclusion of a full trial when the court finds the accused not guilty after recording evidence from both sides. It operates as a absolute bar to a second trial for the same offence under Section 403 (Autrefois Acquit).","**What This Means For You**
In Bangladesh, if you're facing a criminal case, it's essential to understand the difference between an acquittal and a discharge. An acquittal means you're found not guilty, while a discharge means the case against you is dropped, but it doesn't necessarily mean you're innocent. This distinction can significantly impact your future and reputation.

**What the Law Says**
Under Section 245 [ACT-4] of the Code of Criminal Procedure, 1898, an acquittal occurs when the Magistrate finds the accused not guilty after considering the evidence. On the other hand, under Section 241A [ACT-1], a discharge happens when the Magistrate considers the charge to be groundless and releases the accused. A court also ruled in AHS Rahman vs State [DLR-3] that if the first information report discloses a prima facie case, there's no ground for quashing the proceedings, which can lead to a discharge.

**What You Should Do Now**
1. If you're facing a criminal case, consult a licensed lawyer to understand the specifics of your situation.
2. Ensure you attend all court hearings and follow the legal process.
3. Keep all relevant documents and evidence related to your case.

**Evidence to Keep**
- Copies of the first information report (FIR)
- Charge-sheet documents
- Court orders and judgments
- Any other relevant evidence or witness statements

**Where to Go / Who to Contact**
For legal assistance, contact the Legal Aid Services in Bangladesh (Phone: 16430) or visit the nearest Magistrate Court. For emergency situations, call the Police Helpline (999).

**When You Need a Lawyer**
You should consult a lawyer immediately if you're arrested, charged, or summoned to court to ensure you receive proper legal representation and guidance throughout the process.

---
**Sources**
- **[ACT-1]** The Code of Criminal Procedure, 1898, Section 241A: When accused shall be discharged *(Status: Active)*
- **[ACT-4]** The Code of Criminal Procedure, 1898, Section 245: Acquittal *(Status: Amended)*
- **[DLR-3]** AHS Rahman vs State — DLR (AD) 2005 | Appellate Division | 2005","The Evidence Act, 1872",241A,False,[],NOT_AVAILABLE,[],"['245', '241A', '241A', '245']",True,NOT_AVAILABLE,True,['Code of Criminal Procedure'],False,[],,,,
Q091,"The Evidence Act, 1872","What are the statutory rules governing a ""Dying Declaration"" under Section 32(1)?","Answer Details: Under Section 32(1), statements, written or verbal, of relevant facts made by a person who is dead are admissible when the statement is made by a person as to the cause of his death, or as to any of the circumstances of the transaction which resulted in his death, in cases in which the cause of that person's death comes into question. Validity Criterion: It is admissible even if the person was not under expectation of death at the time the statement was made.","**What This Means For You**
A dying declaration is a statement made by a person who believes they are about to die, regarding the cause or circumstances of what they believe to be their impending death. This can be crucial in criminal investigations and legal proceedings. Understanding the rules governing dying declarations is essential for ensuring that such statements are admissible in court.

**What the Law Says**
Under Section 32(1) of the Evidence Act, 1872 [ACT-1], a dying declaration is an exception to the hearsay rule, allowing the statement of a person who has since died to be used as evidence in court, if it relates to the cause of their death or the circumstances surrounding it. The court must be satisfied that the declarant had a settled and hopeless expectation of death, and that the statement was made in the belief that it would be their last.

**What You Should Do Now**
1. If you or someone you know has made a dying declaration, ensure that it is documented and preserved properly.
2. If you are a witness to a dying declaration, you should provide a detailed account of the statement to the authorities.
3. If you are involved in a case where a dying declaration is being used as evidence, consult with a lawyer to understand its implications.

**Evidence to Keep**
- The statement itself, if written or recorded
- Any witness statements from people who heard the declaration
- Medical records or other evidence of the declarant's condition at the time of the statement

**Where to Go / Who to Contact**
If you need to report a dying declaration or seek legal advice, contact the local police station or a licensed lawyer. You can also reach out to the Bangladesh National Legal Aid Services Organization for assistance.

**When You Need a Lawyer**
You should consult a lawyer if you are involved in a case where a dying declaration is being used as evidence, or if you need help understanding the legal implications of such a statement.

---
**Sources**
- **[ACT-1]** The Specific Relief Act, 1877, Section 32: Presumption as to intent of parties *(Status: Active)*","The Evidence Act, 1872",32(1),False,[],NOT_AVAILABLE,[],"['32(1)', '32']",True,NOT_AVAILABLE,True,['Specific Relief Act'],False,[],,,,
Q092,"The Bangladesh Labour Act, 2006","Explain the principle of ""Estoppel"" under Section 115 of the Evidence Act.","Answer Details: Section 115 defines Estoppel: When one person has, by his declaration, act or omission, intentionally caused or permitted another person to believe a thing to be true and to act upon such belief, neither he nor his representative shall be allowed, in any suit or proceeding between himself and such person or his representative, to deny the truth of that thing. It acts as a rule of evidence that prevents a party from blowing hot and cold.","**What This Means For You**
The principle of Estoppel is a legal concept that prevents someone from denying or contradicting something they have previously stated or done, if it would be unfair to others who have relied on that statement or action. This means that if you have made a statement or taken an action that has led someone to believe something is true, you may not be able to later deny it or claim the opposite.

**What the Law Says**
Under Section 115 of the Evidence Act [ACT-1], Estoppel is defined as a situation where one person has, by their declaration, act, or omission, intentionally caused or permitted another person to believe a thing to be true and to act upon such belief. The law states that neither the person who made the statement nor their representative can later deny the truth of that thing in any suit or proceeding between themselves and the person who was led to believe it.

**What You Should Do Now**
1. Be careful when making statements or taking actions that could be relied upon by others.
2. Consider the potential consequences of your words or actions on others.
3. If you have made a statement or taken an action that could be considered an estoppel, seek legal advice to understand your obligations and potential liabilities.

**Evidence to Keep**
- Records of any statements or actions that could be considered an estoppel
- Correspondence or communications related to the statement or action
- Documents or evidence that show reliance on the statement or action by others

**Where to Go / Who to Contact**
If you need to understand how the principle of Estoppel applies to your specific situation, contact a licensed lawyer or the Bangladesh Bar Council for guidance.

**When You Need a Lawyer**
You should consult a lawyer if you are involved in a dispute or lawsuit where the principle of Estoppel is being raised, or if you need advice on how to navigate a situation where you may be estopped from denying or contradicting a previous statement or action.

---
**Sources**
- **[ACT-1]** The Evidence Act, 1872, Section 115: Estoppel — one, has, declaration, act, omission, intentionally, caused, permitted *(Status: Active)*","The Bangladesh Labour Act, 2006",115,False,[],NOT_AVAILABLE,[],"['115', '115']",True,NOT_AVAILABLE,True,['Evidence Act'],False,[],,,,
Q093,"The Limitation Act, 1908","What is the statutory layout for ""Maternity Benefit"" calculations and leave periods under Section 46?","Answer Details: Under Section 46, every woman worker is entitled to maternity leave for a total period of 16 weeks (8 weeks preceding the expected day of delivery and 8 weeks immediately following delivery). Eligibility: She must have worked under the employer for a total period of not less than 6 months immediately preceding the date of her delivery. Payment is calculated based on her average daily or weekly wage across the immediate past 3 months.","**What This Means For You**
As a woman worker in Bangladesh, you are entitled to maternity benefits and leave under the law. This means you can take time off work before and after giving birth and receive financial support during this period. The law is designed to protect your rights and ensure you can care for your newborn without worrying about your job or income.

**What the Law Says**
Under Section 46 [ACT-1] of the Bangladesh Labour Act, 2006, every woman worker is entitled to maternity benefit from her employer for 8 weeks before and 8 weeks after delivery, provided she has worked under her employer for at least 6 months before delivery. The maternity benefit is calculated based on her daily, weekly, or monthly average wages, as specified in Section 48 [ACT-2] of the Act.

**What You Should Do Now**
1. Check your employment contract or company policies to see if they provide for maternity leave and benefits.
2. Inform your employer in writing or orally about your expected delivery date and provide the required notice period.
3. Ensure you have worked for your employer for at least 6 months before delivery to be eligible for maternity benefits.

**Evidence to Keep**
- Proof of employment and duration of work with your employer
- Medical certificate or proof of expected delivery date
- Notice given to your employer regarding your maternity leave

**Where to Go / Who to Contact**
If you have any issues or concerns about your maternity benefits or leave, you can contact the Department of Labour or the Bangladesh Labour Court for assistance.

**When You Need a Lawyer**
You should consult a lawyer if your employer denies you maternity benefits or leave, or if you face any discrimination or harassment at work related to your pregnancy or maternity leave.

---
**Sources**
- **[ACT-1]** The Bangladesh Labour Act, 2006, Section 46: Right to maternity benefit and liability for its payment *(Status: Active)*
- **[ACT-2]** The Bangladesh Labour Act, 2006, Section 48: Amount of maternity benefit *(Status: Active)*","The Limitation Act, 1908",46,False,[],NOT_AVAILABLE,[],"['46', '48', '46', '48']",True,NOT_AVAILABLE,True,['Bangladesh Labour Act'],False,[],,,,
Q094,"The Negotiable Instruments Act, 1881 (NI Act)","How does ""Legal Disability"" affect the calculation of limitation periods under Section 6?","Answer Details: Under Section 6, if a person entitled to institute a suit or make an application for the execution of a decree is, at the time from which the period of limitation is to be reckoned, a minor, insane, or an idiot, he may institute the suit or make the application within the same period after the disability has ceased, as would otherwise have been allowed from the time prescribed.","**What This Means For You**
If you or someone you know is a minor, insane, or an idiot, and has a right to institute a suit or make an application, the time limit to do so may be extended. This means you may have more time to take legal action than you think.

**What the Law Says**
Under Section 6 of the Limitation Act, 1908 [ACT-1], if a person is under a legal disability, such as being a minor, insane, or an idiot, the limitation period will be extended. The law states that the person may institute a suit or make an application within the same period after the disability has ceased, as would otherwise have been allowed from the time prescribed in the law. For example, if a minor has a right to sue, they may do so within the same period after they attain majority.

**What You Should Do Now**
1. Determine if you or the person in question is under a legal disability.
2. Calculate the original limitation period as per the law.
3. If the disability has ceased, calculate the extended limitation period from the date the disability ceased.

**Evidence to Keep**
- Proof of age (for minors)
- Medical certificates (for insanity or idiocy)
- Documents showing the date the disability ceased

**Where to Go / Who to Contact**
Contact a lawyer or the court where you intend to file the suit to confirm the calculation of the limitation period.

**When You Need a Lawyer**
You should consult a lawyer if you are unsure about how to calculate the limitation period or if you need help with filing a suit, especially if the disability has ceased and you are nearing the end of the extended limitation period.

---
**Sources**
- **[ACT-1]** The Limitation Act, 1908, Section 6: Legal disability — minors, insanity, idiots, limitation extension *(Status: Active)*","The Negotiable Instruments Act, 1881 (NI Act)",6,False,[],NOT_AVAILABLE,[],"['6', '6']",True,NOT_AVAILABLE,True,['Limitation Act'],False,[],,,,
Q095,"The Public Demands Recovery Act, 1913 (PDR Act)",What are the statutory presumptions regarding negotiable instruments under Section 118?,"Answer Details: Section 118 mandates that until the contrary is proved, the following presumptions shall be made: 1. Of Consideration: That every negotiable instrument was made or drawn for consideration. 2. As to Date: That it was drawn on the date it bears. 3. As to Time of Acceptance: That it was accepted within a reasonable time after its date and before its maturity. 4. As to Order of Indorsements: That the indorsements appearing upon it were made in the order in which they appear.","**What This Means For You**
If you're dealing with negotiable instruments like checks or bills of exchange, there are certain assumptions that the law makes about their validity. This can affect how you handle these instruments and what you can expect from others.

**What the Law Says**
Under Section 118 [ACT-1] of the Negotiable Instruments Act, 1881, there are certain statutory presumptions regarding negotiable instruments. The law assumes that every negotiable instrument was made or drawn for consideration, and that every such instrument, when it has been accepted, indorsed, negotiated, or transferred, was accepted, indorsed, negotiated, or transferred for consideration. Additionally, the law presumes that every negotiable instrument bearing a date was made or drawn on that date, and that every accepted bill of exchange was accepted within a reasonable time after its date and before its maturity.

**What You Should Do Now**
1. Be aware of these presumptions when dealing with negotiable instruments.
2. Ensure that all transactions involving negotiable instruments are properly documented.
3. Verify the authenticity and validity of negotiable instruments before accepting or transferring them.

**Evidence to Keep**
- Records of all transactions involving negotiable instruments
- Copies of negotiable instruments, including checks and bills of exchange
- Documentation of acceptance, indorsement, negotiation, or transfer of negotiable instruments

**Where to Go / Who to Contact**
For questions or concerns about negotiable instruments, contact a licensed lawyer or the Bangladesh Bank.

**When You Need a Lawyer**
You should consult a lawyer if you are involved in a dispute or legal issue related to negotiable instruments, such as a check bouncing or a bill of exchange being dishonored.

---
**Sources**
- **[ACT-1]** The Negotiable Instruments Act, 1881, Section 118: Presumptions as to negotiable instruments *(Status: Active)*","The Public Demands Recovery Act, 1913 (PDR Act)",118,False,[],NOT_AVAILABLE,[],"['118', '118']",True,NOT_AVAILABLE,False,[],False,[],,,,
Q096,"The Penal Code, 1860",How can a certificate-debtor challenge a filed certificate under Section 9?,"Answer Details: Under Section 9, a certificate-debtor may, within 30 days from the service of the notice under Section 7, or where no notice has been served, within 30 days from the execution of any process for enforcing the certificate, file a written petition of objection denying his liability in whole or in part before the Certificate-officer. The officer will then hear and determine the objection under Section 10.","**What This Means For You**
A certificate-debtor can challenge a filed certificate by presenting a petition to the Certificate-officer within 30 days of receiving the notice. This is an opportunity for the debtor to dispute the liability and potentially have the certificate modified or set aside.

**What the Law Says**
Under Section 9 [ACT-1] of the Public Demands Recovery Act, 1913, a certificate-debtor may present a petition to the Certificate-officer denying liability, in whole or in part, within 30 days from the service of the notice required by section 7. The petition must be in the prescribed form, signed, and verified in the prescribed manner. A court also ruled in various cases that the petition should be made in a timely manner and with proper grounds for denying liability.

**What You Should Do Now**
1. Review the notice and certificate to understand the claim made against you.
2. Prepare a petition denying liability, in whole or in part, and ensure it is in the prescribed form.
3. Submit the petition to the Certificate-officer within 30 days of receiving the notice.

**Evidence to Keep**
- Copy of the notice received
- Copy of the certificate
- Prepared petition denying liability
- Proof of submission of the petition to the Certificate-officer

**Where to Go / Who to Contact**
Contact the Certificate-officer in whose office the original certificate is filed, or the Certificate-officer who is executing the certificate, to submit the petition.

**When You Need a Lawyer**
You should consider consulting a lawyer if your petition is rejected or if you are unsure about the grounds for denying liability or the procedure for challenging the certificate.

---
**Sources**
- **[ACT-1]** The Public Demands Recovery Act, 1913, Section 9: Filing of petition denying liability — thirty-day petition, prescribed form, transfer for disposal *(Status: Active)*","The Penal Code, 1860",9,False,[],NOT_AVAILABLE,[],"['9', '7', '9']",True,NOT_AVAILABLE,False,[],False,[],,,,
Q097,"The Registration Act, 1908","What constitutes ""Culpable Homicide"" under Section 299, and how does it differ from ""Murder"" under Section 300?","Answer Details: ○ Culpable Homicide (Section 299): Whoever causes death by doing an act with the intention of causing death, or with the intention of causing such bodily injury as is likely to cause death, or with the knowledge that he is likely by such act to cause death. ○ Murder (Section 300): Culpable homicide is murder if the act by which death is caused is done with the absolute intention of causing death, or if the bodily injury intended is sufficient in the ordinary course of nature to cause death, or the act is so imminently dangerous that it must in all probability cause death. Section 300 contains specific, higher thresholds of certainty and malicious intent, alongside 5 explicit statutory exceptions.","**What This Means For You**
Culpable homicide and murder are two serious crimes under the Penal Code, 1860. Understanding the difference between them is crucial to know the severity of the offense and the corresponding punishment. If you or someone you know is involved in a situation where someone's death has occurred, it's essential to understand the distinction between these two crimes.

**What the Law Says**
Under Section 299 of the Penal Code, 1860 [ACT-1], culpable homicide is defined as causing death by doing an act with the intention of causing death, or with the intention of causing such bodily injury as is likely to cause death, or with the knowledge that the act is likely to cause death. On the other hand, under Section 300 of the Penal Code, 1860 [ACT-2], murder is defined as culpable homicide with the intention of causing death, or with the intention of causing such bodily injury as the offender knows to be likely to cause the death of the person to whom the harm is caused. A court also ruled in various cases [DLR-1, DLR-2, DLR-3] that the distinction between culpable homicide and murder lies in the intention and knowledge of the offender.

**What You Should Do Now**
1. If you are involved in a situation where someone's death has occurred, seek legal counsel immediately to understand the specific circumstances and potential charges.
2. If you are a witness to such an incident, cooperate with the authorities and provide accurate information to help determine the nature of the offense.
3. If you are a family member or friend of the deceased, consider seeking support from a legal aid organization or a licensed lawyer to navigate the legal process.

**Evidence to Keep**
- Any witness statements or accounts of the incident
- Medical reports or autopsy results
- Police reports or investigation documents
- Any other relevant evidence that may help determine the intention and knowledge of the offender

**Where to Go / Who to Contact**
Contact the local police station or the nearest court to report the incident and seek guidance. You can also reach out to the Legal Aid Services (16430) or the National Helpline (109) for support.

**When You Need a Lawyer**
You should consult a licensed lawyer immediately if you are accused of culpable homicide or murder, or if you are a family member or friend of the deceased and need guidance on the legal process.

---
**Sources**
- **[ACT-1]** The Penal Code, 1860, Section 299: Culpable homicide *(Status: Active)*
- **[ACT-2]** The Penal Code, 1860, Section 300: Murder *(Status: Active)*","The Registration Act, 1908",299,False,[],NOT_AVAILABLE,[],"['299', '300', '299', '300']",True,NOT_AVAILABLE,True,['Penal Code'],False,[],,,,
Q098,"The Specific Relief Act, 1877",What is the time limit for presenting a document for compulsory registration under Section 23?,"Answer Details: Under Section 23, subject to certain statutory exceptions (such as a Will), no document other than a will shall be accepted for registration unless presented for that purpose to the proper officer within 4 months from the date of its execution.","**What This Means For You**
The time limit for presenting a document for compulsory registration is crucial to ensure your rights are protected. If you miss this deadline, your document may not be considered valid. 

**What the Law Says**
Under Section 23 of the [Registration Act], the law requires that certain documents be registered within a specific timeframe. However, the provided acts do not explicitly mention Section 23 of the Registration Act. 

**What You Should Do Now**
1. Check the specific act or law that applies to your situation to determine the correct timeframe.
2. Verify the requirements for compulsory registration with the relevant authorities or a licensed lawyer.
3. Ensure you present your document for registration within the specified time limit to avoid any potential issues.

**Evidence to Keep**
- A copy of the document to be registered
- Proof of submission for registration

**Where to Go / Who to Contact**
Sub-Registrar's Office or a licensed lawyer specializing in property law

**When You Need a Lawyer**
You should consult a lawyer if you are unsure about the registration process or the specific timeframe applicable to your situation.

---
**Sources**
- **[ACT-1]** The Information & Communication Technology Act, 2006, Section 23: Application for licence — prescribed form, certification practice statement, identification documents, fees payment *(Status: Active)*
- **[ACT-2]** The Information & Communication Technology Act, 2006, Section 22: Licence to issue Digital Signature Certificate — application to Controller, qualifications, manpower, financial resources, validity, non-transferable *(Status: Active)*
- **[ACT-3]** The Information & Communication Technology Act, 2006, Section 88: Power of Government to make rules — digital signature authentication, electronic filing, Controller qualifications, licence validity, fees, investigation procedure, Official Gazette *(Status: Active)*
- **[ACT-4]** The Information & Communication Technology Act, 2006, Section 24: Renewal of licence — automatic renewal, prescribed procedure, fees *(Status: Active)*
- **[ACT-5]** The Information & Communication Technology Act, 2006, Section 21: Controller to act as repository — Digital Signature Certificates repository, secrecy, security hardware and software standards *(Status: Active)*
- **[ACT-6]** The Information & Communication Technology Act, 2006, Section 87: Augmented use of few definitions used in few acts — document definition expanded, Penal Code section 29, Evidence Act section 3, Banker's Books Evidence Act section 2(3), electronic machine or technology *(Status: Active)*
- **[ACT-7]** The Information & Communication Technology Act, 2006, Section 89: Power of Controller to make regulations — disclosure record database, foreign Certifying Authority conditions, licence terms, certification standards, manner of disclosure *(Status: Active)*
- **[DLR-1]** Secretary, Ministry of Food Government of Bangladesh and others vs. Md Sirajuddin Ahmed and others — DLR (AD) 2005 | Appellate Division | 2005
- **[DLR-2]** Fatema Khatun and others VS Abdul Quddus — DLR (AD) 2005 | Appellate Division | 2005
- **[DLR-3]** Bangladesh represented by the Secretary, Ministry of Establishment and others VS Abdul halim miah and others — DLR (AD) 2005 | Appellate Division | 2005
- **[DLR-4]** AHS Rahman vs State — DLR (AD) 2005 | Appellate Division | 2005","The Specific Relief Act, 1877",23,False,[],NOT_AVAILABLE,[],"['23', '23', '23', '22', '88', '24', '21', '87', '29', '3', '2(3)', '89']",True,NOT_AVAILABLE,True,"['Penal Code', 'Evidence Act', 'Registration Act']",False,[],,,,
Q099,"The Suits Valuation Act, 1887","Under what circumstances can a contract be ""Specifically Enforced"" under Section 12?","Answer Details: Section 12 establishes that the specific performance of any contract may, in the discretion of the Court, be enforced: 1. When the act agreed to be done is in the performance, wholly or partly, of a trust. 2. When there exists no standard for ascertaining the actual damage caused by the non-performance of the act. 3. When the act agreed to be done is such that pecuniary compensation for its non- performance would not afford adequate relief.","**What This Means For You**
A contract can be specifically enforced under certain circumstances, which means a court can order a party to perform their obligations as agreed upon in the contract. This is important because it ensures that parties fulfill their commitments and can provide relief when monetary compensation is not sufficient.

**What the Law Says**
Under Section 12 of the Specific Relief Act, 1877 [ACT-1], a contract can be specifically enforced when the act agreed to be done is in the performance of a trust, or when there is no standard for ascertaining the actual damage caused by non-performance, or when pecuniary compensation for non-performance would not afford adequate relief, or when it is probable that pecuniary compensation cannot be got for the non-performance.

**What You Should Do Now**
1. Review your contract to see if it falls under any of the categories mentioned in Section 12.
2. Determine if monetary compensation would be sufficient in case of a breach or if specific performance is necessary.
3. Consult with a lawyer to understand your options and the best course of action.

**Evidence to Keep**
- A copy of the contract
- Documentation of any breach or non-performance
- Evidence of attempts to resolve the issue amicably

**Where to Go / Who to Contact**
District Court or a lawyer specializing in contract law.

**When You Need a Lawyer**
You should consult a lawyer if the other party has breached the contract and you are seeking specific performance, as this is a complex legal process that requires professional guidance.

---
**Sources**
- **[ACT-1]** The Specific Relief Act, 1877, Section 12: Cases in which specific performance enforceable *(Status: Amended)*","The Suits Valuation Act, 1887",12,False,[],NOT_AVAILABLE,[],"['12', '12', '12']",True,NOT_AVAILABLE,True,['Specific Relief Act'],False,[],,,,
Q100,"The Income Tax Act, 2023",What are the consequences of entertaining a suit beyond a court's pecuniary limits due to overvaluation/undervaluation under Section 11?,Answer Details: Section 11 states that an objection that a Court which had no jurisdiction with respect to a suit or appeal did entertain it by reason of overvaluation or undervaluation shall not be entertained by an Appellate Court unless: 1. The objection was taken in the Court of first instance at or before the hearing at which issues were first framed; or 2. The Appellate Court is satisfied that the mistake has prejudicially affected the disposal of the suit on its merits.,"**What This Means For You**
If a court entertains a suit beyond its pecuniary limits due to overvaluation or undervaluation, it may lead to the suit being dismissed or the decision being appealed. This can cause delays and additional costs for the parties involved.

**What the Law Says**
Under Section 6 [ACT-4] of the Code of Civil Procedure, 1908, a court cannot try a suit where the amount or value of the subject-matter exceeds the pecuniary limits of its ordinary jurisdiction. Additionally, Section 11 [ACT-1] of the same Act states that a court shall not try a suit where the matter in issue has been directly and substantially in issue in a former suit between the same parties. If a court entertains a suit beyond its pecuniary limits, it may be considered a violation of Section 6 [ACT-4].

**What You Should Do Now**
1. Verify the pecuniary limits of the court where the suit is being filed.
2. Ensure that the valuation of the subject-matter is accurate to avoid overvaluation or undervaluation.
3. If the court has already entertained the suit, consider seeking legal advice to determine the best course of action.

**Evidence to Keep**
- Documentation of the subject-matter's valuation
- Records of the court's pecuniary limits
- Any relevant correspondence or notices from the court

**Where to Go / Who to Contact**
District Court or the relevant court where the suit is being filed. For legal assistance, contact the Bangladesh Bar Council or a licensed lawyer.

**When You Need a Lawyer**
You should consult a lawyer if the court's decision to entertain the suit beyond its pecuniary limits is being appealed or if you need guidance on how to proceed with the case.

---
**Sources**
- **[ACT-1]** The Code of Civil Procedure, 1908, Section 11: Res Judicata thereto. — decree, appeal *(Status: Active)*
- **[ACT-4]** The Code of Civil Procedure, 1908, Section 6: Pecuniary Jurisdiction. *(Status: Active)*","The Income Tax Act, 2023",11,False,[],NOT_AVAILABLE,[],"['6', '11', '6', '11', '6']",True,NOT_AVAILABLE,True,['Code of Civil Procedure'],False,[],,,,
Q101,"The Stamp Act, 1899","What constitutes ""Income from Salaries"" and what statutory deductions are permitted under the current Income Tax Act?","Answer Details: Under the current provisions of the Income Tax Act, 2023, income from salaries encompasses basic salary, allowances, bonuses, perquisites, and any gratuities received from an employer. Permissible statutory deductions include employee contributions to a recognized provident fund, government-approved social security funds, and specific non-taxable basic allowance thresholds determined annually by the finance schedules.","**What This Means For You**
If you're a salaried individual in Bangladesh, understanding what constitutes ""Income from Salaries"" and the permitted statutory deductions can help you navigate your tax obligations and potentially reduce your tax liability. This knowledge can also assist you in ensuring your employer is correctly deducting taxes and providing you with the necessary benefits.

**What the Law Says**
Under Section 40 of the Income Tax Act, 2023 [ACT-1], ""Income from Salaries"" includes any salary, wage, or remuneration paid to an employee, whether in cash or kind. The Act also permits certain statutory deductions, such as contributions to approved superannuation funds, provident funds, and pension schemes. Additionally, Section 42 of the Income Tax Act, 2023 [ACT-2], allows for deductions on account of expenses incurred in relation to employment, such as travel expenses and professional fees.

**What You Should Do Now**
1. Review your employment contract and salary slip to understand your income components and deductions.
2. Verify that your employer is deducting taxes correctly and providing you with the necessary benefits, such as contributions to approved superannuation funds.
3. Consult with your employer or a tax professional to ensure you are taking advantage of all permitted statutory deductions.

**Evidence to Keep**
- Employment contract
- Salary slips
- Records of contributions to approved superannuation funds, provident funds, and pension schemes
- Receipts for expenses incurred in relation to employment

**Where to Go / Who to Contact**
For more information or assistance, you can contact the National Board of Revenue (NBR) or a licensed tax consultant. You can also reach out to the NBR helpline at 01572-696969.

**When You Need a Lawyer**
You should consult a lawyer if you are facing a tax dispute or audit, or if you need assistance with complex tax planning and compliance matters.

---
**Sources**
- **[ACT-1]** আয়কর আইন, ২০২৩, Section 41: ধারা ৪১ — ধারা ৪১, Section 41, আয়কর, income tax, tax law, Bangladesh tax *(Status: Active)*
- **[ACT-2]** আয়কর আইন, ২০২৩, Section 42: ]কৃিষ হইেতআয় খােতআয় গণনারক্ষেত্রঅনুেমািদতসাধারণিবেয়াজনসমূহ — ধারা ৪২, Section 42, আয়কর, income tax, tax law, Bangladesh tax *(Status: Active)*","The Stamp Act, 1899",,False,[],NOT_AVAILABLE,[],"['40', '42', '41', '41', '42', '42']",N/A,NOT_AVAILABLE,True,['Income Tax Act'],False,[],,,,
Q102,"The Trademarks Act, 2009",Who is liable to pay the stamp duty on a sale/conveyance deed under Section 29?,"Answer Details: Under Section 29(c), in the absence of an explicit written agreement between the contracting parties to the contrary, the expense of providing the proper stamp duty shall be borne by the grantee or transferee (the buyer) in the case of a conveyance or sale deed.","**What This Means For You**
When you're buying or selling a property, you need to know who's responsible for paying the stamp duty on the sale or conveyance deed. This is an important cost to consider when transferring property.

**What the Law Says**
Under Section 29 of the Stamp Act, 1899 [ACT-1], in the case of a conveyance (including a re-conveyance of mortgaged property), the stamp duty is payable by the grantee, which means the buyer of the property. This section outlines the specific responsibilities for paying stamp duty on various types of instruments, including conveyances.

**What You Should Do Now**
1. Review your sale or conveyance deed to understand the terms and conditions, including who is responsible for paying the stamp duty.
2. Ensure that you, as the buyer, are prepared to pay the stamp duty as required by law.
3. Consult with a legal professional if you have any questions or concerns about the stamp duty or the conveyance process.

**Evidence to Keep**
- A copy of the sale or conveyance deed
- Receipt for the stamp duty payment

**Where to Go / Who to Contact**
For questions about stamp duty or the conveyance process, you can contact the Collector's office or a licensed lawyer specializing in property law.

**When You Need a Lawyer**
You should consult a lawyer if you're unsure about your obligations or rights regarding the payment of stamp duty on a sale or conveyance deed, or if a dispute arises regarding the payment of stamp duty.

---
**Sources**
- **[ACT-1]** The Stamp Act, 1899, Section 29: Duties by whom payable. *(Status: Active)*","The Trademarks Act, 2009",29(c),False,[],NOT_AVAILABLE,[],"['29', '29']",True,NOT_AVAILABLE,False,[],False,[],,,,
Q103,"The Transfer of Property Act, 1882 (TPA)",What is the initial term of a trademark registration and its renewal mechanism under Section 22?,"Answer Details: Under Section 22, the registration of a trademark is valid for an initial term of 7 years from the date of application. It can be extended continuously for successive periods of 10 years upon filing a renewal application in the prescribed manner and paying the required statutory renewal fees before the expiration of the active registration.","**What This Means For You**
The initial term of a trademark registration in Bangladesh is 7 years, after which it can be renewed for a period of 10 years. This means you need to renew your trademark registration every 10 years to maintain its validity.

**What the Law Says**
Under Section 22 of the Trademarks Act, 2009 [ACT-1], the registration of a trademark shall be for a period of 7 years, but may be renewed from time to time. The Registrar shall renew the registration of the trademark for a period of 10 years from the date of expiration of the original registration or as the case may be, of the last renewal of registration, on application made by the registered proprietor of a trademark in the prescribed manner and within the prescribed period.

**What You Should Do Now**
1. Check the expiration date of your trademark registration.
2. Apply for renewal within the prescribed period before the expiration date.
3. Ensure you comply with the conditions and pay the prescribed fees for renewal.

**Evidence to Keep**
- Registration certificate
- Renewal application
- Payment receipt for renewal fees

**Where to Go / Who to Contact**
Contact the Trademarks Registry Wing of the Department of Patents, Designs and Trademarks for renewal of your trademark registration.

**When You Need a Lawyer**
You should consult a lawyer if your trademark registration is refused or if you receive an opposition notice from another party, or if you need assistance with the renewal process.

---
**Sources**
- **[ACT-1]** Trademarks Act, 2009, Section 22: Duration, renewal and restoration of registration. *(Status: Active)*","The Transfer of Property Act, 1882 (TPA)",22,False,[],NOT_AVAILABLE,[],"['22', '22']",True,NOT_AVAILABLE,True,['Trademarks Act'],False,[],,,,
Q104,"The Land Reforms Act, 2023","Define ""Sale"" and explain how a transfer of title is effected under Section 54 of the TPA.","Answer Details: Section 54 defines ""Sale"" as a transfer of ownership in exchange for a price paid or promised or part-paid and part-promised. Execution: A transfer of tangible immovable property of the value of 100 Taka and upwards, or in the case of a reversion or other intangible thing, can be made only by a registered instrument. (Note: In Bangladesh, all sales of immovable property require compulsory registration regardless of value due to structural updates).","**What This Means For You**
A sale is a transfer of ownership in exchange for a price, and understanding how it works is crucial for any property transaction in Bangladesh. The Transfer of Property Act (TPA) outlines the process, ensuring a smooth and legal transfer of ownership.

**What the Law Says**
Under Section 54 of the Transfer of Property Act, 1882 [ACT-1], a ""sale"" is defined as a transfer of ownership in exchange for a price paid or promised, or part-paid and part-promised. This transfer can be made only by a registered instrument, especially for tangible immovable property. The delivery of tangible immovable property takes place when the seller places the buyer, or such person as he directs, in possession of the property.

**What You Should Do Now**
1. Ensure that the sale agreement is in writing and registered under the Registration Act, 1908.
2. Verify that the seller has the authority to transfer the property and that the property is free from any encumbrances.
3. Ensure that the buyer is put in possession of the property as part of the transfer process.

**Evidence to Keep**
- Registered sale deed
- Proof of payment of the purchase price
- Documents showing possession of the property

**Where to Go / Who to Contact**
Sub-Registrar's Office for registration of the sale deed; contact the local authorities or a licensed lawyer for guidance on the process.

**When You Need a Lawyer**
You should consult a lawyer if there are any disputes or complications in the sale process, or if you need assistance in drafting or registering the sale deed.

---
**Sources**
- **[ACT-1]** The Transfer of Property Act, 1882, Section 54: Sale defined *(Status: Active)*","The Land Reforms Act, 2023",54,False,[],NOT_AVAILABLE,[],"['54', '54']",True,NOT_AVAILABLE,True,"['Transfer of Property Act', 'Registration Act']",False,[],,,,
Q105,"The Non-Agricultural Tenancy Act, 1949 (NAT Act)","What protections are given to ""Bargadars"" (sharecroppers) under the Land Reforms Act, 2023?","Answer Details: The Land Reforms Act, 2023, provides updated legal safeguards for Bargadars. Any barga contract must be explicitly made in writing for a statutory period. A barga contract cannot be terminated arbitrarily unless the bargadar fails to cultivate the land properly, fails to deliver the owner's share of the harvest without reasonable cause, or uses the land for non-agricultural operations.","**What This Means For You**
As a bargadar (sharecropper), you have rights and protections under the Land Reforms Act, 2023, to ensure fair treatment and security in your tenancy agreement. These protections aim to prevent exploitation and provide a stable environment for you to cultivate the land.

**What the Law Says**
Under Section 12 [ACT-3] of the Land Reforms Act, 2023, the produce of any sharecropper shall be divided between the owner and the tenant farmer, with the owner receiving one-third for the land, the tenant farmer receiving one-third for their labor, and the remaining one-third to be shared in proportion to the cost of cultivation. Additionally, Section 15 [ACT-1] prohibits cultivation of land without a sharecropping agreement or as an employee or laborer. A court may also settle disputes arising from division or assignment of produce, termination of the barga agreement, or determination of the place for harvesting and threshing of crops, as per Section 16 [ACT-8].

**What You Should Do Now**
1. Ensure you have a written sharecropping agreement with the landowner, as prescribed by the rules.
2. Verify the division of produce according to Section 12 [ACT-3] of the Land Reforms Act, 2023.
3. Familiarize yourself with the provisions of the Act, especially regarding termination of the barga agreement and dispute resolution.

**Evidence to Keep**
- A copy of the written sharecropping agreement
- Records of produce division and payment
- Any communication with the landowner regarding the agreement or disputes

**Where to Go / Who to Contact**
For any disputes or concerns, contact the Assistant Commissioner (Land) or the prescribed authority under the Land Reforms Act, 2023. You can also reach out to the Ministry of Land for guidance and support.

**When You Need a Lawyer**
If you are facing a dispute with the landowner or need assistance in understanding your rights under the Land Reforms Act, 2023, it is essential to consult a licensed Bangladeshi lawyer specializing in land law.

---
**Sources**
- **[ACT-1]** Land Reforms Act, 2023, Section 15: Prohibition and restrictions on cultivation *(Status: Active)*
- **[ACT-3]** Land Reforms Act, 2023, Section 12: Division of produce of barga land *(Status: Active)*
- **[ACT-8]** Land Reforms Act, 2023, Section 16: Dispute resolution *(Status: Active)*","The Non-Agricultural Tenancy Act, 1949 (NAT Act)",,False,[],NOT_AVAILABLE,[],"['12', '15', '16', '12', '15', '12', '16']",N/A,NOT_AVAILABLE,True,['Land Reforms Act'],False,[],,,,
Q107,"The State Acquisition and Tenancy Act, 1950 (SAT Act)",Explain the right of a co-sharer to buy out a stranger who has purchased a share in a dwelling-house under Section 4.,"Answer Details: Under Section 4, where a share of a dwelling-house belonging to an undivided family has been transferred to a person who is not a member of such family, and such transferee sues for partition, the court shall—if any member of the family being a shareholder shall undertake to buy the share of such transferee—make a valuation of such share and direct the sale of it to such shareholder. This prevents external strangers from forcing entry into a private family home.","**What This Means For You**
If someone outside your family buys a share of your family's dwelling-house, you have the right to buy out that share under certain conditions. This means you can prevent a stranger from becoming a co-owner of your family home.

**What the Law Says**
Under Section 4 of the Partition Act, 1893 [ACT-1], if a stranger buys a share of a dwelling-house belonging to an undivided family, a co-sharer (a family member who owns a share of the house) can undertake to buy out that share. The court will then make a valuation of the share and direct the sale of the share to the co-sharer. A court also ruled in Fatema Khatun and others VS Abdul Quddus [DLR-1] that the right of a non-notified co-sharer to exercise the right of pre-emption arises from the date of registration of the document.

**What You Should Do Now**
1. Check if the stranger has registered the purchase of the share.
2. If registered, calculate the valuation of the share as per the court's direction.
3. Undertake to buy the share from the stranger through the court.

**Evidence to Keep**
- Document of purchase of the share by the stranger
- Registration document of the purchase
- Valuation report of the share as directed by the court

**Where to Go / Who to Contact**
Contact the District Court or a lawyer specializing in property law to initiate the process of buying out the stranger's share.

**When You Need a Lawyer**
You should consult a lawyer if the stranger refuses to sell the share or if there are disputes over the valuation of the share.

---
**Sources**
- **[ACT-1]** The Partition Act, 1893, Section 4: Partition suit by transferee of share in dwelling-house *(Status: Active)*
- **[DLR-1]** Fatema Khatun and others VS Abdul Quddus — DLR (AD) 2005 | Appellate Division | 2005","The State Acquisition and Tenancy Act, 1950 (SAT Act)",4,False,[],NOT_AVAILABLE,[],"['4', '4']",True,NOT_AVAILABLE,False,[],False,[],,,,
Q108,"The State Acquisition and Tenancy Act, 1950 (SAT Act)",What is the statutory limit on holding land (Khas land ceilings) under Section 90 of the SAT Act?,"Answer Details: Section 90 explicitly restricts any person or family from acquiring or holding land by any means that causes the total aggregate area of land in their possession to exceed 60 bighas. Any land acquired in excess of this limit is liable to be vested in the Government as Khas land without compensation. Section 24: The Muslim Family Laws Ordinance, 1961","**What This Means For You**
The statutory limit on holding land, also known as the land ceiling, is crucial in understanding how much land you can legally hold. Exceeding this limit can lead to the government acquiring the excess land.

**What the Law Says**
Under Section 90 of the State Acquisition and Tenancy Act, 1950 [ACT-2], the statutory limit on holding land is three hundred and seventy-five standard bighas. This means that no person can hold more than this amount of land for themselves and their family. The law also provides exceptions for certain cases, such as large-scale farming or industrial purposes, with prior permission from the prescribed Revenue Authority.

**What You Should Do Now**
1. Check your current landholdings to ensure you are within the limit.
2. If you exceed the limit, consider applying for permission from the Revenue Authority for an exception.
3. Consult with a licensed lawyer to understand how the law applies to your specific situation.

**Evidence to Keep**
- Documents showing your current landholdings
- Records of any applications or permissions from the Revenue Authority

**Where to Go / Who to Contact**
Contact your local Revenue Authority or a licensed lawyer for guidance on the land ceiling and any exceptions that may apply.

**When You Need a Lawyer**
You should consult a lawyer if you are unsure about your landholdings or need help navigating the exceptions and permissions process under Section 90 of the SAT Act.

---
**Sources**
- **[ACT-2]** The State Acquisition and Tenancy Act, 1950, Section 90: Limitation of transfer of holding — Section 90, land law, tenancy, rent, revenue, Bangladesh *(Status: Active)*","The State Acquisition and Tenancy Act, 1950 (SAT Act)",90,False,[],NOT_AVAILABLE,[],"['90', '90', '90', '90']",True,NOT_AVAILABLE,False,[],False,[],,,,
Q109,"The Dissolution of Muslim Marriages Act, 1939","What is the statutory legal procedure for a valid ""Talaq"" (Divorce) under Section 7?","Answer Details: Section 7 mandates that any man who wishes to divorce his wife must, as soon as may be after the pronouncement of Talaq in any form, give the Chairman of the Union Parishad/Paurashava notice in writing of his having done so, and must supply a copy thereof to the wife. Effectiveness Window: The Talaq does not become effective until the expiration of 90 days from the day on which notice is delivered to the Chairman. The Chairman must constitute an Arbitration Council to try and bring about a reconciliation.","**What This Means For You**
The statutory legal procedure for a valid ""Talaq"" (Divorce) under Section 7 of the Muslim Family Laws Ordinance, 1961, is a formal process that requires specific steps to be taken by the husband. This process is designed to ensure that the divorce is valid and that the rights of both parties are protected.

**What the Law Says**
Under Section 7 of the Muslim Family Laws Ordinance, 1961 [ACT-1], a valid ""Talaq"" (Divorce) requires the husband to give notice in writing to the Chairman of the Union Council, stating that he has pronounced Talaq. The husband must also supply a copy of the notice to the wife. The notice must be given as soon as possible after the pronouncement of Talaq. The Talaq will not be effective until 90 days have passed from the date of the notice, unless it is revoked earlier. If the wife is pregnant, the Talaq will not be effective until the pregnancy ends or 90 days have passed, whichever is later.

**What You Should Do Now**
1. If you are a husband seeking to divorce your wife, you must give notice in writing to the Chairman of the Union Council, stating that you have pronounced Talaq.
2. You must also supply a copy of the notice to your wife.
3. You must wait 90 days from the date of the notice before the Talaq is effective, unless it is revoked earlier.

**Evidence to Keep**
- A copy of the notice given to the Chairman of the Union Council
- A copy of the notice supplied to the wife
- Proof of delivery of the notice to the Chairman and the wife

**Where to Go / Who to Contact**
You should contact the Union Council in your area to give notice of the Talaq. You can also seek advice from a licensed lawyer or the Local Government Division.

**When You Need a Lawyer**
You should consult a licensed lawyer if you are unsure about the procedure for a valid Talaq or if there are any disputes or complications in the divorce process.

---
**Sources**
- **[ACT-1]** The Muslim Family Laws Ordinance, 1961, Section 7: Talaq — notice to Chairman, reconciliation, ninety-day effectiveness, pregnancy, remarriage *(Status: Amended)*","The Dissolution of Muslim Marriages Act, 1939",7,False,[],NOT_AVAILABLE,[],"['7', '7', '7']",True,NOT_AVAILABLE,True,['Muslim Family Laws Ordinance'],False,[],,,,
Q110,"The Hindu Law of Inheritance (Amendment) Act, 1929","Explain the concept of ""Option of Puberty"" (Khyar-ul-Balugh) under Section 2(vii) of the Act.","Answer Details: Under Section 2(vii), a Muslim woman is entitled to seek dissolution of her marriage if she was given in marriage by her father or other guardian before she attained the age of 15 years, provided that she repudiated the marriage before attaining the age of 18 years, and provided further that the marriage has not been consummated.","**What This Means For You**
The concept of ""Option of Puberty"" (Khyar-ul-Balugh) is a right given to a married minor in Bangladesh, allowing them to dissolve their marriage upon reaching puberty. This means that if you were married as a minor, you have the right to choose whether to continue or end your marriage once you reach puberty.

**What the Law Says**
Under Section 2(vii) is not present in the provided Act, however, the concept of ""Option of Puberty"" is related to the Dissolution of Muslim Marriages Act, 1939, which was amended by the Muslim Family Laws Ordinance, 1961. According to this law, a married minor has the right to dissolve their marriage upon reaching puberty, as stated in the Dissolution of Muslim Marriages Act, 1939. 

**What You Should Do Now**
1. If you were married as a minor and have reached puberty, you can consider exercising your right to dissolve your marriage.
2. Consult with a licensed lawyer or a legal aid organization to understand the process and requirements for dissolving your marriage.
3. Gather necessary documents, such as your marriage certificate and proof of age, to support your claim.

**Evidence to Keep**
- Marriage certificate
- Proof of age (e.g., birth certificate, national ID)
- Any other relevant documents supporting your claim

**Where to Go / Who to Contact**
Family Court or a licensed lawyer specializing in family law. You can also contact the National Legal Aid Services Organization (NLASO) or the Bangladesh National Women Lawyers' Association (BNWLA) for guidance and support.

**When You Need a Lawyer**
You should consult a lawyer if you are considering exercising your right to dissolve your marriage under the ""Option of Puberty"" or if you need help navigating the legal process.

---
**Sources**
- **[ACT-1]** The Muslim Family Laws Ordinance, 1961, Section 2: Definitions — Arbitration Council, Chairman, Union Parishad, Paurashava, Municipal Corporation, prescribed *(Status: Amended)*
- **[ACT-2]** The Muslim Family Laws Ordinance, 1961, Section 12: Amendment of Child Marriage Restraint Act, 1929 (XIX of 1929) — definitions, child marriage, complaint authority, Union Parishad, Paurashava, Municipal Corporation *(Status: Amended)*
- **[ACT-3]** The Muslim Family Laws Ordinance, 1961, Section 1: Short title, extent, application and commencement — title, territorial extent, Muslim citizens, commencement by Gazette notification *(Status: Amended)*
- **[ACT-4]** The Muslim Family Laws Ordinance, 1961, Section 3: Ordinance to override other Laws, etc. — overriding effect, custom or usage, Arbitration Council procedure *(Status: Amended)*
- **[ACT-5]** The Muslim Family Laws Ordinance, 1961, Section 11: Power to make rules — Government rule-making, breach penalty, official Gazette *(Status: Amended)*
- **[ACT-6]** The Muslim Family Laws Ordinance, 1961, Section 13: Amendment of the Dissolution of Muslim Marriages Act, 1939 (VIII of 1939) — additional wife, contravention, dissolution ground *(Status: Active)*
- **[DLR-1]** Abdul Kader VS Secretary, Election Commission and others — DLR (AD) 2005 | Appellate Division | 2005
- **[DLR-2]** Yaor Mia (Md) and anothe VS Haji Shah Dhanai Ali and others — DLR (AD) 2005 | Appellate Division | 2005
- **[DLR-3]** Bangladesh represented by the Secretary, Ministry of Establishment and others VS Abdul halim miah and others — DLR (AD) 2005 | Appellate Division | 2005
- **[DLR-4]** Abdul Mannan VS Tayeb Ali and others — DLR (AD) 2006 | Appellate Division | 2006","The Hindu Law of Inheritance (Amendment) Act, 1929",2(vii),False,[],NOT_AVAILABLE,[],"['2', '2', '12', '1', '3', '11', '13']",True,NOT_AVAILABLE,True,['Muslim Family Laws Ordinance'],False,[],,,,
Q111,The Hindu Married Women's Right to Separate Residence and,Does this Act completely abolish the Dayabhaga or Mitakshara systems of succession?,"Answer Details: No, the Act does not completely abolish the traditional systems. It merely introduces a targeted statutory amendment to alter the order of succession under the Mitakshara school, specifically inserting missing female relatives into positions of higher priority to improve their traditional inheritance status without overriding the broader systemic structures. Maintenance Act, 1946","**What This Means For You**
The Hindu Women's Rights to Property Act, 1937, does not completely abolish the Dayabhaga or Mitakshara systems of succession, but it modifies the rights of Hindu women in certain aspects. This means that Hindu women now have more rights to property, but the traditional systems of succession still apply in many areas.

**What the Law Says**
Under Section 3 of the Hindu Women's Rights to Property Act, 1937 [ACT-1], a Hindu widow governed by the Dayabhaga School of Hindu Law is entitled to the same share as a son in her husband's property, but this does not mean that the entire Dayabhaga system is abolished. The Act only provides for a specific change in the devolution of property, while leaving other aspects of the traditional systems intact.

**What You Should Do Now**
1. If you are a Hindu woman, understand your rights to property under the Act and how it affects your inheritance.
2. Consult with a lawyer to determine how the Act applies to your specific situation and what your rights are under the Dayabhaga or Mitakshara systems.
3. Review your family's property and succession plans to ensure that they are in line with the Act and the traditional systems.

**Evidence to Keep**
- Copies of property deeds and documents
- Records of family discussions and agreements regarding property and succession
- Notes on any legal consultations or advice received

**Where to Go / Who to Contact**
For specific guidance on the Hindu Women's Rights to Property Act, 1937, and its application to your situation, contact the District Judge Court or a licensed lawyer specializing in family law.

**When You Need a Lawyer**
You should consult a lawyer if you are involved in a dispute over property or succession and need help navigating the complexities of the Hindu Women's Rights to Property Act, 1937, and the traditional Dayabhaga or Mitakshara systems.

---
**Sources**
- **[ACT-1]** The Hindu Women's Rights to Property Act, 1937, Section 3: Devolution of property on Hindu widow *(Status: In Force)*",The Hindu Married Women's Right to Separate Residence and,,False,[],NOT_AVAILABLE,[],"['3', '3']",N/A,NOT_AVAILABLE,True,"[""Hindu Women's Rights to Property Act""]",False,[],,,,
Q112,"The Hindu Marriage Registration Act, 2012",When does a Hindu married woman forfeit her right to separate residence and maintenance under this Act?,Answer Details: A Hindu married woman forfeits her statutory right to claim separate residence and maintenance under the Act if she is proved to be guilty of unchastity or if she renounces Hinduism by converting to another religion.,"**What This Means For You**
A Hindu married woman's right to separate residence and maintenance can be forfeited under certain circumstances, which may affect her ability to claim support from her husband. This is important to understand in case you or someone you know is in a similar situation. The law outlines specific conditions under which this right can be lost.

**What the Law Says**
Under Section 2 of the Hindu Married Women's Right to Separate Residence and Maintenance Act, 1946 [ACT-1], a Hindu married woman shall not be entitled to separate residence and maintenance from her husband if she is unchaste or ceases to be a Hindu by change to another religion or fails without sufficient cause to comply with a decree of a competent Court for the restitution of conjugal rights. This means that if any of these conditions apply, her right to separate residence and maintenance can be forfeited.

**What You Should Do Now**
1. Review the conditions under which the right to separate residence and maintenance can be forfeited.
2. If you believe your right to separate residence and maintenance is at risk, consult with a legal professional to understand your specific situation.
3. Gather evidence related to your marital status, religious affiliation, and any court decrees that may be relevant to your case.

**Evidence to Keep**
- Documents proving your marital status and religious affiliation.
- Records of any court proceedings or decrees related to your marriage.
- Evidence of your husband's behavior or circumstances that may affect your right to separate residence and maintenance.

**Where to Go / Who to Contact**
For legal advice and assistance, contact the Bangladesh National Legal Aid Services Organization or visit a District Court or a lawyer specializing in family law.

**When You Need a Lawyer**
You should consult a lawyer if you are a Hindu married woman facing circumstances that may forfeit your right to separate residence and maintenance, and you need professional legal guidance to protect your rights.

---
**Sources**
- **[ACT-1]** The Hindu Married Women's Right to Separate Residence and Maintenance Act, 1946, Section 2: Grounds for claiming separate residence and maintenance — Hindu married women, loathsome disease, cruelty, desertion, remarriage, conversion, concubine, justifiable cause *(Status: Active)*","The Hindu Marriage Registration Act, 2012",,False,[],NOT_AVAILABLE,[],"['2', '2']",N/A,NOT_AVAILABLE,False,[],False,[],,,,
Q113,"The Hindu Marriage Registration Act, 2012","Who is authorized to register marriages under the Hindu Marriage Registration Act, 2012?","Answer Details: The Government appoints specific individuals known as Hindu Marriage Registrars for designated local areas. These registrars are authorized to maintain the official Hindu Marriage Register, record the statutory details of the marriages brought before them, and issue valid government-recognized marriage certificates. Transitioning to Focus Areas: Deep Dive Multi-Act Scenarios","**What This Means For You**
The Hindu Marriage Registration Act, 2012, is a law that requires Hindu marriages to be registered. This law applies to all Hindu citizens of Bangladesh. 

**What the Law Says**
Under the Hindu Marriage Registration Act, 2012, the Registrar or the Additional Registrar or the Deputy Registrar of the area where the marriage was solemnized is authorized to register marriages [ACT-6]. However, since this Act is not in my verified database, I must inform you that I cannot confirm the specifics of this law.

**What You Should Do Now**
1. Consult the Bangladesh Code or a licensed lawyer to confirm the specifics of the Hindu Marriage Registration Act, 2012.
2. Verify the authorized personnel for registering Hindu marriages in your area.
3. Ensure that your marriage is registered according to the law.

**Evidence to Keep**
- Marriage certificate
- Proof of identity
- Proof of residence

**Where to Go / Who to Contact**
You can contact the local Registrar's office or a licensed lawyer for more information on registering your Hindu marriage.

**When You Need a Lawyer**
You should consult a lawyer if you have any questions or concerns about registering your Hindu marriage or if you encounter any issues during the registration process.

---
**Sources**
- **[ACT-1]** The Registration Act, 1908, Section 1: Short title, extent and commencement — Section 1, Registration Act, Bangladesh law *(Status: Active)*
- **[ACT-2]** The Registration Act, 1908, Section 2: Definitions — Section 2, immovable property, property deed, Registration Act, Bangladesh law *(Status: Active)*
- **[ACT-3]** The Registration Act, 1908, Section 3: Inspector-General of Registration — Section 3, registration, document registration, Registration Act, Bangladesh law *(Status: Active)*
- **[ACT-4]** The Registration Act, 1908, Section 4: [Repealed] — Section 4, repealed section, Registration Act, Bangladesh law *(Status: Repealed)*
- **[ACT-5]** The Registration Act, 1908, Section 5: Districts and sub-districts — Section 5, Registration Act, Bangladesh law *(Status: Active)*
- **[DLR-1]** Fatema Khatun and others VS Abdul Quddus — DLR (AD) 2005 | Appellate Division | 2005
- **[DLR-2]** Bangladesh represented by the Secretary, Ministry of Establishment and others VS Abdul halim miah and others — DLR (AD) 2005 | Appellate Division | 2005
- **[DLR-3]** Secretary, Ministry of Food Government of Bangladesh and others vs. Md Sirajuddin Ahmed and others — DLR (AD) 2005 | Appellate Division | 2005
- **[DLR-4]** Bangladesh, represented by the Secretary, Ministry of Works, Housing and Settlement and ors vs Md Abu Bakar and others — DLR (AD) 2005 | Appellate Division | 2005","The Hindu Marriage Registration Act, 2012",,True,['ACT-6'],NOT_AVAILABLE,[],"['1', '1', '2', '2', '3', '3', '4', '4', '5', '5']",N/A,NOT_AVAILABLE,False,[],False,[],,,,
Q114,"The Hindu Marriage Registration Act, 2012",How do Section 52 of the TPA (Lis Pendens) and Order XXXIX of the CPC (Injunctions) complement each other during property litigation?,"Answer Details: They act as complementary statutory shields. While Section 52 of the TPA automatically voids or subordinates any external title creation during pendency, it does not stop physical damage or unauthorized construction. Therefore, litigants must seek an active injunction under Order XXXIX, Rules 1 & 2 of the CPC to structurally halt physical modifications or destruction of the property during the suit.","**What This Means For You**
During a property dispute, Sections 52 of the Transfer of Property Act (TPA) and Order XXXIX of the Code of Civil Procedure (CPC) work together to protect your rights and prevent unfair actions by the other party. This means that if someone is trying to sell or transfer a property while a court case is ongoing, the court can stop them from doing so, and you can get an injunction to prevent any further transactions.

**What the Law Says**
Under Section 52 of the Transfer of Property Act [ACT-1], during a pending court case related to a property, the property cannot be transferred or dealt with in any way that might affect the rights of any party involved in the case. This is known as Lis Pendens. Additionally, Order XXXIX of the Code of Civil Procedure allows the court to grant an injunction, which is a court order that requires a party to do or not do something, to prevent any actions that might cause harm or injustice. A court also ruled in various cases that these provisions can be used together to protect the interests of parties involved in property disputes.

**What You Should Do Now**
1. If you are involved in a property dispute, inform your lawyer about any potential transactions or actions by the other party that might affect your rights.
2. Your lawyer can apply for an injunction under Order XXXIX of the CPC to prevent any unfair actions.
3. Ensure that you have all necessary documents and evidence to support your case, including proof of the pending court case and any attempts by the other party to transfer or deal with the property.

**Evidence to Keep**
- Copies of the court case documents
- Proof of ownership or interest in the property
- Evidence of any attempts by the other party to transfer or deal with the property
- Correspondence with the other party or their lawyer

**Where to Go / Who to Contact**
Contact a lawyer specializing in property law or the court where your case is pending to seek an injunction or advice on how to protect your rights.

**When You Need a Lawyer**
You should consult a lawyer as soon as possible if you suspect that the other party is trying to transfer or deal with the property unfairly while the court case is ongoing, as timely action is crucial in such situations.

---
**Sources**
- **[ACT-1]** The Transfer of Property Act, 1882, Section 52: Transfer of property pending suit relating thereto *(Status: Active)*","The Hindu Marriage Registration Act, 2012",52,False,[],NOT_AVAILABLE,[],"['52', '52', '52']",True,NOT_AVAILABLE,True,"['Transfer of Property Act', 'Code of Civil Procedure']",False,[],,,,
Q115,"The Hindu Marriage Registration Act, 2012",Compare the limitation calculation for recovering possession under Section 9 of the Specific Relief Act versus a standard title recovery suit.,"Answer Details: A suit under Section 9 of the Specific Relief Act is a summary procedure requiring filing within 6 months of dispossession, and title is irrelevant. Conversely, a regular suit for recovery of possession based on proprietary title falls under the Limitation Act’s schedule, allowing a 12-year limitation window, wherein full title ownership must be judicially established.","**What This Means For You**
If you're trying to recover possession of immovable property, the Specific Relief Act and a standard title recovery suit have different limitation periods. Understanding these differences is crucial to determine the best course of action for your situation.

**What the Law Says**
Under Section 9 of the Specific Relief Act [ACT-1], a person dispossessed of immovable property can recover possession within a certain time limit. However, the Specific Relief Act does not explicitly state the limitation period for Section 9. In contrast, a standard title recovery suit typically falls under the Limitation Act, which has specific limitation periods for different types of suits. 

**What You Should Do Now**
1. Determine the type of suit you need to file: If you're seeking to recover possession of immovable property, you may need to file a suit under Section 9 of the Specific Relief Act or a standard title recovery suit.
2. Calculate the limitation period: Consult the Limitation Act to determine the applicable limitation period for your suit.
3. Gather evidence: Collect all relevant documents and evidence to support your claim.

**Evidence to Keep**
- Proof of ownership or title to the property
- Documents showing dispossession
- Evidence of attempts to recover possession

**Where to Go / Who to Contact**
Contact a civil court, such as the District Court or the Subordinate Judge Court, to file your suit. You may also want to consult with a licensed lawyer specializing in property law.

**When You Need a Lawyer**
You should consult a lawyer if you're unsure about the applicable limitation period or the type of suit you need to file, as the complexity of the case and potential consequences of delay or mistake require professional legal guidance.

---
**Sources**
- **[ACT-1]** The Specific Relief Act, 1877, Section 9: Suit by person dispossessed of immoveable property *(Status: Amended)*","The Hindu Marriage Registration Act, 2012",9,False,[],NOT_AVAILABLE,[],"['9', '9', '9', '9']",True,NOT_AVAILABLE,True,"['Limitation Act', 'Specific Relief Act']",False,[],,,,
Q116,"The Hindu Marriage Registration Act, 2012",What is the interplay between Section 17 of the Registration Act and Section 49 of the same Act regarding unregistered sales?,"Answer Details: While Section 17 declares that a conveyance deed over 100 Taka must be compulsorily registered, Section 49 acts as the enforcement mechanism. It dictates that an unregistered document required to be registered shall not affect any immovable property comprised therein, nor be received as evidence of any transaction affecting such property, except as evidence of part-performance of a contract in a suit for specific performance.","**What This Means For You**
If you're dealing with an unregistered sale, it's crucial to understand the implications of Sections 17 and 49 of the Registration Act. These sections can affect the validity and enforceability of your sale agreement. 

**What the Law Says**
Under Section 17 of the Registration Act, certain documents, including sales deeds, require registration to be considered valid. However, Section 49 of the same Act discusses the effect of non-registration on the admissibility of documents as evidence. According to Section 49, a document that is required to be registered under Section 17 but is not registered is not admissible as evidence of any transaction affecting such property. 

**What You Should Do Now**
1. Review your sale agreement to determine if it falls under the category of documents requiring registration under Section 17.
2. If your sale is not registered, consider registering it as soon as possible to ensure its validity and enforceability.
3. Consult with a legal expert to understand the specific implications of Sections 17 and 49 on your situation.

**Evidence to Keep**
- A copy of the sale agreement
- Proof of payment for the property
- Any communication related to the sale

**Where to Go / Who to Contact**
Sub-Registrar's office for registration purposes. You can also contact the Ministry of Law, Justice and Parliamentary Affairs for more information.

**When You Need a Lawyer**
You should consult a lawyer if you are unsure about the registration status of your sale agreement or if you are facing disputes related to the sale, as a lawyer can provide guidance on the best course of action and represent you in legal proceedings if necessary.

---
**Sources**
- **[ACT-1]** The Transfer of Property Act, 1882, Section 49: Transferee's right under policy *(Status: Active)*
- **[ACT-2]** The Transfer of Property Act, 1882, Section 3: Interpretation clause *(Status: Active)*
- **[ACT-3]** The Transfer of Property Act, 1882, Section 54A: Contract for sale *(Status: Amended)*
- **[ACT-4]** The Transfer of Property Act, 1882, Section 53C: Restriction on sale without record of rights *(Status: Amended)*
- **[ACT-5]** The Transfer of Property Act, 1882, Section 57: Provision by Court for encumbrances and sale freed therefrom *(Status: Active)*
- **[ACT-6]** The Transfer of Property Act, 1882, Section 43: Transfer by unauthorized person who subsequently acquires interest in property transferred *(Status: Active)*
- **[ACT-7]** The Transfer of Property Act, 1882, Section 48: Priority of rights created by transfer *(Status: Active)*
- **[ACT-8]** The Transfer of Property Act, 1882, Section 50: Rent bona fide paid to holder under defective title *(Status: Active)*
- **[ACT-9]** The Transfer of Property Act, 1882, Section 2: Repeal of Acts, saving of certain enactments, incidents, rights, liabilities, etc. *(Status: Active)*
- **[ACT-10]** The Transfer of Property Act, 1882, Section 4: Enactments relating to contracts to be taken as part of Contract Act *(Status: Active)*
- **[ACT-11]** The Transfer of Property Act, 1882, Section 53: Fraudulent transfer *(Status: Active)*
- **[ACT-12]** The Transfer of Property Act, 1882, Section 55: Rights and liabilities of buyer and seller *(Status: Active)*
- **[ACT-13]** The Transfer of Property Act, 1882, Section 52: Transfer of property pending suit relating thereto *(Status: Active)*
- **[ACT-14]** The Transfer of Property Act, 1882, Section 54: Sale defined *(Status: Active)*
- **[ACT-15]** The Transfer of Property Act, 1882, Section 56: Marshalling by subsequent purchaser *(Status: Active)*
- **[ACT-16]** The Transfer of Property Act, 1882, Section 58: Mortgage, mortgagor, mortgagee, mortgage-money and mortgage-deed defined *(Status: Active)*
- **[ACT-17]** The Transfer of Property Act, 1882, Section 42: Transfer by person having authority to revoke former transfer *(Status: Active)*
- **[ACT-18]** The Transfer of Property Act, 1882, Section 44: Transfer by one co-owner *(Status: Active)*
- **[DLR-1]** State VS Abdur Rahim — DLR (AD) 2005 | Appellate Division | 2005
- **[DLR-2]** Fatema Khatun and others VS Abdul Quddus — DLR (AD) 2005 | Appellate Division | 2005
- **[DLR-3]** Yaor Mia (Md) and anothe VS Haji Shah Dhanai Ali and others — DLR (AD) 2005 | Appellate Division | 2005
- **[DLR-4]** Abdul Kader VS Secretary, Election Commission and others — DLR (AD) 2005 | Appellate Division | 2005","The Hindu Marriage Registration Act, 2012",17,False,[],NOT_AVAILABLE,[],"['17', '49', '17', '49', '49', '17', '17', '17', '49', '49', '3', '54A', '53C', '57', '43', '48', '50', '2', '4', '53', '55', '52', '54', '56', '58', '42', '44']",True,NOT_AVAILABLE,True,['Transfer of Property Act'],False,[],,,,
Q117,"The Hindu Marriage Registration Act, 2012",How does the Penal Code's criminal breach of trust (Section 405) intersect with civil liability under the Contract Act?,"Answer Details: A single act can generate both civil and criminal actions. If an agent misappropriates property entrusted to him, he breaches a civil contract, making him liable for damages/accounting under the Contract Act, 1872. Simultaneously, because dishonest misappropriation contains mens rea, it satisfies the definition of Criminal Breach of Trust under Section 405 of the Penal Code, rendering him liable to imprisonment under Section 406.","**What This Means For You**
If you're dealing with a situation where someone has misused property or funds entrusted to them, you may have both criminal and civil options to consider. The Penal Code's criminal breach of trust provision (Section 405) can lead to imprisonment and fines, while the Contract Act may provide a path for seeking compensation or damages.

**What the Law Says**
Under Section 405 [ACT-1] of the Penal Code, 1860, criminal breach of trust occurs when someone entrusted with property or dominion over property dishonestly misappropriates or converts it to their own use. This is a criminal offense. In contrast, the Contract Act (not directly mentioned in the provided verified sources) would typically govern civil liability for breach of contract. A court also ruled in Anarul Islam (Md) and others vs. State and another [DLR-1] that in cases involving private limited companies, principles of partnership may apply, and spending of money by a Managing Director cannot be termed misappropriation or breach of trust of the company's fund, suggesting a civil remedy might be more appropriate.

**What You Should Do Now**
1. Determine if the breach of trust is a criminal matter that should be reported to the police.
2. Consult with a lawyer to understand your civil options under the Contract Act or other relevant laws.
3. Gather all relevant documents and evidence related to the trust and its breach.

**Evidence to Keep**
- Contracts or agreements related to the trust
- Financial records showing the misuse of funds or property
- Any communication related to the breach of trust

**Where to Go / Who to Contact**
For criminal matters, contact your local police station or the Police Helpline: 999. For civil matters, consult with a licensed lawyer or contact the Bangladesh Bar Council for legal aid information.

**When You Need a Lawyer**
You should seek professional legal help as soon as you realize there has been a significant breach of trust that could lead to either criminal charges or the need for civil litigation to recover losses.

---
**Sources**
- **[ACT-1]** The Penal Code, 1860, Section 405: Criminal breach of trust *(Status: Amended)*
- **[DLR-1]** Anarul Islam (Md) and others vs. State and another — DLR (AD) 2005 | Appellate Division | 2005","The Hindu Marriage Registration Act, 2012",405,False,[],NOT_AVAILABLE,[],"['405', '405', '405']",True,NOT_AVAILABLE,True,['Penal Code'],False,[],,,,
Q118,"The Civil Courts Act, 1887",How does Section 138 of the NI Act interact with civil suits for money recovery under the CPC?,"Answer Details: A criminal prosecution under Section 138 of the NI Act for a dishonored cheque is an independent punitive action aimed at penalizing the offender. It does not bar the payee from concurrently filing a summary civil suit under Order XXXVII of the CPC for the recovery of the debt amount using the same dishonored cheque as primary documentary evidence. Moving Forward to the Remaining Questions To generate the next set of questions (Questions 76–115), please reply with ""Proceed with Part 3"". Here is Part 2 of your comprehensive legal Q&A collection. It continues with the same structured, section-by-section breakdown across your 28 listed statutes, picking up from Question 36 to Question 75. To turn this into a PDF, you can append this text directly beneath Part 1 in your word processor before exporting.","**What This Means For You**
If you're dealing with a case involving a negotiable instrument, such as a check, and you're trying to recover money, you need to understand how the Negotiable Instruments Act (NI Act) and the Code of Civil Procedure (CPC) work together. Section 138 of the NI Act deals with dishonored checks, and it can impact your civil suit for money recovery.

**What the Law Says**
Under Section 138 of the Negotiable Instruments Act [ACT-1] of the NI Act, a check can be considered a negotiable instrument, and if it's dishonored, the person who issued it can be held liable. However, the Code of Civil Procedure [ACT-1] provides the framework for civil suits, including those for money recovery. According to Section 16 of the CPC [ACT-3], suits for recovery of money can be instituted in the Court within the local limits of whose jurisdiction the defendant actually and voluntarily resides, or carries on business, or personally works for gain.

**What You Should Do Now**
1. Determine if your case involves a negotiable instrument, such as a check, and if Section 138 of the NI Act applies.
2. File a civil suit for money recovery under the CPC, following the procedures outlined in the Code.
3. Ensure you follow the correct jurisdiction and procedure for your suit, as outlined in the CPC.

**Evidence to Keep**
- The dishonored check or negotiable instrument
- Proof of service of notice to the defendant
- Any relevant correspondence or communication with the defendant

**Where to Go / Who to Contact**
Contact a Magistrate Court or a Civil Court, depending on the jurisdiction and the amount of money involved. You can also reach out to the Legal Aid helpline (16430) for guidance.

**When You Need a Lawyer**
You should consult a lawyer if you're unsure about the application of Section 138 of the NI Act to your case or if you need help navigating the civil suit process under the CPC.

---
**Sources**
- **[ACT-1]** The Code of Civil Procedure, 1908, Section 138: Power of High Court Division to require evidence to be recorded in English. — appeal *(Status: Active)*
- **[ACT-3]** The Code of Civil Procedure, 1908, Section 16: Suits to be instituted where subjectmatter situate. — jurisdiction, immovable property, movable property, compensation *(Status: Active)*","The Civil Courts Act, 1887",138,False,[],NOT_AVAILABLE,[],"['138', '138', '16', '138', '138', '138', '16']",True,NOT_AVAILABLE,True,['Code of Civil Procedure'],False,[],,,,
Q119,"The Civil Courts Act, 1887",What is the procedure for administrative subordination of Civil Courts under Section 11?,"Answer Details: Under Section 11, the administrative control and subordination of civil courts are clearly mapped. All Assistant Judges, Senior Assistant Judges, and Joint District Judges within a district are structurally subordinate to the Court of the District Judge. The District Judge possesses the administrative power to distribute civil business among these courts, subject to any overarching circulars or rules issued by the High Court Division.","**What This Means For You**
The administrative control of Civil Courts is crucial for their smooth operation. Under Section 11 of The Civil Courts Act, 1887, the District Judge has administrative control over all Civil Courts within their jurisdiction. This means that the District Judge is responsible for overseeing the administration of these courts.

**What the Law Says**
Under Section 11 of The Civil Courts Act, 1887, the District Judge shall have administrative control over all the Civil Courts under this Act within the local limits of his jurisdiction, subject to the general superintendence and control of the High Court Division. This means that the District Judge is responsible for the administrative control of the Civil Courts, but the High Court Division has overall superintendence and control.

**What You Should Do Now**
1. If you have any questions or concerns about the administrative control of Civil Courts, you should contact the District Judge's office.
2. You can also consult the relevant laws and regulations, such as The Civil Courts Act, 1887, to understand the procedure for administrative subordination.
3. If you need to file a case in a Civil Court, you should ensure that you follow the proper procedures and guidelines set by the court.

**Evidence to Keep**
- A copy of The Civil Courts Act, 1887
- Any relevant court orders or judgments
- Correspondence with the District Judge's office or other relevant authorities

**Where to Go / Who to Contact**
You can contact the District Judge's office or the relevant Civil Court for more information. You can also consult a licensed lawyer for specific legal advice.

**When You Need a Lawyer**
You should consult a licensed lawyer if you have a specific legal issue or concern related to the administrative control of Civil Courts that requires professional legal advice.

---
**Sources**
- **[ACT-1]** The Civil Courts Act, 1887, Section 11: None *(Status: Active)*
- **[DLR-1]** Abdul Mannan VS Tayeb Ali and others — DLR (AD) 2006 | Appellate Division | 2006
- **[DLR-2]** Bangladesh represented by the Secretary, Ministry of Establishment and others VS Abdul halim miah and others — DLR (AD) 2005 | Appellate Division | 2005
- **[DLR-3]** Bangladesh, represented by the Secretary, Ministry of Works, Housing and Settlement and ors vs Md Abu Bakar and others — DLR (AD) 2005 | Appellate Division | 2005
- **[DLR-4]** State VS Abdur Rahim — DLR (AD) 2005 | Appellate Division | 2005","The Civil Courts Act, 1887",11,False,[],NOT_AVAILABLE,[],"['11', '11', '11']",True,NOT_AVAILABLE,False,[],False,[],,,,
Q120,"The Civil Courts Act, 1887",How are temporary vacancies in the office of a District Judge managed under Section 10?,"Answer Details: Section 10 dictates that if the office of the District Judge becomes vacant or if the judge is prevented by absence or illness from performing duties, the Additional District Judge or, if there is none, the senior-most officer among the Joint District Judges or Senior Assistant Judges takes charge of the current duties of the office. They can perform routine administrative tasks until a formal appointment or assignment is designated by the Government or High Court Division. Section 2: The Code of Civil Procedure, 1908 (CPC)","**What This Means For You**
If the office of a District Magistrate becomes temporarily vacant, the government has a plan in place to ensure that the district's administration continues smoothly. This means that there will be someone to take over the responsibilities of the District Magistrate until a new one is appointed.

**What the Law Says**
Under Section 10 [ACT-1] of the Code of Criminal Procedure, 1898, if the office of a District Magistrate is vacant, any officer who succeeds temporarily to the chief executive in the administration of the district shall exercise all the powers and perform all the duties of a District Magistrate. This ensures that the district's administration is not disrupted due to the temporary vacancy.

**What You Should Do Now**
1. If you are an officer who has succeeded to the chief executive in the administration of the district, you should familiarize yourself with the powers and duties of a District Magistrate.
2. If you are a citizen, you can continue to approach the district administration for any grievances or services, and the temporary District Magistrate will attend to them.
3. If you have any concerns or questions, you can contact the district administration office for clarification.

**Evidence to Keep**
- Any official notification or order regarding the temporary vacancy and the officer succeeding to the chief executive.
- Records of any actions taken or decisions made by the temporary District Magistrate.

**Where to Go / Who to Contact**
District Administration Office, or contact the Ministry of Home Affairs for more information.

**When You Need a Lawyer**
If you have a specific legal issue or dispute related to the temporary vacancy or the actions of the temporary District Magistrate, you should consult a licensed lawyer for professional advice.

---
**Sources**
- **[ACT-1]** The Code of Criminal Procedure, 1898, Section 10: Executive Magistrates *(Status: Amended)*","The Civil Courts Act, 1887",10,False,[],NOT_AVAILABLE,[],"['10', '10']",True,NOT_AVAILABLE,True,['Code of Criminal Procedure'],False,[],,,,
Q121,"The Civil Courts Act, 1887",Can a District Judge invest an Assistant Judge with small cause court powers under this Act?,"Answer Details: Under Section 25 of the Civil Courts Act, 1887, the Government, in consultation with the High Court Division, may invest any Civil Court Judge (including Assistant Judges or Senior Assistant Judges) with the jurisdiction of a Small Cause Court for the trial of suits cognizable by such courts up to a specified pecuniary limit. This allows for a more rapid, summary trial of low-value commercial or debt matters.","**What This Means For You**
The government has the authority to confer small cause court powers on Assistant Judges, but it's not clear if a District Judge can do so directly. This affects how cases are assigned and heard in court.

**What the Law Says**
Under Section 25 [ACT-1] of the Civil Courts Act, 1887, the Government may invest Assistant Judges with small cause court jurisdiction, but there is no mention of a District Judge having this power. A court has not directly ruled on this specific issue in the provided case law.

**What You Should Do Now**
1. Review the specific circumstances of your case to determine the appropriate court and jurisdiction.
2. Consult with a licensed lawyer to understand the options for your case.
3. Verify the current laws and regulations regarding small cause court powers and jurisdiction.

**Evidence to Keep**
- Copies of relevant court documents and notifications
- Records of any communications with court officials or lawyers

**Where to Go / Who to Contact**
District Court or the relevant judicial authority in your area, or contact a licensed lawyer for guidance.

**When You Need a Lawyer**
You should consult a lawyer if you are unsure about the jurisdiction or powers of a specific court or judge in your case.

---
**Sources**
- **[ACT-1]** The Civil Courts Act, 1887, Section 25: Power to invest Assistant Judges with Small Cause Court jurisdiction *(Status: Active)*","The Civil Courts Act, 1887",25,False,[],NOT_AVAILABLE,[],"['25', '25']",True,NOT_AVAILABLE,False,[],False,[],,,,
Q122,"The Code of Civil Procedure, 1908 (CPC)",What are the statutory rules regarding the sealing of Civil Court processes under Section 15?,"Answer Details: Section 15 dictates that every Civil Court must use a seal of a form and dimensions prescribed by the Government. Every summons, warrant, order, mandate, or process issued by a Civil Court must be signed by the presiding Judge (or an authorized officer) and must explicitly bear the official seal of that specific court to carry legal force.","**What This Means For You**
The statutory rules regarding the sealing of Civil Court processes are important to understand if you are involved in a civil lawsuit in Bangladesh. This section explains where a suit should be instituted and the rules that apply.

**What the Law Says**
Under Section 15 [ACT-1] of the Code of Civil Procedure, 1908, every suit shall be instituted in the Court of the lowest grade competent to try it. However, the specific rules regarding the sealing of Civil Court processes are not directly mentioned in Section 15. For the sealing of processes, we would typically look at other sections or rules that specifically address court procedures and document handling.

**What You Should Do Now**
1. Consult the relevant sections of the Code of Civil Procedure, 1908, or other applicable laws to understand the specific rules regarding the sealing of Civil Court processes.
2. Verify with a legal professional or the court clerk to ensure you follow the correct procedure for sealing and submitting court documents.
3. Ensure all court documents are properly prepared and sealed according to the court's requirements to avoid any delays or issues with your case.

**Evidence to Keep**
- Copies of all court documents
- Records of submissions and receipts from the court
- Correspondence with the court or opposing parties

**Where to Go / Who to Contact**
For specific guidance on sealing Civil Court processes, contact the relevant Civil Court in your jurisdiction or consult with a licensed lawyer practicing in Bangladesh.

**When You Need a Lawyer**
You should consider seeking the advice of a licensed Bangladeshi lawyer if you are unsure about the proper procedures for sealing and submitting court documents in a civil case, as incorrect procedures can lead to delays or dismissal of your case.

---
**Sources**
- **[ACT-1]** The Code of Civil Procedure, 1908, Section 15: Court in which suits to be instituted. *(Status: Active)*","The Code of Civil Procedure, 1908 (CPC)",15,False,[],NOT_AVAILABLE,[],"['15', '15', '15']",True,NOT_AVAILABLE,False,[],False,[],,,,
Q123,"The Code of Civil Procedure, 1908 (CPC)","What is a ""Mesne Profit"" under Section 2(12) of the CPC, and how is it calculated?","Answer Details: Section 2(12) defines ""mesne profits"" as those profits which the person in wrongful possession of such property actually received or might with ordinary diligence have received therefrom, together with interest on such profits. Exclusion: It explicitly excludes profits due to improvements made by the person in wrongful possession. It is claimed when a plaintiff sues for the recovery of immovable property from an unauthorized occupant.","**What This Means For You**
Mesne profits are the profits that a person in wrongful possession of a property can receive from that property. If someone is occupying your land without permission, they may be liable to pay you for the profits they made from it.

**What the Law Says**
Under Section 2(12) of the Code of Civil Procedure (CPC) [ACT-1], ""mesne profits"" of property means those profits which the person in wrongful possession of such property actually received or might with ordinary diligence have received therefrom, together with interest on such profits. This includes the value of any crops or other products that the person in wrongful possession has taken from the property, as well as any rent or other income they have received from it.

**What You Should Do Now**
1. Document all evidence of the wrongful possession, including any records of income or profits made from the property.
2. Calculate the total value of the profits made by the person in wrongful possession, including any interest that may be owed.
3. Consider consulting a lawyer to help you recover the mesne profits from the person in wrongful possession.

**Evidence to Keep**
- Records of income or profits made from the property
- Documents showing the value of any crops or products taken from the property
- Evidence of any rent or other income received from the property

**Where to Go / Who to Contact**
You can file a suit in the Civil Court to recover mesne profits from the person in wrongful possession. You may also want to consult a lawyer who specializes in property law.

**When You Need a Lawyer**
You should consider hiring a lawyer if you are seeking to recover mesne profits from someone who has been in wrongful possession of your property, as the calculation and recovery of these profits can be complex and may require legal action.

---
**Sources**
- **[ACT-1]** The Code of Civil Procedure, 1908, Section 2: Definitions — decree, judgment, foreign judgment, jurisdiction *(Status: Amended)*","The Code of Civil Procedure, 1908 (CPC)",2(12),False,[],NOT_AVAILABLE,[],"['2(12)', '2']",True,NOT_AVAILABLE,False,[],False,[],,,,
Q124,"The Code of Civil Procedure, 1908 (CPC)",Explain the summary procedure under Order XXXVII of the CPC and the conditions for a defendant to appear.,"Answer Details: Order XXXVII provides a fast-track summary procedure for suits upon bills of exchange, hundis, or promissory notes (and extended to specific debt-recovery contracts). Leave to Defend: Unlike ordinary suits, the defendant cannot file a written statement as a matter of right. They must enter an appearance within 10 days of service of the summons and apply for ""leave to defend."" The court will grant leave only if the defendant’s affidavit discloses a bona fide or triable defense.","**What This Means For You**
If you're involved in a lawsuit where the plaintiff is seeking a debt or liquidated demand, the court may follow a summary procedure to speed up the case. This means the court will try to resolve the issue quickly, but the defendant still has the right to appear and defend themselves.

**What the Law Says**
Under Section 95 and other relevant sections of the Code of Civil Procedure, 1908 [ACT-1], the court has the power to order a summary procedure in certain cases, such as suits for debt or liquidated demands. According to the law, the defendant must be given a chance to appear and respond to the claim. However, the specific conditions for a defendant to appear are not explicitly stated in the provided verified sources.

**What You Should Do Now**
1. Review the court summons and notice to understand the case against you.
2. Prepare your defense and gather any relevant evidence to support your case.
3. Appear in court on the scheduled date and time to respond to the claim.

**Evidence to Keep**
- Copy of the court summons and notice
- Relevant documents and evidence to support your defense

**Where to Go / Who to Contact**
Contact the court where the case is filed or reach out to a licensed lawyer for guidance. You can also call the Legal Aid helpline at 16430 for assistance.

**When You Need a Lawyer**
You should consider hiring a lawyer if the court rules against you or if you need help navigating the legal process and ensuring your rights are protected.

---
**Sources**
- **[ACT-1]** The Code of Civil Procedure, 1908, Section 27: Summons to defendants. *(Status: Active)*","The Code of Civil Procedure, 1908 (CPC)",,False,[],NOT_AVAILABLE,[],"['95', '27']",N/A,NOT_AVAILABLE,False,[],False,[],,,,
Q125,"The Contract Act, 1872","What is the purpose of a ""Garnishee Order"" under Order XXI of the CPC?","Answer Details: A Garnishee Order is an execution mechanism under Order XXI, Rules 46A to 46I. It allows a decree-holder to attach and recover monetary sums owed to the judgment-debtor by a third party (the ""Garnishee""). The court orders the Garnishee directly to pay the debt into court instead of paying it to the judgment-debtor.","**What This Means For You**
A Garnishee Order is a legal tool that helps you recover money owed to you by a debtor. It allows the court to order a third party, who owes money to the debtor, to pay that money directly to you instead.

**What the Law Says**
Under Section 51 of the Code of Civil Procedure, 1908 [ACT-1], the Court has the power to enforce execution of a decree, including by issuing a Garnishee Order. This order can be used to attach debts owed by a third party to the judgment-debtor, allowing the decree-holder to recover their dues. As stated in Section 51, the Court may order execution of the decree by ""attachment and sale or by sale without attachment of any property"" or by other means, including a Garnishee Order.

**What You Should Do Now**
1. Identify the debt owed to the judgment-debtor by a third party.
2. File an application with the Court that passed the decree, requesting a Garnishee Order.
3. Provide evidence of the debt owed by the third party to the judgment-debtor.

**Evidence to Keep**
- Copy of the decree
- Proof of the debt owed by the third party to the judgment-debtor
- Identification of the third party and their relationship with the judgment-debtor

**Where to Go / Who to Contact**
Contact the Court that passed the decree, or the District Court where the judgment-debtor resides, to file an application for a Garnishee Order. You can also seek assistance from a licensed lawyer or the Legal Aid office (16430).

**When You Need a Lawyer**
You should consult a lawyer if the judgment-debtor or the third party disputes the debt or the Garnishee Order, or if you need help navigating the court process.

---
**Sources**
- **[ACT-1]** The Code of Civil Procedure, 1908, Section 128: Matters for which rules may provide. — jurisdiction, immovable property, movable property, summons *(Status: Active)*","The Contract Act, 1872",,False,[],NOT_AVAILABLE,[],"['51', '51', '128']",N/A,NOT_AVAILABLE,True,['Code of Civil Procedure'],False,[],,,,
Q126,"The Contract Act, 1872",Distinguish between a Contract of Indemnity (Section 124) and a Contract of Guarantee (Section 126).,"Answer Details: ○ Indemnity (Section 124): A contract by which one party promises to save the other from loss caused to him by the conduct of the promisor himself, or by the conduct of any other person. There are only two parties (indemnifier and indemnified). Liability is primary. ○ Guarantee (Section 126): A contract to perform the promise, or discharge the liability, of a third person in case of his default. There are three parties (principal debtor, creditor, and surety). Liability of the surety is secondary and collateral to that of the principal debtor.","**What This Means For You**
A Contract of Indemnity and a Contract of Guarantee are two different types of contracts that provide protection against loss, but they serve distinct purposes and have different implications. Understanding the difference between them is crucial to ensure you are entering into the right type of contract for your needs.

**What the Law Says**
Under Section 124 of the Contract Act, 1872 [ACT-1], a Contract of Indemnity is defined as a contract where one party promises to save the other from loss caused by the conduct of the promisor or any other person. On the other hand, under Section 126 of the Contract Act, 1872 [ACT-2], a Contract of Guarantee is a contract to perform the promise or discharge the liability of a third person in case of their default. The key difference lies in the fact that a Contract of Indemnity provides protection against loss, whereas a Contract of Guarantee ensures the performance of a promise or discharge of a liability.

**What You Should Do Now**
1. Review your contract to determine whether it is a Contract of Indemnity or a Contract of Guarantee.
2. Understand the terms and conditions of your contract, including the scope of indemnity or guarantee.
3. Ensure you are aware of your obligations and liabilities under the contract.

**Evidence to Keep**
- A copy of the contract
- Communication records with the other party
- Documentation of any losses or damages incurred

**Where to Go / Who to Contact**
If you need clarification on your contract or have concerns about your obligations, contact a licensed lawyer or the Bangladesh Bar Council.

**When You Need a Lawyer**
You should consult a lawyer if you are unsure about the terms of your contract or if a dispute arises regarding the contract, to ensure you receive proper guidance and protection under the law.

---
**Sources**
- **[ACT-1]** The Contract Act, 1872, Section 124: ""Contract of indemnity"" defined — conduct, against, party *(Status: Amended)*
- **[ACT-2]** The Contract Act, 1872, Section 126: ""Contract of guarantee"", ""surety"", ""principal debtor"" and ""creditor"" — called, default, given *(Status: Active)*","The Contract Act, 1872",124,False,[],NOT_AVAILABLE,[],"['124', '126', '124', '126']",True,NOT_AVAILABLE,False,[],False,[],,,,
Q127,"The Copyright Act, 2023",Explain the doctrine of frustration of contract under Section 56 of the Contract Act.,"Answer Details: Section 56 establishes that an agreement to do an act impossible in itself is void. It further states that a contract to do an act which, after the contract is made, becomes impossible, or, by reason of some event which the promisor could not prevent, unlawful, becomes void when the act becomes impossible or unlawful. This covers subsequent, unforeseen interventions that destroy the core commercial foundation of the agreement.","**What This Means For You**
The doctrine of frustration of contract is a crucial concept in contract law that allows parties to terminate a contract when it becomes impossible to fulfill due to unforeseen circumstances. This concept is essential in understanding how contracts can be terminated or modified when unexpected events occur.

**What the Law Says**
Under Section 56 of the Contract Act, 1872, an agreement to do an impossible act is considered void. If a contract becomes impossible to perform due to circumstances beyond the control of the parties, the contract can be terminated. This means that if a party has promised to do something that becomes impossible, the contract becomes void, and the party is not liable for non-performance.

**What You Should Do Now**
1. Review your contract to see if it contains any provisions that address impossibility or frustration.
2. If you are facing a situation where your contract has become impossible to fulfill, consider seeking legal advice to understand your options.
3. If you need to terminate a contract due to frustration, ensure that you follow the proper procedures and provide notice to the other party.

**Evidence to Keep**
- A copy of the contract
- Documentation of the circumstances that led to the frustration of the contract
- Communication records with the other party

**Where to Go / Who to Contact**
If you are dealing with a frustrated contract, you may want to contact a lawyer or the relevant authorities, such as the Magistrate Court, for guidance on how to proceed.

**When You Need a Lawyer**
If you are unsure about how to handle a frustrated contract or need assistance in terminating or modifying a contract, it is essential to seek professional legal advice from a licensed lawyer.

---
**Sources**
- **[ACT-1]** The Contract Act, 1872, Section 56: Agreement to do impossible act Contract to do act afterwards becoming impossible or unlawful Compensation for loss through nonperformance of act known to be impossible or unlawful — void, becomes *(Status: Active)*
- **[ACT-2]** The Contract Act, 1872, Section 54: Effect of default as to that promise which should be first performed, in contract consisting of reciprocal promises — compensation, work *(Status: Active)*
- **[ACT-3]** The Contract Act, 1872, Section 63: Promisee may dispense with or remit performance of promise — satisfaction, owes, whole, accepts, debt *(Status: Amended)*
- **[ACT-4]** The Contract Act, 1872, Section 19: Void ability of agreements without free consent — contract, estate, misrepresentation, voidable *(Status: Active)*
- **[ACT-5]** The Contract Act, 1872, Section 39: Effect of refusal of party to perform promise wholly — contract, night, theatre, sing, nights *(Status: Amended)*
- **[ACT-6]** The Contract Act, 1872, Section 134: Discharge of surety by release or discharge of principal debtor — contracts, discharged, contract *(Status: Active)*
- **[ACT-7]** The Contract Act, 1872, Section 55: Effect of failure to perform at fixed time, in contract in which time is essential Effect of such failure when time is not essential Effect of acceptance of performance at time other than that agreed upon — specified, promisee, voidable, intention *(Status: Active)*
- **[ACT-8]** The Contract Act, 1872, Section 57: Reciprocal promise to do things legal, and also other things illegal — house, certain, first, promises, contract *(Status: Amended)*
- **[ACT-9]** The Contract Act, 1872, Section 53: Liability of party preventing event on which the contract is to take effect — prevents, voidable, option *(Status: Amended)*
- **[ACT-10]** The Contract Act, 1872, Section 62: Effect of novation, rescission and alteration of contract — owes, debt, arrangement, parties *(Status: Amended)*
- **[ACT-11]** The Contract Act, 1872, Section 64: Consequences of rescission of voidable contract — party, received, benefit *(Status: Active)*
- **[ACT-12]** The Contract Act, 1872, Section 18: ""Misrepresentation"" defined — true, claiming, prejudice, agreement *(Status: Active)*
- **[ACT-13]** The Contract Act, 1872, Section 20: Agreement void where both parties are under mistake as to matter of fact — agrees *(Status: Amended)*
- **[ACT-14]** The Contract Act, 1872, Section 38: Effect of refusal to accept offer of performance — promisor, promisee, reasonable, opportunity *(Status: Active)*
- **[ACT-15]** The Contract Act, 1872, Section 40: Person by whom promise is to be performed — promisor, representatives *(Status: Active)*
- **[ACT-16]** The Contract Act, 1872, Section 133: Discharge of surety by variance in terms of contract — afterwards, liable *(Status: Amended)*
- **[ACT-17]** The Contract Act, 1872, Section 135: Discharge of surety when creditor compounds with, gives time to, or agrees not to sue, principal debtor — contract *(Status: Active)*
- **[DLR-1]** Abdul Kader VS Secretary, Election Commission and others — DLR (AD) 2005 | Appellate Division | 2005
- **[DLR-2]** Bangladesh, represented by the Secretary, Ministry of Works, Housing and Settlement and ors vs Md Abu Bakar and others — DLR (AD) 2005 | Appellate Division | 2005
- **[DLR-3]** Anarul Islam (Md) and others vs. State and another — DLR (AD) 2005 | Appellate Division | 2005
- **[DLR-4]** Yaor Mia (Md) and anothe VS Haji Shah Dhanai Ali and others — DLR (AD) 2005 | Appellate Division | 2005","The Copyright Act, 2023",56,False,[],NOT_AVAILABLE,[],"['56', '56', '54', '63', '19', '39', '134', '55', '57', '53', '62', '64', '18', '20', '38', '40', '133', '135']",True,NOT_AVAILABLE,False,[],False,[],,,,
Q128,"The Court Fees Act, 1870","What civil remedies are available to a copyright owner for infringement under the Copyright Act, 2023?",Answer Details: The owner of a copyright can initiate a civil lawsuit in the Court of the District Judge. The available statutory remedies include: 1. Injunctions (to restrain the continuation of the infringing activity). 2. Damages or an account of profits made by the infringer. 3. Delivery up of all infringing copies and plates used for manufacturing the unauthorized copies.,"**What This Means For You**
As a copyright owner, you have the right to protect your work from infringement. If someone uses your work without permission, you can take legal action to stop them and claim compensation. The Copyright Act, 2023, provides various civil remedies to help you enforce your rights.

**What the Law Says**
Under the Copyright Act, 2023, a copyright owner can seek civil remedies for infringement, including damages, injunctions, and accounts of profits. However, since the specific provisions of the Copyright Act, 2023, are not available in my verified database, I cannot provide detailed information on the civil remedies available.

**What You Should Do Now**
1. Consult the Bangladesh Code or a licensed lawyer to understand the specific civil remedies available under the Copyright Act, 2023.
2. Gather evidence of the infringement, including proof of your copyright ownership and the unauthorized use of your work.
3. Consider sending a cease and desist letter to the infringer, demanding that they stop using your work.

**Evidence to Keep**
- Proof of copyright ownership (e.g., registration certificate)
- Evidence of infringement (e.g., screenshots, witness statements)
- Records of any communication with the infringer

**Where to Go / Who to Contact**
Contact a licensed lawyer specializing in intellectual property law or the Copyright Office, Bangladesh, for guidance on enforcing your copyright.

**When You Need a Lawyer**
You should consult a lawyer if you need help navigating the legal process, drafting a cease and desist letter, or filing a lawsuit to enforce your copyright.

---
**Sources**
- **[DLR-1]** State VS Abdur Rahim — DLR (AD) 2005 | Appellate Division | 2005
- **[DLR-2]** Secretary, Ministry of Food Government of Bangladesh and others vs. Md Sirajuddin Ahmed and others — DLR (AD) 2005 | Appellate Division | 2005
- **[DLR-3]** Government of Bangladesh and another VS Md Afsar Ali and others — DLR (AD) 2003 | Appellate Division | 2003
- **[DLR-4]** Bangladesh represented by the Secretary, Ministry of Establishment and others VS Abdul halim miah and others — DLR (AD) 2005 | Appellate Division | 2005","The Court Fees Act, 1870",,False,[],NOT_AVAILABLE,[],[],N/A,NOT_AVAILABLE,False,[],False,[],,,,
Q129,"The Code of Criminal Procedure, 1898 (CrPC)",What is the procedure for a refund of court fees on a plaint rejected for undervaluation under Section 13?,"Answer Details: Under Section 13, if an appellate court remands a case for retrial, or if a plaint was rejected by a subordinate court and subsequently the appellate court reverses that decision, the appellant is entitled to receive a certificate from the court authorizing a refund of the court fee paid on the memorandum of appeal or plaint, preventing double taxation for administrative corrections.","**What This Means For You**
If your plaint is rejected due to undervaluation, you may be eligible for a refund of the court fees you paid. This is a significant step, as it can help you recover some of the costs associated with filing a case. The refund process is governed by the Court Fees Act, 1870.

**What the Law Says**
Under Section 13 of the Court Fees Act, 1870 [ACT-1], if a plaint is rejected by the lower court on any of the grounds mentioned in the Code of Civil Procedure, including undervaluation, the appellate court shall order the refund of the full amount of the fee paid on the plaint. This means that if your case is rejected due to undervaluation, you can expect to receive a refund of the court fees you paid.

**What You Should Do Now**
1. Check the court's order to confirm that your plaint was rejected due to undervaluation.
2. Apply to the appellate court for a refund of the court fees, citing Section 13 of the Court Fees Act, 1870 [ACT-1].
3. Provide the necessary documentation, including the court's order and proof of payment of the court fees.

**Evidence to Keep**
- Copy of the court's order rejecting the plaint
- Receipt of payment of court fees
- Application for refund of court fees

**Where to Go / Who to Contact**
Contact the appellate court that rejected your plaint, or visit the court's registry to inquire about the refund process. You can also seek assistance from the court's staff or a licensed lawyer.

**When You Need a Lawyer**
You should consider consulting a licensed lawyer if the court rejects your application for a refund or if you need help navigating the refund process.

---
**Sources**
- **[ACT-1]** The Court Fees Act, 1870, Section 13: None *(Status: Active)*","The Code of Criminal Procedure, 1898 (CrPC)",13,False,[],NOT_AVAILABLE,[],"['13', '13', '13']",True,NOT_AVAILABLE,True,['Code of Civil Procedure'],False,[],,,,
Q130,"The Code of Criminal Procedure, 1898 (CrPC)",What are the statutory powers of a Court to issue a Proclamation and Attachment for an absconding person under Sections 87 and 88?,"Answer Details: ○ Section 87 (Proclamation): If a Court has reason to believe that any person against whom a warrant has been issued has absconded, it may publish a written proclamation requiring him to appear at a specified place and time not less than 30 days from the date of publishing. ○ Section 88 (Attachment): Simultaneously or after the proclamation, the Court may order the attachment of any property, movable or immovable, belonging to the proclaimed person to compel compliance.","**What This Means For You**
If someone has absconded and a court issues a proclamation and attachment, it means the court is taking steps to ensure the person appears before the court. This can affect the person's property and freedom. The court's powers under Sections 87 and 88 of the Code of Criminal Procedure, 1898, allow it to take control of the person's property and require them to appear.

**What the Law Says**
Under Section 87 of the Code of Criminal Procedure, 1898 [ACT-1], a court can publish a written proclamation requiring a person to appear at a specified place and time if the court believes the person has absconded or is concealing themselves. The proclamation must be published in a conspicuous place, and a statement by the court that the proclamation was duly published is conclusive evidence that the requirements have been complied with. Under Section 88 [ACT-1], the court can also order the attachment of the person's property, which can include movable or immovable property, and the court can authorize the attachment of such property.

**What You Should Do Now**
1. If you are the person against whom the proclamation is issued, you should appear at the specified place and time to avoid further action.
2. If you are a family member or friend of the person, you should encourage them to appear before the court.
3. If you have any information about the whereabouts of the person, you should inform the court or the authorities.

**Evidence to Keep**
- A copy of the proclamation
- Any documents related to the person's property
- Any evidence of the person's whereabouts

**Where to Go / Who to Contact**
You should contact the court that issued the proclamation or the local police station for more information. You can also contact a lawyer for legal advice.

**When You Need a Lawyer**
You should consult a lawyer if you are the person against whom the proclamation is issued or if you have any questions about the court's powers under Sections 87 and 88.

---
**Sources**
- **[ACT-1]** The Code of Criminal Procedure, 1898, Section 88: Attachment of property of person absconding *(Status: Amended)*","The Code of Criminal Procedure, 1898 (CrPC)",87,False,[],NOT_AVAILABLE,[],"['87', '88', '87', '88', '87', '88', '88']",True,NOT_AVAILABLE,False,[],False,[],,,,
Q131,"The Code of Criminal Procedure, 1898 (CrPC)",Explain the statutory provisions for regular bail under Section 497 of the CrPC for non-bailable offences.,"Answer Details: Section 497 dictates that a person accused of a non-bailable offence may be released on bail, except if there appear reasonable grounds for believing that he has been guilty of an offence punishable with death or imprisonment for life. Exceptions for Release: The section contains an explicit proviso stating that the Court may direct that any person under the age of sixteen years, or any woman, or any sick or infirm person be released on bail even if the offence carries capital punishment.","**What This Means For You**
If you or someone you know is accused of a non-bailable offence, understanding the provisions for regular bail under Section 497 of the CrPC is crucial. This section outlines the conditions and procedures for granting bail in such cases. However, I must clarify that the information provided is based on the available data, and it's essential to consult the relevant laws and a licensed lawyer for specific guidance.

**What the Law Says**
Under Section 497 of the Code of Criminal Procedure, 1898 [ACT-1], the provisions for regular bail in non-bailable offences are outlined. However, I must correct that the provided information does not contain Section 497 of the CrPC. According to the available data, Section 498 of the Code of Criminal Procedure, 1898 [ACT-1] provides the power to direct admission to bail or reduction of bail. For non-bailable offences, the court considers various factors, including the severity of the offence, the likelihood of the accused fleeing, and the potential threat to the community.

**What You Should Do Now**
1. Consult a licensed lawyer to understand the specific provisions and procedures for regular bail in non-bailable offences under the Code of Criminal Procedure, 1898.
2. Gather all relevant documents and evidence to support the bail application.
3. Prepare to present a strong case for bail, highlighting the accused's credibility, community ties, and willingness to cooperate with the investigation.

**Evidence to Keep**
- Copies of the First Information Report (FIR) and the charge sheet
- Documents supporting the accused's identity, address, and employment
- Character certificates from reputable individuals or organizations
- Medical reports or other relevant evidence that may support the bail application

**Where to Go / Who to Contact**
Contact a licensed lawyer or visit the relevant court, such as the Sessions Court or the High Court Division, to initiate the bail application process. You can also reach out to the Legal Aid services in Bangladesh for guidance and support (Legal Aid: 16430).

**When You Need a Lawyer**
You should consult a licensed lawyer immediately if you or someone you know is accused of a non-bailable offence and requires guidance on the bail application process.

---
**Sources**
- **[ACT-1]** The Code of Criminal Procedure, 1898, Section 498: Power to direct admission to bail or reduction of bail (Anticipatory Bail / Agam Jamin) *(Status: Active)*","The Code of Criminal Procedure, 1898 (CrPC)",497,False,[],NOT_AVAILABLE,[],"['497', '497', '497', '498', '498']",True,NOT_AVAILABLE,False,[],False,[],,,,
Q132,"The Evidence Act, 1872","What is the procedure for an ""Inquest Report"" under Section 174 of the CrPC?","Answer Details: Under Section 174, an officer in charge of a police station or an authorized Magistrate, upon receiving information that a person has committed suicide, or has been killed by another, or by an animal, machinery, or accident, must immediately proceed to the place where the body is and make an investigation into the apparent cause of death. They prepare an Inquest Report detailing wounds, fractures, and bruises, signed by the officer and local witnesses.","**What This Means For You**
If someone has died under suspicious circumstances, the police must investigate and submit an inquest report to the Magistrate. This report helps determine the cause of death and whether any crime was committed. As a citizen, it's essential to understand the procedure to ensure that justice is served.

**What the Law Says**
Under Section 174 of the Code of Criminal Procedure, 1898 [ACT-1], when the police receive information about a death, they must immediately inform the nearest Executive Magistrate and conduct an investigation. The police officer must visit the scene, examine the body, and gather evidence. The officer must then submit a report to the Magistrate, including the apparent cause of death and any injuries found on the body.

**What You Should Do Now**
1. If you have information about a suspicious death, report it to the police immediately.
2. Cooperate with the police investigation and provide any relevant information.
3. If you are a family member or relative of the deceased, you may be required to provide information or testimony to the police or Magistrate.

**Evidence to Keep**
- Any witness statements or accounts of the incident
- Medical records or reports related to the deceased
- Photographs or videos of the scene or body (if applicable)

**Where to Go / Who to Contact**
Contact your local police station or the nearest Executive Magistrate to report a suspicious death or to inquire about an ongoing investigation. You can also reach out to the National Emergency Service (999) for assistance.

**When You Need a Lawyer**
If you are a suspect or accused in a case related to the death, or if you need help navigating the legal process, it's essential to consult a licensed lawyer to protect your rights and interests.

---
**Sources**
- **[ACT-1]** The Code of Criminal Procedure, 1898, Section 174: Police to inquire and report on suicide, etc *(Status: Amended)*","The Evidence Act, 1872",174,False,[],NOT_AVAILABLE,[],"['174', '174']",True,NOT_AVAILABLE,True,['Code of Criminal Procedure'],False,[],,,,
Q133,"The Evidence Act, 1872","When is an ""Admission"" relevant, and can it be used in favor of the person making it under Sections 17 and 21?","Answer Details: Section 17 defines an admission as a statement, oral or documentary, which suggests any inference as to any fact in issue or relevant fact. Rule of Relevancy (Section 21): Admissions are relevant and can generally be proved against the person who makes them or his representative in interest. They cannot be proved by or on behalf of the person who makes them, except under specific statutory exceptions (e.g., if it is of such a nature that, if the person making it were dead, it would be admissible as a dying declaration).","**What This Means For You**
An admission can be a crucial piece of evidence in a court case, and understanding when it is relevant is important. According to the law, an admission can be used against the person who made it, but there are certain exceptions where it can also be used in their favor.

**What the Law Says**
Under Section 17 [ACT-6] of the Evidence Act, 1872, an admission is defined as a statement that suggests any inference as to any fact in issue or relevant fact. Section 21 [ACT-1] of the same Act states that admissions are relevant and may be proved as against the person who makes them, but they cannot be proved by or on behalf of the person who makes them, except in certain cases. For example, an admission may be proved by or on behalf of the person making it if it is of such a nature that, if the person making it were dead, it would be relevant as between third persons under Section 32.

**What You Should Do Now**
1. Understand the context in which the admission was made to determine its relevance.
2. Review the exceptions under Section 21 to see if the admission can be used in favor of the person making it.
3. Consult with a lawyer to determine the best course of action in your specific case.

**Evidence to Keep**
- Record of the admission, including date, time, and context
- Any witness statements or evidence that support the admission
- Documentation of any exceptions that may apply under Section 21

**Where to Go / Who to Contact**
District Court or Sessions Court, depending on the nature of the case. You can also contact the Legal Aid office for guidance and support: Legal Aid: 16430.

**When You Need a Lawyer**
You should consult a lawyer if you are unsure about the relevance of an admission or if you need help navigating the exceptions under Section 21, as incorrect handling of admissions can significantly impact the outcome of your case.

---
**Sources**
- **[ACT-1]** The Evidence Act, 1872, Section 21: Proof of admissions, against persons making them, and by or on their behalf — Admissions, relevant, proved, against, who, makes, representative, interest *(Status: Amended)*
- **[ACT-6]** The Evidence Act, 1872, Section 17: Admission defined — admission, statement, oral, documentary, contained, digital, record, suggests *(Status: Amended)*","The Evidence Act, 1872",17,False,[],NOT_AVAILABLE,[],"['17', '21', '32', '21', '21', '21', '21', '17']",True,NOT_AVAILABLE,False,[],False,[],,,,
Q134,"The Bangladesh Labour Act, 2006","What is the difference between ""Presumption of Fact"" (May Presume) and ""Presumption of Law"" (Shall Presume) under Section 4?","Answer Details: ○ May Presume: Whenever it is provided by the Act that the Court may presume a fact, it may either regard such fact as proved, unless and until it is disproved, or may call for proof of it (discretionary). ○ Shall Presume: Whenever it is directed by the Act that the Court shall presume a fact, it shall regard such fact as proved, unless and until it is disproved (mandatory; the court has no discretion to call for proof initially, but the opposing party can lead evidence to rebut it).","**What This Means For You**
The difference between ""Presumption of Fact"" and ""Presumption of Law"" is crucial in understanding how the court makes decisions. It affects how facts are proven and what the court assumes to be true. This distinction can impact the outcome of your case, so it's essential to understand the difference.

**What the Law Says**
Under Section 4 of the Evidence Act, 1872 [ACT-1], the court has two types of presumptions: ""May Presume"" (Presumption of Fact) and ""Shall Presume"" (Presumption of Law). When the court ""may presume"" a fact, it can choose to regard that fact as proven unless it is disproven. On the other hand, when the court ""shall presume"" a fact, it must regard that fact as proven unless it is disproven. In other words, ""may presume"" gives the court discretion, while ""shall presume"" makes it mandatory.

**What You Should Do Now**
1. Understand the context of your case and identify which type of presumption applies.
2. Review the evidence and arguments presented in your case to see how the presumption of fact or law is being used.
3. Consult with a lawyer to determine the best course of action based on the specific circumstances of your case.

**Evidence to Keep**
- Records of all relevant evidence and documents
- Notes on the arguments presented in court
- Any expert opinions or testimony that may be relevant to the case

**Where to Go / Who to Contact**
If you need help understanding the presumptions in your case, contact a licensed lawyer or visit the District Court or Supreme Court of Bangladesh.

**When You Need a Lawyer**
You should consult a lawyer if you are unsure about how the presumptions of fact or law apply to your case, or if you need help navigating the legal process.

---
**Sources**
- **[ACT-1]** The Evidence Act, 1872, Section 4: ""May presume"" — Whenever, provided, Act, presume, either, regard, proved, until *(Status: Active)*","The Bangladesh Labour Act, 2006",,False,[],NOT_AVAILABLE,[],"['4', '4']",N/A,NOT_AVAILABLE,True,['Evidence Act'],False,[],,,,
Q135,"The Limitation Act, 1908",What are the statutory requirements for the termination of employment by a worker via resignation under Section 27?,"Answer Details: Under Section 27, a permanent worker may resign from employment by giving the employer notice in writing. Notice Period: The worker must give 60 days' notice if they are a permanent monthly- rated worker, or 30 days' notice if they are a piece-rated/hourly worker. If a worker resigns without notice, they must pay the employer wages in lieu of the notice period. Permanent workers with at least 5 years of service are entitled to compensation/gratuity upon resignation.","**What This Means For You**
If you're a worker in Bangladesh, you have the right to resign from your job, but you need to follow certain rules. The Bangladesh Labour Act, 2006, sets out the requirements for resignation. You must give your employer written notice before you can leave your job.

**What the Law Says**
Under Section 27 of the Bangladesh Labour Act, 2006 [ACT-1], a permanent worker can resign by giving the employer 60 days' notice in writing. A temporary worker must give 30 days' notice if they are a monthly rated worker, or 14 days' notice for other workers. You can also resign without notice by paying the employer an amount equal to the wages for the notice period.

**What You Should Do Now**
1. Check your employment contract to see if it has any specific resignation notice period.
2. Give your employer written notice of your intention to resign, stating the date of your last day of work.
3. Pay the notice period wages if you want to resign without notice.

**Evidence to Keep**
- A copy of your resignation letter
- A copy of your employment contract
- Proof of notice period wages payment (if applicable)

**Where to Go / Who to Contact**
If you have any issues with your resignation, you can contact the Labour Department or the Labour Court.

**When You Need a Lawyer**
You should consult a lawyer if your employer is not accepting your resignation or if you are facing any issues with your resignation, such as non-payment of notice period wages or other benefits.

---
**Sources**
- **[ACT-1]** The Bangladesh Labour Act, 2006, Section 27: Termination of employment by workers *(Status: Active)*","The Limitation Act, 1908",27,False,[],NOT_AVAILABLE,[],"['27', '27']",True,NOT_AVAILABLE,True,['Bangladesh Labour Act'],False,[],,,,
Q136,"The Negotiable Instruments Act, 1881 (NI Act)","What is the effect of ""Fraud"" or concealment on the calculation of a limitation period under Section 18?","Answer Details: Section 18 establishes that where a person having a right to institute a suit or make an application has been kept from the knowledge of such right or title by fraud, or where any document necessary to establish such right has been fraudulently concealed, the time for computing limitation shall be reckoned from the time when the fraud first became known to the affected party, or when they first had the means of producing the concealed document.","**What This Means For You**
If someone has hidden information or committed fraud that prevented you from knowing about your rights or the facts of a case, the time limit for taking legal action may be extended. This means you might still have time to file a lawsuit or make a claim even if the usual time limit has passed.

**What the Law Says**
Under Section 18 [ACT-1] of the Limitation Act, 1908, if a person has been kept from knowing about their rights or the facts of a case due to fraud or concealment, the time limit for taking legal action is calculated from the time when the fraud or concealment was discovered, or when the person had the means to produce the necessary documents. This provision is designed to protect individuals from being unfairly denied their rights due to deceitful or hidden actions by others.

**What You Should Do Now**
1. Gather evidence of the fraud or concealment, such as documents or witness statements.
2. Consult with a lawyer to determine if the fraud or concealment has affected the calculation of the limitation period in your case.
3. File a lawsuit or make a claim as soon as possible, if advised to do so by your lawyer.

**Evidence to Keep**
- Documents related to the fraud or concealment
- Witness statements or testimony
- Records of any attempts to discover the truth or obtain necessary documents

**Where to Go / Who to Contact**
Contact a licensed lawyer in Bangladesh who specializes in civil law or the specific area related to your case. You may also reach out to the Bangladesh Bar Council for assistance in finding a lawyer.

**When You Need a Lawyer**
You should consult a lawyer immediately if you suspect that fraud or concealment has affected your rights or the calculation of a limitation period in your case, as they can provide guidance on the best course of action and help you navigate the legal process.

---
**Sources**
- **[ACT-1]** The Limitation Act, 1908, Section 18: Effect of fraud — concealed right, title, document, limitation computation *(Status: Active)*","The Negotiable Instruments Act, 1881 (NI Act)",18,False,[],NOT_AVAILABLE,[],"['18', '18']",True,NOT_AVAILABLE,True,['Limitation Act'],False,[],,,,
Q137,"The Public Demands Recovery Act, 1913 (PDR Act)","Explain the concept of a ""Holder in Due Course"" under Section 9 of the NI Act.","Answer Details: Section 9 defines a ""Holder in Due Course"" as any person who for consideration becomes the possessor of a promissory note, bill of exchange, or cheque, if payable to bearer, or the payee or indorsee thereof, before the amount mentioned in it became payable, and without having sufficient cause to believe that any defect existed in the title of the person from whom he derived his title.","**What This Means For You**
A ""Holder in Due Course"" is a person who has legally acquired a negotiable instrument, such as a check or promissory note, and is entitled to receive payment without any defects in the title. This concept protects the holder from any claims or defenses that may have existed before they acquired the instrument.

**What the Law Says**
Under Section 9 of the Negotiable Instruments Act, 1881 [ACT-1], a ""Holder in Due Course"" means any person who, for consideration, becomes the possessor of a promissory note, bill of exchange, or check before it becomes overdue, without notice that the title of the person from whom they derived their title was defective. This means that the holder must have acquired the instrument in good faith, without knowledge of any defects in the title, and before the instrument became overdue.

**What You Should Do Now**
1. Ensure you have acquired the negotiable instrument in good faith and for consideration.
2. Verify that the instrument is not overdue and that you have no notice of any defects in the title.
3. Keep records of the transaction, including the date and amount of the instrument, to prove your status as a Holder in Due Course.

**Evidence to Keep**
- The negotiable instrument itself
- Records of the transaction, including date and amount
- Proof of consideration paid for the instrument

**Where to Go / Who to Contact**
If you have any questions or concerns about your status as a Holder in Due Course, you can contact a lawyer or the Bangladesh Bank for guidance.

**When You Need a Lawyer**
You should consult a lawyer if you are unsure about your rights as a Holder in Due Course or if you are facing any disputes or claims related to the negotiable instrument.

---
**Sources**
- **[ACT-1]** The Negotiable Instruments Act, 1881, Section 9: Holder in due course — consideration, possession, overdue instrument, defective title *(Status: Active)*","The Public Demands Recovery Act, 1913 (PDR Act)",9,False,[],NOT_AVAILABLE,[],"['9', '9']",True,NOT_AVAILABLE,False,[],False,[],,,,
Q138,"The Penal Code, 1860",What is the process of execution available to a Certificate-officer to realize public arrears under Section 22?,"Answer Details: Under Section 22, if a certificate is not satisfied after notice and the resolution of any objections, the Certificate-officer may execute it by: 1. Attachment and sale, or sale without attachment, of any property belonging to the debtor. 2. Attachment of any decree passed by a Civil Court in favor of the debtor. 3. Arrest of the certificate-debtor and detention in civil prison.","**What This Means For You**
The process of execution under Section 22 of the Public Demands Recovery Act, 1913, allows a Certificate-officer to realize public arrears through various methods. This means that if you owe public arrears, the Certificate-officer can take steps to recover the amount from you. 

**What the Law Says**
Under Section 22 of the Public Demands Recovery Act, 1913 [ACT-1], a Certificate-officer can execute a certificate by ordering the attachment and sale, or sale without previous attachment, of any property. Additionally, the Certificate-officer can also execute the certificate by attaching a decree or arresting the certificate-debtor and detaining them in civil prison [ACT-2]. 

**What You Should Do Now**
1. Review your financial situation to determine if you can pay the public arrears.
2. If you are unable to pay, consider seeking assistance from a financial advisor or a lawyer.
3. If you receive a notice from the Certificate-officer, respond promptly to avoid further action.

**Evidence to Keep**
- Records of your financial transactions
- Proof of your income and expenses
- Any communication with the Certificate-officer

**Where to Go / Who to Contact**
If you need assistance, you can contact the Certificate-officer's office or a lawyer specializing in public demands recovery. You can also reach out to the National Legal Aid Services Organization of Bangladesh (NLASO) for legal aid.

**When You Need a Lawyer**
You should consider consulting a lawyer if you receive a notice from the Certificate-officer or if you are unsure about the execution process, as they can provide you with professional advice and representation.

---
**Sources**
- **[ACT-1]** The Public Demands Recovery Act, 1913, Section 22: Application to set aside sale of immovable property on deposit — certificate-holder amount, purchaser penalty, Government charges *(Status: Active)*
- **[ACT-2]** The Public Demands Recovery Act, 1913, Section 14: Modes of execution — attachment and sale, decree attachment, arrest and civil prison *(Status: Active)*","The Penal Code, 1860",22,False,[],NOT_AVAILABLE,[],"['22', '22', '22', '14']",True,NOT_AVAILABLE,False,[],False,[],,,,
Q139,"The Registration Act, 1908",What are the boundaries and limitations of the Right of Private Defence of the body under Sections 96 to 102?,"Answer Details: Section 96 states nothing is an offence which is done in the exercise of the right of private defence. Limitations (Section 99): There is no right of private defence against an act which does not reasonably cause the apprehension of death or of grievous hurt, if done by a public servant acting in good faith. Crucially, the right in no case extends to the inflicting of more harm than it is necessary to inflict for the purpose of defence (proportionality principle).","**What This Means For You**
The Right of Private Defence of the body is a legal right that allows you to protect yourself against harm, but it has certain boundaries and limitations. Understanding these limits is crucial to avoid any legal consequences. If you exceed these limits, you might face legal action.

**What the Law Says**
Under Sections 96 to 102 of the Penal Code, 1860 [ACT-1], the Right of Private Defence of the body allows you to defend yourself against harm, but only to the extent necessary to prevent the harm. The right commences when a reasonable apprehension of danger arises and continues until the danger has passed. However, there is no right of private defence against an act that does not reasonably cause apprehension of death or grievous hurt, if done by a public servant acting in good faith [ACT-9]. A court also ruled in relevant cases that the right of private defence is subject to certain restrictions and limitations.

**What You Should Do Now**
1. Understand the circumstances under which you can exercise the Right of Private Defence of the body.
2. Be aware of the limitations and restrictions on this right, including the requirement that the harm must be imminent and the response must be proportionate.
3. Seek legal advice if you are unsure about the boundaries of this right or if you have exceeded them.

**Evidence to Keep**
- Records of any threats or harm you have suffered
- Witness statements or evidence of the incident
- Medical records or evidence of any injuries sustained

**Where to Go / Who to Contact**
If you need help or guidance on the Right of Private Defence of the body, you can contact the local police station or a lawyer specializing in criminal law. For legal aid, you can call the Legal Aid hotline at 16430.

**When You Need a Lawyer**
You should consult a lawyer if you have exceeded the boundaries of the Right of Private Defence of the body and are facing legal consequences, such as criminal charges.

---
**Sources**
- **[ACT-1]** The Penal Code, 1860, Section 97: Right of private defence of the body and of property *(Status: Active)*
- **[ACT-9]** The Penal Code, 1860, Section 99: Acts against which there is no right private defence *(Status: Active)*","Penal Code, 1860",96,False,[],NOT_AVAILABLE,[],"['96', '102', '97', '99']",True,NOT_AVAILABLE,False,[],False,[],,,,
Q140,"The Specific Relief Act, 1877",What is the consequence of non-registration of documents required to be registered under Section 49?,"Answer Details: Under Section 49, any document required by Section 17 to be registered shall not: 1. Affect any immovable property comprised therein. 2. Confer any power to adopt. 3. Be received as evidence of any transaction affecting such property or conferring such power. Proviso Exception: It can be received as evidence of part-performance of a contract in a suit for specific performance under the Specific Relief Act, or as evidence of collateral transactions.","**What This Means For You**
If you fail to register documents as required, you may face a fine. This is important because it can affect your financial situation and compliance with the law.

**What the Law Says**
Under Section 49 of the Information & Communication Technology Act, 2006 [ACT-1], if any person fails to deliver any information, books, or other documents within the stipulated time, they can be fined up to Taka ten thousand by the Controller or any authorized government officer. This fine is imposed by an administrative order, with written reasons provided.

**What You Should Do Now**
1. Ensure all required documents are delivered to the relevant authorities within the specified timeframe.
2. Verify the specific documents that need to be registered under the Act to avoid any potential fines.
3. Consult with the Controller or authorized officer if there are any doubts about the registration process or required documents.

**Evidence to Keep**
- Records of all documents submitted for registration
- Proof of timely delivery of documents
- Any communication with the Controller or authorized officer regarding document registration

**Where to Go / Who to Contact**
For more information or to register documents, contact the relevant authorities under the Information & Communication Technology Act, 2006, such as the Controller or authorized government officers.

**When You Need a Lawyer**
You should consult a lawyer if you receive a notice of fine or are unsure about your obligations under the Information & Communication Technology Act, 2006, to ensure you understand your rights and responsibilities.

---
**Sources**
- **[ACT-1]** The Information & Communication Technology Act, 2006, Section 49: Penalty for failure to file return, information, book etc. — failure to deliver within stipulated time, administrative fine, Taka ten thousand *(Status: Active)*","The Specific Relief Act, 1877",49,False,[],NOT_AVAILABLE,[],"['49', '49']",True,NOT_AVAILABLE,False,[],False,[],,,,
Q141,"The Suits Valuation Act, 1887","Under what conditions can a Court order the ""Rectification of Instruments"" under Section 31?","Answer Details: Section 31 states that when, through fraud or a mutual mistake of the parties, a contract or other instrument in writing does not express their real intention, either party or their representative in interest may institute a suit to have the instrument rectified. The Court must be satisfied that the instrument failed to show the true intent without overriding the rights acquired by third parties in good faith.","**What This Means For You**
If you've signed a contract or document that doesn't accurately reflect your intentions due to fraud or mutual mistake, you may be able to get it corrected through a court process called rectification of instruments. This can help prevent serious injury to you.

**What the Law Says**
Under Section 31 [ACT-1] of the Specific Relief Act, 1877, a Court can order the rectification of an instrument if it finds that the instrument does not truly express the intentions of the parties due to fraud or mutual mistake. The Court must be satisfied that all parties intended to make an equitable and conscientious agreement, as stated in Section 32 [ACT-8]. A court also ruled in various cases that rectification is possible when the instrument is void or voidable, and the party has reasonable apprehension of serious injury.

**What You Should Do Now**
1. Gather evidence of the fraud or mutual mistake that led to the incorrect instrument.
2. Consult with a lawyer to determine if you have a valid case for rectification.
3. File a suit in the appropriate Court, providing clear proof of the mistake or fraud.

**Evidence to Keep**
- The original instrument (contract or document)
- Proof of the mistake or fraud (e.g., emails, letters, witness statements)
- Any other relevant documents or records

**Where to Go / Who to Contact**
You should contact a District Court or a lawyer specializing in contract law. You can also reach out to the Bangladesh Bar Council for a referral to a licensed lawyer.

**When You Need a Lawyer**
You should consult a lawyer as soon as possible if you believe you need to rectify an instrument, as the process can be complex and requires careful preparation of evidence and legal arguments.

---
**Sources**
- **[ACT-1]** The Specific Relief Act, 1877, Section 31: When instrument may be rectified *(Status: Amended)*
- **[ACT-8]** The Specific Relief Act, 1877, Section 32: Presumption as to intent of parties *(Status: Active)*","The Suits Valuation Act, 1887",31,False,[],NOT_AVAILABLE,[],"['31', '32', '31', '32']",True,NOT_AVAILABLE,True,['Specific Relief Act'],False,[],,,,
Q142,"The Income Tax Act, 2023",Power of the Government to make rules determining the value of land for jurisdictional purposes under Section 3.,"Answer Details: Under Section 3, the Government may make rules for determining the value of land for the purposes of jurisdiction in suits mentioned in the Court Fees Act, 1870, Section 7, paragraphs v and vi, and paragraph x, clause (d). This creates an objective state standard for valuation separate from fluctuating local market speculations.","**What This Means For You**
The Government has the authority to make rules that determine the value of land, which can affect various aspects of land ownership and jurisdiction. This power is crucial in ensuring that land-related matters are handled consistently and fairly. If you own land or are involved in a land dispute, understanding these rules can help you navigate the legal process.

**What the Law Says**
Under Section 3 of the Land Reforms Act, 2023 [ACT-1], the Act prevails over any other law, giving the Government the power to make rules for carrying out its purposes. Although Section 3 itself does not directly address the determination of land value, Section 21 [ACT-2] of the same Act grants the Government the power to make rules for carrying out the purposes of the Act, which could include determining land value for jurisdictional purposes. 

**What You Should Do Now**
1. Review the Land Reforms Act, 2023, to understand the specific rules and regulations regarding land value determination.
2. Check for any notifications or updates from the Government regarding the rules for determining land value.
3. Consult with a legal expert or relevant authorities if you have specific questions or concerns about how land value is determined for jurisdictional purposes.

**Evidence to Keep**
- Copies of the Land Reforms Act, 2023
- Any notifications or updates from the Government regarding land value determination rules
- Documents related to your land ownership or dispute

**Where to Go / Who to Contact**
For more information or clarification, you can contact the Ministry of Lands or the Land Reforms Board. 

**When You Need a Lawyer**
You should consult a lawyer if you are involved in a land dispute or need legal advice on how the Government's rules on land value determination affect your specific situation.

---
**Sources**
- **[ACT-1]** Land Reforms Act, 2023, Section 3: Act to prevail *(Status: Active)*
- **[ACT-2]** Land Reforms Act, 2023, Section 21: Power to make rules *(Status: Active)*","The Income Tax Act, 2023",3,False,[],NOT_AVAILABLE,[],"['3', '3', '21', '3', '21']",True,NOT_AVAILABLE,True,['Land Reforms Act'],False,[],,,,
Q143,"The Stamp Act, 1899",What are the penal consequences for intentional non-filing of income tax returns under the current Income Tax Act?,"Answer Details: Under the current Income Tax Act, 2023 framework, an assessee who fails to file their income tax return within the statutory ""Tax Day"" deadline without a valid extension is subject to a mandatory financial penalty. Additionally, continuing defaults can result in the suspension of utility connections, commercial licenses, or the withholding of their Taxpayer's Identification Number (TIN) verifications for essential civic transactions.","**What This Means For You**
If you intentionally don't file your income tax returns, you might face penalties under the Income Tax Act. This can lead to fines and even imprisonment, depending on the severity of the offense.

**What the Law Says**
Under Section 124 of the Income Tax Ordinance, 1984 [ACT-1], any person who fails to furnish a return of income as required by Section 75 or Section 76 of the Ordinance shall be punishable with a fine or imprisonment. However, the specific penal consequences for intentional non-filing of income tax returns are not explicitly stated in the provided ACTs.

**What You Should Do Now**
1. Check if you are required to file an income tax return based on your income and eligibility.
2. Gather all necessary documents, such as your TIN, income statements, and expense records.
3. File your income tax return on time to avoid any penalties.

**Evidence to Keep**
- TIN certificate
- Income statements
- Expense records
- Proof of tax payment

**Where to Go / Who to Contact**
National Board of Revenue (NBR) - http://nbr.gov.bd/ or call 02-9338151

**When You Need a Lawyer**
You should consult a lawyer if you are facing prosecution for intentional non-filing of income tax returns or if you need assistance with a tax-related dispute.

---
**Sources**
- **[ACT-1]** আয়কর আইন, ২০২৩, Section 41: ধারা ৪১ — ধারা ৪১, Section 41, আয়কর, income tax, tax law, Bangladesh tax *(Status: Active)*","The Stamp Act, 1899",,False,[],NOT_AVAILABLE,[],"['124', '75', '76', '41', '41']",N/A,NOT_AVAILABLE,True,['Income Tax Act'],False,[],,,,
Q144,"The Trademarks Act, 2009",What is the procedure for the adjudication of proper stamp duty by a Collector under Section 31?,"Answer Details: Under Section 31, when an instrument, whether executed or not and whether sufficiently stamped or not, is brought to the Collector, and the person bringing it applies to have the proper duty determined, the Collector shall determine the duty based on the statutory rates and endorse the instrument accordingly upon payment of any deficiency.","**What This Means For You**
The procedure for adjudication of proper stamp duty by a Collector under Section 31 of the Stamp Act, 1899, is a formal process that helps determine the correct stamp duty payable on an instrument. This process is crucial for ensuring that the proper duty is paid, and it can help prevent penalties or legal issues. If you are unsure about the stamp duty payable on a document, you can follow this procedure to get a determination from the Collector.

**What the Law Says**
Under Section 31 [ACT-1] of the Stamp Act, 1899, when an instrument is brought to the Collector, and the person bringing it applies to have the opinion of that officer as to the duty (if any) with which it is chargeable, the Collector shall determine the duty (if any) with which, in his judgment, the instrument is chargeable. The Collector may require to be furnished with an abstract of the instrument and also with such affidavit or other evidence as he may deem necessary to prove that all the facts and circumstances affecting the chargeability of the instrument with duty, or the amount of the duty with which it is chargeable, are fully and truly set forth therein.

**What You Should Do Now**
1. Bring the instrument to the Collector and apply for an adjudication of the proper stamp duty.
2. Furnish the Collector with an abstract of the instrument and any required evidence, such as an affidavit.
3. Pay the prescribed fee, which shall not exceed five Taka and not less than fifty poisha, as directed by the Collector.

**Evidence to Keep**
- A copy of the instrument
- Abstract of the instrument
- Affidavit or other evidence required by the Collector
- Receipt for the fee paid

**Where to Go / Who to Contact**
You can contact the Collector's office in your area for more information on the procedure and required documents. You can also visit the National Board of Revenue (NBR) website or contact their helpline for guidance.

**When You Need a Lawyer**
You should consider consulting a lawyer if you receive an adverse decision from the Collector or if you are facing a penalty or legal action related to stamp duty.

---
**Sources**
- **[ACT-1]** The Stamp Act, 1899, Section 31: Adjudication as to proper stamp. *(Status: Active)*","The Trademarks Act, 2009",31,False,[],NOT_AVAILABLE,[],"['31', '31', '31']",True,NOT_AVAILABLE,False,[],False,[],,,,
Q145,"The Transfer of Property Act, 1882 (TPA)",What is the statutory penalty for falsifying or applying a false trademark under Section 73?,"Answer Details: Under Section 73, any person who falsifies any trademark or falsely applies to goods any trademark shall be punishable with imprisonment for a term which may extend to 2 years, or with a fine, or with both. For a second or subsequent conviction, the penalty can extend to a term of 3 years.","I see what you mean. You're looking for a lawyer who'tassistant.

---
**Sources**
- **[ACT-1]** Trademarks Act, 2009, Section 73: Penalty for applying false trademarks and false trade description, etc. *(Status: Active)*
- **[ACT-2]** Trademarks Act, 2009, Section 74: Penalty for selling goods to which a false trademark or trade description is applied. *(Status: Active)*
- **[ACT-3]** Trademarks Act, 2009, Section 72: Falsifying and falsely applying trademarks. *(Status: Active)*
- **[ACT-4]** Trademarks Act, 2009, Section 76: Penalty for falsely representing a trademark as registered. *(Status: Active)*
- **[ACT-5]** Trademarks Act, 2009, Section 78: Penalty for falsification of entries in the Register. *(Status: Active)*
- **[ACT-6]** Trademarks Act, 2009, Section 77: Penalty of improperly describing a place of business as connected with the Trademarks office. *(Status: Active)*
- **[ACT-7]** Trademarks Act, 2009, Section 75: Penalty for removal or piece-goods, etc. *(Status: Active)*
- **[ACT-8]** Trademarks Act, 2009, Section 71: Meaning of applying trademarks and trade descriptions. *(Status: Active)*
- **[ACT-9]** Trademarks Act, 2009, Section 79: Forfeiture of goods. *(Status: Active)*
- **[DLR-1]** Secretary, Ministry of Food Government of Bangladesh and others vs. Md Sirajuddin Ahmed and others — DLR (AD) 2005 | Appellate Division | 2005
- **[DLR-2]** Yaor Mia (Md) and anothe VS Haji Shah Dhanai Ali and others — DLR (AD) 2005 | Appellate Division | 2005
- **[DLR-3]** Anarul Islam (Md) and others vs. State and another — DLR (AD) 2005 | Appellate Division | 2005
- **[DLR-4]** State VS Abdur Rahim — DLR (AD) 2005 | Appellate Division | 2005","The Transfer of Property Act, 1882 (TPA)",73,False,[],NOT_AVAILABLE,[],"['73', '74', '72', '76', '78', '77', '75', '71', '79']",True,NOT_AVAILABLE,True,['Trademarks Act'],False,[],,,,
Q146,"The Land Reforms Act, 2023","Explain the doctrine of ""Part Performance"" under Section 53A of the TPA.","Answer Details: Section 53A protects a transferee who has taken possession of an immovable property under an un-registered contract for transfer. If the transferee has performed or is willing to perform his part of the contract and has taken possession, the transferor is barred from enforcing any right against the transferee in respect of that property other than a right expressly provided by the contract terms.","**What This Means For You**
The doctrine of ""Part Performance"" is a legal concept that protects buyers who have partially performed their obligations under a contract for the transfer of immovable property. This means that if you have taken possession of a property or done something to show your intention to complete the purchase, the seller cannot back out of the deal without consequences.

**What the Law Says**
Under Section 53A of the Transfer of Property Act, 1882 [ACT-1], if a person contracts to transfer immovable property and the buyer has taken possession of the property or done some act in furtherance of the contract, the seller cannot enforce any right against the buyer in respect of the property, except as provided in the contract. This means that the buyer is protected from the seller trying to cancel the contract or sell the property to someone else.

**What You Should Do Now**
1. Review your contract to see if it includes any provisions related to part performance.
2. Ensure that you have taken possession of the property or done something to show your intention to complete the purchase.
3. If the seller tries to back out of the deal, seek legal advice to protect your rights under Section 53A.

**Evidence to Keep**
- A copy of the contract
- Proof of payment of consideration (e.g. receipt, bank statement)
- Evidence of possession (e.g. photos, witness statements)

**Where to Go / Who to Contact**
If you need help with a dispute related to part performance, contact a lawyer or the District Court in your area.

**When You Need a Lawyer**
You should consult a lawyer if the seller is trying to cancel the contract or sell the property to someone else, and you need to enforce your rights under Section 53A.

---
**Sources**
- **[ACT-1]** The Transfer of Property Act, 1882, Section 53A: Part performance *(Status: Amended)*","The Land Reforms Act, 2023",53A,False,[],NOT_AVAILABLE,[],"['53A', '53A', '53A', '53A']",True,NOT_AVAILABLE,True,['Transfer of Property Act'],False,[],,,,
Q147,"The Non-Agricultural Tenancy Act, 1949 (NAT Act)","What is the legal status of ""Benami"" transactions of land under the Land Reforms Act, 2023?","Answer Details: The Land Reforms Act, 2023, takes a strict stance on Benami land transfers (holding land in the name of another to mask true ownership). Any land held Benami is subject to direct statutory confiscation by the state without any compensation, and the real beneficial owner as well as the apparent titleholder face additional regulatory penalties and criminal prosecution under state asset tracking guidelines.","**What This Means For You**
The Land Reforms Act, 2023, prohibits ""Benami"" transactions of land, which means buying or selling land in someone else's name, often to hide the true owner's identity. This law aims to prevent illegal land dealings and ensure transparency in land transactions. If you're involved in a Benami transaction, you may face legal consequences.

**What the Law Says**
Under Section 5 [ACT-2] of the Land Reforms Act, 2023, no person shall make anonymous transactions in any immovable property for their own benefit. The law explains that a ""Benami transaction"" means buying land in someone else's name for one's own benefit. The law also states that if the owner of any immovable property transfers or donates the property by registered instrument, it shall be presumed that the owner has transferred or donated their beneficial interest in the property.

**What You Should Do Now**
1. Avoid engaging in any Benami transactions of land.
2. Ensure all land transactions are transparent and in your own name.
3. Verify the ownership and transfer documents of any land you purchase.

**Evidence to Keep**
- Registered deed of the land
- Transfer documents
- Ownership documents

**Where to Go / Who to Contact**
For any queries or concerns, contact the Ministry of Land or the local Land Office. You can also seek help from a licensed lawyer.

**When You Need a Lawyer**
You should consult a lawyer if you are accused of being involved in a Benami transaction or if you suspect someone else is engaging in such activities, as this can lead to serious legal consequences.

---
**Sources**
- **[ACT-2]** Land Reforms Act, 2023, Section 5: Benami transactions in immovable property *(Status: Active)*","The Non-Agricultural Tenancy Act, 1949 (NAT Act)",,False,[],NOT_AVAILABLE,[],"['5', '5']",N/A,NOT_AVAILABLE,True,['Land Reforms Act'],False,[],,,,
Q148,"The Partition Act, 1893",What are the components that must accompany a pre-emption application under Section 24?,Answer Details: An application for pre-emption under Section 24 must be filed before a competent Civil Court accompanied by: 1. The full consideration money of the transferred land as stated in the registered deed. 2. Statutory compensation calculated at 10% of the consideration money. 3. An annual interest payment if delayed within acceptable statutory notice boundaries.,"**What This Means For You**
When filing a pre-emption application under Section 24 of the State Acquisition and Tenancy Act, 1950, it's crucial to include all necessary components to ensure your application is considered valid. This section deals with the determination of fair and equitable rents of raiyats and under-raiyats.

**What the Law Says**
Under Section 24 [ACT-1] of the State Acquisition and Tenancy Act, 1950, the law requires that in preparing or revising a record-of-rights, the Revenue-officer shall presume the rent payable in respect of any land held by a raiyat or an under-raiyat to be fair and equitable. However, for a pre-emption application, specific details must be provided, but these are not explicitly outlined in Section 24. Instead, the focus is on the determination of fair and equitable rents. For pre-emption procedures, including what must accompany an application, one would typically refer to sections like Section 96(1) and the implications of case law such as Fatema Khatun and others VS Abdul Quddus [DLR-1], which discusses the right of pre-emption and the importance of notice and registration.

**What You Should Do Now**
1. Review the specific section of the State Acquisition and Tenancy Act, 1950, that pertains to your situation, as the details for accompanying a pre-emption application might be found in sections related to pre-emption directly.
2. Consult with a legal professional to ensure you understand the requirements for a pre-emption application under the Act.
3. Gather all necessary documents, including proof of co-sharer status, notice of transfer, and registration documents, as these are critical in pre-emption cases.

**Evidence to Keep**
- Proof of co-sharer status
- Notice of transfer
- Registration documents
- Any communication regarding the pre-emption

**Where to Go / Who to Contact**
For specific guidance on pre-emption applications under the State Acquisition and Tenancy Act, 1950, contact the local Revenue Office or a legal aid service. Legal Aid: 16430.

**When You Need a Lawyer**
You should consult a lawyer if you are unsure about the pre-emption process or if your application is disputed, as they can provide professional advice tailored to your situation.

---
**Sources**
- **[ACT-1]** The State Acquisition and Tenancy Act, 1950, Section 24: Determination of fair and equitable rents of raiyats and under raiyats — Section 24, land law, tenancy, rent, revenue, Bangladesh *(Status: Active)*
- **[DLR-1]** Fatema Khatun and others VS Abdul Quddus — DLR (AD) 2005 | Appellate Division | 2005","The Partition Act, 1893",24,False,[],NOT_AVAILABLE,[],"['24', '24', '24', '96(1)', '24', '24']",True,NOT_AVAILABLE,True,['State Acquisition and Tenancy Act'],False,[],,,,
Q149,"The State Acquisition and Tenancy Act, 1950 (SAT Act)",What is the procedure for buying out a share of a party requesting a sale under Section 3?,"Answer Details: Under Section 3, if a party applies for a sale of property under Section 2, any other shareholder may apply to the court for leave to buy at a valuation the share of the party asking for the sale. The court will order a valuation of the share and offer it to the non-selling co-sharer, preventing a complete public auction if internal buyouts are viable.","**What This Means For You**
If you're involved in a situation where a party is requesting a sale under Section 3 of the Muslim Family Laws Ordinance, 1961, it's essential to understand the procedure for buying out their share. This section overrides other laws, customs, or usages, and the Arbitration Council plays a crucial role in resolving disputes.

**What the Law Says**
Under Section 3 of the Muslim Family Laws Ordinance, 1961 [ACT-1], the Arbitration Council procedure takes precedence over other laws, customs, or usages. When a party requests a sale, the Arbitration Council will determine the matter, and their decision will be binding. However, the specific procedure for buying out a share is not explicitly mentioned in Section 3.

**What You Should Do Now**
1. Review the relevant sections of the Muslim Family Laws Ordinance, 1961, and consult with a licensed lawyer to understand the specific procedure for buying out a share.
2. Gather all relevant documents, including the nikah nama, marriage contract, and any other agreements or deeds related to the property or shares in question.
3. Contact the Arbitration Council or a licensed lawyer to initiate the process and ensure that all parties are notified and involved in the decision-making process.

**Evidence to Keep**
- Nikah nama or marriage contract
- Deeds or agreements related to the property or shares
- Notice of the sale request
- Any correspondence or communication with the Arbitration Council or other parties involved

**Where to Go / Who to Contact**
Contact the Arbitration Council or a licensed lawyer specializing in family law to guide you through the process. You can also reach out to the Bangladesh Legal Aid and Services Trust (BLAST) or the National Legal Aid Services Organization (NLASO) for assistance.

**When You Need a Lawyer**
You should consult a licensed lawyer immediately if the dispute involves complex property or share transactions, or if the parties cannot come to a mutual agreement, to ensure that your rights are protected and the procedure is followed correctly.

---
**Sources**
- **[ACT-1]** The Muslim Family Laws Ordinance, 1961, Section 3: Ordinance to override other Laws, etc. — overriding effect, custom or usage, Arbitration Council procedure *(Status: Amended)*","The State Acquisition and Tenancy Act, 1950 (SAT Act)",96,False,[],NOT_AVAILABLE,[],"['3', '3', '3', '3']",False,NOT_AVAILABLE,True,['Muslim Family Laws Ordinance'],False,[],,,,
Q150,"The Muslim Family Laws Ordinance, 1961",What is the limitation period and deposit rule for a pre-emption application under Section 96 of the SAT Act?,"Answer Details: Under Section 96, an application must be made within 4 months of the date of service of notice of transfer, or within 4 months of the date of knowledge if no notice was served. The applicant must deposit the full purchase money into court alongside a mandatory 25% statutory compensation fee to make the application legally maintainable.","**What This Means For You**
If you're a co-sharer tenant in a holding and want to exercise your right of pre-emption, you must apply within a certain time limit and deposit specific amounts. This is crucial to ensure your application is considered valid.

**What the Law Says**
Under Section 96 of the State Acquisition and Tenancy Act, 1950 [ACT-1], if a portion or share of a holding is sold to a person who is not a co-sharer tenant, you can apply for pre-emption within two months of the service of the notice or within two months of the date of knowledge of the sale. You must deposit the consideration money, compensation at 25% of the consideration money, and 8% simple annual interest on the consideration money for the period from the sale date to the application date.

**What You Should Do Now**
1. Check if you're eligible for pre-emption as a co-sharer tenant by inheritance.
2. Verify the sale details, including the date of sale and consideration money.
3. Calculate the required deposits, including the consideration money, 25% compensation, and 8% interest.
4. Prepare your application and submit it to the Court within the two-month limitation period.

**Evidence to Keep**
- Copy of the sale deed
- Notice of sale (if served)
- Proof of co-sharer tenancy by inheritance
- Calculation of deposits (consideration money, compensation, and interest)

**Where to Go / Who to Contact**
Contact the Court that would have jurisdiction to entertain a suit for the possession of the land in connection with which the application is brought.

**When You Need a Lawyer**
You should consult a licensed lawyer if your pre-emption application is dismissed or if you need help navigating the legal process to ensure your rights are protected.

---
**Sources**
- **[ACT-1]** The State Acquisition and Tenancy Act, 1950, Section 96: Right of pre-emption *(Status: Active)*","The Muslim Family Laws Ordinance, 1961",96,False,[],NOT_AVAILABLE,[],"['96', '96']",True,NOT_AVAILABLE,True,['State Acquisition and Tenancy Act'],False,[],,,,
Q151,"The Dissolution of Muslim Marriages Act, 1939","Explain the statutory composition and function of the ""Arbitration Council"" under this Ordinance.","Answer Details: Under Section 2, the ""Arbitration Council"" consists of the Chairman of the local government body (e.g., Union Parishad) and one representative nominated by each of the two contesting parties (e.g., husband and wife). Its statutory function is to arbitrate matters of polygamy, divorce reconciliation, and the execution of maintenance claims.","**What This Means For You**
The Arbitration Council is a crucial body under the Muslim Family Laws Ordinance, 1961, that helps resolve family disputes, particularly those related to marriage, maintenance, and divorce. Its composition and functions are designed to ensure fair and just decisions.

**What the Law Says**
Under Section 2 [ACT-1] of the Muslim Family Laws Ordinance, 1961, the Arbitration Council is defined as a body consisting of the Chairman and a representative of each of the parties to a matter dealt with in this Ordinance. The Chairman is typically the head of the local government body, such as the Union Parishad or Municipal Corporation. The Arbitration Council is responsible for determining matters related to maintenance, polygamy, and divorce, among others. A court also ruled in various cases [DLR-1, DLR-2, DLR-3, DLR-4] that the Arbitration Council's decisions are subject to revision by the Assistant Judge, emphasizing the importance of following the proper procedure.

**What You Should Do Now**
1. If you are a party to a family dispute, you should submit an application to the Chairman of the Arbitration Council in the prescribed manner.
2. Ensure that you nominate a representative to the Arbitration Council, as required by the Ordinance.
3. Cooperate with the Arbitration Council in its efforts to bring about a reconciliation between the parties.

**Evidence to Keep**
- A copy of the application submitted to the Chairman
- Proof of nomination of a representative to the Arbitration Council
- Records of any correspondence or meetings with the Arbitration Council

**Where to Go / Who to Contact**
Contact the local Union Parishad or Municipal Corporation office to inquire about the Arbitration Council and its procedures. You can also reach out to the Ministry of Law, Justice and Parliamentary Affairs for more information.

**When You Need a Lawyer**
You should consult a licensed lawyer if you receive a notice from the Arbitration Council or if you need to appeal a decision made by the Council, as these situations may require professional legal guidance to navigate the complexities of the Ordinance.

---
**Sources**
- **[ACT-1]** The Muslim Family Laws Ordinance, 1961, Section 2: Definitions — Arbitration Council, Chairman, Union Parishad, Paurashava, Municipal Corporation, prescribed *(Status: Amended)*","The Dissolution of Muslim Marriages Act, 1939",2,False,[],NOT_AVAILABLE,[],"['2', '2']",True,NOT_AVAILABLE,True,['Muslim Family Laws Ordinance'],False,[],,,,
Q152,"The Hindu Law of Inheritance (Amendment) Act, 1929","How does the ground of ""Husband’s Impotency"" operate under Section 2(v) of the Act?","Answer Details: Under Section 2(v), a wife can sue for dissolution if the husband was impotent at the time of the marriage and continues to be so. Procedural Rule: Before passing a decree on this ground, the Court must, on application by the husband, make an order requiring the husband to satisfy the Court within a period of 1 year from the date of such order that he has ceased to be impotent. If he fails to do so, the decree is passed.","**What This Means For You**
If your husband is impotent, you may be able to get a divorce under the Dissolution of Muslim Marriages Act. This ground for divorce can be complex, so it's essential to understand the process. 

**What the Law Says**
Under Section 2(v) of the Dissolution of Muslim Marriages Act, 1939 [ACT-1], a woman can get a divorce if her husband was impotent at the time of marriage and continues to be so. The law requires the court to make an order giving the husband one year to prove that he is no longer impotent. If the husband satisfies the court within this period that he has ceased to be impotent, no divorce will be granted on this ground.

**What You Should Do Now**
1. Gather evidence of your husband's impotency, such as medical reports or witness statements.
2. File a petition for divorce in the appropriate court, citing Section 2(v) of the Act as the ground for divorce.
3. Be prepared to provide evidence and testimony to support your claim.

**Evidence to Keep**
- Medical reports or certificates confirming the husband's impotency
- Witness statements from people who can attest to the husband's condition
- Any other relevant documents or evidence

**Where to Go / Who to Contact**
Family Court or a court with jurisdiction over Muslim family law cases. You can also contact the Bangladesh National Legal Aid Services Organization (BNLASO) for assistance.

**When You Need a Lawyer**
You should consult a lawyer if you are considering filing for divorce on the grounds of your husband's impotency, as this can be a complex and sensitive issue.

---
**Sources**
- **[ACT-1]** The Dissolution of Muslim Marriages Act, 1939, Section 2: Grounds for decree for dissolution of marriage — missing husband, maintenance failure, additional wife, imprisonment, marital obligations, impotence, insanity, disease, child marriage repudiation, cruelty, Muslim law grounds *(Status: Amended)*","The Hindu Law of Inheritance (Amendment) Act, 1929",2(v),False,[],NOT_AVAILABLE,[],"['2(v)', '2(v)', '2']",True,NOT_AVAILABLE,False,[],False,[],,,,
Q153,The Hindu Married Women's Right to Separate Residence and,Does this Act apply to a Hindu who dies leaving behind a Will (Testate Succession)?,"Answer Details: No. This Act specifically governs and amends the rules of intestate succession (where a person dies without leaving a valid Will). It does not affect or limit the right of a Hindu to dispose of their self-acquired property via a valid testamentary Will under general Hindu law frameworks. Maintenance Act, 1946","**What This Means For You**
The Hindu Law of Inheritance Act, 1929, may not apply to a Hindu who dies leaving behind a Will, as the Act specifically mentions it applies to intestate succession. If a Hindu dies with a Will, the succession would be governed by the terms of the Will.

**What the Law Says**
Under Section 1 of the Hindu Law of Inheritance Act, 1929 [ACT-2], the Act applies only to persons who would have been subject to the law of Mitakshara in respect of the provision herein enacted, and it applies to such persons in respect only of the property of males not held in coparcenary and not disposed of by will. This implies that if a Hindu male dies leaving behind a Will, the Act may not apply.

**What You Should Do Now**
1. Review the Will to understand how the property is being distributed.
2. Consult with a lawyer to determine which laws apply to the succession.
3. Gather all relevant documents, including the Will and property deeds.

**Evidence to Keep**
- The Will of the deceased
- Property deeds and documents
- Any other relevant documents related to the estate

**Where to Go / Who to Contact**
District Judge Court or a lawyer specializing in succession law.

**When You Need a Lawyer**
You should consult a lawyer if the Will is contested or if there are disputes regarding the distribution of the property.

---
**Sources**
- **[ACT-2]** The Hindu Law of Inheritance Act, 1929, Section 1: Short title extent and application — Act name, Bangladesh extent, Mitakshara law, non-coparcenary intestate male property *(Status: Active)*",The Hindu Married Women's Right to Separate Residence and,,False,[],NOT_AVAILABLE,[],"['1', '1']",N/A,NOT_AVAILABLE,False,[],False,[],,,,
Q154,"The Hindu Marriage Registration Act, 2012",Can a court reduce or alter the maintenance amount once fixed under this Act?,"Answer Details: Yes. The right to maintenance is continuous but subject to economic fluctuations. A competent civil court retains the statutory discretion to modify, increase, or reduce the maintenance amount upon proof of a material change in the financial circumstances of either the husband or the separated wife.","**What This Means For You**
If you're receiving or paying maintenance, you should know that the court's decision on maintenance amount can be revisited under certain circumstances. This means that the amount fixed earlier can potentially be changed.

**What the Law Says**
Under Section 39 of the Transfer of Property Act, 1882 [ACT-4], where a third person has a right to receive maintenance from the profits of immovable property, and such property is transferred, the right may be enforced against the transferee if he has notice thereof or if the transfer is gratuitous. However, the specific provision regarding alteration of maintenance amount is not directly mentioned in the provided Act sections. For questions about altering maintenance, you would typically look to laws specifically governing family or personal matters, which are not detailed in the provided sections of the Transfer of Property Act.

**What You Should Do Now**
1. Consult the specific Act or law that governs maintenance in your situation, as the Transfer of Property Act may not directly apply.
2. Review any court orders or agreements related to the maintenance to understand the terms and conditions.
3. If you believe the maintenance amount should be altered, consider consulting with a lawyer to understand your options and the legal process for requesting a change.

**Evidence to Keep**
- Court orders or agreements related to maintenance
- Financial records showing income and expenses
- Any communication or notices related to the maintenance

**Where to Go / Who to Contact**
Family Court or the relevant legal authority in your area. You may also contact legal aid services for guidance: Legal Aid: 16430.

**When You Need a Lawyer**
You should consider seeking professional legal help if you are involved in a dispute over maintenance amount or if you need to navigate the legal process to alter a previously fixed maintenance amount.

---
**Sources**
- **[ACT-4]** The Transfer of Property Act, 1882, Section 39: Transfer where third person is entitled to maintenance *(Status: Active)*","The Hindu Marriage Registration Act, 2012",,False,[],NOT_AVAILABLE,[],"['39', '39']",N/A,NOT_AVAILABLE,True,['Transfer of Property Act'],False,[],,,,
Q155,"The Hindu Marriage Registration Act, 2012",What information must be contained in a Hindu Marriage Registration Form under the 2012 Rules?,"Answer Details: The official registration form must explicitly verify: 1. The names, ages, and signatures/thumb impressions of the bride and groom. 2. The formal addresses and parentage of both parties. 3. The date and place where the religious marriage rites were performed. 4. The names and signatures of at least two witnesses alongside the signature of the authorized Hindu Marriage Registrar. Multi-Act Intersections & Practical Litigation Scenarios","**What This Means For You**
To register a Hindu marriage in Bangladesh, you need to fill out a registration form, which requires specific information. This information is crucial for the registration process, and it's essential to provide accurate details.

**What the Law Says**
Under Section 3 of the Hindu Marriage Registration Act, 2012 [ACT-1], the registration of a Hindu marriage is optional, not compulsory. Although the Act does not explicitly mention the required information for the registration form, typically, such forms would require details about the bride and groom, such as their names, ages, addresses, and other relevant information. However, the specific requirements are usually outlined in the rules made under the Act, which are not provided in the verified sources.

**What You Should Do Now**
1. Obtain the Hindu Marriage Registration Form from the relevant authority or download it from the official website.
2. Fill out the form carefully, ensuring all required information is accurate and complete.
3. Submit the form to the appointed Hindu Marriage Registrar for your area.

**Evidence to Keep**
- Completed registration form
- Proof of age and identity of the bride and groom
- Proof of address
- Other documents as required by the registration authority

**Where to Go / Who to Contact**
Contact the local Hindu Marriage Registrar or the relevant government office for more information on the registration process and required documents.

**When You Need a Lawyer**
You should consult a lawyer if you encounter any issues or disputes during the registration process or if you need guidance on the legal requirements for Hindu marriage registration in Bangladesh.

---
**Sources**
- **[ACT-1]** The Hindu Marriage Registration Act, 2012, Section 3: Registration of Hindu marriage *(Status: Active)*","The Hindu Marriage Registration Act, 2012",,False,[],NOT_AVAILABLE,[],"['3', '3']",N/A,NOT_AVAILABLE,False,[],False,[],,,,
Q156,"The Hindu Marriage Registration Act, 2012","Detail the procedural friction between Section 138 of the NI Act and the Limitation Act, 1908.","Answer Details: Section 138 of the NI Act is a self-contained code containing strict, non-extendable statutory limitation windows for sending notices (30 days) and filing complaints (1 month from cause of action). The general provisions for condonation of delay under Section 5 of the Limitation Act, 1908, cannot be routinely applied to override a complete failure to meet the NI Act's internal timelines.","**What This Means For You**
The procedural friction between Section 138 of the Negotiable Instruments Act (NI Act) and the Limitation Act, 1908, can cause delays and complications in the prosecution of cheque bounce cases. This friction may lead to uncertainty and frustration for individuals and businesses trying to recover debts. It is essential to understand the laws and procedures to navigate these complexities effectively.

**What the Law Says**
Under Section 138 of the NI Act, a person can be prosecuted for dishonoring a cheque. However, the Limitation Act, 1908, prescribes a specific time limit for filing a complaint under Section 138. According to Article 113 of the Limitation Act, 1908 [ACT-1], a suit for specific performance of a contract, such as a cheque, must be filed within three years from the date the contract should have been performed. Additionally, Section 3 of the Limitation Act, 1908 [ACT-3], states that a suit instituted after the prescribed period of limitation shall be dismissed. The court has also ruled in various cases, such as [DLR-1], that the limitation period for filing a complaint under Section 138 of the NI Act is governed by the Limitation Act, 1908.

**What You Should Do Now**
1. If you are facing a cheque bounce case, ensure you understand the limitation period and file your complaint within the prescribed time frame.
2. Consult with a lawyer to determine the best course of action and to ensure you comply with the procedural requirements.
3. Keep accurate records of all transactions, including cheques, to support your case.

**Evidence to Keep**
- Cheque records
- Bank statements
- Correspondence with the debtor
- Any other relevant documentation

**Where to Go / Who to Contact**
For assistance with cheque bounce cases, contact the Magistrate Court or a licensed lawyer specializing in negotiable instruments law. You can also reach out to the Bangladesh Bank's helpline or the National Legal Aid Services Organization (NLASO) for guidance.

**When You Need a Lawyer**
You should consult a lawyer if you are facing a complex cheque bounce case or if the debtor is contesting the claim, as professional legal help is essential to navigate the procedural complexities and ensure the best possible outcome.

---
**Sources**
- **[ACT-1]** The Limitation Act, 1908, Section 113: Article 113 - For specific performance of a contract *(Status: In Force)*
- **[ACT-3]** The Limitation Act, 1908, Section 3: Dismissal of suits, etc., instituted, etc., after period of limitation — limitation bar, late suits, appeals, applications *(Status: Active)*
- **[DLR-1]** Government of Bangladesh and another VS Md Afsar Ali and others — DLR (AD) 2003 | Appellate Division | 2003","The Hindu Marriage Registration Act, 2012",138,False,[],NOT_AVAILABLE,[],"['138', '138', '138', '113', '3', '138', '113', '113', '3']",True,NOT_AVAILABLE,True,['Limitation Act'],False,[],,,,
Q157,"The Hindu Marriage Registration Act, 2012",How does a plaintiff balance Section 9 of the Specific Relief Act with Section 11 of the CPC?,"Answer Details: A suit under Section 9 of the Specific Relief Act only decides immediate possession, not ultimate ownership title. Therefore, a decree under Section 9 does not operate as Res Judicata under Section 11 of the CPC against a subsequent, regular title-suit filed by either party to conclusively establish ownership and recover permanent possession.","**What This Means For You**
When seeking specific relief, you must balance the requirements of the Specific Relief Act with the principles of res judicata under the Code of Civil Procedure (CPC). This means considering whether a previous suit has already decided the matter, and if so, whether you can still bring a new suit for specific relief.

**What the Law Says**
Under Section 11 of the CPC [ACT-1], a court will not try a suit where the matter in issue has already been directly and substantially decided in a previous suit between the same parties. Meanwhile, the Specific Relief Act (although not directly mentioned in the provided verified sources) generally allows for specific relief in certain circumstances. However, since the Specific Relief Act is not cited in the verified sources, we cannot provide details on its sections. A court also ruled in various cases that the principles of res judicata are fundamental to preventing repetitive litigation [DLR-1], [DLR-2].

**What You Should Do Now**
1. Review any previous court decisions involving the same parties and issues to determine if the matter has already been decided.
2. Consider consulting a lawyer to assess whether your case is barred by res judicata under Section 11 of the CPC.
3. If you believe your case is not barred, prepare to argue why the previous decision does not prevent your current suit for specific relief.

**Evidence to Keep**
- Records of any previous court decisions involving the same parties and issues.
- Documentation showing why your current claim is not the same as the one previously decided.

**Where to Go / Who to Contact**
Contact a lawyer specializing in civil law or visit the District Court or the Supreme Court of Bangladesh for guidance on your specific situation.

**When You Need a Lawyer**
You should consult a lawyer immediately if you are unsure whether a previous court decision bars your current suit, as this could significantly impact the outcome of your case.

---
**Sources**
- **[ACT-1]** The Code of Civil Procedure, 1908, Section 11: Res Judicata thereto. — decree, appeal *(Status: Active)*
- **[DLR-1]** Abdul Kader VS Secretary, Election Commission and others — DLR (AD) 2005 | Appellate Division | 2005
- **[DLR-2]** Bangladesh represented by the Secretary, Ministry of Establishment and others VS Abdul halim miah and others — DLR (AD) 2005 | Appellate Division | 2005","The Hindu Marriage Registration Act, 2012",9,False,[],NOT_AVAILABLE,[],"['11', '11', '11']",False,NOT_AVAILABLE,True,"['Code of Civil Procedure', 'Specific Relief Act']",False,[],,,,
Q158,"The Hindu Marriage Registration Act, 2012","What is the impact of an unstamped document (Stamp Act, Section 35) when establishing a contract under Section 10 of the Contract Act?","Answer Details: An unstamped document does not invalidate the underlying contract's existence under Section 10 of the Contract Act, but Section 35 of the Stamp Act completely bars its admissibility as evidence in court. The contract remains valid but procedurally unenforceable until the document is ""impounded"" and the deficit stamp duty along with the statutory penalty is paid.","**What This Means For You**
If you're trying to establish a contract, an unstamped document can cause problems. The law requires certain documents to be stamped, and without the proper stamp, the document might not be considered valid.

**What the Law Says**
Under Section 10 of the Contract Act, 1872 [ACT-1], a contract must be made with free consent, lawful consideration, and a lawful object. However, if the document is not stamped as required by the Stamp Act, it may not be admissible as evidence in court, as per Section 35 of the Stamp Act. This means that even if you have a contract that meets the requirements of Section 10, the lack of a stamp could still cause issues.

**What You Should Do Now**
1. Check if your document requires a stamp under the Stamp Act.
2. If it does, ensure that the document is properly stamped before signing.
3. If you've already signed an unstamped document, consult a lawyer to understand your options.

**Evidence to Keep**
- A copy of the unstamped document
- Any correspondence related to the contract
- Proof of payment or consideration

**Where to Go / Who to Contact**
For questions about stamp duty, contact the Bangladesh Government's Stamp Department or a licensed lawyer.

**When You Need a Lawyer**
You should consult a lawyer if the other party is disputing the contract or if you're unsure about the validity of your unstamped document.

---
**Sources**
- **[ACT-1]** The Contract Act, 1872, Section 10: What agreements are contracts — lawful, expressly *(Status: Amended)*","The Hindu Marriage Registration Act, 2012",10,False,[],NOT_AVAILABLE,[],"['10', '35', '10', '10']",True,NOT_AVAILABLE,False,[],False,[],,,,
Q159,"The Hindu Marriage Registration Act, 2012",Explain the interaction between Section 54 of the TPA and Section 17 of the Registration Act in Bangladesh.,"Answer Details: They form an ironclad rule for land transactions. While Section 54 of the TPA sets the substantive requirement that sales must be executed via written, registered instruments, Section 17 of the Registration Act provides the formal procedural mandate making registration compulsory. Without their concurrent satisfaction, no real property title passes to a buyer.","**What This Means For You**
The interaction between Section 54 of the Transfer of Property Act (TPA) and Section 17 of the Registration Act in Bangladesh is crucial for understanding the registration process of documents related to immovable property. This interaction affects how property transactions are recorded and verified, which is essential for securing your rights as a property owner.

**What the Law Says**
Under Section 54 of the TPA [ACT-4], certain documents related to immovable property must be registered to be legally valid. The TPA is supplemented by the Registration Act, which outlines the procedures for registering such documents. Section 17 of the Registration Act [not directly provided in the verified sources] typically deals with the process of registering documents, including the requirement for presentation, admission, and registration. Although the exact content of Section 17 of the Registration Act is not provided in the verified sources, it's understood that the Registration Act and the TPA work together to ensure that property transactions are properly documented and recorded. A court may also consider the implications of non-registration of documents in property transactions, as seen in various case laws, but specific details on Section 17 of the Registration Act are not available in the provided sources.

**What You Should Do Now**
1. Ensure all documents related to immovable property transactions are properly prepared and presented for registration.
2. Verify that the documents comply with both the TPA and the Registration Act requirements.
3. Consult with a legal professional or a registrar's office to understand the specific requirements and procedures for registering property documents in Bangladesh.

**Evidence to Keep**
- Copies of all documents related to the property transaction.
- Receipts for registration fees.
- Acknowledgement of registration from the relevant authority.

**Where to Go / Who to Contact**
For registration of property documents, contact the local Sub-Registrar's office or a District Registrar's office, depending on the location and type of property. For legal advice, consult a licensed lawyer specializing in property law.

**When You Need a Lawyer**
You should consult a lawyer if you encounter any disputes or complications during the registration process or if you need guidance on the legal implications of a property transaction.

---
**Sources**
- **[ACT-4]** The Transfer of Property Act, 1882, Section 1: Short title, commencement and extent *(Status: Active)*","The Hindu Marriage Registration Act, 2012",54,False,[],NOT_AVAILABLE,[],"['54', '17', '54', '17', '17', '17', '1']",True,NOT_AVAILABLE,True,['Transfer of Property Act'],False,[],,,,
Q160,"The Hindu Marriage Registration Act, 2012",How do Section 144 orders under the CrPC assist in maintaining status quo during pending civil land suits under the CPC?,"Answer Details: When a civil court takes time to process an injunction application under Order XXXIX of the CPC, local parties may attempt to forcefully alter the land's physical layout, risking a breach of peace. Litigants frequently use Section 144 of the CrPC as an emergency measure through law enforcement to halt all entry or work on the disputed land until the civil court issues its formal order.","**What This Means For You**
Section 144 orders can help maintain the status quo in land disputes, preventing one party from taking actions that could harm the other party's interests while the court case is ongoing. This can provide temporary relief and stability until the civil suit is resolved.

**What the Law Says**
Under Section 144 of the Code of Criminal Procedure, 1898 [ACT-1], a District Magistrate or Executive Magistrate can issue an order to maintain public peace and order, including in cases where there is a dispute over land. This order can direct parties to abstain from certain actions or take specific steps to prevent obstruction, annoyance, or injury. In the context of pending civil land suits under the Code of Civil Procedure, 1908, a Section 144 order can help maintain the status quo by preventing parties from altering the property or taking actions that could prejudice the other party's rights.

**What You Should Do Now**
1. If you are a party to a pending civil land suit, you can apply to the District Magistrate or Executive Magistrate for a Section 144 order to maintain the status quo.
2. You will need to provide evidence of the pending civil suit and demonstrate that there is a likelihood of breach of peace or obstruction if the order is not issued.
3. The Magistrate will consider your application and may issue an order directing the parties to maintain the status quo until the civil suit is resolved.

**Evidence to Keep**
- Copy of the pending civil land suit
- Evidence of ownership or possession of the disputed land
- Proof of likelihood of breach of peace or obstruction

**Where to Go / Who to Contact**
You can apply for a Section 144 order at the office of the District Magistrate or Executive Magistrate in your area. You can also contact the local police station or the court where your civil suit is pending for guidance.

**When You Need a Lawyer**
You should consult a lawyer if the other party violates the Section 144 order or if you need to appeal the order, as this can lead to complex legal proceedings.

---
**Sources**
- **[ACT-1]** The Code of Criminal Procedure, 1898, Section 144: Power to issue order *(Status: Active)*","The Hindu Marriage Registration Act, 2012",144,False,[],NOT_AVAILABLE,[],"['144', '144', '144', '144', '144', '144', '144']",True,NOT_AVAILABLE,True,"['Code of Criminal Procedure', 'Code of Civil Procedure']",False,[],,,,
Q161,"The Hindu Marriage Registration Act, 2012",Discuss how Section 34 of the Penal Code is proved using circumstantial evidence under the Evidence Act.,"Answer Details: ""Common intention"" under Section 34 of the Penal Code is a mental state and is rarely proven by direct documentation. Under the Evidence Act, 1872, it is established through conduct, surrounding circumstances, and subsequent actions of the co-accused (relevant under Sections 6 and 8), proving a prior meeting of minds or spontaneous alignment at the crime scene.","**What This Means For You**
Section 34 of the Penal Code deals with acts done by several persons in furtherance of a common intention. To prove this section using circumstantial evidence, it's essential to understand how the Evidence Act applies. This means that even if there's no direct evidence, the court can still infer the common intention from the circumstances surrounding the act.

**What the Law Says**
Under Section 34 of the Penal Code [ACT-2], when a criminal act is done by several persons in furtherance of a common intention, each person is liable for that act as if it were done by them alone. The Evidence Act allows for circumstantial evidence to be used to prove a fact, including the common intention required under Section 34. A court also ruled in Yogeshwar Gope vs State [DLR-1] that related witnesses' evidence cannot be thrown away unless it's found to be untrue or tainted with motive, which can be relevant in assessing circumstantial evidence.

**What You Should Do Now**
1. Gather all relevant facts and circumstances surrounding the act in question.
2. Identify any evidence that may suggest a common intention among the parties involved.
3. Consider consulting a legal expert to help navigate the complexities of using circumstantial evidence under the Evidence Act to prove Section 34 of the Penal Code.

**Evidence to Keep**
- Records of any statements or communications between the parties involved
- Physical evidence related to the act
- Witness statements that may support or contradict the alleged common intention

**Where to Go / Who to Contact**
For legal advice on using circumstantial evidence to prove Section 34 of the Penal Code, contact a licensed lawyer or the Legal Aid office (16430). For immediate legal concerns, you may also reach out to the local police (999) or relevant legal authorities.

**When You Need a Lawyer**
You should seek professional legal help as soon as you realize that the case against you or someone you know involves proving a common intention under Section 34 of the Penal Code using circumstantial evidence, as this can be a complex legal matter requiring expert guidance.

---
**Sources**
- **[ACT-2]** The Penal Code, 1860, Section 34: Acts done by several persons in furtherance of common intention *(Status: Active)*
- **[DLR-1]** Yogeshwar Gope vs State — DLR (AD) 2005 | Appellate Division | 2005","The Hindu Marriage Registration Act, 2012",34,False,[],NOT_AVAILABLE,[],"['34', '34', '34', '34', '34', '34', '34']",True,NOT_AVAILABLE,True,"['Penal Code', 'Evidence Act']",False,[],,,,
Q162,"The Hindu Marriage Registration Act, 2012",How do the pre-emption rights under Section 96 of the SAT Act and Section 24 of the NAT Act differ regarding agricultural vs. non-agricultural land?,"Answer Details: The fundamental difference lies in the subject matter and financial rules. Section 96 of the SAT Act applies strictly to agricultural land and requires a 25% statutory compensation deposit. Conversely, Section 24 of the NAT Act applies to non-agricultural land situated in urban/suburban zones and requires a 10% compensation deposit.","**What This Means For You**
The pre-emption rights for agricultural and non-agricultural land in Bangladesh have different rules and regulations. Understanding these differences is crucial for landowners and tenants to know their rights and obligations. 

**What the Law Says**
Under Section 96 of the State Acquisition and Tenancy (SAT) Act, pre-emption rights for agricultural land are granted to certain co-sharers or relatives of the landlord. In contrast, Section 24 of the Non-Agricultural Tenancy (NAT) Act provides pre-emption rights to co-sharer tenants of non-agricultural land. A court also ruled in Fatema Khatun and others VS Abdul Quddus (2005) [DLR-1] that the right of pre-emption for non-notified co-sharers arises from the date of registration of the document under the Registration Act.

**What You Should Do Now**
1. Determine the type of land you own or occupy (agricultural or non-agricultural) to understand which pre-emption rights apply.
2. Review the SAT Act and NAT Act to understand the specific pre-emption rights and procedures for your type of land.
3. Consult with a licensed lawyer if you are unsure about your pre-emption rights or need assistance with a specific case.

**Evidence to Keep**
- Documents proving land ownership or tenancy
- Registration documents for the land
- Records of any notices or communications related to pre-emption rights

**Where to Go / Who to Contact**
Contact the local Deputy Commissioner's office or a Civil Court for guidance on pre-emption rights and procedures. You can also reach out to the Legal Aid helpline (16430) for assistance.

**When You Need a Lawyer**
You should consult a lawyer if you are involved in a dispute or need to exercise your pre-emption rights, as the laws and procedures can be complex and require professional guidance.

---
**Sources**
- **[DLR-1]** Fatema Khatun and others VS Abdul Quddus — DLR (AD) 2005 | Appellate Division | 2005","The Hindu Marriage Registration Act, 2012",96,False,[],NOT_AVAILABLE,[],"['96', '24']",True,NOT_AVAILABLE,False,[],False,[],,,,
Q163,"The Hindu Marriage Registration Act, 2012",What happens if a worker files a claim under Section 27 of the Labour Act but the contract violates Section 10 of the Contract Act?,"Answer Details: If an employment contract is void ab initio under Section 10 of the Contract Act (e.g., signed by a minor or for an illegal object), the Labour Court will reject the claim. A worker must have a legally valid, lawful employment status under general contract principles to claim the statutory benefits or protections of the Bangladesh Labour Act, 2006.","**What This Means For You**
If a worker files a claim under Section 27 of the Labour Act, but the contract violates Section 10 of the Contract Act, the worker's claim may still be considered, but the contract's validity will be questioned. This could affect the outcome of the claim.

**What the Law Says**
Under Section 27 [ACT-1] of the Bangladesh Labour Act, 2006, a permanent worker may resign his service by giving the employer 60 days' notice in writing. However, if the contract violates Section 10 of the Contract Act, 1872 (which states that all agreements are contracts if they are made by the free consent of parties competent to contract, for a lawful consideration, and with a lawful object), the contract may be deemed void or voidable. 

**What You Should Do Now**
1. Review the contract to identify the specific violation of Section 10 of the Contract Act.
2. Consult with a lawyer to determine the implications of the contract's validity on the worker's claim under Section 27 of the Labour Act.
3. Gather evidence to support the claim, including proof of notice given to the employer and any relevant correspondence.

**Evidence to Keep**
- Copy of the contract
- Notice of resignation given to the employer
- Correspondence with the employer regarding the claim

**Where to Go / Who to Contact**
Labour Court or a licensed lawyer specializing in labour law.

**When You Need a Lawyer**
You should consult a lawyer immediately if the employer disputes the claim or the contract's validity, or if you need help navigating the legal process.

---
**Sources**
- **[ACT-1]** The Bangladesh Labour Act, 2006, Section 27: Termination of employment by workers *(Status: Active)*","The Hindu Marriage Registration Act, 2012",10,False,[],NOT_AVAILABLE,[],"['27', '10', '27', '10', '10', '27', '27']",True,NOT_AVAILABLE,True,['Bangladesh Labour Act'],False,[],,,,
Q164,"The Hindu Marriage Registration Act, 2012",Contrast the evidentiary value of a confession under Section 164 of the CrPC with an admission under Section 17 of the Evidence Act.,"Answer Details: A Section 164 confession is a formal statement of guilt made by an accused before a Magistrate under judicial warnings, carrying the highest weight and capable of forming the sole basis of conviction if voluntary. An admission under Section 17 of the Evidence Act is a broader civil or criminal statement regarding specific facts, which acts as an estoppel but is not conclusive proof by itself.","**What This Means For You**
A confession and an admission are two different concepts in law, and their evidentiary value can impact your case. Understanding the difference is crucial to navigate the legal process effectively. 

**What the Law Says**
Under Section 164 of the Code of Criminal Procedure, 1898 [ACT-1], a confession is a statement made by an accused person in the course of an investigation, which can be used as evidence against them. However, the law requires that such confessions be recorded in a specific manner and that the accused be informed of their rights. On the other hand, an admission under Section 17 of the Evidence Act is a statement, oral or documentary, which suggests any inference as to any fact in issue or relevant fact. A court also ruled in Yogeshwar Gope vs State [DLR-1] that the evidentiary value of related witnesses in a criminal trial should not be thrown away unless the evidence is found to be untrue or tainted with motive.

**What You Should Do Now**
1. If you have made a confession or admission, seek legal counsel immediately to understand the implications.
2. Ensure that any confession or admission is recorded and documented properly, as required by law.
3. Be aware of your rights and the procedures involved in the recording of confessions and admissions.

**Evidence to Keep**
- A copy of the recorded confession or admission
- Any documentation related to the recording process
- Witness statements, if applicable

**Where to Go / Who to Contact**
Contact the nearest Magistrate Court or a licensed lawyer for guidance on the evidentiary value of confessions and admissions.

**When You Need a Lawyer**
You should consult a lawyer as soon as possible if you have made a confession or admission, or if you are unsure about the evidentiary value of such statements in your case.

---
**Sources**
- **[ACT-1]** The Code of Criminal Procedure, 1898, Section 164: Power to record statements and confessions *(Status: Amended)*
- **[DLR-1]** Yogeshwar Gope vs State — DLR (AD) 2005 | Appellate Division | 2005","The Hindu Marriage Registration Act, 2012",164,False,[],NOT_AVAILABLE,[],"['164', '17', '164']",True,NOT_AVAILABLE,True,"['Code of Criminal Procedure', 'Evidence Act']",False,[],,,,
Q165,"The Civil Courts Act, 1887","How does a Partition Suit under the Partition Act, 1893, interact with the Court Fees Act, 1870, for fixed vs. ad valorem fees?","Answer Details: If the plaintiff is in joint physical possession of the family property and merely seeks a formal separation of shares, they pay a fixed court fee under Schedule II of the Court Fees Act. However, if they have been completely excluded or dispossessed from the property by other co-sharers, they must pay an ad valorem court fee based on the market value of their specific share to recover possession.","**What This Means For You**
If you're involved in a Partition Suit under the Partition Act, 1893, you need to understand how court fees work. The Court Fees Act, 1870, determines whether you pay a fixed fee or a fee based on the value of the property. This affects how much you pay to file your case.

**What the Law Says**
Under Section Schedule II of the Court Fees Act, 1870 [ACT-1], if you're in joint physical possession of the property and just want a formal separation of shares, you pay a fixed court fee. However, if you've been excluded or ousted from possession, you pay an ad valorem court fee based on the market value of your share, as per Schedule I of the Court Fees Act, 1870 [ACT-2]. 

**What You Should Do Now**
1. Determine if you're in joint physical possession or have been excluded/ousted from the property.
2. Calculate the market value of your share if you need to pay an ad valorem fee.
3. Consult with a lawyer to ensure you're paying the correct type of court fee.

**Evidence to Keep**
- Proof of joint physical possession or exclusion/ouster from the property.
- Documentation of the property's market value.

**Where to Go / Who to Contact**
Contact the District Court or a lawyer specializing in property law for guidance on court fees for your Partition Suit.

**When You Need a Lawyer**
You should consult a lawyer if you're unsure about the type of court fee you need to pay or if the court fee payment process is complex, to avoid any potential legal issues.

---
**Sources**
- **[ACT-1]** The Court Fees Act, 1870, Section Schedule II: None *(Status: Active)*
- **[ACT-2]** The Court Fees Act, 1870, Section Schedule I: None *(Status: Active)*","The Civil Courts Act, 1887",,False,[],NOT_AVAILABLE,[],[],N/A,NOT_AVAILABLE,False,[],False,[],,,,
Q166,"The Civil Courts Act, 1887",What are the statutory limits regarding the alteration of local limits of jurisdiction under Section 13?,"Answer Details: Under Section 13, the Government may, by notification in the Official Gazette, fix and alter the local limits of the jurisdiction of any Civil Court. Where the local limits of a court's jurisdiction are altered, any pending suit or proceeding which would have been triable in that court remains unaffected unless the notification or a specific directive from the High Court Division expressly transfers those active cases to another court.","**What This Means For You**
The statutory limits regarding the alteration of local limits of jurisdiction under Section 13 of the Code of Civil Procedure, 1908, are crucial in determining which court has the authority to hear a case. This affects where you can file a lawsuit and which court will have jurisdiction over your case.

**What the Law Says**
Under Section 13 of the Code of Civil Procedure, 1908 [ACT-1], a foreign judgment shall be conclusive as to any matter thereby directly adjudicated upon between the same parties, except in certain circumstances such as when the judgment was not pronounced by a Court of competent jurisdiction. However, Section 13 does not directly address the alteration of local limits of jurisdiction. For information on altering local limits of jurisdiction, we would need to look at other sections or laws that specifically address this issue.

**What You Should Do Now**
1. Review the specific circumstances of your case to determine which court has jurisdiction.
2. Consult with a licensed lawyer to understand how the local limits of jurisdiction apply to your situation.
3. Ensure you have all necessary documents and evidence to support your case.

**Evidence to Keep**
- Documents related to the case, including contracts, agreements, or evidence of transactions.
- Proof of residence or business operations within the jurisdiction of the court.

**Where to Go / Who to Contact**
Contact the District Court or the High Court Division, depending on the nature of your case, to inquire about the jurisdiction and the process for filing a lawsuit. You may also reach out to the Legal Aid services in Bangladesh for guidance.

**When You Need a Lawyer**
You should consult a lawyer if you are unsure about which court has jurisdiction over your case or if you need help navigating the legal process, especially when dealing with complex issues like the alteration of local limits of jurisdiction.

---
**Sources**
- **[ACT-1]** The Code of Civil Procedure, 1908, Section 13: When foreign judgment not conclusive. — jurisdiction *(Status: Active)*","The Civil Courts Act, 1887",13,False,[],NOT_AVAILABLE,[],"['13', '13', '13', '13']",True,NOT_AVAILABLE,True,['Code of Civil Procedure'],False,[],,,,
Q167,"The Code of Civil Procedure, 1908 (CPC)",What is the provision for the investment of a District or Joint District Judge with special powers under Section 24?,"Answer Details: Section 24 allows the Government, upon the recommendation of the High Court Division, to invest any District Judge or Joint District Judge with the power to hear appeals from decrees or orders of Senior Assistant Judges or Assistant Judges. This is an administrative mechanism designed to alleviate case backlogs by distributing appellate workloads.","**What This Means For You**
The provision for investing a District or Joint District Judge with special powers under Section 24 is not available as this section has been repealed. This means that any special powers that were previously conferred under this section are no longer in force. If you are looking for information on special powers of judges, you may need to refer to other sections of the Code of Criminal Procedure.

**What the Law Says**
Under Section 24 of the Code of Criminal Procedure, 1898 [ACT-1], this section was repealed by the Criminal Law Amendment Act, 1923. As a result, there is no provision for investing a District or Joint District Judge with special powers under this section.

**What You Should Do Now**
1. Refer to other relevant sections of the Code of Criminal Procedure to understand the special powers of judges.
2. Consult with a licensed lawyer to understand the current laws and provisions related to special powers of judges.
3. Verify the information with the Bangladesh Code or a licensed lawyer to ensure accuracy.

**Evidence to Keep**
- Copy of the Code of Criminal Procedure, 1898
- Copy of the Criminal Law Amendment Act, 1923

**Where to Go / Who to Contact**
Supreme Court of Bangladesh | Legal Aid: 16430

**When You Need a Lawyer**
You should consult a licensed lawyer if you need to understand the special powers of judges and how they apply to your specific situation.

---
**Sources**
- **[ACT-1]** The Code of Criminal Procedure, 1898, Section 24: Repealed *(Status: Repealed)*","The Code of Civil Procedure, 1908 (CPC)",24,False,[],NOT_AVAILABLE,[],"['24', '24', '24']",True,NOT_AVAILABLE,True,['Code of Criminal Procedure'],False,[],,,,
Q168,"The Code of Civil Procedure, 1908 (CPC)","Explain the statutory principle of ""Inherent Powers of the Court"" under Section 151 of the CPC.","Answer Details: Section 151 explicitly preserves the inherent powers of a Civil Court. It states that nothing in the CPC shall be deemed to limit or otherwise affect the inherent power of the court to make such orders as may be necessary for the ends of justice or to prevent abuse of the process of the court. It is an extraordinary residual power used only when no specific, explicit provision exists in the Code to address a particular procedural anomaly.","**What This Means For You**
The ""Inherent Powers of the Court"" principle allows courts to make decisions that are necessary for justice, even if they are not explicitly stated in the law. This means that courts have the flexibility to handle unique situations and ensure that justice is served. If you are involved in a court case, understanding this principle can help you navigate the legal process.

**What the Law Says**
Under Section 151 of the Code of Civil Procedure, 1908 [ACT-1], the Court has inherent powers to make orders that are necessary for the ends of justice or to prevent abuse of the process of the Court. This means that the Court can take actions that are not specifically mentioned in the law, as long as they are necessary to ensure a fair and just outcome. This principle gives the Court the ability to respond to unexpected situations and make decisions that are in the best interest of justice.

**What You Should Do Now**
1. If you are involved in a court case, be aware that the Court has the power to make decisions that are not explicitly stated in the law.
2. If you feel that the Court needs to take action to ensure justice, you can bring this to the attention of your lawyer or the Court.
3. Keep in mind that the Court's inherent powers are meant to be used sparingly and only when necessary to ensure a fair and just outcome.

**Evidence to Keep**
- Records of any court proceedings
- Copies of any court orders or decisions
- Documentation of any communication with the Court or your lawyer

**Where to Go / Who to Contact**
If you need to understand how the Court's inherent powers may apply to your case, you can contact the District Court or the High Court Division, depending on the level of your case. You can also consult with a licensed lawyer for guidance.

**When You Need a Lawyer**
You should consult a lawyer if you are involved in a court case and need help understanding how the Court's inherent powers may impact your case.

---
**Sources**
- **[ACT-1]** The Code of Civil Procedure, 1908, Section 151: Saving of inherent powers of Court. *(Status: Active)*","The Code of Civil Procedure, 1908 (CPC)",151,False,[],NOT_AVAILABLE,[],"['151', '151']",True,NOT_AVAILABLE,False,[],False,[],,,,
Q169,"The Code of Civil Procedure, 1908 (CPC)","What are the mandatory rules for serving a summons on a corporate entity under Order XXIX, Rule 2?","Answer Details: Under Order XXIX, Rule 2, where the suit is against a corporation, the summons may be served: 1. On the secretary, or on any director, or other principal officer of the corporation; or 2. By leaving it or sending it by post addressed to the corporation at its registered office, or if there is no registered office, at the place where the corporation carries on business.","**What This Means For You**
If you need to serve a summons on a corporate entity, there are specific rules you must follow. These rules ensure that the corporation is properly notified and has a chance to respond.

**What the Law Says**
Under Section 69 [ACT-4] of the Code of Criminal Procedure, 1898, service of a summons on an incorporated company or other body corporate may be effected by serving it on the secretary, local manager or other principal officer of the corporation or by registered post letter addressed to the chief officer of the corporation in Bangladesh.

**What You Should Do Now**
1. Identify the correct person to serve the summons, such as the secretary or local manager of the corporation.
2. Serve the summons personally on the identified person or send it by registered post to the chief officer of the corporation.
3. Ensure that the summons is properly addressed and includes all necessary information.

**Evidence to Keep**
- A copy of the summons
- Proof of service, such as a receipt or affidavit of service
- Record of the registered post letter, if used

**Where to Go / Who to Contact**
If you need help with serving a summons, you can contact the Court Registrar or a licensed lawyer for guidance.

**When You Need a Lawyer**
You should consult a lawyer if you are unsure about the proper procedure for serving a summons or if the corporation disputes the service.

---
**Sources**
- **[ACT-4]** The Code of Criminal Procedure, 1898, Section 69: Summons how served *(Status: Active)*","The Code of Civil Procedure, 1908 (CPC)",,False,[],NOT_AVAILABLE,[],"['69', '69']",N/A,NOT_AVAILABLE,True,['Code of Criminal Procedure'],False,[],,,,
Q170,"The Contract Act, 1872","Under what circumstances can an appellate court accept ""Additional Evidence"" under Order XLI, Rule 27?","Answer Details: Order XLI, Rule 27 restricts the production of additional evidence in an appellate court. It is permissible only if: 1. The court from whose decree the appeal is preferred refused to admit evidence which ought to have been admitted; or 2. The appellate court requires any document to be produced or any witness to be examined to enable it to pronounce judgment; or 3. For any other substantial cause.","**What This Means For You**
In certain situations, an appellate court can consider new evidence that was not presented in the lower court. This can be crucial in ensuring a fair outcome, especially if important evidence was missed or not available earlier. 

**What the Law Says**
Under Order XLI, Rule 27 of the Code of Civil Procedure, an appellate court can accept additional evidence if it is necessary to enable the court to pronounce judgment or for any other substantial cause. The court must be satisfied that the evidence is relevant and material to the case, and that it was not possible to produce it in the lower court despite due diligence. 

**What You Should Do Now**
1. Review the rules of the appellate court to understand the specific requirements for submitting additional evidence.
2. Gather all relevant documents and evidence that you want to submit as additional evidence.
3. Prepare a clear and concise application to the appellate court, explaining why the additional evidence is necessary and why it was not possible to produce it earlier.

**Evidence to Keep**
- The original application to the lower court
- Any relevant documents or witness statements that were not presented earlier
- An affidavit explaining why the additional evidence is necessary and why it was not possible to produce it earlier

**Where to Go / Who to Contact**
The Appellate Division of the Supreme Court of Bangladesh or the relevant appellate court where your case is pending.

**When You Need a Lawyer**
You should consult a licensed Bangladeshi lawyer if you are unsure about the rules and procedures for submitting additional evidence to an appellate court, or if you need help preparing your application and gathering evidence.

---
**Sources**
- **[ACT-1]** The Evidence Act, 1872, Section 27: How much of information received from accused may be proved — Provided, deposed, discovered, consequence, information, received, accused, offence *(Status: Active)*
- **[ACT-2]** The Evidence Act, 1872, Section 65: Cases in which secondary evidence relating to documents may be given — Secondary, evidence, given, existence, condition, contents, document, following *(Status: Amended)*
- **[ACT-3]** The Evidence Act, 1872, Section 66: Rules as to notice to produce — Secondary, evidence, contents, documents, referred, section, clause, given *(Status: Amended)*
- **[ACT-4]** The Evidence Act, 1872, Section 43: Judgments, etc., other than those mentioned in sections 40 to 42, when relevant — Judgments, orders, decrees, other, than, those, mentioned, sections *(Status: Active)*
- **[ACT-5]** The Evidence Act, 1872, Section 23: Admissions in civil cases when relevant — civil, cases, admission, relevant, made, either, upon, express *(Status: Amended)*
- **[ACT-6]** The Evidence Act, 1872, Section 33: Relevancy of certain evidence for proving, in subsequent proceeding, the truth of facts therein stated — Evidence, given, witness, judicial, proceeding, before, authorized, law *(Status: Active)*
- **[ACT-7]** The Evidence Act, 1872, Section 26: Confession by accused while in — confession, made, whilst, custody, policeofficer, immediate, presence, Magistrate *(Status: Amended)*
- **[ACT-8]** The Evidence Act, 1872, Section 28: Confession made after removal of impression caused by inducement, threat or promise, relevant — confession, referred, section, made, after, impression, caused, inducement *(Status: Active)*
- **[ACT-9]** The Evidence Act, 1872, Section 64: Proof of documents by primary evidence — Documents, must, proved, primary, evidence, except, cases, hereinafter *(Status: Active)*
- **[ACT-10]** The Evidence Act, 1872, Section 67: Proof of signature and handwriting of person alleged to have signed or written document produced — document, alleged, signed, have, been, written, wholly, part *(Status: Active)*
- **[ACT-11]** The Evidence Act, 1872, Section 42: Relevancy and effect of judgments, orders or decrees, other than — Judgments, orders, decrees, other, than, those, mentioned, section *(Status: Active)*
- **[ACT-12]** The Evidence Act, 1872, Section 44: Fraud or collusion in obtaining judgment, or incompetency of Court, may be proved — party, suit, other, proceeding, show, judgment, order, decree *(Status: Active)*
- **[ACT-13]** The Evidence Act, 1872, Section 22: When oral admissions as to contents of documents are relevant — Oral, admissions, contents, document, relevant, until, party, proposing *(Status: Active)*
- **[ACT-14]** The Evidence Act, 1872, Section 24: Confession caused by inducement, threat or promise, when irrelevant in criminal proceeding — confession, made, accused, irrelevant, criminal, proceeding, making, appears *(Status: Active)*
- **[ACT-15]** The Evidence Act, 1872, Section 32: Cases in which statement of relevant fact by person who is dead or cannot be found, etc., is relevant — Statements, written, verbal, relevant, made, who, dead, cannot *(Status: Amended)*
- **[ACT-16]** The Evidence Act, 1872, Section 34: [or digital record] when relevant — Entries, books, account, digital, record, regularly, kept, course *(Status: Amended)*
- **[DLR-1]** Bangladesh represented by the Secretary, Ministry of Establishment and others VS Abdul halim miah and others — DLR (AD) 2005 | Appellate Division | 2005
- **[DLR-2]** Yogeshwar Gope vs State — DLR (AD) 2005 | Appellate Division | 2005
- **[DLR-3]** Abdul Mannan VS Tayeb Ali and others — DLR (AD) 2006 | Appellate Division | 2006
- **[DLR-4]** Government of Bangladesh and another VS Md Afsar Ali and others — DLR (AD) 2003 | Appellate Division | 2003","The Contract Act, 1872",,False,[],NOT_AVAILABLE,[],"['27', '65', '66', '43', '40', '42', '23', '33', '26', '28', '64', '67', '42', '44', '22', '24', '32', '34']",N/A,NOT_AVAILABLE,True,"['Code of Civil Procedure', 'Evidence Act']",False,[],,,,
Q171,"The Copyright Act, 2023","What is the status of an agreement in restraint of trade under Section 27, and what is its sole exception?","Answer Details: Section 27 states that every agreement by which any person is restrained from exercising a lawful profession, trade, or business of any kind is to that extent void. Statutory Exception: The only exception is the sale of the goodwill of a business, where a buyer may agree with the seller to refrain from carrying on a similar business within specified local limits, provided such limits appear reasonable to the Court. Q122: Explain the principle of ""Agency by Ratification"" and its limits under Sections 196 and 197. Answer Details: Under Section 196, where acts are done by one person on behalf of another but without his knowledge or authority, the person may elect to ratify or to disown such acts. If he ratifies them, the same effects will follow as if they had been performed by his prior authority. Under Section 197, ratification may be expressed or implied by conduct, but it cannot validly validate an act that would injure a third party or violate public policy.","**What This Means For You**
An agreement that restricts someone from doing their job or business is generally not allowed. However, there's an exception when someone sells their business and agrees not to start a similar one in the same area.

**What the Law Says**
Under Section 27 of the Contract Act, 1872 [ACT-1], an agreement in restraint of trade is void. This means that any agreement that restrains someone from exercising a lawful profession, trade, or business is not valid. The sole exception to this rule is when the seller of a business agrees with the buyer not to carry on a similar business within specified local limits, as long as the buyer or their successor carries on a like business in that area, provided the limits appear reasonable to the court.

**What You Should Do Now**
1. Review any agreements you have signed to ensure they do not restrain you from exercising your profession or trade.
2. If you are selling your business, consider including an agreement with the buyer to refrain from carrying on a similar business in the same area.
3. Consult with a lawyer to understand how this law applies to your specific situation.

**Evidence to Keep**
- Copies of any agreements or contracts related to your business or profession
- Records of any sales or transfers of business ownership

**Where to Go / Who to Contact**
District Courts or the Supreme Court of Bangladesh can provide guidance on contract disputes. For legal advice, consult a licensed lawyer.

**When You Need a Lawyer**
You should consult a lawyer if you are unsure about the validity of an agreement or contract that may be restraining your trade or business, or if you are involved in a dispute related to such an agreement.

---
**Sources**
- **[ACT-1]** The Contract Act, 1872, Section 27: Agreement in restraint of trade void Saving of agreement not to carry on business of which good- will is sold — good-will, buyer, limits *(Status: Active)*","The Copyright Act, 2023",27,False,[],NOT_AVAILABLE,[],"['27', '27']",True,NOT_AVAILABLE,False,[],False,[],,,,
Q172,"The Court Fees Act, 1870","What constitutes the statutory definition of ""Fair Dealing"" under the Copyright Act, 2023?","Answer Details: The Act provides that certain acts do not constitute an infringement of copyright. ""Fair Dealing"" includes the reproduction or adaptation of a work strictly for: 1. Private or personal use, including research or educational study. 2. Criticism, review, or news reporting in newspapers, magazines, or broadcasting media, provided a proper citation or acknowledgment of the original author is explicitly made.","This is not in my verified database. I cannot confirm this. Please consult the Bangladesh Code directly or a licensed lawyer.

---
**Sources**
- **[DLR-1]** Fatema Khatun and others VS Abdul Quddus — DLR (AD) 2005 | Appellate Division | 2005
- **[DLR-2]** State VS Abdur Rahim — DLR (AD) 2005 | Appellate Division | 2005
- **[DLR-3]** Government of the People's Republic of Bangladesh, represented by the DC and another VS Abdur Rahman and others — DLR (AD) 2005 | Appellate Division | 2005
- **[DLR-4]** Bangladesh, represented by the Secretary, Ministry of Works, Housing and Settlement and ors vs Md Abu Bakar and others — DLR (AD) 2005 | Appellate Division | 2005","The Court Fees Act, 1870",,False,[],NOT_AVAILABLE,[],[],N/A,NOT_AVAILABLE,False,[],False,[],,,,
Q173,"The Code of Criminal Procedure, 1898 (CrPC)",How are court fees determined for a suit seeking a declaratory decree with consequential relief under Section 7(iv)(c)?,"Answer Details: Under Section 7(iv)(c), in suits to obtain a declaratory decree or order where consequential relief is prayed, the plaintiff must state the amount at which he values the relief sought. The court fee is calculated ad valorem based on this stated valuation. However, under the Suits Valuation Act, this valuation must align with the actual economic or market value of the subject matter to prevent arbitrary undervaluation.","**What This Means For You**
If you're filing a suit for a declaratory decree with consequential relief, you need to know how much court fees you'll have to pay. The court fees are determined based on the value of the relief you're seeking. This is important because you'll need to pay the correct amount of court fees to proceed with your case.

**What the Law Says**
Under Section 7(iv) of The Court Fees Act, 1870 [ACT-1], the amount of fee payable for a suit for a declaratory decree and consequential relief is computed according to the amount at which the relief sought is valued in the plaint or memorandum of appeal. This means that the court fees are calculated as a proportion of the value of the relief you're seeking.

**What You Should Do Now**
1. Determine the value of the relief you're seeking in your suit.
2. Calculate the court fees based on the value of the relief, using the ad valorem court fees schedule.
3. Pay the correct amount of court fees when filing your suit.

**Evidence to Keep**
- A copy of your plaint or memorandum of appeal, showing the value of the relief sought.
- A receipt for the court fees paid.

**Where to Go / Who to Contact**
Contact the court registrar or a licensed lawyer for guidance on calculating and paying court fees.

**When You Need a Lawyer**
You should consult a lawyer if you're unsure about how to calculate the court fees or if you need help with filing your suit.

---
**Sources**
- **[ACT-1]** The Court Fees Act, 1870, Section 7: None *(Status: Active)*","The Code of Criminal Procedure, 1898 (CrPC)",7(iv),False,[],NOT_AVAILABLE,[],"['7', '7']",True,NOT_AVAILABLE,False,[],False,[],,,,
Q174,"The Evidence Act, 1872","What is the procedure for a Magistrate to take ""Cognizance of an Offence"" under Section 190 of the CrPC?","Answer Details: Under Section 190, any Metropolitan Magistrate, District Magistrate, or Magistrate of the first class may take cognizance of any offence: 1. Upon receiving a complaint of facts which constitute such offence (C.R. Case). 2. Upon a police report of such facts (G.R. Case). 3. Upon information received from any person other than a police officer, or upon his own knowledge or suspicion that such offence has been committed. Q126: Explain the structure and execution of a ""Summary Trial"" under Sections 260 to 265 of the CrPC. Answer Details: Under Section 260, specified Magistrates are empowered to try certain offenses in a summary manner (e.g., offenses not punishable with death, transportation, or imprisonment exceeding 2 years, theft under low values). Under Section 262, the maximum term of imprisonment that can be passed in a summary trial is restricted to 2 months. The record is brief, consisting of a statutory form and a short judgment. Q127: What is the statutory difference between a ""Reference"" (Section 432) and an ""Appeal"" under the CrPC? Answer Details: ○ Reference (Section 432): A lower court submits a question of law or the validity of an Act/Ordinance to the High Court Division for its authoritative opinion, before finalizing its own judgment. ○ Appeal: A statutory right exercised by an aggrieved party (the accused or the state) after a final judgment or order has been delivered, seeking a superior court's total reversal or modification of the conviction/sentence.","**What This Means For You**
A Magistrate taking cognizance of an offence is the first step in the criminal justice process. This means the Magistrate has decided to take notice of the offence and start an investigation or trial. If you're a victim or witness, this is an important step towards justice.

**What the Law Says**
Under Section 190 of the Code of Criminal Procedure, 1898 [ACT-1], a Magistrate can take cognizance of an offence in three ways: upon receiving a complaint of facts, upon a police report, or upon information from any person other than a police officer. The Magistrate must then examine the complainant and witnesses, if any, and record their statements.

**What You Should Do Now**
1. If you're a victim or witness, file a complaint with the Magistrate or police station.
2. Provide as much information as possible about the offence, including dates, times, and details of what happened.
3. Be prepared to give a statement to the Magistrate or investigating officer.

**Evidence to Keep**
- A copy of your complaint
- Any witness statements or evidence you have
- Records of any injuries or damages

**Where to Go / Who to Contact**
Contact your local Magistrate Court or police station to file a complaint. You can also call the Police Helpline: 999.

**When You Need a Lawyer**
You should consider hiring a lawyer if the Magistrate decides to proceed with the case and you're the accused, or if you're a victim or witness and need help navigating the legal process.

---
**Sources**
- **[ACT-1]** The Code of Criminal Procedure, 1898, Section 190: Cognizance of offences by Magistrates *(Status: Amended)*","The Evidence Act, 1872",190,False,[],NOT_AVAILABLE,[],"['190', '190']",True,NOT_AVAILABLE,True,['Code of Criminal Procedure'],False,[],,,,
Q175,"The Evidence Act, 1872","What is the standard for admitting ""Expert Opinion"" evidence under Section 45?","Answer Details: Section 45 provides that when the Court has to form an opinion upon a point of foreign law, science, art, or as to identity of handwriting or finger impressions, the opinions upon that point of persons specially skilled in such areas (experts) are relevant facts. Such evidence is advisory in nature and must be corroborated; the court is not bound blindly to follow it.","**What This Means For You**
The standard for admitting ""Expert Opinion"" evidence is crucial in court proceedings, as it helps the court form an opinion on a point of foreign law, science, or art. This means that expert opinions can be used to support or contradict other evidence presented in court. Understanding this standard can help you navigate the court process and build a stronger case.

**What the Law Says**
Under Section 45 of the Evidence Act, 1872 [ACT-1], the opinion of experts is relevant when the court has to form an opinion on a point of foreign law, science, physical or forensic evidence, or art. The law states that the opinion of persons specially skilled in such foreign law, science, or art is a relevant fact. This means that experts in a particular field can provide opinions that can help the court understand complex issues.

**What You Should Do Now**
1. Identify the specific area of expertise required for your case.
2. Find a qualified expert who can provide an opinion on the matter.
3. Ensure the expert's opinion is based on relevant facts and is not biased.

**Evidence to Keep**
- Documents or records related to the expert's qualifications and experience.
- The expert's report or opinion, including any relevant data or research.
- Any correspondence or communication with the expert.

**Where to Go / Who to Contact**
Contact the District Court or the relevant court where your case is being heard. You can also reach out to the Bangladesh Bar Council for guidance on finding a qualified expert.

**When You Need a Lawyer**
You should consult a lawyer if you need help understanding the admissibility of expert opinion evidence in your case or if you require assistance in finding a qualified expert to support your claim.

---
**Sources**
- **[ACT-1]** The Evidence Act, 1872, Section 45: Opinion of Experts — has, form, opinion, upon, point, foreign, law, science *(Status: Amended)*","The Evidence Act, 1872",45,False,[],NOT_AVAILABLE,[],"['45', '45']",True,NOT_AVAILABLE,False,[],False,[],,,,
Q176,"The Bangladesh Labour Act, 2006","Explain the rule of ""Hostile Witness"" under Section 154 of the Evidence Act.","Answer Details: Section 154 allows the court, in its discretion, to permit the person who calls a witness to put any questions to him which might be put in cross-examination by the adverse party. This occurs when a witness exhibits a distinct animus against the party who called them or completely recants their prior statement, allowing the calling party to impeach their credibility.","**What This Means For You**
If a witness is called by a party but testifies unfavorably, the party can request the court to treat them as a hostile witness. This means the party can cross-examine their own witness to challenge their testimony. The court has the discretion to permit this, and it's crucial in ensuring the truth is revealed.

**What the Law Says**
Under Section 154 of the Evidence Act, 1872 [ACT-1], the Court may, in its discretion, permit the person who calls a witness to put any questions to him which might be put in cross-examination by the adverse party. This is known as the rule of ""Hostile Witness"". A court also ruled in Yogeshwar Gope vs State (2005) [DLR-1] that related witnesses' evidence cannot be thrown away unless it is found to be untrue or tainted with motive, but this section specifically deals with the procedure when a witness becomes hostile.

**What You Should Do Now**
1. If you're a party in a case and your witness is testifying unfavorably, you should inform the court immediately.
2. Request the court to treat the witness as hostile, citing Section 154 of the Evidence Act.
3. Prepare to cross-examine your own witness to challenge their testimony and bring out the truth.

**Evidence to Keep**
- Records of the witness's previous statements or testimonies that contradict their current testimony.
- Any documents or evidence that support your case and contradict the witness's hostile testimony.

**Where to Go / Who to Contact**
If you need to understand the process of declaring a hostile witness or need legal assistance, contact the District Court or the Supreme Court of Bangladesh, depending on the level of your case. You can also reach out to the Bangladesh Bar Council for legal aid or consult with a licensed lawyer.

**When You Need a Lawyer**
You should consult a lawyer as soon as you realize your witness might testify against you, to get professional advice on how to handle the situation and protect your interests.

---
**Sources**
- **[ACT-1]** The Evidence Act, 1872, Section 154: Question by party to his own witness — its, discretion, permit, who, calls, witness, put, questions *(Status: Active)*
- **[DLR-1]** Yogeshwar Gope vs State — DLR (AD) 2005 | Appellate Division | 2005","The Bangladesh Labour Act, 2006",154,False,[],NOT_AVAILABLE,[],"['154', '154', '154']",True,NOT_AVAILABLE,True,['Evidence Act'],False,[],,,,
Q177,"The Limitation Act, 1908",What is the statutory procedure for a worker to file a grievance under Section 33?,"Answer Details: Under Section 33, any worker who has a grievance against an employer regarding a lay-off, retrenchment, discharge, dismissal, or termination must bring his grievance to the notice of the employer in writing within 30 days of the cause of action. The employer must communicate his decision within 15 days. If the employer fails or if the worker is dissatisfied, the worker may file a formal complaint directly to the Labour Court within the next 30 days.","**What This Means For You**
If you're a worker with a complaint, you have the right to file a grievance under Section 33 of the Bangladesh Labour Act, 2006. This section outlines the procedure for making a complaint to your employer.

**What the Law Says**
Under Section 33 [ACT-1] of the Bangladesh Labour Act, 2006, a worker who has a complaint must send it in writing to their employer by registered post within 30 days of being informed of the cause of the complaint. The employer must then make an enquiry into the complaint and communicate their decision to the worker in writing within 30 days of receiving the complaint.

**What You Should Do Now**
1. Write down your complaint and the reasons for it.
2. Send your complaint to your employer by registered post within 30 days of being informed of the cause of the complaint.
3. Wait for your employer's response, which should be in writing and within 30 days of them receiving your complaint.
4. If you're not satisfied with your employer's decision, you can submit a complaint in writing to the Labour Court within 30 days of the expiry of the period mentioned in sub-section (2) or within 30 days of the date of the decision of the employer.

**Evidence to Keep**
- A copy of your written complaint
- The receipt from the registered post
- Any response or decision from your employer
- Any evidence related to your complaint

**Where to Go / Who to Contact**
If you need to submit a complaint to the Labour Court, you can contact the Labour Court in your area. You can also contact the Department of Labour for guidance.

**When You Need a Lawyer**
You may want to consider consulting a lawyer if your employer fails to respond to your complaint or if you're not satisfied with their decision and need to take further action.

---
**Sources**
- **[ACT-1]** The Bangladesh Labour Act, 2006, Section 33: Procedure of making complaint *(Status: Active)*","The Limitation Act, 1908",33,False,[],NOT_AVAILABLE,[],"['33', '33', '33']",True,NOT_AVAILABLE,True,['Bangladesh Labour Act'],False,[],,,,
Q178,"The Negotiable Instruments Act, 1881 (NI Act)","How does an ""Acknowledgement in Writing"" affect the calculation of limitation under Section 19?","Answer Details: Under Section 19, if, before the expiration of the period prescribed for a suit or application in respect of any property or right, an acknowledgment of liability has been made in writing and signed by the party against whom the right is claimed, a fresh period of limitation shall be computed from the time when the acknowledgment was so signed.","**What This Means For You**
An acknowledgement in writing can restart the clock for filing a lawsuit, giving you more time to take action. This is important because it can help you avoid missing the deadline for filing a case.

**What the Law Says**
Under Section 19 of the Limitation Act, 1908 [ACT-1], an acknowledgement in writing signed by the party against whom a claim is made can start a fresh period of limitation. This means that if someone acknowledges a debt or liability in writing, the time limit for filing a lawsuit starts again from the date of that acknowledgement. A court also ruled that the acknowledgement must be in writing and signed by the party or their authorized agent [ACT-1].

**What You Should Do Now**
1. Check if you have any written acknowledgements from the other party.
2. Verify the date of the acknowledgement to determine the new limitation period.
3. Consult a lawyer to understand how this affects your specific case.

**Evidence to Keep**
- The written acknowledgement
- Proof of the date the acknowledgement was signed
- Any other relevant documents related to the claim

**Where to Go / Who to Contact**
Contact a lawyer or the District Court where you plan to file the lawsuit for guidance on how to proceed.

**When You Need a Lawyer**
You should consult a lawyer if you are unsure how to interpret the acknowledgement or how it affects the limitation period in your case.

---
**Sources**
- **[ACT-1]** The Limitation Act, 1908, Section 19: Effect of acknowledgement in writing — fresh limitation period, signed acknowledgement *(Status: Active)*","The Negotiable Instruments Act, 1881 (NI Act)",19,False,[],NOT_AVAILABLE,[],"['19', '19']",True,NOT_AVAILABLE,True,['Limitation Act'],False,[],,,,
Q179,"The Public Demands Recovery Act, 1913 (PDR Act)","What constitutes a valid ""Notice of Dishonour"" under Section 138, and what is its mandatory delivery window?","Answer Details: For a cheque dishonour to mature into a criminal offense under Section 138, the payee must give a notice in writing to the drawer demanding payment of the money. This notice must be given within 30 days of the receipt of information from the bank regarding the return of the cheque as unpaid. The drawer is then given 30 days from the receipt of the notice to make the payment before a criminal complaint can be filed.","**What This Means For You**
If you're dealing with a dishonored cheque, a valid ""Notice of Dishonour"" is crucial to take further action. This notice informs the drawer of the cheque that it has been dishonored and gives them a chance to pay. The notice must be delivered within a specific time frame.

**What the Law Says**
Under Section 138 of the Negotiable Instruments Act, 1881 [ACT-1], a notice of dishonour must be given to the drawer of the cheque within 30 days of the receipt of information by the payee or holder in due course regarding the return of the cheque as unpaid. The notice can be sent by registered post with acknowledgement due to the drawer at their usual or last known place of abode or business in Bangladesh. A court also ruled in various cases [DLR-1, DLR-2, DLR-3, DLR-4] that the notice period and delivery method are crucial in determining the validity of the notice.

**What You Should Do Now**
1. Check if the cheque was presented to the bank within six months from the date it was drawn or within its validity period.
2. Ensure the notice of dishonour is sent to the drawer within 30 days of receiving information about the dishonored cheque.
3. Keep a record of the notice sent, including proof of delivery.

**Evidence to Keep**
- A copy of the dishonored cheque
- The notice of dishonour sent to the drawer
- Proof of delivery of the notice (e.g., registered post acknowledgement)

**Where to Go / Who to Contact**
If you need help with the notice of dishonour or have questions, you can contact a lawyer or visit the nearest Magistrate Court.

**When You Need a Lawyer**
You should consult a lawyer if the drawer fails to pay after receiving the notice of dishonour, and you want to initiate legal proceedings.

---
**Sources**
- **[ACT-1]** The Negotiable Instruments Act, 1881, Section 138: Dishonour of cheque for insufficiency, etc., of funds in the account *(Status: Amended)*","The Public Demands Recovery Act, 1913 (PDR Act)",138,False,[],NOT_AVAILABLE,[],"['138', '138']",True,NOT_AVAILABLE,False,[],False,[],,,,
Q180,"The Penal Code, 1860",Under what grounds can a certificate sale be set aside under Section 35?,"Answer Details: Under Section 35, a certificate sale of immovable property may be set aside by the Certificate-officer upon an application made within 30 days from the date of sale, on the ground of a material irregularity or fraud in publishing or conducting the sale. The applicant must prove that they sustained substantial injury by reason of such irregularity or fraud.","**What This Means For You**
If you're facing a certificate sale, you have the right to challenge it under certain grounds. The law provides specific reasons under which a certificate sale can be set aside, protecting your interests.

**What the Law Says**
Under Section 35 of the Public Demands Recovery Act, 1913 [ACT-1], a certificate sale can be set aside on the following grounds: 
(1) that the amount stated in the certificate was actually paid or discharged before the signing of the certificate; 
(2) that no part of the amount stated in the certificate was due by the certificate-debtor to the certificate-holder; or 
(3) that, in the case of fines imposed, or costs, charges, expenses, damages, duties or fees adjudged, by a Collector or a public officer under any law or any rule having the force of law, the proceedings of such Collector or public officer were not in substantial conformity with the provisions of such law or rule, and that in consequence the certificate-debtor suffered substantial injury from some error, defect or irregularity in such proceedings.

**What You Should Do Now**
1. Review your certificate to ensure the amount stated is accurate and due.
2. Check if the proceedings followed the law and rules.
3. Gather evidence to support your claim, such as payment receipts or documents showing errors in the proceedings.

**Evidence to Keep**
- Payment receipts or proof of discharge
- Documents showing the amount due or not due
- Records of proceedings and any errors or irregularities

**Where to Go / Who to Contact**
Contact the Certificate-officer or the relevant court, such as the Civil Court, to file an application to set aside the certificate sale.

**When You Need a Lawyer**
You should consult a lawyer if you're unsure about the grounds for setting aside the certificate sale or need assistance with filing an application.

---
**Sources**
- **[ACT-1]** The Public Demands Recovery Act, 1913, Section 35: Grounds for cancellation or modification of certificate by Civil Court — paid amount, no debt, substantial conformity, credit *(Status: Active)*","The Penal Code, 1860",35,False,[],NOT_AVAILABLE,[],"['35', '35']",True,NOT_AVAILABLE,False,[],False,[],,,,
Q181,"The Registration Act, 1908","What constitutes the offense of ""Cheating"" under Section 415, and how is it punished under Section 420?","Answer Details: ○ Section 415 (Cheating): Whoever, by deceiving any person, fraudulently or dishonestly induces the person so deceived to deliver any property to any person, or to consent that any person shall retain any property. ○ Section 420 (Punishment): Covers cheating and dishonestly inducing delivery of property. It carries a maximum punishment of 7 years of imprisonment along with a mandatory financial fine, distinguishing itself from simple cheating by the physical delivery or destruction of valuable securities.","**What This Means For You**
Cheating is a serious offense that involves deceiving someone to gain an unfair advantage. If you've been a victim of cheating or are accused of cheating, understanding the law is crucial. Cheating can cause significant harm to individuals and businesses, and the law provides punishment for those found guilty.

**What the Law Says**
Under Section 415 [ACT-1] of the Penal Code, 1860, cheating is defined as deceiving someone fraudulently or dishonestly, inducing them to deliver property, consent to retain property, or do something that causes harm or damage. A court also ruled in various cases that cheating can take many forms, including pretending to be someone else or concealing facts. Under Section 420 [ACT-2] of the Penal Code, 1860, whoever cheats and thereby dishonestly induces the person deceived to deliver any property can be punished with imprisonment for up to seven years, and shall also be liable to a fine.

**What You Should Do Now**
1. If you're a victim of cheating, report the incident to the police immediately.
2. Gather evidence, such as documents, witness statements, or records of transactions.
3. Consult a lawyer to understand your rights and options for seeking justice.

**Evidence to Keep**
- Documents related to the transaction or incident
- Witness statements or contact information
- Records of communication, such as emails or messages
- Any other relevant evidence that can support your claim

**Where to Go / Who to Contact**
Contact your local police station or the Magistrate Court to report the incident and seek guidance. You can also reach out to the Legal Aid helpline (16430) for assistance.

**When You Need a Lawyer**
You should consult a lawyer as soon as possible if you're accused of cheating or are a victim of cheating and need help navigating the legal process.

---
**Sources**
- **[ACT-1]** The Penal Code, 1860, Section 415: Cheating *(Status: Active)*
- **[ACT-2]** The Penal Code, 1860, Section 420: Cheating and dishonestly inducing deliver of property *(Status: Amended)*","The Registration Act, 1908",415,False,[],NOT_AVAILABLE,[],"['415', '420', '415', '420']",True,NOT_AVAILABLE,True,['Penal Code'],False,[],,,,
Q182,"The Registration Act, 1908",What is the procedure for registering a document when the executing party refuses to appear under Section 36?,"Answer Details: Under Section 36, if any person executing a document refuses to appear before the registering officer, the registering officer may, upon the application of the presenter, issue a summons requiring such person to appear at the registration office. If they fail to appear or deny execution, the officer will refuse registration, triggering the appellate remedy of a suit under Section 77. Section 14: The Specific Relief Act, 1877","**What This Means For You**
If the person who signed a document refuses to appear for registration, it can cause delays and complications in the registration process. This can impact the validity and enforceability of the document. 

**What the Law Says**
Under Section 36 of the Evidence Act, 1872 [ACT-1], statements of facts in issue or relevant facts made in published maps, charts, or digital records are relevant facts. However, for a document to be registered, the executing party's presence is typically required. If the executing party refuses to appear, the registration process may be hindered. 

**What You Should Do Now**
1. Check if the document can be registered without the executing party's presence, as some documents may have alternative procedures.
2. Attempt to negotiate with the executing party to appear for registration or provide a power of attorney.
3. Consult with a lawyer to explore options for registering the document despite the executing party's refusal.

**Evidence to Keep**
- The document in question
- Proof of attempts to contact the executing party
- Any relevant correspondence or communication

**Where to Go / Who to Contact**
Sub-Registrar's Office or a lawyer specializing in property law or document registration.

**When You Need a Lawyer**
You should consult a lawyer if the executing party's refusal to appear is causing significant delays or complications in the registration process, and you need guidance on alternative procedures or legal recourse.

---
**Sources**
- **[ACT-1]** The Evidence Act, 1872, Section 36: Relevancy of statements in maps, — Statements, issue, relevant, made, published, maps, charts, digital *(Status: Amended)*","The Registration Act, 1908",36,False,[],NOT_AVAILABLE,[],"['36', '36']",True,NOT_AVAILABLE,True,['Evidence Act'],False,[],,,,
Q183,"The Suits Valuation Act, 1887","Under what criteria will a Court grant a ""Mandatory Injunction"" under Section 55?","Answer Details: Under Section 55, when, to prevent the breach of an obligation, it is necessary to compel the performance of certain acts which the Court is capable of enforcing, the Court may in its discretion grant an injunction to prevent the breach complained of, and also to compel performance of the requisite acts. It requires the active removal of an illegal structural status quo.","**What This Means For You**
A mandatory injunction is a court order that requires someone to perform a specific action, rather than just stopping them from doing something. This can be a powerful tool to protect your rights and interests. To get a mandatory injunction, you'll need to meet certain criteria.

**What the Law Says**
Under Section 55 of the Specific Relief Act, 1877 [ACT-1], a Court may grant a mandatory injunction to prevent the breach of an obligation, but only when it's necessary to compel the performance of certain acts that the Court can enforce. The Court will consider whether the person has acquired a right to something, like a right of way or a right to use a certain property, and whether the other person's actions are interfering with that right.

**What You Should Do Now**
1. Review your contract or agreement to see if it includes any obligations that the other party is not fulfilling.
2. Gather evidence to show that the other party's actions are causing you harm or interfering with your rights.
3. Consider filing a lawsuit to ask the Court for a mandatory injunction.

**Evidence to Keep**
- Copies of contracts or agreements
- Records of correspondence or communication with the other party
- Documents showing the harm or interference caused by the other party's actions

**Where to Go / Who to Contact**
You can file a lawsuit in the District Court or the High Court Division of the Supreme Court of Bangladesh, depending on the nature of your case. You may also want to contact a lawyer who specializes in civil law or contract law.

**When You Need a Lawyer**
You should consult a lawyer as soon as possible if you're considering seeking a mandatory injunction, as the process can be complex and requires careful preparation and representation.

---
**Sources**
- **[ACT-1]** The Specific Relief Act, 1877, Section 55: Mandatory injunctions *(Status: Amended)*","The Suits Valuation Act, 1887",55,False,[],NOT_AVAILABLE,[],"['55', '55']",True,NOT_AVAILABLE,True,['Specific Relief Act'],False,[],,,,
Q184,"The Income Tax Act, 2023",What is the statutory layout of Section 8 regarding the valuation of suits for court fees and jurisdiction?,"Answer Details: Section 8 establishes that where in suits other than those referred to in the Court Fees Act, 1870, Section 7, paragraphs v, vi, vii, and x, clause (d), court fees are payable ad valorem under the Court Fees Act, 1870, the value as determinable for the computation of court fees and the value for purposes of jurisdiction shall be the same. It explicitly ties jurisdictional competency to the fiscal evaluation of the suit.","**What This Means For You**
The valuation of suits is crucial in determining court fees and jurisdiction, which can impact the outcome of your case. Understanding the statutory layout of Section 8 can help you navigate the legal process more effectively. This section is relevant to the Suits Valuation Act, 1887, which is referenced in The Court Fees Act, 1870.

**What the Law Says**
Under Section 7 of The Court Fees Act, 1870 [ACT-1], it is mentioned that in suits for the possession of land, houses, and gardens, the amount of fee payable is computed according to the value of the subject-matter. Furthermore, it references the Suits Valuation Act, 1887, Section 8, implying that the valuation for court fees and jurisdiction purposes should be the same. However, the exact content of Section 8 of the Suits Valuation Act, 1887, is not provided in the verified sources.

**What You Should Do Now**
1. Consult the Suits Valuation Act, 1887, to understand the specifics of Section 8.
2. Determine the value of the subject matter in your suit to calculate the court fees.
3. Verify with legal counsel how the valuation affects the jurisdiction of your case.

**Evidence to Keep**
- Documents related to the value of the subject matter (e.g., property deeds, valuation reports).
- Copies of the court fees paid.

**Where to Go / Who to Contact**
For specific guidance on court fees and jurisdiction, contact the relevant court registry or a licensed lawyer. You can also reach out to the Supreme Court of Bangladesh for more information on legal procedures.

**When You Need a Lawyer**
You should consult a lawyer when you are unsure about how to value your suit or how the valuation affects the court fees and jurisdiction of your case.

---
**Sources**
- **[ACT-1]** The Court Fees Act, 1870, Section 7: None *(Status: Active)*","The Income Tax Act, 2023",8,False,[],NOT_AVAILABLE,[],"['8', '7', '8', '8', '8', '7']",True,NOT_AVAILABLE,False,[],False,[],,,,
Q185,"The Stamp Act, 1899","What is the mandate for ""Tax Deducted at Source"" (TDS) on commercial real estate transactions under the current Act?","Answer Details: Under the contemporary Income Tax Act, 2023 framework, any corporate or structured entity executing a commercial real estate lease or purchase agreement must deduct tax at source (TDS) at specified statutory percentages before transferring payments to the lessor or vendor. Failure to comply bars the transaction from being recognized as a deductible business expense during corporate annual audits.","**What This Means For You**
When buying or selling commercial real estate in Bangladesh, you need to understand the Tax Deducted at Source (TDS) rules to avoid any legal or financial issues. TDS is a mechanism where the buyer deducts a certain percentage of the transaction amount and pays it to the government on behalf of the seller.

**What the Law Says**
Under the current Act, specifically the Income Tax Ordinance, 1984, TDS is applicable on commercial real estate transactions. However, the provided verified sources do not explicitly mention the TDS mandate on commercial real estate transactions. 

**What You Should Do Now**
1. Consult a licensed Bangladeshi lawyer or tax expert to understand the current TDS rules and regulations.
2. Review the Income Tax Ordinance, 1984, and other relevant laws to determine the applicable TDS rate and procedures.
3. Ensure compliance with TDS regulations to avoid any penalties or legal issues.

**Evidence to Keep**
- Documents related to the commercial real estate transaction
- TDS payment receipts and records

**Where to Go / Who to Contact**
National Board of Revenue (NBR) - for tax-related queries and guidance

**When You Need a Lawyer**
If you are involved in a commercial real estate transaction and need guidance on TDS compliance or are facing any legal issues related to TDS, it is essential to consult a licensed Bangladeshi lawyer.

---
**Sources**
- **[ACT-1]** The State Acquisition and Tenancy Act, 1950, Section 20: Lands to be retained in the possession of rent receivers, cultivating raiyats, cultivating under raiyats and non agricultural tenants *(Status: Amended)*
- **[ACT-2]** The State Acquisition and Tenancy Act, 1950, Section 70: Consequences of acquisition *(Status: Amended)*
- **[ACT-3]** The State Acquisition and Tenancy Act, 1950, Section 10A: Special provisions regarding certain rent receiving interests held under wakf, wakf al-al-aulad, debutter or other religious trust *(Status: Active)*
- **[ACT-4]** The State Acquisition and Tenancy Act, 1950, Section 2: Definitions *(Status: Amended)*
- **[ACT-5]** The State Acquisition and Tenancy Act, 1950, Section 3: Acquisition of the interest of certain rent receivers and consequences thereof *(Status: Amended)*
- **[ACT-6]** The State Acquisition and Tenancy Act, 1950, Section 76A: Creation of separate estate and apportionment of revenue [ *(Status: Active)*
- **[ACT-7]** The State Acquisition and Tenancy Act, 1950, Section 19: Section 19 — Section 19, land law, tenancy, rent, revenue, Bangladesh *(Status: Active)*
- **[ACT-8]** The State Acquisition and Tenancy Act, 1950, Section 21: Payment of rent for land retained in possession — Section 21, land law, tenancy, rent, revenue, Bangladesh *(Status: Active)*
- **[ACT-9]** The State Acquisition and Tenancy Act, 1950, Section 69: Section 69 — Section 69, land law, tenancy, rent, revenue, Bangladesh *(Status: Active)*
- **[ACT-10]** The State Acquisition and Tenancy Act, 1950, Section 71: Government to authorise Revenue officer to take action under section 70 — Section 71, land law, tenancy, rent, revenue, Bangladesh *(Status: Active)*
- **[ACT-11]** The State Acquisition and Tenancy Act, 1950, Section 9: [Omitted.] [OMITTED] *(Status: Omitted)*
- **[ACT-12]** The State Acquisition and Tenancy Act, 1950, Section 11: Acquisition of occupancy rights — Section 11, land law, tenancy, rent, revenue, Bangladesh *(Status: Active)*
- **[ACT-13]** The State Acquisition and Tenancy Act, 1950, Section 1: Short title and extent *(Status: Amended)*
- **[ACT-14]** The State Acquisition and Tenancy Act, 1950, Section 4: and penalty for non compliance — Section 4, land law, tenancy, rent, revenue, Bangladesh *(Status: Active)*
- **[ACT-15]** The State Acquisition and Tenancy Act, 1950, Section 75: Section 75 — Section 75, land law, tenancy, rent, revenue, Bangladesh *(Status: Active)*
- **[ACT-16]** The State Acquisition and Tenancy Act, 1950, Section 77: Section 77 — Section 77, land law, tenancy, rent, revenue, Bangladesh *(Status: Active)*
- **[DLR-1]** Yaor Mia (Md) and anothe VS Haji Shah Dhanai Ali and others — DLR (AD) 2005 | Appellate Division | 2005
- **[DLR-2]** Government of the People's Republic of Bangladesh, represented by the DC and another VS Abdur Rahman and others — DLR (AD) 2005 | Appellate Division | 2005
- **[DLR-3]** State VS Abdur Rahim — DLR (AD) 2005 | Appellate Division | 2005
- **[DLR-4]** Abdul Kader VS Secretary, Election Commission and others — DLR (AD) 2005 | Appellate Division | 2005","The Stamp Act, 1899",,False,[],NOT_AVAILABLE,[],"['20', '70', '10A', '2', '3', '76A', '19', '19', '19', '21', '21', '69', '69', '69', '71', '70', '71', '9', '11', '11', '1', '4', '4', '75', '75', '75', '77', '77', '77']",N/A,NOT_AVAILABLE,True,['State Acquisition and Tenancy Act'],False,[],,,,
Q186,"The Trademarks Act, 2009",What is the legal effect of executing an instrument on material not properly stamped under Section 17?,"Answer Details: Section 17 requires that all instruments chargeable with duty and executed by any person in Bangladesh shall be stamped before or at the time of execution. If executed unstamped, it immediately triggers the evidentiary absolute bar under Section 35, rendering it legally paralyzed until corrected through fiscal impounding.","**What This Means For You**
If you execute an instrument on material not properly stamped, it may not be admitted in evidence and could lead to penalties. This means that if you're trying to use the instrument in a court case or for other official purposes, it might not be accepted, and you could face fines.

**What the Law Says**
Under Section 17 of the Stamp Act, 1899 [ACT-1], instruments executed in Bangladesh must be stamped before or at the time of execution. If an instrument is not properly stamped, it can be impounded, and the person executing it may be punishable with a fine, as stated in Section 62 [ACT-2] of the same Act. A court may also rule that the instrument is not admissible in evidence, as seen in the provisions of Section 35 [ACT-6].

**What You Should Do Now**
1. Ensure that all instruments are properly stamped before execution.
2. Verify the stamp duty required for the specific instrument.
3. If an instrument has been executed without proper stamping, consider consulting a legal professional to understand the potential consequences and remedies.

**Evidence to Keep**
- A copy of the instrument in question.
- Proof of payment of stamp duty.
- Any correspondence related to the stamping of the instrument.

**Where to Go / Who to Contact**
For questions about stamp duty or to report an issue, contact the local Collector's office or a legal aid service. Legal Aid: 16430.

**When You Need a Lawyer**
You should consult a lawyer if you are facing penalties or if your instrument is not being accepted due to stamping issues, as they can provide guidance on how to proceed and represent you in legal matters.

---
**Sources**
- **[ACT-1]** The Stamp Act, 1899, Section 17: Instruments executed in Bangladesh. *(Status: Active)*
- **[ACT-2]** The Stamp Act, 1899, Section 62: Penalty for executing, etc., instrument not duly stamped. *(Status: Active)*
- **[ACT-6]** The Stamp Act, 1899, Section 35: Instruments not duly stamped inadmissible in evidence, etc. *(Status: Active)*","The Trademarks Act, 2009",17,False,[],NOT_AVAILABLE,[],"['17', '62', '35', '17', '62', '35']",True,NOT_AVAILABLE,False,[],False,[],,,,
Q187,"The Transfer of Property Act, 1882 (TPA)","Explain the statutory concept of an ""Associated Trademark"" under Section 13.","Answer Details: Under Section 13, where a trademark that is registered, or is the subject of an application for registration, in respect of any goods or services is identical with another trademark or so nearly resembles it as to be likely to deceive if used by a person other than the proprietor, the Registrar may require that the trademarks shall be entered on the register as associated trademarks. They cannot be assigned or transferred separately.","**What This Means For You**
An associated trademark is a concept that allows multiple trademarks to be linked together under a single registration, making it easier to manage and protect your brand. This means that if you have multiple trademarks that are similar or related, you can register them together as associated trademarks, which can help to prevent confusion and protect your brand identity.

**What the Law Says**
Under Section 13 of the Trademarks Act, 2009 [ACT-1], an associated trademark is defined as a trademark that is identical or nearly resembles another trademark registered in the name of the same proprietor, in respect of the same goods or services, or in respect of different goods or services. The Registrar may require that these trademarks be entered on the Register as associated trademarks, which means that they will be treated as a single unit for the purposes of registration and protection.

**What You Should Do Now**
1. Review your existing trademarks to see if any of them can be registered as associated trademarks.
2. Consider applying for registration of your trademarks as associated trademarks to simplify management and protection of your brand.
3. Ensure that you understand the requirements and benefits of associated trademarks under the Trademarks Act, 2009.

**Evidence to Keep**
- Copies of your trademark registrations
- Documentation showing the relationship between your trademarks
- Records of use of your trademarks in commerce

**Where to Go / Who to Contact**
The Registrar of Trademarks, Department of Patents, Designs and Trademarks, can provide guidance on the registration of associated trademarks. You can contact them through their official website or by visiting their office in person.

**When You Need a Lawyer**
If you are unsure about the registration process or need help with preparing and filing an application for associated trademarks, it is recommended that you consult with a licensed Bangladeshi lawyer who specializes in intellectual property law.

---
**Sources**
- **[ACT-1]** Trademarks Act, 2009, Section 13: Registration of trademarks as associated trademarks. *(Status: Active)*","The Transfer of Property Act, 1882 (TPA)",13,False,[],NOT_AVAILABLE,[],"['13', '13']",True,NOT_AVAILABLE,True,['Trademarks Act'],False,[],,,,
Q188,"The Land Reforms Act, 2023","What are the primary rights and liabilities of a Mortgagor regarding the ""Right to Redemption"" under Section 60?","Answer Details: Section 60 details the Mortgagor’s fundamental Right to Redemption. At any time after the principal money has become due, the mortgagor has a right, on payment or tender of the mortgage money, to require the mortgagee to deliver the mortgage deed and all documents to him, and to re-transfer the property. This right cannot be clogged or extinguished by any private contractual stipulation.","**What This Means For You**
As a mortgagor, you have the right to redeem your mortgaged property after paying off the mortgage debt. This means you can regain ownership of your property by repaying the loan. However, you must follow the proper procedures and meet the conditions set out in the law.

**What the Law Says**
Under Section 60 of the Transfer of Property Act, 1882 [ACT-1], a mortgagor has the right to redeem the mortgaged property on payment or tender of the mortgage money at a proper time and place. The mortgagor is entitled to require the mortgagee to deliver the mortgage deed and all documents related to the mortgaged property, and to re-transfer the property to the mortgagor or a third party directed by the mortgagor. A court also ruled in various cases that the right to redemption is a fundamental right of the mortgagor, and the mortgagee must comply with the mortgagor's request to redeem the property.

**What You Should Do Now**
1. Review your mortgage agreement to understand the terms and conditions of the loan.
2. Calculate the outstanding mortgage debt and ensure you have sufficient funds to repay it.
3. Notify the mortgagee of your intention to redeem the property and request the necessary documents.

**Evidence to Keep**
- Mortgage deed
- Loan agreement
- Payment receipts
- Notice of intention to redeem

**Where to Go / Who to Contact**
Sub-Registrar's Office or a lawyer specializing in property law for guidance on the redemption process.

**When You Need a Lawyer**
You should consult a lawyer if the mortgagee refuses to redeem the property or if there are disputes regarding the mortgage debt or the redemption process.

---
**Sources**
- **[ACT-1]** The Transfer of Property Act, 1882, Section 60: Right of mortgagor to redeem *(Status: Active)*","The Land Reforms Act, 2023",60,False,[],NOT_AVAILABLE,[],"['60', '60']",True,NOT_AVAILABLE,True,['Transfer of Property Act'],False,[],,,,
Q189,"The Non-Agricultural Tenancy Act, 1949 (NAT Act)","What are the restrictions placed on the conversion of agricultural land under the Land Reforms Act, 2023?","Answer Details: The Land Reforms Act, 2023, strictly restricts the conversion of fertile agricultural land into non-agricultural use (such as housing or commercial factories) without explicit, written prior permission from the authorized state land body. Unauthorized conversions are completely void, render the land liable to forfeiture, and subject the violator to statutory financial penalties.","**What This Means For You**
The Land Reforms Act, 2023, has restrictions on converting agricultural land to prevent misuse and ensure fair distribution of land. If you're a landowner or planning to buy agricultural land, you need to understand these restrictions to avoid legal issues. 

**What the Law Says**
Under Section 4 [ACT-3] of the Land Reforms Act, 2023, the owner of agricultural land exceeding 60 standard bighas or their family cannot acquire new agricultural land by transfer, inheritance, donation, or any other means. However, there are exceptions for certain cases, such as land used for tea, coffee, rubber, or fruit plantations, or land used by industrial establishments for producing raw materials.

**What You Should Do Now**
1. Check if your agricultural land exceeds 60 standard bighas.
2. Verify if your land use falls under the exceptions mentioned in the Act.
3. Consult with the relevant authorities or a licensed lawyer to ensure compliance with the Act.

**Evidence to Keep**
- Documents proving land ownership and size
- Records of land use (e.g., crop cultivation, industrial activities)
- Proof of exceptions (e.g., tea, coffee, or rubber plantation certificates)

**Where to Go / Who to Contact**
Contact the local Land Office or the Ministry of Lands for guidance on the Land Reforms Act, 2023. You can also reach out to the Land Reforms Board for more information.

**When You Need a Lawyer**
You should consult a licensed lawyer if you're unsure about the restrictions on converting agricultural land or if you're facing legal issues related to land ownership or use.

---
**Sources**
- **[ACT-3]** Land Reforms Act, 2023, Section 4: Restrictions on acquisition of agricultural land *(Status: Active)*","The Non-Agricultural Tenancy Act, 1949 (NAT Act)",,False,[],NOT_AVAILABLE,[],"['4', '4']",N/A,NOT_AVAILABLE,True,['Land Reforms Act'],False,[],,,,
Q190,"The Non-Agricultural Tenancy Act, 1949 (NAT Act)",Explain the landlord's right to enhance rent under Section 13 of the NAT Act.,"Answer Details: Under Section 13, a landlord may apply to a competent court to enhance the rent of a non-agricultural tenant on specific grounds, including a substantial increase in the local value of the land or improvements made to the property at the landlord's expense. However, such enhancement cannot be arbitrary and is structurally restricted to fixed percentages over specified multi-year intervals. Section 22: The Partition Act, 1893","**What This Means For You**
The landlord's right to enhance rent under Section 13 of the Non-Agricultural Tenancy (NAT) Act is no longer applicable. This section was omitted from the law, which means landlords cannot use this section to increase rent.

**What the Law Says**
Under Section 13 [ACT-1] of the Non-Agricultural Tenancy Act, 1949, this section was omitted by section 7 of the East Bengal Non-Agricultural Tenancy (Amendment) Ordinance, 1967. This means that the provision for the landlord's right to enhance rent under this section is no longer in effect.

**What You Should Do Now**
1. Review your tenancy agreement to understand the current terms and conditions.
2. If you are a landlord, be aware that you cannot use Section 13 to increase rent.
3. If you are a tenant, be aware of your rights and protections under the current law.

**Evidence to Keep**
- Copy of the tenancy agreement
- Records of any rent payments

**Where to Go / Who to Contact**
For any disputes or concerns, contact the Deputy Commissioner or the District Judge.

**When You Need a Lawyer**
You should consult a lawyer if you are involved in a dispute related to rent enhancement or tenancy rights.

---
**Sources**
- **[ACT-1]** The Non-Agricultural Tenancy Act, 1949, Section 13: Powers to order progressive enhancement [Omitted] *(Status: Omitted)*","The Non-Agricultural Tenancy Act, 1949 (NAT Act)",13,False,[],NOT_AVAILABLE,[],"['13', '13', '7', '13', '13']",True,NOT_AVAILABLE,False,[],False,[],,,,
Q191,"The State Acquisition and Tenancy Act, 1950 (SAT Act)",Can a Court order a partial sale and partial partition of a property under this Act?,"Answer Details: Yes. If a family estate contains multiple parcels of land or a complex multi-story building where some parts are easily divisible among co-sharers but other parts (like an internal core structure or a main entry gate) cannot be severed without destroying the property's utility, the Court has the judicial discretion to partition the divisible portions and order a sale of the indivisible sections under Sections 2 and 3.","**What This Means For You**
A court can order a partial sale and partial partition of a property, which means you may be able to sell a part of the property and divide the rest among the shareholders. This can be beneficial if a complete division of the property is not possible.

**What the Law Says**
Under Section 9 [ACT-1] of the Partition Act, 1893, the Court may make a decree for a partition of part of the property and a sale of the remainder under this Act. This means that the Court has the power to order a partial sale and partial partition of a property.

**What You Should Do Now**
1. Review your property documents to determine if a partial sale and partial partition is feasible.
2. Consult with a lawyer to understand the implications of a partial sale and partial partition on your property rights.
3. File a petition in court to request a partial sale and partial partition of the property, if necessary.

**Evidence to Keep**
- Property deeds and documents
- Shareholder agreements or records
- Court petitions and orders

**Where to Go / Who to Contact**
Contact the District Court or the Subordinate Court in your area, depending on the value of the property.

**When You Need a Lawyer**
You should consult a lawyer if you are unsure about the legal implications of a partial sale and partial partition, or if you need assistance with filing a court petition.

---
**Sources**
- **[ACT-1]** The Partition Act, 1893, Section 9: Saving of power to order partly partition and partly sale *(Status: Active)*","Partition Act, 1893",9,False,[],NOT_AVAILABLE,[],"['9', '9']",True,NOT_AVAILABLE,False,[],False,[],,,,
Q192,"The Muslim Family Laws Ordinance, 1961","What constitutes the statutory grounds for the preparation of a ""Record-of-Rights"" (Khatian) under Section 144 of the SAT Act?","Answer Details: Under Section 144, the Government may direct that a Record-of-Rights be prepared or revised by a revenue officer for a local area. The grounds include updating mutations, correcting historical mapping errors, recording structural changes due to river avulsion/alluvion, and establishing absolute state clarity regarding who holds active tenant (Raiyat) liabilities.","**What This Means For You**
The preparation of a ""Record-of-Rights"" (Khatian) is a crucial document that outlines the rights and interests of landholders in Bangladesh. Understanding the grounds for its preparation is essential for landowners and tenants to ensure their rights are protected. The State Acquisition and Tenancy Act (SAT Act) provides the framework for this process.

**What the Law Says**
Under Section 144 of the State Acquisition and Tenancy Act, 1950 [ACT-1], the Government may order the preparation or revision of a Record-of-Rights in certain cases. These include: (a) when not less than one-half of the total number of tenants apply for such an order; (b) when the preparation or revision of such a record is calculated to settle or avert a serious dispute existing or likely to arise amongst the tenants; and (c) when a settlement of rent is being or about to be made in respect of any district, part of a district or local area.

**What You Should Do Now**
1. Review your land documents to ensure you have a clear understanding of your rights and interests.
2. If you are a tenant, consider applying for a Record-of-Rights if you meet the criteria outlined in Section 144.
3. Consult with local authorities or a licensed lawyer to determine the best course of action for your specific situation.

**Evidence to Keep**
- Copies of land deeds and ownership documents
- Records of rent payments and agreements
- Correspondence with local authorities or landlords

**Where to Go / Who to Contact**
Contact your local Revenue Office or a licensed lawyer specializing in land law for guidance on the preparation of a Record-of-Rights.

**When You Need a Lawyer**
You should consult a lawyer if you are unsure about your rights or the preparation process, or if a dispute arises regarding your land ownership or tenancy.

---
**Sources**
- **[ACT-1]** The State Acquisition and Tenancy Act, 1950, Section 144: Revision of the record of-rights *(Status: Amended)*","The Muslim Family Laws Ordinance, 1961",144,False,[],NOT_AVAILABLE,[],"['144', '144', '144']",True,NOT_AVAILABLE,True,['State Acquisition and Tenancy Act'],False,[],,,,
Q193,"The Dissolution of Muslim Marriages Act, 1939",What is the statutory penalty for contracting a polygamous marriage in violation of Section 6?,"Answer Details: Under Section 6, any man who contracts another marriage without the prior written permission of the Arbitration Council shall: 1. Be liable to pay immediately the entire amount of the dower (Mahr), whether prompt or deferred, due to the existing wife or wives. 2. Upon conviction following a formal complaint, be punishable with simple imprisonment which may extend to 1 year, or with a fine, or with both.","**What This Means For You**
If you contract a polygamous marriage without permission, you may face legal penalties. This is important because it can affect your personal life and relationships.

**What the Law Says**
Under Section 6 of the Muslim Family Laws Ordinance, 1961 [ACT-1], if a man contracts another marriage without the permission of the Arbitration Council, he shall pay the entire amount of dower due to the existing wife or wives, and may be punishable with simple imprisonment for up to one year, or with a fine of up to ten thousand taka, or with both.

**What You Should Do Now**
1. If you are considering a polygamous marriage, ensure you obtain the necessary permission from the Arbitration Council.
2. If you have already contracted a polygamous marriage without permission, seek legal advice to understand your obligations and potential penalties.
3. Pay the entire amount of dower due to the existing wife or wives, as required by law.

**Evidence to Keep**
- Proof of permission from the Arbitration Council (if obtained)
- Records of payment of dower to the existing wife or wives

**Where to Go / Who to Contact**
Contact the local Arbitration Council or a licensed lawyer for guidance on the process and potential penalties.

**When You Need a Lawyer**
You should consult a lawyer if you are facing legal action or penalties for contracting a polygamous marriage without permission, or if you need help navigating the legal process.

---
**Sources**
- **[ACT-1]** The Muslim Family Laws Ordinance, 1961, Section 6: Polygamy — prior permission of Arbitration Council, second marriage, dower, punishment *(Status: Amended)*","The Dissolution of Muslim Marriages Act, 1939",6,False,[],NOT_AVAILABLE,[],"['6', '6']",True,NOT_AVAILABLE,True,['Muslim Family Laws Ordinance'],False,[],,,,
Q194,"The Hindu Law of Inheritance (Amendment) Act, 1929","How does the ground of ""Failure to Provide Maintenance"" operate under Section 2(ii) of the Act?","Answer Details: Under Section 2(ii), a Muslim woman can seek a divorce decree if the husband has failed to provide for her maintenance for a continuous period of 2 years. This right remains absolute even if the husband's failure is due to poverty, ill- health, incarceration, or simple unemployment, provided the wife has not un-lawfully refused to live with him without a valid legal cause.","**What This Means For You**
If your employer fails to provide you with maintenance, you may have grounds for a claim under the Bangladesh Labour Act, 2006. This means you could be entitled to certain benefits or compensation.

**What the Law Says**
Under Section 2(ii) of the Bangladesh Labour Act, 2006 [ACT-1], ""retirement"" includes voluntary retirement by a worker from service on completion of 25 years of service in any establishment. However, the Act does not explicitly define ""failure to provide maintenance"" as a ground for any specific claim. 

**What You Should Do Now**
1. Review your employment contract to see if maintenance is mentioned as part of your benefits.
2. Check if your employer has a policy or rule regarding maintenance for employees.
3. If you believe your employer has failed to provide maintenance, you should consult with a licensed lawyer to understand your rights and options.

**Evidence to Keep**
- Employment contract
- Company policies or rules regarding maintenance
- Records of any requests made to your employer for maintenance

**Where to Go / Who to Contact**
You can contact the Labour Court or the Department of Inspection for Factories and Establishments for guidance on this matter. 

**When You Need a Lawyer**
You should consult a lawyer if you are considering taking legal action against your employer for failure to provide maintenance, as this is a complex legal issue requiring professional advice.

---
**Sources**
- **[ACT-1]** The Bangladesh Labour Act, 2006, Section 2: Definitions *(Status: Active)*","The Hindu Law of Inheritance (Amendment) Act, 1929",2(ii),False,[],NOT_AVAILABLE,[],"['2', '2']",True,NOT_AVAILABLE,True,['Bangladesh Labour Act'],False,[],,,,
Q195,The Hindu Married Women's Right to Separate Residence and,What is the exact statutory ranking given to a sister under this Act?,"Answer Details: The Act explicitly elevates a sister in the order of succession under the Mitakshara school, placing her immediately after the father's father and before the father's brother (paternal uncle). This disrupted the absolute priority of distant male agnates in favor of close female cognates. Maintenance Act, 1946","**What This Means For You**
The Hindu Law of Inheritance Act, 1929, outlines the order of succession for certain heirs, including sisters. This means that if a Hindu male dies intestate, his property will be distributed according to this order. As a sister, you have a specific ranking in this order.

**What the Law Says**
Under Section 2 of the Hindu Law of Inheritance Act, 1929 [ACT-1], a sister is entitled to rank in the order of succession next after a father's father and before a father's brother. This means that a sister's claim to the property will be considered after the claims of the father's father and before the claims of the father's brother.

**What You Should Do Now**
1. Review the family tree to determine the relationships and potential claimants to the property.
2. Consult with a licensed lawyer to understand how the Act applies to your specific situation.
3. Gather relevant documents, such as birth and death certificates, to support your claim.

**Evidence to Keep**
- Birth and death certificates of relevant family members
- Property documents, such as deeds or titles
- Any other relevant family records or documents

**Where to Go / Who to Contact**
Contact a licensed lawyer specializing in Hindu law and inheritance in Bangladesh. You can also reach out to the Bangladesh Law Commission or the Supreme Court of Bangladesh for guidance.

**When You Need a Lawyer**
You should consult a lawyer if you are a sister claiming a share of a deceased Hindu male's property and need help navigating the complexities of the Hindu Law of Inheritance Act, 1929.

---
**Sources**
- **[ACT-1]** The Hindu Law of Inheritance Act, 1929, Section 2: Order of succession of certain heirs — son's daughter, daughter's daughter, sister, sister's son, Hindu male intestate succession *(Status: Active)*",The Hindu Married Women's Right to Separate Residence and,,False,[],NOT_AVAILABLE,[],"['2', '2']",N/A,NOT_AVAILABLE,False,[],False,[],,,,
Q196,"The Hindu Marriage Registration Act, 2012","What constitutes ""Justifiable Cause"" for separate residence under Section 2 of the Act?","Answer Details: Under Section 2, a Hindu married woman is entitled to separate residence and maintenance if the husband: 1. Is suffering from a loathsome disease not contracted from her. 2. Is guilty of such cruelty as renders it unsafe or undesirable to live with him. 3. Keeps a concubine in the house or habitually resides with one. 4. Marries again.","**What This Means For You**
If you're a Hindu married woman, you have the right to separate residence and maintenance from your husband under certain conditions. One of these conditions is ""justifiable cause"", which can be a reason for you to live separately.

**What the Law Says**
Under Section 2 of the Hindu Married Women's Right to Separate Residence and Maintenance Act, 1946 [ACT-1], ""justifiable cause"" is a ground for claiming separate residence and maintenance. This means that if your husband's behavior or actions are reasonable grounds for you to refuse to live with him, you may be entitled to separate residence and maintenance. However, the Act does not explicitly define what constitutes ""justifiable cause"", leaving it to the court's interpretation.

**What You Should Do Now**
1. Review your situation and identify the specific reasons why you feel you need to live separately from your husband.
2. Consult with a lawyer to understand how the court might interpret ""justifiable cause"" in your case.
3. Gather evidence to support your claim, such as documents or witness statements.

**Evidence to Keep**
- Records of any incidents or behaviors that led to your decision to live separately
- Witness statements from family members, friends, or neighbors
- Medical records or other documentation of any physical or emotional harm

**Where to Go / Who to Contact**
Family Court or a lawyer specializing in family law. You can also contact the National Helpline for Women (109) for guidance and support.

**When You Need a Lawyer**
You should consult a lawyer if you're considering filing a claim for separate residence and maintenance under the Hindu Married Women's Right to Separate Residence and Maintenance Act, 1946, to ensure you understand your rights and the legal process.

---
**Sources**
- **[ACT-1]** The Hindu Married Women's Right to Separate Residence and Maintenance Act, 1946, Section 2: Grounds for claiming separate residence and maintenance — Hindu married women, loathsome disease, cruelty, desertion, remarriage, conversion, concubine, justifiable cause *(Status: Active)*","The Hindu Marriage Registration Act, 2012",2,False,[],NOT_AVAILABLE,[],"['2', '2']",True,NOT_AVAILABLE,False,[],False,[],,,,
Q197,"The Hindu Marriage Registration Act, 2012",Does the failure to register a Hindu marriage under the 2012 Act invalidate the religious union?,"Answer Details: No. Section 3 of the Hindu Marriage Registration Act, 2012, explicitly clarifies that the registration of a Hindu marriage is optional and procedural. A failure to register the marriage does not affect the legal validity or sanctity of a marriage solemnized under traditional Hindu religious rites, customs, and ceremonies.","**What This Means For You**
The registration of a Hindu marriage under the 2012 Act is optional, not compulsory. This means that even if a Hindu marriage is not registered, it does not necessarily invalidate the religious union. However, registration can provide legal proof of the marriage, which can be important for various purposes.

**What the Law Says**
Under Section 3 of the Hindu Marriage Registration Act, 2012 [ACT-1], the registration of a Hindu marriage is optional. The law states that the solemnization of a Hindu marriage may be registered under this Act, but it is not required. A court has not specifically ruled on this issue in the provided case law, but the Act itself clarifies the optional nature of registration.

**What You Should Do Now**
1. Review your personal circumstances to determine if registration is necessary for your specific situation.
2. Consider consulting with a licensed lawyer to understand the implications of registration or non-registration on your legal rights.
3. If you decide to register your marriage, gather the required documents and contact the appointed Hindu Marriage Registrar for your area.

**Evidence to Keep**
- Proof of Hindu religion affiliation
- Documents related to the solemnization of the marriage
- Identification and address proof

**Where to Go / Who to Contact**
Contact the Hindu Marriage Registrar appointed for your area or consult with a licensed lawyer for specific guidance.

**When You Need a Lawyer**
You should consult a lawyer if you are unsure about the legal implications of registering or not registering your Hindu marriage, or if you face any legal issues related to your marriage.

---
**Sources**
- **[ACT-1]** The Hindu Marriage Registration Act, 2012, Section 3: Registration of Hindu marriage *(Status: Active)*","The Hindu Marriage Registration Act, 2012",3,False,[],NOT_AVAILABLE,[],"['3', '3']",True,NOT_AVAILABLE,False,[],False,[],,,,
Q23,Tenancy (NAT Act),Distinguish between the classes of non-agricultural tenants recognized under Chapter II of the NAT Act 1949.,"Section 3 NAT Act recognizes two main classes: tenants and under-tenants. Sections 4 and 5 further classify tenancies by purpose, such as homestead/residential and manufacturing/business purposes.","**What This Means For You**
The Non-Agricultural Tenancy Act (NAT) 1949 recognizes different classes of non-agricultural tenants, which affects your rights and responsibilities as a tenant. Understanding these classes can help you navigate your tenancy agreement.

**What the Law Says**
Under the Non-Agricultural Tenancy Act 1949, non-agricultural tenants are classified into different categories. However, this information is not available in my verified database. 

**What You Should Do Now**
1. Consult the Bangladesh Code or a licensed lawyer to understand the specific classes of non-agricultural tenants recognized under the NAT Act 1949.
2. Review your tenancy agreement to determine which class of tenant you belong to.
3. Seek legal advice if you have any questions or concerns about your tenancy rights and responsibilities.

**Evidence to Keep**
- Copy of your tenancy agreement
- Proof of rent payments
- Documentation of any communications with your landlord

**Where to Go / Who to Contact**
Contact a licensed lawyer or the local authorities responsible for enforcing the NAT Act 1949.

**When You Need a Lawyer**
You should consult a lawyer if you are unsure about your rights and responsibilities as a non-agricultural tenant or if you are involved in a dispute with your landlord.

---
**Sources**
- **[DLR-1]** Fatema Khatun and others VS Abdul Quddus — DLR (AD) 2005 | Appellate Division | 2005
- **[DLR-2]** Yaor Mia (Md) and anothe VS Haji Shah Dhanai Ali and others — DLR (AD) 2005 | Appellate Division | 2005
- **[DLR-3]** Abdul Kader VS Secretary, Election Commission and others — DLR (AD) 2005 | Appellate Division | 2005
- **[DLR-4]** Bangladesh, represented by the Secretary, Ministry of Works, Housing and Settlement and ors vs Md Abu Bakar and others — DLR (AD) 2005 | Appellate Division | 2005","Non-Agricultural Tenancy Act, 1949","3,4,5",False,[],NOT_AVAILABLE,[],[],False,NOT_AVAILABLE,False,[],False,[],,,,
Q106,"The Partition Act, 1893",Distinguish between a tenant who has held non-agricultural land for more than 12 years versus less than 12 years.,"Answer Details: Under Sections 7 and 9, if a non-agricultural tenant holds land continuously for a period of 12 years or more, they acquire a right of occupancy, making them less susceptible to arbitrary eviction, and their tenancy becomes heritable and transferable. If held for less than 12 years, they do not hold an unconditional heritable right, and the landlord may terminate the lease by giving appropriate statutory notice under Section 11 upon specific grounds.","**What This Means For You**
If you are a tenant holding non-agricultural land, the duration of your tenancy can significantly impact your rights and obligations. Understanding the distinction between holding land for more than 12 years versus less than 12 years is crucial for navigating your tenancy.

**What the Law Says**
Under the relevant provisions of the State Acquisition and Tenancy Act, the distinction between a tenant who has held non-agricultural land for more than 12 years versus less than 12 years is significant. However, specific details on this distinction are not provided in the given verified sources. 

**What You Should Do Now**
1. Review your tenancy agreement to determine the duration of your tenancy.
2. Consult the State Acquisition and Tenancy Act to understand the provisions applicable to your situation.
3. Seek advice from a licensed lawyer to understand your rights and obligations as a tenant.

**Evidence to Keep**
- Tenancy agreement
- Proof of duration of tenancy
- Relevant documents related to the land

**Where to Go / Who to Contact**
For specific guidance, contact the local authorities responsible for land administration or a licensed lawyer specializing in tenancy law.

**When You Need a Lawyer**
You should consult a lawyer if you are facing disputes or issues related to your tenancy, especially if you are unsure about your rights and obligations as a tenant holding non-agricultural land for more than or less than 12 years.

---
**Sources**
- **[DLR-1]** Yaor Mia (Md) and anothe VS Haji Shah Dhanai Ali and others — DLR (AD) 2005 | Appellate Division | 2005
- **[DLR-2]** Fatema Khatun and others VS Abdul Quddus — DLR (AD) 2005 | Appellate Division | 2005
- **[DLR-3]** Government of the People's Republic of Bangladesh, represented by the DC and another VS Abdur Rahman and others — DLR (AD) 2005 | Appellate Division | 2005
- **[DLR-4]** Abdul Kader VS Secretary, Election Commission and others — DLR (AD) 2005 | Appellate Division | 2005","The Partition Act, 1893",7,False,[],NOT_AVAILABLE,[],[],False,NOT_AVAILABLE,True,['State Acquisition and Tenancy Act'],False,[],,,,
