id,category,question,gold_answer,system_answer,expected_act,expected_section,fabricated_citation,fabricated_tags,unverifiable_dlr_citation,citations_found,claimed_sections,expected_section_mentioned,claimed_section_not_in_db,act_mismatch,other_acts_mentioned,jurisdiction_leakage,leaked_terms,human_correctness,human_faithfulness,judge_agrees_with_human,notes
Q01,Criminal Procedure,Does a police officer in Bangladesh need a warrant to arrest someone for 'Anticipatory Bail' under Section 438 of the CrPC?,"Section 438 CrPC does not exist in Bangladesh; it was omitted by the 2009 amendment. Anticipatory bail/Agam Jamin in Bangladesh is practiced under Section 498 CrPC, mainly through the High Court Division, and it protects against arrest rather than authorizing detention.","**What This Means For You**
In Bangladesh, the concept of 'Anticipatory Bail' is exercised under Section 498 of the Code of Criminal Procedure, 1898, not Section 438, which was omitted in 2009. This means that if you're seeking anticipatory bail, you'll need to apply under Section 498. A police officer's power to arrest without a warrant is governed by other sections of the CrPC.

**What the Law Says**
Under Section 498 of the Code of Criminal Procedure, 1898 [ACT-1], the High Court Division or Court of Session may direct that any person be admitted to bail, or that the bail required by a police-officer or Magistrate be reduced. However, Section 438 of the CrPC, which dealt with anticipatory bail, was omitted by the Code of Criminal Procedure (Amendment) Act, 2009. A police officer's power to arrest without a warrant is specified in Section 54 of the CrPC [ACT-4], which lists specific conditions under which an arrest can be made without a warrant.

**What You Should Do Now**
1. If you're seeking anticipatory bail, you should consult with a lawyer to apply under Section 498 of the CrPC.
2. Understand the conditions under which a police officer can arrest without a warrant, as specified in Section 54 of the CrPC.
3. Be aware of your rights and the legal process in case of an arrest or application for anticipatory bail.

**Evidence to Keep**
- Any documents related to the case against you
- Proof of your identity and residence
- Records of any previous interactions with law enforcement

**Where to Go / Who to Contact**
For legal advice and assistance, contact a licensed lawyer or the Legal Aid services in Bangladesh (Phone: 16430). For emergency assistance, you can contact the Police (Phone: 999).

**When You Need a Lawyer**
You should seek professional legal help immediately if you're arrested or if a warrant is issued against you, or if you're considering applying for anticipatory bail under Section 498 of the CrPC.

---
**Sources**
- **[ACT-1]** The Code of Criminal Procedure, 1898, Section 498: Power to direct admission to bail or reduction of bail (Anticipatory Bail / Agam Jamin) *(Status: Active)*
- **[ACT-4]** The Code of Criminal Procedure, 1898, Section 54: When police may arrest without warrant *(Status: Amended)*","Code of Criminal Procedure, 1898",498,False,[],NOT_AVAILABLE,[],"['498', '438', '498', '498', '438', '54', '498', '54', '498', '498', '54']",True,NOT_AVAILABLE,False,[],False,[],,,,
Q02,Limitation Act,What is the limitation period for a suit for 'Specific Performance of Contract' in Bangladesh? Please cite the specific Article of the Limitation Act,"For specific performance in Bangladesh, the limitation period is 1 year under Article 113 of the First Schedule to the Limitation Act, 1908. Time runs from the date fixed for performance, or if no date is fixed, from the date the plaintiff has notice that performance is refused; immovable-property contracts also require compliance with Section 21A of the Specific Relief Act.","**What This Means For You**
In Bangladesh, if you want to file a lawsuit for specific performance of a contract, you need to do so within a certain time limit. This time limit is crucial, and if you miss it, your lawsuit might be dismissed.

**What the Law Says**
Under Article 113 of the First Schedule of the Limitation Act, 1908 [ACT-2], the period of limitation for a suit for specific performance of a contract is three years. The time from which this period begins to run is the date fixed for the performance, or, if no such date is fixed, when the plaintiff has notice that performance is refused.

**What You Should Do Now**
1. Check your contract to see if there's a specific date for performance mentioned.
2. If performance is refused, make a note of the date you received notice of this refusal.
3. Consult with a lawyer to discuss your options and ensure you file the lawsuit within the three-year time frame.

**Evidence to Keep**
- A copy of the contract
- Any communication regarding the refusal of performance
- Records of any notices or warnings given to the other party

**Where to Go / Who to Contact**
You can file a lawsuit in the appropriate court in Bangladesh. For legal advice, consider contacting the Bangladesh Bar Council or a licensed lawyer.

**When You Need a Lawyer**
You should consult a lawyer as soon as possible if you believe you have a case for specific performance of a contract, to ensure you understand your rights and obligations and to help you file the lawsuit within the limitation period.

---
**Sources**
- **[ACT-2]** The Limitation Act, 1908, Section 113: Article 113 - For specific performance of a contract *(Status: In Force)*","Limitation Act, 1908",Article 113,False,[],NOT_AVAILABLE,[],"['113', '113', '113']",True,NOT_AVAILABLE,False,[],False,[],,,,
Q03,Family Law,A man dies in 2025. He has a living son and a grandson (the son of another son who died in 2020). Does the grandson get any share of the grandfather's property under Bangladesh law?,"Yes. Under Section 4 of the Muslim Family Laws Ordinance, 1961, the doctrine of representation applies: the grandson of a predeceased son steps into his father's shoes and receives the share his father would have received if alive.","**What This Means For You**
The grandson may be eligible for a share of his grandfather's property under certain conditions. The distribution of property after a person's death in Bangladesh is governed by the laws of inheritance.

**What the Law Says**
Under the Muslim Personal Law (Shariat) Application Act, 1937 [ACT-1], and the Bangladesh Citizenship (Temporary Provisions) Order, 1972, the distribution of property is guided by Islamic principles of inheritance. A court also ruled in various cases, including those related to inheritance, that the laws of the land and Islamic principles apply. However, specific details about the case, such as the religion of the deceased and the family's personal laws, would determine the exact distribution.

**What You Should Do Now**
1. Determine the applicable personal law (e.g., Muslim, Hindu, Christian) that governs the inheritance.
2. Identify all eligible heirs according to the applicable law.
3. Calculate the shares of each heir based on the specific laws of inheritance.

**Evidence to Keep**
- Death certificate of the grandfather
- Birth certificate of the grandson
- Proof of the relationship between the grandfather and the grandson
- Documents related to the property in question

**Where to Go / Who to Contact**
Contact a local lawyer specializing in inheritance law or visit the District Judge Court for guidance on the specific laws applicable to the case.

**When You Need a Lawyer**
You should consult a lawyer if there is a dispute among the heirs regarding the distribution of the property or if the distribution is complex and requires legal interpretation.

---
**Sources**
- **[DLR-1]** Bangladesh, represented by the Secretary, Ministry of Works, Housing and Settlement and ors vs Md Abu Bakar and others — DLR (AD) 2005 | Appellate Division | 2005
- **[DLR-2]** Government of the People's Republic of Bangladesh, represented by the DC and another VS Abdur Rahman and others — DLR (AD) 2005 | Appellate Division | 2005
- **[DLR-3]** Yaor Mia (Md) and anothe VS Haji Shah Dhanai Ali and others — DLR (AD) 2005 | Appellate Division | 2005
- **[DLR-4]** Government of Bangladesh and another VS Md Afsar Ali and others — DLR (AD) 2003 | Appellate Division | 2003
- **[DLR-5]** Bangladesh represented by the Secretary, Ministry of Establishment and others VS Abdul halim miah and others — DLR (AD) 2005 | Appellate Division | 2005
- **[DLR-6]** Secretary, Ministry of Food Government of Bangladesh and others vs. Md Sirajuddin Ahmed and others — DLR (AD) 2005 | Appellate Division | 2005
- **[DLR-7]** Abdul Mannan VS Tayeb Ali and others — DLR (AD) 2006 | Appellate Division | 2006
- **[DLR-8]** Anarul Islam (Md) and others vs. State and another — DLR (AD) 2005 | Appellate Division | 2005
- **[DLR-9]** Fatema Khatun and others VS Abdul Quddus — DLR (AD) 2005 | Appellate Division | 2005
- **[DLR-10]** Yogeshwar Gope vs State — DLR (AD) 2005 | Appellate Division | 2005","Muslim Family Laws Ordinance, 1961",4,True,['ACT-1'],NOT_AVAILABLE,[],[],False,NOT_AVAILABLE,False,[],False,[],,,,
Q04,Criminal Law,"If a person is accused of 'Defamation' under Section 500 of the Penal Code in Sylhet, can the police arrest them immediately without a warrant?","No. Defamation under Section 500 of the Penal Code is non-cognizable and bailable in Bangladesh, so police cannot arrest without a Magistrate's warrant; the usual route is a complaint case before the Magistrate.","**What This Means For You**
If you're accused of defamation in Sylhet, the police might arrest you, but they should follow proper procedures. Defamation is a serious matter, and understanding your rights is crucial.

**What the Law Says**
Under Section 500 of the Penal Code [ACT-6], defamation is punishable with simple imprisonment for up to two years, or with a fine, or with both. However, for the police to arrest someone without a warrant, the offence must be cognizable, and the police must have reasonable grounds to believe the person has committed or is about to commit such an offence. According to the Code of Criminal Procedure, defamation is a non-cognizable and bailable offence, which generally means the police cannot arrest without a warrant.

**What You Should Do Now**
1. Seek legal counsel immediately if accused of defamation.
2. Understand that for non-cognizable offences like defamation, the police typically need a warrant for arrest.
3. Be prepared to provide a bail bond if arrested, as defamation is considered a bailable offence.

**Evidence to Keep**
- Any communication or publication related to the alleged defamation.
- Records of context or circumstances surrounding the alleged defamatory statement.
- Witnesses who can testify on your behalf.

**Where to Go / Who to Contact**
Contact the Sylhet Metropolitan Magistrate Court or the local police station for initial inquiries. For legal assistance, consider reaching out to the Sylhet District Bar Association or a legal aid service.

**When You Need a Lawyer**
You should consult a lawyer as soon as possible if you're accused of defamation, especially if the police are involved or if you're considering legal action against someone else.

---
**Sources**
- **[ACT-6]** The Penal Code, 1860, Section 500: Punishment for defamation *(Status: Amended)*","Penal Code, 1860",500,False,[],NOT_AVAILABLE,[],"['500', '500']",True,NOT_AVAILABLE,False,[],False,[],,,,
Q05,Civil Procedure,Can I file a 'Second Appeal' to the High Court Division on a pure question of fact under Section 100 of the CPC?,"No. Sections 100-103 of the Bangladesh CPC were omitted by the Law Reforms Ordinance, 1978, so a second appeal under Section 100 on a pure question of fact is not available in Bangladesh.","**What This Means For You**
You are wondering if you can file a second appeal to the High Court Division on a pure question of fact. However, Section 100 of the CPC has been omitted from Bangladesh law. This means you cannot file a second appeal on a pure question of fact under this section.

**What the Law Says**
Under Section 100 of the Code of Civil Procedure, 1908 [ACT-2], this section was omitted from Bangladesh law. The omission was made by section 2 and Schedule of the Law Reforms Ordinance, 1978 (Ordinance No. XLIX of 1978). A court also ruled in Abdul Mannan VS Tayeb Ali and others [DLR-1] that the High Court Division's jurisdiction in second appeal is limited and does not extend to findings of fact by lower appellate courts.

**What You Should Do Now**
1. Review the current laws and procedures for filing appeals in Bangladesh.
2. Consult with a licensed lawyer to determine the best course of action for your specific case.
3. Ensure you understand the grounds for appeal and the relevant laws that apply to your situation.

**Evidence to Keep**
- Records of the original case and judgment
- Documents related to the first appeal
- Any relevant evidence or witness statements

**Where to Go / Who to Contact**
Contact the High Court Division or a licensed lawyer for guidance on the appeal process.

**When You Need a Lawyer**
You should consult a lawyer immediately if you are considering filing an appeal to ensure you follow the correct procedures and understand your rights and options under the current laws of Bangladesh.

---
**Sources**
- **[ACT-2]** The Code of Civil Procedure, 1908, Section 100: TITLE_UNKNOWN [OMITTED] *(Status: Omitted)*
- **[DLR-1]** Abdul Mannan VS Tayeb Ali and others — DLR (AD) 2006 | Appellate Division | 2006","Code of Civil Procedure, 1908",100,False,[],NOT_AVAILABLE,[],"['100', '100', '2', '100']",True,NOT_AVAILABLE,False,[],False,[],,,,
Q06,Criminal Procedure,Explain the procedure for 'Executive Magistrates' to conduct a full trial and award a 7-year rigorous imprisonment sentence for a theft case.,Executive Magistrates cannot conduct a regular Penal Code theft trial or award 7 years' rigorous imprisonment. Criminal trials and such sentencing belong to Judicial Magistrates/Courts; Executive Magistrates are limited to administrative/mobile-court functions within statutory limits.,"**What This Means For You**
If you're involved in a theft case, you might face trial by an Executive Magistrate. This process can lead to significant penalties, including imprisonment. Understanding the procedure is crucial for your rights and defense.

**What the Law Says**
Under the Code of Criminal Procedure [No specific section mentioned in verified sources], Executive Magistrates have certain powers to try cases. However, specific details about their jurisdiction and the procedure for conducting a full trial and awarding sentences like 7-year rigorous imprisonment for theft cases are not provided in the verified sources. A court also ruled in various cases [DLR-1, DLR-3] that specific procedures must be followed in criminal trials, but the exact procedure for Executive Magistrates in theft cases is not specified.

**What You Should Do Now**
1. Consult with a licensed lawyer to understand the specific legal framework applicable to your case.
2. Ensure you are informed about your rights and the procedure that will be followed during the trial.
3. Gather all relevant evidence and documents related to your case.

**Evidence to Keep**
- Any evidence related to the alleged theft
- Documents proving your whereabouts at the time of the alleged theft
- Witness statements

**Where to Go / Who to Contact**
Contact the nearest Magistrate Court or a licensed lawyer for specific guidance. You can also reach out to legal aid services for assistance: Legal Aid: 16430.

**When You Need a Lawyer**
You should consult a lawyer as soon as possible if you are facing a theft case that could result in imprisonment, to ensure your rights are protected and you receive proper legal representation.

---
**Sources**
- **[DLR-1]** Yaor Mia (Md) and anothe VS Haji Shah Dhanai Ali and others — DLR (AD) 2005 | Appellate Division | 2005
- **[DLR-2]** Secretary, Ministry of Food Government of Bangladesh and others vs. Md Sirajuddin Ahmed and others — DLR (AD) 2005 | Appellate Division | 2005
- **[DLR-3]** State VS Abdur Rahim — DLR (AD) 2005 | Appellate Division | 2005
- **[DLR-4]** Yogeshwar Gope vs State — DLR (AD) 2005 | Appellate Division | 2005
- **[DLR-5]** Abdul Mannan VS Tayeb Ali and others — DLR (AD) 2006 | Appellate Division | 2006
- **[DLR-6]** Anarul Islam (Md) and others vs. State and another — DLR (AD) 2005 | Appellate Division | 2005
- **[DLR-7]** Bangladesh represented by the Secretary, Ministry of Establishment and others VS Abdul halim miah and others — DLR (AD) 2005 | Appellate Division | 2005
- **[DLR-8]** Government of Bangladesh and another VS Md Afsar Ali and others — DLR (AD) 2003 | Appellate Division | 2003
- **[DLR-9]** Abdul Kader VS Secretary, Election Commission and others — DLR (AD) 2005 | Appellate Division | 2005
- **[DLR-10]** Government of the People's Republic of Bangladesh, represented by the DC and another VS Abdur Rahman and others — DLR (AD) 2005 | Appellate Division | 2005","Code of Criminal Procedure, 1898",29C,False,[],NOT_AVAILABLE,[],[],False,NOT_AVAILABLE,False,[],False,[],,,,
Q07,Land Reform,I am a wealthy businessman. Can I purchase 500 bighas of agricultural land in my own name under the Land Reforms Ordinance?,"No. Agricultural land ownership/acquisition is capped at 60 standard bighas under the Land Reforms Ordinance, 1984 as carried forward in the 2023 framework; purchasing 500 bighas in one person's name would exceed the ceiling.","**What This Means For You**
As a wealthy businessman, you may be interested in purchasing large tracts of agricultural land, but the law has limitations on such acquisitions. The Land Reforms Ordinance aims to prevent excessive landholding and promote equitable distribution of land.

**What the Law Says**
Under Section 4 of the Land Reforms Ordinance, 1984 [ACT-1], no family or individual can acquire more than 60 bighas of agricultural land. Any land acquired in excess of this limit will vest in the Government without compensation. This means that you cannot purchase 500 bighas of agricultural land in your own name, as it exceeds the allowed limit.

**What You Should Do Now**
1. Consider the legal implications of acquiring large tracts of land and how it may affect your business and personal assets.
2. If you still wish to acquire a significant amount of agricultural land, you may need to explore alternative options, such as forming a company or partnership, but this would still be subject to the land ceiling limits.
3. Consult with a licensed lawyer to understand the specific laws and regulations applicable to your situation and to explore possible alternatives.

**Evidence to Keep**
- Documents related to your current landholdings
- Records of any previous land transactions
- Proof of your business and personal assets

**Where to Go / Who to Contact**
For more information and guidance, you can contact the Ministry of Land or the Bangladesh Land Reform Board. You may also want to consult with a licensed lawyer who specializes in land law.

**When You Need a Lawyer**
You should consult a lawyer if you are unsure about the legal implications of acquiring large tracts of land or if you are facing any disputes or issues related to land ownership.

---
**Sources**
- **[ACT-1]** Land Reforms Ordinance, 1984, Section 4: Limitation on acquisition of agricultural land — ceiling of sixty bighas *(Status: Active)*","Land Reforms Ordinance, 1984 / Land Reforms Act, 2023",4,False,[],NOT_AVAILABLE,[],"['4', '4']",True,NOT_AVAILABLE,False,[],False,[],,,,
Q08,Tax,How much 'Wealth Tax' do I owe under the Income Tax Act 2023 if my assets exceed 5 Crore BDT?,"There is no separate 'wealth tax' under the Income Tax Act, 2023; Bangladesh uses a net-wealth surcharge when net wealth crosses the statutory threshold. The exact surcharge depends on the applicable slab, so the answer must cite the 2023 Act/schedule rather than inventing a generic tax amount.","**What This Means For You**
If your assets exceed 5 Crore BDT, you may be liable to pay Wealth Tax under the Income Tax Act 2023. The amount of tax you owe will depend on the value of your assets.

**What the Law Says**
Under Section 40 of the Income Tax Act 2023 [ACT-1], the Wealth Tax is calculated based on the value of your assets. However, the specific section that deals with Wealth Tax is not provided in the given verified sources. 

**What You Should Do Now**
1. Review your assets and calculate their total value.
2. Consult the Income Tax Act 2023 or contact a licensed tax professional to determine the exact amount of Wealth Tax you owe.
3. Ensure you have all necessary documents and evidence to support your tax calculation.

**Evidence to Keep**
- Records of your assets, including property, investments, and other valuables.
- Documents showing the value of your assets.

**Where to Go / Who to Contact**
Contact the National Board of Revenue (NBR) or a licensed tax professional for guidance on calculating and paying your Wealth Tax.

**When You Need a Lawyer**
If you are unsure about your tax liability or need help with a tax dispute, it is recommended that you consult a licensed tax lawyer.

---
**Sources**
- **[ACT-1]** আয়কর আইন, ২০২৩, Section 40: ]ৃচতুথ অধায়কিষ হইেত আয়কৃিষ হইেতআয়িবেশষ কৃ িষআয় — ধারা ৪০, Section 40, আয়কর, income tax, tax law, Bangladesh tax *(Status: Active)*","Income Tax Act, 2023",,False,[],NOT_AVAILABLE,[],"['40', '40', '40']",N/A,NOT_AVAILABLE,False,[],False,[],,,,
Q09,Property/Land,Does a 'Mutation Khatian' issued by the Assistant Commissioner (Land) serve as a conclusive document of title/ownership in Bangladesh?,"No. Mutation Khatian is mainly for land-record/tax and possession purposes; it is not conclusive proof of ownership or title. Title is proved by valid deeds, inheritance documents, court decrees, and related evidence.","**What This Means For You**
A Mutation Khatian is a document that records the transfer of ownership of land, but it does not necessarily prove ownership. It's essential to understand that this document has limitations and may not be enough to establish your title to the land. 

**What the Law Says**
Under the State Acquisition and Tenancy Act, a Mutation Khatian is a record of the transfer of ownership, but it is not a conclusive document of title. A court also ruled in various cases, such as those related to the State Acquisition and Tenancy Act [DLR-5], that the Mutation Khatian is not the sole proof of ownership, and other factors like possession and documentation are also considered.

**What You Should Do Now**
1. Verify the Mutation Khatian with the relevant land authorities to ensure it is accurate and up-to-date.
2. Check for any pending disputes or claims on the land.
3. Consult with a licensed lawyer to determine the best course of action to establish clear ownership.

**Evidence to Keep**
- The original Mutation Khatian document
- Deeds of transfer or sale agreements
- Receipts of payment for the land
- Any other relevant documents related to the land ownership

**Where to Go / Who to Contact**
Contact the Assistant Commissioner (Land) office or the Department of Land Records and Surveys for more information. You can also reach out to the Bangladesh Land Ministry or a licensed lawyer for guidance.

**When You Need a Lawyer**
You should consult a lawyer if you are facing a dispute over land ownership or if you need help establishing clear title to the land.

---
**Sources**
- **[DLR-5]** Fatema Khatun and others VS Abdul Quddus — DLR (AD) 2005 | Appellate Division | 2005",,,False,[],NOT_AVAILABLE,[],[],N/A,NOT_AVAILABLE,N/A,False,[],,,,
Q10,Labour Law,"I am hiring a clerk in my office in Sylhet. Under the Labour Act, can I set a 1-year probation period to ensure he is a good fit?","No. For a clerical worker, the probation period under Section 4(8) of the Bangladesh Labour Act is 6 months, not 1 year. For other workers it is generally 3 months, with limited extension for skilled workers.","**What This Means For You**
You want to hire a clerk and ensure they are a good fit for your office. However, the Labour Act has specific rules about probation periods. 

**What the Law Says**
Under Section 4 of the Bangladesh Labour Act, 2006 [ACT-5], the period of probation for a worker whose function is of clerical nature shall be 6 (six) months. This means you can set a probation period, but it should not exceed 6 months for a clerical worker like a clerk.

**What You Should Do Now**
1. Offer the clerk a 6-month probation period as per the Labour Act.
2. Clearly outline the terms and expectations of the probation period in the appointment letter.
3. Ensure you provide the clerk with an identity card and follow other requirements as per the Labour Act.

**Evidence to Keep**
- Appointment letter with terms and conditions
- Identity card issued to the clerk
- Record of the clerk's performance during the probation period

**Where to Go / Who to Contact**
If you have any questions or concerns, you can contact the Department of Labour in Sylhet or the Labour Court.

**When You Need a Lawyer**
If you are unsure about the specific requirements of the Labour Act or need help with drafting the appointment letter, it is recommended that you consult a licensed lawyer.

---
**Sources**
- **[ACT-5]** The Bangladesh Labour Act, 2006, Section 4: Classification of workers and probation period *(Status: Active)*","Bangladesh Labour Act, 2006",4(8),False,[],NOT_AVAILABLE,[],"['4', '4']",True,NOT_AVAILABLE,False,[],False,[],,,,
Q13,Civil Procedure,"I have a property dispute valued at Tk 4.5 Crore. Which court has the 'Original Jurisdiction' to hear my case, and if I lose, where do I file the appeal?","For a Tk 4.5 crore property dispute, original jurisdiction lies with the Joint District Judge Court under the Civil Courts Act, 1887 as amended in 2021. If the party loses, the appeal lies to the District Judge Court because appeals up to Tk 5 crore go there, not directly to the High Court Division.","**What This Means For You**
You have a property dispute worth Tk 4.5 Crore, and you need to know which court can hear your case initially and where to appeal if you lose. This is important because the right court must hear your case for it to be valid.

**What the Law Says**
Under Section 18 of The Civil Courts Act, 1887 [ACT-1], the original jurisdiction of a District Judge or Joint District Judge extends to all original suits for the time being cognizable by Civil Courts without any pecuniary limit. Since your dispute is valued at Tk 4.5 Crore, which is above the general limits for lower courts, the Joint District Judge has the original jurisdiction to hear your case. If you lose, you can appeal to the High Court Division, as stated in Section 21 of The Civil Courts Act, 1887 [ACT-5], because the value of your suit exceeds five crore Taka.

**What You Should Do Now**
1. Prepare your case with all necessary documents and evidence to present before the Joint District Judge.
2. Ensure you understand the court procedures and the specific requirements for your case.
3. If you lose the case, gather all relevant documents and evidence to file an appeal with the High Court Division.

**Evidence to Keep**
- All property deeds and documents related to the dispute.
- Any agreements or contracts relevant to the case.
- Evidence of the value of the property (e.g., valuation reports).

**Where to Go / Who to Contact**
You should file your case with the Joint District Judge's court in your area. If you need to appeal, you will file with the High Court Division. For legal aid or advice, you can contact the Legal Aid services at 16430.

**When You Need a Lawyer**
You should consider hiring a lawyer if you are unsure about how to proceed with your case or if the court procedures become too complex for you to handle alone.

---
**Sources**
- **[ACT-1]** The Civil Courts Act, 1887, Section 18: Extent of original jurisdiction of District or Joint District Judge *(Status: In Force)*
- **[ACT-5]** The Civil Courts Act, 1887, Section 21: None *(Status: Active)*","Civil Courts Act, 1887",,False,[],NOT_AVAILABLE,[],"['18', '21', '18', '21']",N/A,NOT_AVAILABLE,False,[],False,[],,,,
Q14,Criminal Law/Evidence,"While in police custody, an accused says, ""I killed the man and hid the knife under the bridge."" The police find the knife under the bridge. Is the statement ""I killed the man"" admissible in court?","The statement 'I killed the man' is inadmissible because confessions to police are barred under Section 25 of the Evidence Act. Only the part leading directly to discovery of the knife, such as 'I hid it under the bridge,' may be admissible under Section 27 as discovery information.","**What This Means For You**
The statement ""I killed the man"" made by the accused while in police custody may not be admissible in court as evidence, as it was made in custody and may be considered a confession. The admissibility of this statement is crucial in determining the accused's guilt.

**What the Law Says**
Under the Evidence Act [ACT-1] of Bangladesh, a confession made to a police officer is not admissible as evidence, unless it is made in the immediate presence of a Magistrate [Section 25]. However, if the statement is considered a voluntary statement and not a confession, it may be admissible. A court also ruled in Yogeshwar Gope vs State [DLR-1] that the evidentiary value of a statement depends on its voluntariness and credibility.

**What You Should Do Now**
1. The accused should consult with a lawyer to understand the implications of their statement.
2. The lawyer should review the circumstances under which the statement was made to determine its admissibility.
3. The prosecution should provide evidence to prove that the statement was made voluntarily and not under duress.

**Evidence to Keep**
- Record of the statement made by the accused
- Details of the circumstances under which the statement was made
- Evidence of the knife found under the bridge

**Where to Go / Who to Contact**
The accused should contact their lawyer or the Legal Aid office (16430) for guidance. The case should be filed in the relevant court, such as the Magistrate Court or the Sessions Court.

**When You Need a Lawyer**
You need a lawyer immediately if you are accused of a crime and have made a statement to the police, as the admissibility of this statement can significantly impact your case.

---
**Sources**
- **[DLR-1]** Yogeshwar Gope vs State — DLR (AD) 2005 | Appellate Division | 2005","Evidence Act, 1872",25/27,True,['ACT-1'],NOT_AVAILABLE,[],['25'],True,NOT_AVAILABLE,False,[],False,[],,,,
Q15,Criminal Procedure,A Magistrate receives a police report (Final Report) stating there is no evidence against the accused. Can the Magistrate ignore the police report and order the trial to proceed anyway?,"Yes. A Magistrate is not bound by a police Final Report; under Section 190(1)(b) CrPC, the Magistrate may reject the police opinion, take cognizance, and summon the accused if the case diary/materials justify proceeding.","**What This Means For You**
If a Magistrate receives a police report stating there is no evidence against the accused, it may seem like the case should be closed. However, the Magistrate has the authority to review the report and make a decision. This decision can impact the accused's freedom and future.

**What the Law Says**
Under Section 561A of the Code of Criminal Procedure [ACT-1], a Magistrate can quash criminal proceedings if there is no prima facie case against the accused. A court also ruled in AHS Rahman vs State [DLR-1] that if the first information report and charge-sheet disclose a prima facie case, there is no substance in submitting that the proceedings should be quashed. However, if the police report states there is no evidence, the Magistrate should consider this report, but the final decision lies with the Magistrate.

**What You Should Do Now**
1. Review the police report carefully to understand the reasons behind the ""no evidence"" conclusion.
2. If you are the accused, consider consulting a lawyer to understand your options and rights.
3. The Magistrate will review the report and make a decision; if you are the accused, be prepared to present your case if the trial proceeds.

**Evidence to Keep**
- A copy of the police report (Final Report)
- Any evidence or witness statements that may support or contradict the police report

**Where to Go / Who to Contact**
If you need to contest the Magistrate's decision or understand the process, you can contact the Magistrate Court where the case is being heard. For legal advice, consider consulting a licensed lawyer.

**When You Need a Lawyer**
You should consult a lawyer if the Magistrate orders the trial to proceed despite the police report stating there is no evidence against you, as this may impact your defense and freedom.

---
**Sources**
- **[DLR-1]** AHS Rahman vs State — DLR (AD) 2005 | Appellate Division | 2005","Code of Criminal Procedure, 1898",190(1)(b),True,['ACT-1'],NOT_AVAILABLE,[],['561A'],False,NOT_AVAILABLE,False,[],False,[],,,,
Q17,Family Law,"If a Hindu woman in Bangladesh inherits land under the Hindu Succession Act, can she sell it freely?","No. In Bangladesh, a Hindu woman's inherited property is generally treated as a limited estate under the Hindu Women's Rights to Property Act, 1937; she cannot sell freely except for recognized legal necessity, and an improper sale may be challenged by reversioners.","**What This Means For You**
As a Hindu woman in Bangladesh, if you inherit land, your rights to sell it are subject to certain conditions under the law. You should understand these conditions to avoid any disputes or legal issues.

**What the Law Says**
Under Section 3 of The Hindu Women's Rights to Property Act, 1937 [ACT-1], when a Hindu woman inherits property, her interest is known as a Hindu woman's estate, which is a limited interest. This means she has the right to enjoy the property and receive its income, but her right to sell or transfer the property is restricted. A court also ruled in various cases that the rights of a Hindu woman to property are subject to the provisions of the Hindu Succession Act and other applicable laws.

**What You Should Do Now**
1. Consult with a lawyer to understand the specific conditions and restrictions on selling the inherited land.
2. Review the terms of the inheritance and the applicable laws to determine the extent of your rights.
3. Consider seeking permission from other family members or the court, if necessary, before selling the land.

**Evidence to Keep**
- Documents proving your inheritance of the land
- Records of any agreements or permissions obtained from family members or the court
- Proof of your identity and relationship to the deceased

**Where to Go / Who to Contact**
Contact the District Judge Court or a lawyer specializing in Hindu law and succession matters for guidance.

**When You Need a Lawyer**
You should consult a lawyer if you are unsure about your rights to sell the inherited land or if you face any disputes or challenges from family members or other parties.

---
**Sources**
- **[ACT-1]** The Hindu Women's Rights to Property Act, 1937, Section 3: Devolution of property on Hindu widow *(Status: Active)*","Hindu Women's Rights to Property Act, 1937",,False,[],NOT_AVAILABLE,[],"['3', '3']",N/A,NOT_AVAILABLE,False,[],False,[],,,,
Q083,"The Contract Act, 1872","Under what conditions can a Court order a ""Judgment Debtors"" arrest and detention in civil prison?","Answer Details: Under Section 51 and Order XXI, Rule 37, execution of a decree by detention in prison requires the court to give the judgment-debtor an opportunity to show cause why he should not be committed to prison. The court must be satisfied that the debtor, with the object of obstructing execution, is about to abscond, has dishonestly transferred property, or has the means to pay but refuses/neglects to do so.","**What This Means For You**
If you are a judgment debtor, you might face arrest and detention in civil prison if you fail to pay the debt as ordered by the court. This can have serious consequences on your personal and professional life.

**What the Law Says**
Under the Code of Civil Procedure, a court can order the arrest and detention of a judgment debtor in civil prison if the debtor willfully fails to pay the debt or obstructs the execution of the decree [DLR-5]. A court also ruled in State VS Abdur Rahim [DLR-5] that an application for disposal of seized articles can be filed under section 517 of the Code before the High Court Division.

**What You Should Do Now**
1. Pay the debt as ordered by the court to avoid arrest and detention.
2. If you are unable to pay, try to negotiate a payment plan with the creditor or seek legal advice.
3. Ensure you attend all court hearings and follow the court's orders to avoid being held in contempt.

**Evidence to Keep**
- Records of payment or attempts to pay the debt
- Communication with the creditor or their lawyer
- Court orders and notices

**Where to Go / Who to Contact**
Contact the District Court or the High Court Division, depending on the jurisdiction of your case. You can also reach out to the Legal Aid services (16430) for guidance.

**When You Need a Lawyer**
You should consult a lawyer immediately if you receive a notice of arrest or detention in civil prison, as they can help you navigate the legal process and potentially avoid imprisonment.

---
**Sources**
- **[DLR-5]** State VS Abdur Rahim — DLR (AD) 2005 | Appellate Division | 2005","The Contract Act, 1872",51,False,[],NOT_AVAILABLE,[],['517'],False,NOT_AVAILABLE,True,['Code of Civil Procedure'],False,[],,,,
Q084,"The Contract Act, 1872",What is the effect of an agreement where both parties are under a mistake as to a matter of fact under Section 20?,"Answer Details: Section 20 establishes that where both the parties to an agreement are under a mistake as to a matter of fact essential to the agreement, the agreement is completely void. Limitation: Section 21 clarifies that a contract is not voidable merely because it was caused by a mistake as to any law in force in Bangladesh; a mistake as to a foreign law has the same effect as a mistake of fact.","**What This Means For You**
If you and the other party in a contract are both mistaken about a fact, it can affect the enforceability of the contract. This is important because it might mean the contract can still be enforced, but with some changes.

**What the Law Says**
Under Section 20 of the Specific Relief Act, 1877 [ACT-2], a contract can still be specifically enforced even if a sum is named in it as the amount to be paid in case of its breach, and the party in default is willing to pay the same. However, the section does not directly address the issue of mistake. But according to the principles of contract law, if both parties are under a mistake as to a matter of fact, the contract may be voidable or terminable.

**What You Should Do Now**
1. Review your contract to see if it mentions what happens in case of a mistake.
2. Check if the mistake is about a fundamental fact that affects the whole contract.
3. Consider seeking legal advice to determine the best course of action.

**Evidence to Keep**
- A copy of the contract
- Any communication or agreement related to the mistake
- Proof of the mistake and its impact on the contract

**Where to Go / Who to Contact**
District Court or a lawyer specializing in contract law.

**When You Need a Lawyer**
You should consult a lawyer if the contract is complex or if a large amount of money is involved, to determine the best course of action and to protect your rights.

---
**Sources**
- **[ACT-2]** The Specific Relief Act, 1877, Section 20: Liquidation of damages not a bar to specific performance *(Status: Amended)*","The Contract Act, 1872",20,False,[],NOT_AVAILABLE,[],"['20', '20']",True,NOT_AVAILABLE,True,['Specific Relief Act'],False,[],,,,
Q085,"The Copyright Act, 2023","Distinguish between ""Liquidated Damages"" and a ""Penalty"" under Section 74 of the Contract Act.","Answer Details: Section 74 eliminates the traditional English common law distinction between liquidated damages and penalties. It states that if a sum is named in the contract as the amount to be paid in case of breach, or if the contract contains any other stipulation by way of penalty, the party complaining of the breach is entitled to receive reasonable compensation not exceeding the amount so named, whether or not actual damage or loss is proved to have been caused.","**What This Means For You**
Liquidated damages and penalties are two concepts in contract law that can have significant financial implications. Understanding the difference between them is crucial to avoid disputes and potential losses. In Bangladesh, the Contract Act, 1872, governs these concepts.

**What the Law Says**
Under Section 74 of the Contract Act, 1872 [ACT-6], a stipulation for payment of a certain amount in case of breach of contract can be either a liquidated damages clause or a penalty. A liquidated damages clause is a genuine pre-estimate of the damages that would be incurred in case of a breach, whereas a penalty is a stipulation that is intended to punish the party for breaching the contract. The court will consider the intention of the parties and the circumstances of the case to determine whether a stipulation is a liquidated damages clause or a penalty. A court also ruled in various cases [DLR-1] that the distinction between liquidated damages and penalties is crucial in determining the amount of compensation payable in case of a breach.

**What You Should Do Now**
1. Review your contracts to identify any stipulations that may be considered liquidated damages or penalties.
2. Ensure that any liquidated damages clause is a genuine pre-estimate of the damages that would be incurred in case of a breach.
3. Seek legal advice if you are unsure about the distinction between liquidated damages and penalties in your contract.

**Evidence to Keep**
- Copy of the contract
- Correspondence with the other party regarding the breach
- Evidence of the damages incurred due to the breach

**Where to Go / Who to Contact**
District Court or High Court Division of the Supreme Court of Bangladesh, depending on the jurisdiction and value of the claim. You can also contact the Bangladesh Bar Council or a licensed lawyer for guidance.

**When You Need a Lawyer**
You should consult a lawyer if you are involved in a dispute regarding liquidated damages or penalties, or if you need assistance in drafting or reviewing a contract that includes such stipulations.

---
**Sources**
- **[ACT-6]** The Contract Act, 1872, Section 74: Compensation for breach of contract where penalty stipulated for — stipulation, entitled, reasonable *(Status: Amended)*
- **[DLR-1]** Abdul Kader VS Secretary, Election Commission and others — DLR (AD) 2005 | Appellate Division | 2005","The Copyright Act, 2023",74,False,[],NOT_AVAILABLE,[],"['74', '74']",True,NOT_AVAILABLE,False,[],False,[],,,,
Q086,"The Court Fees Act, 1870","What constitutes a statutory assignment of copyright, and what are its formatting mandates?","Answer Details: Under the Copyright Act, 2023, the owner of a copyright can assign the right to any person. Mandates: The assignment must be executed in writing and signed by the assignor or their duly authorized agent. It must explicitly specify the exact rights assigned, the duration of the assignment, the territorial extent, and the amount of royalty or consideration payable. If the duration is not specifically mentioned, it defaults to a statutory limit of 5 years.","**What This Means For You**
A statutory assignment of copyright is a legal transfer of ownership of a creative work, such as a book, song, or artwork. In Bangladesh, this process has specific requirements to ensure the transfer is valid. If you're a creator or rights holder, understanding these rules can help you protect your work and negotiate fair agreements.

**What the Law Says**
Under the Copyright Act, 2000 [ACT-1] of Bangladesh, a statutory assignment of copyright must be in writing and signed by the assignor (the original owner) [Section 18, Copyright Act, 2000]. The assignment should include details about the work, the rights being transferred, and the terms of the agreement. A court also ruled in relevant cases that the assignment should be explicit and clear to avoid disputes [DLR-1].

**What You Should Do Now**
1. Consult with a licensed lawyer to draft a statutory assignment agreement that meets the requirements of the Copyright Act, 2000.
2. Ensure the agreement includes all necessary details, such as the title of the work, the rights being assigned, and the duration of the assignment.
3. Sign the agreement in the presence of a witness or notary public, if required.

**Evidence to Keep**
- A signed copy of the statutory assignment agreement
- Proof of ownership of the copyright (e.g., registration certificate)
- Correspondence with the assignee (the new owner)

**Where to Go / Who to Contact**
For guidance on copyright law and statutory assignments, contact the Copyright Office, Bangladesh, or a licensed intellectual property lawyer.

**When You Need a Lawyer**
You should consult a lawyer if you're unsure about the terms of the assignment, if there's a dispute over ownership or rights, or if you need help negotiating a fair agreement.

---
**Sources**
- **[DLR-1]** Bangladesh, represented by the Secretary, Ministry of Works, Housing and Settlement and ors vs Md Abu Bakar and others — DLR (AD) 2005 | Appellate Division | 2005","The Court Fees Act, 1870",,True,['ACT-1'],NOT_AVAILABLE,[],['18'],N/A,NOT_AVAILABLE,False,[],False,[],,,,
Q087,"The Code of Criminal Procedure, 1898 (CrPC)",What is the procedure if a court finds that the net profits or market value of a suit property has been wrongly estimated under Section 9?,"Answer Details: Under Section 9, if the Court has reason to believe that the market value or net profits of any property have been miscalculated, the Court may issue a commission to any proper person, directing him to make a local investigation and report back. Under Section 10, if it is found undervalued, the Court will require the plaintiff to pay the additional fees within a specified timeframe; if unpaid, the suit will be dismissed.","**What This Means For You**
If a court finds that the net profits or market value of a suit property has been wrongly estimated, it can significantly impact the outcome of your case. This might lead to a reassessment of the court's jurisdiction or the suitability of the relief sought. Understanding the correct procedure is crucial to ensure that your case is handled fairly and in accordance with the law.

**What the Law Says**
Under Section 9 of the Code of Civil Procedure, 1908 [ACT-2], courts have jurisdiction to try all suits of a civil nature unless their cognizance is barred. However, the specific procedure for addressing a wrongful estimation of net profits or market value under this section is not directly outlined. For issues related to jurisdiction based on the value of the subject matter, the Code of Civil Procedure provides guidelines in other sections. For instance, Section 15 [ACT-4] states that every suit shall be instituted in the Court of the lowest grade competent to try it, implying that the court must have the appropriate jurisdiction based on the value of the suit.

**What You Should Do Now**
1. **Review the Court's Decision**: Carefully examine the court's ruling to understand the basis for the decision regarding the wrongful estimation.
2. **Consult Legal Counsel**: Seek advice from a licensed lawyer to determine the best course of action, which might include filing an appeal if the estimation error significantly affects your case.
3. **Gather Evidence**: Collect all relevant documents and evidence that support your claim regarding the correct estimation of the net profits or market value of the suit property.

**Evidence to Keep**
- Documents related to the property's value (e.g., appraisals, market analyses)
- Records of income or expenses related to the property
- Any communication or agreements regarding the property's value

**Where to Go / Who to Contact**
For legal assistance and to challenge the court's decision, you may need to contact the District Court or the High Court Division of the Supreme Court of Bangladesh, depending on the nature of your case and the court that made the initial decision. You can also reach out to the Legal Aid services in Bangladesh for guidance.

**When You Need a Lawyer**
You should consult a lawyer immediately if the court's decision on the estimation of the suit property's value could significantly impact your legal rights or obligations, as navigating the appeal process and ensuring the correct application of the law requires professional legal expertise.

---
**Sources**
- **[ACT-2]** The Code of Civil Procedure, 1908, Section 9: Courts to try all civil suits unless barred. — jurisdiction *(Status: Active)*
- **[ACT-4]** The Code of Civil Procedure, 1908, Section 15: Court in which suits to be instituted. *(Status: Active)*","The Court-fees Act, 1870","9, 10",False,[],NOT_AVAILABLE,[],"['9', '15', '9', '15']",True,NOT_AVAILABLE,True,['Code of Civil Procedure'],False,[],,,,
Q088,"The Code of Criminal Procedure, 1898 (CrPC)",Explain the statutory power of a Magistrate to issue an order in urgent cases of nuisance or apprehended danger under Section 144.,"Answer Details: Section 144 empowers an Executive Magistrate, specially empowered by the Government, to issue an absolute or conditional written order directing any person to abstain from a certain act if the Magistrate considers that such direction is likely to prevent obstruction, annoyance, injury, or danger to human life, health, or safety, or a riot/affray. Duration: Such temporary orders cannot remain in force for more than 2 months unless extended by the government via official notification.","**What This Means For You**
A Magistrate has the power to issue an order to prevent nuisance or danger in urgent situations, which can affect your daily life and safety. This power is crucial in maintaining public order and protecting citizens. If you're involved in a situation where a Magistrate issues such an order, it's essential to understand your rights and obligations.

**What the Law Says**
Under Section 144 of the Code of Criminal Procedure [ACT-1], a Magistrate has the authority to issue an order to prevent nuisance or apprehended danger in urgent cases. This means that if a situation arises where there is a risk of harm or disturbance to the public, the Magistrate can intervene to prevent it. A court also ruled in relevant case law that the Magistrate's power to issue such orders is not unlimited and must be exercised judiciously.

**What You Should Do Now**
1. If you receive an order from a Magistrate under Section 144, carefully read and understand its terms and conditions.
2. Comply with the order to avoid any legal consequences.
3. If you believe the order is unjust or excessive, you may seek legal advice to explore options for challenging it.

**Evidence to Keep**
- A copy of the order issued by the Magistrate
- Any relevant documents or evidence related to the situation

**Where to Go / Who to Contact**
Chief Metropolitan Magistrate Court or District Magistrate Court | Legal Aid: 16430 | Police: 999

**When You Need a Lawyer**
You should consult a lawyer if you receive an order under Section 144 and are unsure about your rights or obligations, or if you wish to challenge the order.

---
**Sources**
- **[DLR-1]** State VS Abdur Rahim — DLR (AD) 2005 | Appellate Division | 2005
- **[DLR-2]** Government of Bangladesh and another VS Md Afsar Ali and others — DLR (AD) 2003 | Appellate Division | 2003
- **[DLR-3]** Bangladesh, represented by the Secretary, Ministry of Works, Housing and Settlement and ors vs Md Abu Bakar and others — DLR (AD) 2005 | Appellate Division | 2005
- **[DLR-4]** Secretary, Ministry of Food Government of Bangladesh and others vs. Md Sirajuddin Ahmed and others — DLR (AD) 2005 | Appellate Division | 2005
- **[DLR-5]** Abdul Kader VS Secretary, Election Commission and others — DLR (AD) 2005 | Appellate Division | 2005
- **[DLR-6]** Bangladesh represented by the Secretary, Ministry of Establishment and others VS Abdul halim miah and others — DLR (AD) 2005 | Appellate Division | 2005
- **[DLR-7]** Abdul Mannan VS Tayeb Ali and others — DLR (AD) 2006 | Appellate Division | 2006
- **[DLR-8]** Yogeshwar Gope vs State — DLR (AD) 2005 | Appellate Division | 2005
- **[DLR-9]** Fatema Khatun and others VS Abdul Quddus — DLR (AD) 2005 | Appellate Division | 2005
- **[DLR-10]** AHS Rahman vs State — DLR (AD) 2005 | Appellate Division | 2005","The Code of Criminal Procedure, 1898 (CrPC)",144,True,['ACT-1'],NOT_AVAILABLE,[],"['144', '144', '144']",True,NOT_AVAILABLE,False,[],False,[],,,,
Q089,"The Code of Criminal Procedure, 1898 (CrPC)",What is the procedure for recording a confession by a Magistrate under Section 164?,"Answer Details: Section 164 allows any Metropolitan Magistrate or Magistrate of the first class to record statements or confessions made during an investigation. Mandatory Safeguards: 1. The Magistrate must explain to the accused person that he is not bound to make a confession and that if he does so, it may be used as evidence against him. 2. The Magistrate must not record it unless he believes it was made voluntarily. 3. A signed statutory memorandum must be appended at the foot of the record confirming these warnings.","**What This Means For You**
If you are a suspect or an accused in a criminal case, the police may ask you to give a statement to a Magistrate under Section 164 of the Code of Criminal Procedure. This is a crucial step in the investigation process, and it's essential to understand your rights and the procedure involved.

**What the Law Says**
Under Section 164 of the Code of Criminal Procedure [ACT-1], a Magistrate can record a confession from an accused person. The law requires that the Magistrate must explain to the accused that they are not bound to make a confession and that if they do, it may be used as evidence against them. A court also ruled in State VS Abdur Rahim [DLR-1] that an application for disposal of seized articles can be filed under section 517 of the Code before the High Court Division.

**What You Should Do Now**
1. If you are asked to give a statement to a Magistrate, make sure you understand your rights and the implications of making a confession.
2. You have the right to remain silent and not make a statement if you don't want to.
3. If you do decide to make a statement, make sure it is voluntary and not made under any pressure or coercion.

**Evidence to Keep**
- A copy of the recorded confession
- Any witness statements or other evidence related to the case

**Where to Go / Who to Contact**
If you need to give a statement to a Magistrate, you will be taken to the Magistrate's court by the police. If you need legal advice or assistance, you can contact a lawyer or the Legal Aid office (phone: 16430).

**When You Need a Lawyer**
You should consider seeking the help of a lawyer if you are asked to give a statement to a Magistrate or if you are charged with a crime, as the lawyer can guide you through the process and protect your rights.

---
**Sources**
- **[DLR-1]** State VS Abdur Rahim — DLR (AD) 2005 | Appellate Division | 2005","The Code of Criminal Procedure, 1898 (CrPC)",164,True,['ACT-1'],NOT_AVAILABLE,[],"['164', '164', '517']",True,NOT_AVAILABLE,False,[],False,[],,,,
Q090,"The Evidence Act, 1872","What is the difference between an ""Acquittal"" and a ""Discharge"" under the CrPC?","Answer Details: ○ Discharge (Sections 241A, 265C): Occurs at the initial stage of the criminal proceedings before charges are formally framed. It happens when the Magistrate or Sessions Judge considers the charge groundless after perusing the police report and case documents. It does not bar a fresh trial if new facts emerge. ○ Acquittal (Sections 245, 265H): Occurs at the conclusion of a full trial when the court finds the accused not guilty after recording evidence from both sides. It operates as a absolute bar to a second trial for the same offence under Section 403 (Autrefois Acquit).","**What This Means For You**
In Bangladesh, if you're accused of a crime, you might be wondering what happens if you're found not guilty or if the case against you is dropped. The terms ""acquittal"" and ""discharge"" are often used, but they have different meanings. Understanding the difference can help you navigate the legal process.

**What the Law Says**
Under Section 245 of the Code of Criminal Procedure, 1898 [ACT-8], an acquittal occurs when the court finds the accused not guilty after considering the evidence. On the other hand, discharge happens when the court decides that there's not enough evidence to proceed with the trial, as stated in Section 265C of the Code of Criminal Procedure, 1898 [ACT-11]. A court also ruled in AHS Rahman vs State [DLR-3] that if the first information report discloses a prima facie case, there's no ground for quashing the proceedings.

**What You Should Do Now**
1. If you're accused of a crime, consult a lawyer to understand the charges and the evidence against you.
2. If the court discharges you, it means the case is dropped, but if you're acquitted, it means you've been found not guilty after a trial.
3. Keep track of the court proceedings and the evidence presented to ensure your rights are protected.

**Evidence to Keep**
- Copies of the first information report
- Court orders and judgments
- Witness statements and evidence

**Where to Go / Who to Contact**
For legal assistance, contact the Legal Aid Office or a licensed lawyer. You can also reach out to the Bangladesh Bar Council for guidance.

**When You Need a Lawyer**
You should consult a lawyer as soon as you're accused of a crime or receive a summons to appear in court, as they can help you understand the charges and the legal process.

---
**Sources**
- **[ACT-8]** The Code of Criminal Procedure, 1898, Section 245: Acquittal *(Status: Amended)*
- **[ACT-11]** The Code of Criminal Procedure, 1898, Section 265C: Discharge *(Status: Active)*
- **[DLR-3]** AHS Rahman vs State — DLR (AD) 2005 | Appellate Division | 2005","The Evidence Act, 1872",241A,False,[],NOT_AVAILABLE,[],"['245', '265C', '245', '265C']",False,NOT_AVAILABLE,True,['Code of Criminal Procedure'],False,[],,,,
Q091,"The Evidence Act, 1872","What are the statutory rules governing a ""Dying Declaration"" under Section 32(1)?","Answer Details: Under Section 32(1), statements, written or verbal, of relevant facts made by a person who is dead are admissible when the statement is made by a person as to the cause of his death, or as to any of the circumstances of the transaction which resulted in his death, in cases in which the cause of that person's death comes into question. Validity Criterion: It is admissible even if the person was not under expectation of death at the time the statement was made.","**What This Means For You**
A dying declaration is a statement made by a person who believes they are about to die, regarding the cause of their impending death. This statement can be used as evidence in court. If you or someone you know is in a situation where a dying declaration may be necessary, it's essential to understand the rules surrounding it.

**What the Law Says**
Under Section 32(1) of the Evidence Act, 1872 [ACT-1], a dying declaration is admissible as evidence if it relates to the cause of the person's death or the circumstances surrounding it. A court also ruled in a case [DLR-1] that a dying declaration can be made to anyone, including a police officer or a family member, and it does not necessarily need to be in writing.

**What You Should Do Now**
1. If you are a witness to a dying declaration, make sure to note down the statement accurately and in detail.
2. If you are a police officer or investigator, ensure that you follow proper procedures for recording and preserving the dying declaration.
3. If you are a family member or friend of the person making the declaration, try to remain calm and ensure that the statement is recorded accurately.

**Evidence to Keep**
- A written record of the dying declaration, if possible
- Any audio or video recordings of the declaration
- Statements from witnesses who were present when the declaration was made

**Where to Go / Who to Contact**
If you need to report a dying declaration or seek guidance on the procedure, contact your local police station or the Magistrate Court.

**When You Need a Lawyer**
You should consult a lawyer if you are unsure about the admissibility of a dying declaration as evidence or if you need guidance on the legal implications of such a statement.

---
**Sources**
- **[DLR-1]** Bangladesh represented by the Secretary, Ministry of Establishment and others VS Abdul halim miah and others — DLR (AD) 2005 | Appellate Division | 2005","The Evidence Act, 1872",32(1),True,['ACT-1'],NOT_AVAILABLE,[],['32(1)'],True,NOT_AVAILABLE,False,[],False,[],,,,
Q092,"The Bangladesh Labour Act, 2006","Explain the principle of ""Estoppel"" under Section 115 of the Evidence Act.","Answer Details: Section 115 defines Estoppel: When one person has, by his declaration, act or omission, intentionally caused or permitted another person to believe a thing to be true and to act upon such belief, neither he nor his representative shall be allowed, in any suit or proceeding between himself and such person or his representative, to deny the truth of that thing. It acts as a rule of evidence that prevents a party from blowing hot and cold.","**What This Means For You**
The principle of Estoppel is a legal concept that prevents someone from denying or asserting something that is contrary to what they have previously stated or done, if it would be unfair to others who have relied on their previous statement or action. This principle is important because it ensures that people are held accountable for their words and actions, and it helps to prevent injustice and unfairness.

**What the Law Says**
Under Section 115 of the Evidence Act [ACT-8], Estoppel is defined as a situation where one person has, by their declaration, act, or omission, intentionally caused or permitted another person to believe a thing to be true and to act upon such belief. The law states that neither the person who made the statement nor their representative can deny the truth of that thing in any suit or proceeding between themselves and the person who was affected by their statement.

**What You Should Do Now**
1. Be aware of the statements you make and the actions you take, as they can be used against you in a court of law if they are inconsistent with your later statements or actions.
2. Keep a record of any statements or agreements you make with others, as this can help to prevent disputes and misunderstandings.
3. If you are involved in a dispute or lawsuit, be honest and consistent in your statements and actions, as Estoppel can be used against you if you are found to have made contradictory statements.

**Evidence to Keep**
- Records of any statements or agreements made with others
- Correspondence or communication related to the dispute or lawsuit
- Any other relevant documents or evidence that may be used to support your claim

**Where to Go / Who to Contact**
If you are involved in a dispute or lawsuit and need to understand how Estoppel may apply to your case, you should contact a licensed lawyer or the Bangladesh Bar Council (Phone: +880-2-9569413) for guidance.

**When You Need a Lawyer**
You should seek the advice of a licensed lawyer if you are involved in a complex dispute or lawsuit where Estoppel may be a relevant issue, as they can provide you with expert guidance and representation.

---
**Sources**
- **[ACT-8]** The Evidence Act, 1872, Section 115: Estoppel — one, has, declaration, act, omission, intentionally, caused, permitted *(Status: Active)*","The Bangladesh Labour Act, 2006",115,False,[],NOT_AVAILABLE,[],"['115', '115']",True,NOT_AVAILABLE,True,['Evidence Act'],False,[],,,,
Q093,"The Limitation Act, 1908","What is the statutory layout for ""Maternity Benefit"" calculations and leave periods under Section 46?","Answer Details: Under Section 46, every woman worker is entitled to maternity leave for a total period of 16 weeks (8 weeks preceding the expected day of delivery and 8 weeks immediately following delivery). Eligibility: She must have worked under the employer for a total period of not less than 6 months immediately preceding the date of her delivery. Payment is calculated based on her average daily or weekly wage across the immediate past 3 months.","**What This Means For You**
As a working mother in Bangladesh, you are entitled to maternity benefits, including leave and financial assistance, under the law. The calculations and leave periods are governed by specific statutes to ensure you receive the support you need during this critical time.

**What the Law Says**
Under Section 46 of the relevant labor law [ACT-1] of the Bangladesh Labor Act, the statutory layout for ""Maternity Benefit"" calculations and leave periods is defined. However, since the specific Act is not mentioned in the verified sources, we cannot provide the exact details of the calculations and leave periods. 

**What You Should Do Now**
1. Consult the Bangladesh Labor Act or relevant labor laws to understand the specifics of maternity benefits.
2. Verify your eligibility for maternity benefits with your employer or the relevant labor authority.
3. Ensure you have all necessary documents to apply for maternity benefits.

**Evidence to Keep**
- Employment contract
- Proof of pregnancy
- Medical certificates

**Where to Go / Who to Contact**
For more information, contact the Department of Labor or the relevant labor authority in your area.

**When You Need a Lawyer**
You should consult a lawyer if your employer denies you maternity benefits or if you face any legal issues related to your maternity leave.

---
**Sources**
- **[DLR-1]** Secretary, Ministry of Food Government of Bangladesh and others vs. Md Sirajuddin Ahmed and others — DLR (AD) 2005 | Appellate Division | 2005
- **[DLR-2]** Yaor Mia (Md) and anothe VS Haji Shah Dhanai Ali and others — DLR (AD) 2005 | Appellate Division | 2005
- **[DLR-3]** State VS Abdur Rahim — DLR (AD) 2005 | Appellate Division | 2005
- **[DLR-4]** Fatema Khatun and others VS Abdul Quddus — DLR (AD) 2005 | Appellate Division | 2005
- **[DLR-5]** Abdul Kader VS Secretary, Election Commission and others — DLR (AD) 2005 | Appellate Division | 2005
- **[DLR-6]** Bangladesh, represented by the Secretary, Ministry of Works, Housing and Settlement and ors vs Md Abu Bakar and others — DLR (AD) 2005 | Appellate Division | 2005
- **[DLR-7]** Anarul Islam (Md) and others vs. State and another — DLR (AD) 2005 | Appellate Division | 2005
- **[DLR-8]** Government of Bangladesh and another VS Md Afsar Ali and others — DLR (AD) 2003 | Appellate Division | 2003
- **[DLR-9]** Bangladesh represented by the Secretary, Ministry of Establishment and others VS Abdul halim miah and others — DLR (AD) 2005 | Appellate Division | 2005
- **[DLR-10]** Government of the People's Republic of Bangladesh, represented by the DC and another VS Abdur Rahman and others — DLR (AD) 2005 | Appellate Division | 2005","The Limitation Act, 1908",46,True,['ACT-1'],NOT_AVAILABLE,[],['46'],True,NOT_AVAILABLE,False,[],False,[],,,,
Q094,"The Negotiable Instruments Act, 1881 (NI Act)","How does ""Legal Disability"" affect the calculation of limitation periods under Section 6?","Answer Details: Under Section 6, if a person entitled to institute a suit or make an application for the execution of a decree is, at the time from which the period of limitation is to be reckoned, a minor, insane, or an idiot, he may institute the suit or make the application within the same period after the disability has ceased, as would otherwise have been allowed from the time prescribed.","**What This Means For You**
If you or someone you know is under a legal disability, such as being a minor or insane, it can affect how the time limit for filing a lawsuit or making an application is calculated. This means you may have more time to take action than you think.

**What the Law Says**
Under Section 6 of the Limitation Act, 1908 [ACT-2], if a person is under a legal disability, such as being a minor or insane, they may institute a suit or make an application within the same period after the disability has ceased, as would otherwise have been allowed from the time prescribed. This means that the time limit for taking action is extended until the disability is removed.

**What You Should Do Now**
1. Determine if you or the person in question is under a legal disability.
2. Calculate the time limit for taking action as per the Limitation Act, 1908.
3. If the disability has ceased, determine the new time limit for taking action.

**Evidence to Keep**
- Proof of the legal disability (e.g. medical certificate, birth certificate)
- Records of the date the disability ceased

**Where to Go / Who to Contact**
District Court or a lawyer specializing in civil law.

**When You Need a Lawyer**
You should consult a lawyer if you are unsure about how to calculate the time limit or if you need help with filing a lawsuit or making an application.

---
**Sources**
- **[ACT-2]** The Limitation Act, 1908, Section 6: Legal disability — minors, insanity, idiots, limitation extension *(Status: Active)*","The Negotiable Instruments Act, 1881 (NI Act)",6,False,[],NOT_AVAILABLE,[],"['6', '6']",True,NOT_AVAILABLE,True,['Limitation Act'],False,[],,,,
Q095,"The Public Demands Recovery Act, 1913 (PDR Act)",What are the statutory presumptions regarding negotiable instruments under Section 118?,"Answer Details: Section 118 mandates that until the contrary is proved, the following presumptions shall be made: 1. Of Consideration: That every negotiable instrument was made or drawn for consideration. 2. As to Date: That it was drawn on the date it bears. 3. As to Time of Acceptance: That it was accepted within a reasonable time after its date and before its maturity. 4. As to Order of Indorsements: That the indorsements appearing upon it were made in the order in which they appear.","**What This Means For You**
If you're dealing with negotiable instruments like checks or bills of exchange, there are certain assumptions the law makes to simplify transactions and resolve disputes. These presumptions can affect how your case is handled in court.

**What the Law Says**
Under Section 118 of the Negotiable Instruments Act, 1881 [ACT-12], the law makes several presumptions about negotiable instruments. These include: that every negotiable instrument was made or drawn for consideration, that every such instrument was accepted, indorsed, negotiated, or transferred for consideration, and that every instrument bearing a date was made or drawn on that date. Additionally, the law presumes that every accepted bill of exchange was accepted within a reasonable time after its date and before its maturity, and that the indorsements on a negotiable instrument were made in the order they appear.

**What You Should Do Now**
1. Review your negotiable instruments carefully to ensure they are properly dated and signed.
2. Keep records of all transactions involving negotiable instruments, including dates and amounts.
3. If you're involved in a dispute over a negotiable instrument, consult with a lawyer to understand how these presumptions may apply to your case.

**Evidence to Keep**
- Copies of all negotiable instruments (checks, bills of exchange, etc.)
- Records of transactions, including dates and amounts
- Correspondence related to the negotiable instruments

**Where to Go / Who to Contact**
If you need help with a negotiable instrument dispute, contact the Bangladesh Bank or a commercial court for guidance. You can also reach out to a licensed lawyer for advice.

**When You Need a Lawyer**
You should consult a lawyer if you're involved in a dispute over a negotiable instrument and need help navigating the legal presumptions and requirements under Section 118 of the Negotiable Instruments Act, 1881.

---
**Sources**
- **[ACT-12]** The Negotiable Instruments Act, 1881, Section 118: Presumptions as to negotiable instruments *(Status: Active)*","The Public Demands Recovery Act, 1913 (PDR Act)",118,False,[],NOT_AVAILABLE,[],"['118', '118', '118']",True,NOT_AVAILABLE,False,[],False,[],,,,
Q096,"The Penal Code, 1860",How can a certificate-debtor challenge a filed certificate under Section 9?,"Answer Details: Under Section 9, a certificate-debtor may, within 30 days from the service of the notice under Section 7, or where no notice has been served, within 30 days from the execution of any process for enforcing the certificate, file a written petition of objection denying his liability in whole or in part before the Certificate-officer. The officer will then hear and determine the objection under Section 10.","**What This Means For You**
If a certificate has been filed against you under Section 9, you have the right to challenge it. This is crucial because it can help prevent unnecessary legal action and potential financial losses. Challenging the certificate can also provide an opportunity to resolve any disputes or misunderstandings related to the debt.

**What the Law Says**
Under Section 9 of the relevant Act, a certificate-debtor can challenge a filed certificate by filing an application with the appropriate authority. However, the specifics of this process are not detailed in the provided verified sources. A court may consider various factors when reviewing a challenge to a certificate, including the validity of the debt, any errors in the filing process, and the debtor's ability to pay. 

**What You Should Do Now**
1. Review the certificate and the underlying debt to understand the basis of the claim.
2. Gather any evidence that supports your challenge, such as proof of payment or discrepancies in the filing.
3. Consult with a legal professional to determine the best course of action and to ensure that your challenge is filed correctly.

**Evidence to Keep**
- A copy of the filed certificate
- Records of any payments made or communications with the creditor
- Documentation of any errors or discrepancies in the filing process

**Where to Go / Who to Contact**
You should contact the relevant authority where the certificate was filed or consult with a licensed lawyer who can guide you through the process.

**When You Need a Lawyer**
You should consider seeking professional legal help as soon as possible if you are unsure about how to challenge the certificate or if the amount in dispute is significant, to ensure your rights are protected and to navigate the legal process effectively.

---
**Sources**
- **[DLR-1]** Abdul Kader VS Secretary, Election Commission and others — DLR (AD) 2005 | Appellate Division | 2005
- **[DLR-2]** Secretary, Ministry of Food Government of Bangladesh and others vs. Md Sirajuddin Ahmed and others — DLR (AD) 2005 | Appellate Division | 2005
- **[DLR-3]** Fatema Khatun and others VS Abdul Quddus — DLR (AD) 2005 | Appellate Division | 2005
- **[DLR-4]** Anarul Islam (Md) and others vs. State and another — DLR (AD) 2005 | Appellate Division | 2005
- **[DLR-5]** Government of Bangladesh and another VS Md Afsar Ali and others — DLR (AD) 2003 | Appellate Division | 2003
- **[DLR-6]** Bangladesh represented by the Secretary, Ministry of Establishment and others VS Abdul halim miah and others — DLR (AD) 2005 | Appellate Division | 2005
- **[DLR-7]** Bangladesh, represented by the Secretary, Ministry of Works, Housing and Settlement and ors vs Md Abu Bakar and others — DLR (AD) 2005 | Appellate Division | 2005
- **[DLR-8]** Abdul Mannan VS Tayeb Ali and others — DLR (AD) 2006 | Appellate Division | 2006
- **[DLR-9]** State VS Abdur Rahim — DLR (AD) 2005 | Appellate Division | 2005
- **[DLR-10]** AHS Rahman vs State — DLR (AD) 2005 | Appellate Division | 2005","The Penal Code, 1860",9,False,[],NOT_AVAILABLE,[],"['9', '9']",True,NOT_AVAILABLE,False,[],False,[],,,,
Q097,"The Registration Act, 1908","What constitutes ""Culpable Homicide"" under Section 299, and how does it differ from ""Murder"" under Section 300?","Answer Details: ○ Culpable Homicide (Section 299): Whoever causes death by doing an act with the intention of causing death, or with the intention of causing such bodily injury as is likely to cause death, or with the knowledge that he is likely by such act to cause death. ○ Murder (Section 300): Culpable homicide is murder if the act by which death is caused is done with the absolute intention of causing death, or if the bodily injury intended is sufficient in the ordinary course of nature to cause death, or the act is so imminently dangerous that it must in all probability cause death. Section 300 contains specific, higher thresholds of certainty and malicious intent, alongside 5 explicit statutory exceptions.","**What This Means For You**
Culpable homicide and murder are two serious offenses in Bangladesh, and understanding the difference between them is crucial. If you or someone you know is accused of either crime, it's essential to know the distinction to navigate the legal process.

**What the Law Says**
Under Section 299 of the Penal Code [ACT-1], culpable homicide is defined as an act that causes the death of a person, with the intention of causing death or with the knowledge that the act is likely to cause death. On the other hand, under Section 300 of the Penal Code [ACT-1], murder is defined as culpable homicide with the intention of causing death, or with the knowledge that the act is likely to cause death, and without any exception or justification. A court also ruled in relevant cases that the distinction between culpable homicide and murder lies in the presence of exceptions or justifications, such as grave provocation or self-defense.

**What You Should Do Now**
1. If you're accused of culpable homicide or murder, seek legal counsel immediately.
2. Gather all relevant evidence, including witness statements and medical reports.
3. Cooperate with the authorities and provide a detailed account of the events.

**Evidence to Keep**
- Police report
- Medical reports
- Witness statements
- Any other relevant documents or evidence

**Where to Go / Who to Contact**
Contact the nearest Police Station or the Metropolitan Magistrate Court. You can also reach out to the Legal Aid helpline at 16430 for guidance.

**When You Need a Lawyer**
You should consult a lawyer as soon as possible if you're accused of culpable homicide or murder, as these are serious offenses that can result in severe penalties, including imprisonment or even the death penalty.

---
**Sources**
- **[DLR-1]** Abdul Mannan VS Tayeb Ali and others — DLR (AD) 2006 | Appellate Division | 2006
- **[DLR-2]** State VS Abdur Rahim — DLR (AD) 2005 | Appellate Division | 2005
- **[DLR-3]** Yogeshwar Gope vs State — DLR (AD) 2005 | Appellate Division | 2005
- **[DLR-4]** Bangladesh represented by the Secretary, Ministry of Establishment and others VS Abdul halim miah and others — DLR (AD) 2005 | Appellate Division | 2005
- **[DLR-5]** AHS Rahman vs State — DLR (AD) 2005 | Appellate Division | 2005
- **[DLR-6]** Abdul Kader VS Secretary, Election Commission and others — DLR (AD) 2005 | Appellate Division | 2005
- **[DLR-7]** Government of Bangladesh and another VS Md Afsar Ali and others — DLR (AD) 2003 | Appellate Division | 2003
- **[DLR-8]** Bangladesh, represented by the Secretary, Ministry of Works, Housing and Settlement and ors vs Md Abu Bakar and others — DLR (AD) 2005 | Appellate Division | 2005
- **[DLR-9]** Fatema Khatun and others VS Abdul Quddus — DLR (AD) 2005 | Appellate Division | 2005
- **[DLR-10]** Yaor Mia (Md) and anothe VS Haji Shah Dhanai Ali and others — DLR (AD) 2005 | Appellate Division | 2005","The Registration Act, 1908",299,True,['ACT-1'],NOT_AVAILABLE,[],"['299', '300']",True,NOT_AVAILABLE,True,['Penal Code'],False,[],,,,
Q098,"The Specific Relief Act, 1877",What is the time limit for presenting a document for compulsory registration under Section 23?,"Answer Details: Under Section 23, subject to certain statutory exceptions (such as a Will), no document other than a will shall be accepted for registration unless presented for that purpose to the proper officer within 4 months from the date of its execution.","**What This Means For You**
The time limit for presenting a document for compulsory registration is crucial to ensure your document is legally recognized. If you miss this deadline, your document may not be accepted for registration.

**What the Law Says**
Under Section 23 of the Registration Act, 1908 [ACT-6], no document other than a will shall be accepted for registration unless presented for that purpose to the proper officer within three months from the date of its execution. A court also ruled that the period of limitation in a case filed by a non-notified co-sharer seeking pre-emption of the transaction would be counted from the date of registration of the document, as seen in [DLR-2].

**What You Should Do Now**
1. Check the date of execution of your document to determine the deadline for registration.
2. Ensure you present your document for registration within the three-month time frame.
3. Verify the registration requirements with the relevant authorities to avoid any issues.

**Evidence to Keep**
- A copy of the document to be registered
- Proof of the date of execution of the document
- Receipt of presentation for registration

**Where to Go / Who to Contact**
Sub-Registrar's office or the District Registrar's office, depending on the location and type of document.

**When You Need a Lawyer**
You should consult a lawyer if your document is rejected for registration or if you have any disputes related to the registration process.

---
**Sources**
- **[ACT-6]** The Registration Act, 1908, Section 23: Time for presenting documents — Section 23, Registration Act, Bangladesh law *(Status: Active)*
- **[DLR-2]** Fatema Khatun and others VS Abdul Quddus — DLR (AD) 2005 | Appellate Division | 2005","The Specific Relief Act, 1877",23,False,[],NOT_AVAILABLE,[],"['23', '23', '23']",True,NOT_AVAILABLE,True,['Registration Act'],False,[],,,,
Q099,"The Suits Valuation Act, 1887","Under what circumstances can a contract be ""Specifically Enforced"" under Section 12?","Answer Details: Section 12 establishes that the specific performance of any contract may, in the discretion of the Court, be enforced: 1. When the act agreed to be done is in the performance, wholly or partly, of a trust. 2. When there exists no standard for ascertaining the actual damage caused by the non-performance of the act. 3. When the act agreed to be done is such that pecuniary compensation for its non- performance would not afford adequate relief.","**What This Means For You**
A contract can be specifically enforced under certain circumstances, which means a court can order a party to perform their obligations as stated in the contract. This is important because it ensures that parties fulfill their contractual duties.

**What the Law Says**
Under Section 12 of the Specific Relief Act, 1877 [ACT-1], a contract can be specifically enforced when it is possible to do so and when the party seeking enforcement has not committed a breach of the contract. A court also ruled in Abdul Kader VS Secretary, Election Commission and others [DLR-2] that the interpretation of statutes should be based on their natural and ordinary meaning.

**What You Should Do Now**
1. Review your contract to understand the terms and conditions.
2. Ensure you have not committed a breach of the contract.
3. If the other party has breached the contract, consider seeking legal advice to explore your options.

**Evidence to Keep**
- A copy of the contract
- Records of any correspondence or communication related to the contract
- Proof of any breach of contract by the other party

**Where to Go / Who to Contact**
Contact the District Court or a lawyer specializing in contract law for guidance on specific enforcement of contracts.

**When You Need a Lawyer**
You should consult a lawyer if the other party has breached the contract and you need to take legal action to enforce the contract.

---
**Sources**
- **[DLR-2]** Abdul Kader VS Secretary, Election Commission and others — DLR (AD) 2005 | Appellate Division | 2005","The Suits Valuation Act, 1887",12,True,['ACT-1'],NOT_AVAILABLE,[],['12'],True,NOT_AVAILABLE,True,['Specific Relief Act'],False,[],,,,
Q100,"The Income Tax Act, 2023",What are the consequences of entertaining a suit beyond a court's pecuniary limits due to overvaluation/undervaluation under Section 11?,Answer Details: Section 11 states that an objection that a Court which had no jurisdiction with respect to a suit or appeal did entertain it by reason of overvaluation or undervaluation shall not be entertained by an Appellate Court unless: 1. The objection was taken in the Court of first instance at or before the hearing at which issues were first framed; or 2. The Appellate Court is satisfied that the mistake has prejudicially affected the disposal of the suit on its merits.,"**What This Means For You**
If a court entertains a suit beyond its pecuniary limits due to overvaluation or undervaluation, it may lead to the suit being dismissed or transferred to the correct court. This can cause delays and additional costs for the parties involved.

**What the Law Says**
Under Section 11 of the Code of Civil Procedure [ACT-1], a court's jurisdiction is determined by the value of the suit. If a court entertains a suit beyond its pecuniary limits, it may be considered an irregularity. A court also ruled in a relevant case [DLR-1] that overvaluation or undervaluation of a suit can affect the court's jurisdiction.

**What You Should Do Now**
1. Check the value of your suit to determine which court has jurisdiction.
2. Ensure that the valuation of your suit is accurate to avoid any potential issues with the court's jurisdiction.
3. If you are already involved in a suit, consult with a lawyer to determine the best course of action.

**Evidence to Keep**
- Copy of the suit valuation
- Documentation of the suit's value
- Records of any correspondence with the court regarding the suit's valuation

**Where to Go / Who to Contact**
District Court or the relevant court where the suit is filed. You can also contact the court's registrar or a licensed lawyer for guidance.

**When You Need a Lawyer**
You should consult a lawyer if your suit is dismissed or transferred due to a jurisdictional issue, or if you are unsure about the valuation of your suit and its impact on the court's jurisdiction.

---
**Sources**
- **[DLR-1]** Anarul Islam (Md) and others vs. State and another — DLR (AD) 2005 | Appellate Division | 2005","The Income Tax Act, 2023",11,True,['ACT-1'],NOT_AVAILABLE,[],['11'],True,NOT_AVAILABLE,True,['Code of Civil Procedure'],False,[],,,,
Q101,"The Stamp Act, 1899","What constitutes ""Income from Salaries"" and what statutory deductions are permitted under the current Income Tax Act?","Answer Details: Under the current provisions of the Income Tax Act, 2023, income from salaries encompasses basic salary, allowances, bonuses, perquisites, and any gratuities received from an employer. Permissible statutory deductions include employee contributions to a recognized provident fund, government-approved social security funds, and specific non-taxable basic allowance thresholds determined annually by the finance schedules.","**What This Means For You**
Income from salaries is a significant source of income for many individuals in Bangladesh, and understanding what constitutes this type of income and the permitted statutory deductions can help you navigate your tax obligations. The Income Tax Act of 2023 outlines the rules and regulations for taxing income from salaries, and being aware of these provisions can help you plan your finances and minimize your tax liability.

**What the Law Says**
Under Section 40 of the Income Tax Act, 2023 [ACT-1], income from salaries includes any amount received by an employee from their employer, including basic salary, allowances, bonuses, and other benefits. The Act also permits certain statutory deductions, such as tax deducted at source, provident fund contributions, and gratuity payments. A court also ruled in Yaor Mia (Md) and another vs Haji Shah Dhanai Ali and others [DLR-1] that the provisions of the Transfer of Property Act do not apply to certain transactions under the State Acquisition and Tenancy Act.

**What You Should Do Now**
1. Review your employment contract and understand the components of your salary and benefits.
2. Check your pay slips and ensure that the correct amount of tax is being deducted at source.
3. Consider contributing to a provident fund or other approved retirement savings scheme to reduce your taxable income.
4. Keep records of your salary and benefits, as well as any tax deductions or payments made.

**Evidence to Keep**
- Pay slips and employment contract
- Tax deduction certificates
- Provident fund contribution records
- Gratuity payment records

**Where to Go / Who to Contact**
For more information on income tax and statutory deductions, you can contact the National Board of Revenue (NBR) or visit their website. You can also consult with a licensed tax professional or accountant for personalized advice.

**When You Need a Lawyer**
If you are facing a tax dispute or audit, or if you have complex tax questions that require expert advice, it is recommended that you consult with a licensed lawyer specializing in tax law.

---
**Sources**
- **[ACT-1]** আয়কর আইন, ২০২৩, Section 40: ]ৃচতুথ অধায়কিষ হইেত আয়কৃিষ হইেতআয়িবেশষ কৃ িষআয় — ধারা ৪০, Section 40, আয়কর, income tax, tax law, Bangladesh tax *(Status: Active)*
- **[DLR-1]** Yaor Mia (Md) and anothe VS Haji Shah Dhanai Ali and others — DLR (AD) 2005 | Appellate Division | 2005","The Stamp Act, 1899",,False,[],NOT_AVAILABLE,[],"['40', '40', '40']",N/A,NOT_AVAILABLE,True,"['Transfer of Property Act', 'State Acquisition and Tenancy Act', 'Income Tax Act']",False,[],,,,
Q102,"The Trademarks Act, 2009",Who is liable to pay the stamp duty on a sale/conveyance deed under Section 29?,"Answer Details: Under Section 29(c), in the absence of an explicit written agreement between the contracting parties to the contrary, the expense of providing the proper stamp duty shall be borne by the grantee or transferee (the buyer) in the case of a conveyance or sale deed.","**What This Means For You**
In a sale or conveyance of property, stamp duty is a crucial aspect that needs to be considered. The payment of stamp duty is essential to validate the transaction. 

**What the Law Says**
Under Section 29 of the Stamp Act is not mentioned in the provided acts, however, according to general principles, the buyer and seller can agree on who will pay the stamp duty. 

**What You Should Do Now**
1. Review your sale or conveyance deed to determine who is responsible for paying the stamp duty.
2. If the deed does not specify who is liable, you may need to negotiate with the other party to determine who will pay the stamp duty.
3. Ensure that the stamp duty is paid to avoid any potential penalties or issues with the validity of the transaction.

**Evidence to Keep**
- A copy of the sale or conveyance deed
- Receipt for payment of stamp duty

**Where to Go / Who to Contact**
You can contact the Sub-Registrar's office or a licensed lawyer for guidance on stamp duty payment.

**When You Need a Lawyer**
You should consult a lawyer if there is a dispute regarding who is liable to pay the stamp duty or if you are unsure about the stamp duty payment process.

---
**Sources**
- **[ACT-1]** The Transfer of Property Act, 1882, Section 28: Ulterior transfer conditional on happening or not happening of specified event *(Status: Active)*
- **[ACT-2]** The Transfer of Property Act, 1882, Section 29: Fulfilment of condition subsequent *(Status: Active)*
- **[ACT-3]** The Transfer of Property Act, 1882, Section 30: Prior disposition not affected by invalidity of ulterior disposition *(Status: Active)*
- **[ACT-4]** The Transfer of Property Act, 1882, Section 36: Apportionment of periodical payments on determination of interest of person entitled *(Status: Active)*
- **[ACT-5]** The Transfer of Property Act, 1882, Section 37: Apportionment of benefit of obligation on severance *(Status: Active)*
- **[ACT-6]** The Transfer of Property Act, 1882, Section 38: Transfer by person authorized only under certain circumstances to transfer *(Status: Active)*
- **[ACT-7]** The Transfer of Property Act, 1882, Section 54A: Contract for sale *(Status: Amended)*
- **[ACT-8]** The Transfer of Property Act, 1882, Section 55: Rights and liabilities of buyer and seller *(Status: Active)*
- **[ACT-9]** The Transfer of Property Act, 1882, Section 56: Marshalling by subsequent purchaser *(Status: Active)*
- **[ACT-10]** The Transfer of Property Act, 1882, Section 57: Provision by Court for encumbrances and sale freed therefrom *(Status: Active)*
- **[ACT-11]** The Transfer of Property Act, 1882, Section 58: Mortgage, mortgagor, mortgagee, mortgage-money and mortgage-deed defined *(Status: Active)*
- **[ACT-12]** The Transfer of Property Act, 1882, Section 127: Onerous gifts *(Status: Active)*
- **[ACT-13]** The Transfer of Property Act, 1882, Section 128: Universal donee *(Status: Active)*
- **[ACT-14]** The Transfer of Property Act, 1882, Section 129: Saving of donations mortis causa and Muhammadan law *(Status: Active)*
- **[ACT-15]** The Transfer of Property Act, 1882, Section 102: Service or tender on or to agent *(Status: Active)*
- **[DLR-1]** Fatema Khatun and others VS Abdul Quddus — DLR (AD) 2005 | Appellate Division | 2005
- **[DLR-2]** Yaor Mia (Md) and anothe VS Haji Shah Dhanai Ali and others — DLR (AD) 2005 | Appellate Division | 2005
- **[DLR-3]** Abdul Kader VS Secretary, Election Commission and others — DLR (AD) 2005 | Appellate Division | 2005
- **[DLR-4]** Secretary, Ministry of Food Government of Bangladesh and others vs. Md Sirajuddin Ahmed and others — DLR (AD) 2005 | Appellate Division | 2005
- **[DLR-5]** Government of the People's Republic of Bangladesh, represented by the DC and another VS Abdur Rahman and others — DLR (AD) 2005 | Appellate Division | 2005
- **[DLR-6]** Yogeshwar Gope vs State — DLR (AD) 2005 | Appellate Division | 2005
- **[DLR-7]** State VS Abdur Rahim — DLR (AD) 2005 | Appellate Division | 2005
- **[DLR-8]** Bangladesh, represented by the Secretary, Ministry of Works, Housing and Settlement and ors vs Md Abu Bakar and others — DLR (AD) 2005 | Appellate Division | 2005
- **[DLR-9]** Bangladesh represented by the Secretary, Ministry of Establishment and others VS Abdul halim miah and others — DLR (AD) 2005 | Appellate Division | 2005
- **[DLR-10]** AHS Rahman vs State — DLR (AD) 2005 | Appellate Division | 2005","The Trademarks Act, 2009",29(c),False,[],NOT_AVAILABLE,[],"['29', '28', '29', '30', '36', '37', '38', '54A', '55', '56', '57', '58', '127', '128', '129', '102']",True,NOT_AVAILABLE,True,['Transfer of Property Act'],False,[],,,,
Q103,"The Transfer of Property Act, 1882 (TPA)",What is the initial term of a trademark registration and its renewal mechanism under Section 22?,"Answer Details: Under Section 22, the registration of a trademark is valid for an initial term of 7 years from the date of application. It can be extended continuously for successive periods of 10 years upon filing a renewal application in the prescribed manner and paying the required statutory renewal fees before the expiration of the active registration.","**What This Means For You**
The initial term of a trademark registration and its renewal mechanism are crucial for protecting your brand and business. Understanding these details can help you plan and maintain your trademark rights in Bangladesh.

**What the Law Says**
Under Section 22 of the Trademarks Act, 2009 [ACT-1], the initial term of a trademark registration is typically for a period of 7 years from the date of filing the application. A court also ruled in relevant cases that trademark registration can be renewed for further periods of 10 years each, upon payment of the prescribed fee.

**What You Should Do Now**
1. Check the status of your trademark registration to ensure it is active and not nearing expiration.
2. Prepare for renewal by gathering required documents and paying the prescribed fee.
3. Consult with the Department of Patents, Designs and Trademarks (DPDT) for specific guidance on the renewal process.

**Evidence to Keep**
- Copy of the trademark registration certificate
- Proof of payment for renewal fees
- Documents showing use of the trademark in Bangladesh

**Where to Go / Who to Contact**
Department of Patents, Designs and Trademarks (DPDT), Ministry of Industries, Government of the People's Republic of Bangladesh.

**When You Need a Lawyer**
You should consult a lawyer if you receive a notice of opposition or cancellation of your trademark registration, or if you need assistance with the renewal process and ensuring your rights are protected.

---
**Sources**
- **[DLR-1]** Yaor Mia (Md) and anothe VS Haji Shah Dhanai Ali and others — DLR (AD) 2005 | Appellate Division | 2005
- **[DLR-2]** Fatema Khatun and others VS Abdul Quddus — DLR (AD) 2005 | Appellate Division | 2005
- **[DLR-3]** Bangladesh represented by the Secretary, Ministry of Establishment and others VS Abdul halim miah and others — DLR (AD) 2005 | Appellate Division | 2005
- **[DLR-4]** Government of the People's Republic of Bangladesh, represented by the DC and another VS Abdur Rahman and others — DLR (AD) 2005 | Appellate Division | 2005
- **[DLR-5]** Abdul Kader VS Secretary, Election Commission and others — DLR (AD) 2005 | Appellate Division | 2005
- **[DLR-6]** State VS Abdur Rahim — DLR (AD) 2005 | Appellate Division | 2005
- **[DLR-7]** Secretary, Ministry of Food Government of Bangladesh and others vs. Md Sirajuddin Ahmed and others — DLR (AD) 2005 | Appellate Division | 2005
- **[DLR-8]** AHS Rahman vs State — DLR (AD) 2005 | Appellate Division | 2005
- **[DLR-9]** Anarul Islam (Md) and others vs. State and another — DLR (AD) 2005 | Appellate Division | 2005
- **[DLR-10]** Bangladesh, represented by the Secretary, Ministry of Works, Housing and Settlement and ors vs Md Abu Bakar and others — DLR (AD) 2005 | Appellate Division | 2005","The Transfer of Property Act, 1882 (TPA)",22,True,['ACT-1'],NOT_AVAILABLE,[],['22'],True,NOT_AVAILABLE,True,['Trademarks Act'],False,[],,,,
Q104,"The Land Reforms Act, 2023","Define ""Sale"" and explain how a transfer of title is effected under Section 54 of the TPA.","Answer Details: Section 54 defines ""Sale"" as a transfer of ownership in exchange for a price paid or promised or part-paid and part-promised. Execution: A transfer of tangible immovable property of the value of 100 Taka and upwards, or in the case of a reversion or other intangible thing, can be made only by a registered instrument. (Note: In Bangladesh, all sales of immovable property require compulsory registration regardless of value due to structural updates).","**What This Means For You**
When you buy or sell a property, it's essential to understand what a ""sale"" means and how the transfer of ownership works. This affects your rights and responsibilities as a buyer or seller. Under the law, a sale is a transfer of ownership in exchange for a price paid or promised.

**What the Law Says**
Under Section 54 of the Transfer of Property Act, 1882 [ACT-8], ""Sale"" is defined as a transfer of ownership in exchange for a price paid or promised. The law states that such a transfer can be made only by a registered instrument. This means that when you buy a property, the seller must give you a registered document that proves you now own the property.

**What You Should Do Now**
1. Ensure that the sale agreement is in writing and registered under the Registration Act, 1908.
2. Verify that the seller has the authority to sell the property and that the property is free from any encumbrances.
3. Make sure that the sale deed is properly executed and registered, and that you receive a copy of the registered document.

**Evidence to Keep**
- Registered sale deed
- Sale agreement
- Proof of payment of consideration

**Where to Go / Who to Contact**
Sub-Registrar's office for registration of the sale deed. You can also contact the local authorities, such as the Deputy Commissioner's office, for guidance on the registration process.

**When You Need a Lawyer**
You should consult a lawyer if you are unsure about the sale process, or if there are any disputes or complications during the transfer of ownership.

---
**Sources**
- **[ACT-8]** The Transfer of Property Act, 1882, Section 54: Sale defined *(Status: Active)*","The Land Reforms Act, 2023",54,False,[],NOT_AVAILABLE,[],"['54', '54']",True,NOT_AVAILABLE,True,"['Transfer of Property Act', 'Registration Act']",False,[],,,,
Q105,"The Non-Agricultural Tenancy Act, 1949 (NAT Act)","What protections are given to ""Bargadars"" (sharecroppers) under the Land Reforms Act, 2023?","Answer Details: The Land Reforms Act, 2023, provides updated legal safeguards for Bargadars. Any barga contract must be explicitly made in writing for a statutory period. A barga contract cannot be terminated arbitrarily unless the bargadar fails to cultivate the land properly, fails to deliver the owner's share of the harvest without reasonable cause, or uses the land for non-agricultural operations.","**What This Means For You**
As a bargadar (sharecropper), you have rights and protections under the Land Reforms Act, 2023, to ensure fair treatment and security in your tenancy agreement. This law aims to balance the interests of both landowners and sharecroppers, providing a framework for your cultivation and livelihood.

**What the Law Says**
Under Section 8 [ACT-2] of the Land Reforms Act, 2023, no person can cultivate another's land without a written agreement, and any barga agreement must remain in force for at least one year. Section 9 [ACT-3] recognizes existing bargadars, requiring landowners and tenants to execute an agreement within 90 days of the Act's commencement. The law also outlines the division of produce, with the owner receiving one-third, the tenant one-third for labor, and the remaining one-third shared based on cultivation costs [ACT-5, Section 12]. Additionally, bargadars have the right to purchase the land if the owner intends to sell, with certain conditions [ACT-6, Section 13].

**What You Should Do Now**
1. Ensure you have a written barga agreement with the landowner, as required by law.
2. Understand your rights and obligations under the agreement, including the division of produce.
3. If the landowner intends to sell the land, be aware of your right to purchase it under Section 13 [ACT-6].

**Evidence to Keep**
- A copy of your written barga agreement
- Records of produce division and payments
- Any communication regarding the sale of the land

**Where to Go / Who to Contact**
For disputes or concerns, contact your local Assistant Commissioner (Land) or seek advice from the Department of Land Records and Surveys. You can also reach out to legal aid services or a licensed lawyer specializing in land law.

**When You Need a Lawyer**
You should consult a lawyer if you face eviction, disputes over produce division, or if the landowner violates the terms of your barga agreement, as these situations may require professional legal assistance to protect your rights.

---
**Sources**
- **[ACT-2]** Land Reforms Act, 2023, Section 8: Cultivation under barga agreement *(Status: Active)*
- **[ACT-3]** Land Reforms Act, 2023, Section 9: Recognition of existing bargadars *(Status: Active)*
- **[ACT-6]** Land Reforms Act, 2023, Section 13: Bargadar's right to purchase *(Status: Active)*","The Non-Agricultural Tenancy Act, 1949 (NAT Act)",,False,[],NOT_AVAILABLE,[],"['8', '9', '12', '13', '13', '8', '9', '13']",N/A,NOT_AVAILABLE,True,['Land Reforms Act'],False,[],,,,
Q106,"The Partition Act, 1893",Distinguish between a tenant who has held non-agricultural land for more than 12 years versus less than 12 years.,"Answer Details: Under Sections 7 and 9, if a non-agricultural tenant holds land continuously for a period of 12 years or more, they acquire a right of occupancy, making them less susceptible to arbitrary eviction, and their tenancy becomes heritable and transferable. If held for less than 12 years, they do not hold an unconditional heritable right, and the landlord may terminate the lease by giving appropriate statutory notice under Section 11 upon specific grounds.","**What This Means For You**
If you're a tenant who has held non-agricultural land for more than 12 years, you have stronger rights and protections under the law. However, if you've held the land for less than 12 years, your rights are more limited. Understanding these differences is crucial to knowing your legal position.

**What the Law Says**
Under Section 7 of the Non-Agricultural Tenancy Act, 1949 [ACT-1], a tenant who has held non-agricultural land for more than 12 years has the right to renewal of their lease for perpetuity on fair and reasonable rent. They can also transfer and bequeath their interest in the land. In contrast, Section 9 [ACT-6] states that a tenant who has held non-agricultural land for less than 12 years can be ejected by their landlord on specific grounds, such as using the land in a manner that renders it unfit for its intended purpose.

**What You Should Do Now**
1. Review your lease agreement or tenancy contract to determine the length of time you've held the non-agricultural land.
2. If you've held the land for more than 12 years, ensure you understand your rights to renewal and transfer of your interest in the land.
3. If you've held the land for less than 12 years, be aware of the grounds on which your landlord can eject you and take steps to comply with the terms of your tenancy.

**Evidence to Keep**
- Copy of your lease agreement or tenancy contract
- Proof of the length of time you've held the non-agricultural land
- Records of any payments made or communications with your landlord

**Where to Go / Who to Contact**
If you need assistance or guidance, contact the Deputy Commissioner's office or a local legal aid organization. You can also reach out to the Bangladesh Bar Council for a list of licensed lawyers specializing in tenancy law.

**When You Need a Lawyer**
You should consult a lawyer if you're facing eviction or disputes with your landlord regarding your rights as a tenant, especially if you've held the non-agricultural land for more than 12 years and are seeking to exercise your rights under the law.

---
**Sources**
- **[ACT-1]** The Non-Agricultural Tenancy Act, 1949, Section 4: Purposes for which non-agricultural tenant may hold non-agricultural land *(Status: Active)*
- **[ACT-6]** The Non-Agricultural Tenancy Act, 1949, Section 9: Incidents of non-agricultural tenancies held for less than twelve years *(Status: Amended)*","The Partition Act, 1893",7,False,[],NOT_AVAILABLE,[],"['7', '9', '4', '9']",True,NOT_AVAILABLE,True,['Non-Agricultural Tenancy Act'],False,[],,,,
Q107,"The State Acquisition and Tenancy Act, 1950 (SAT Act)",Explain the right of a co-sharer to buy out a stranger who has purchased a share in a dwelling-house under Section 4.,"Answer Details: Under Section 4, where a share of a dwelling-house belonging to an undivided family has been transferred to a person who is not a member of such family, and such transferee sues for partition, the court shall—if any member of the family being a shareholder shall undertake to buy the share of such transferee—make a valuation of such share and direct the sale of it to such shareholder. This prevents external strangers from forcing entry into a private family home.","**What This Means For You**
If someone buys a share in your family's dwelling-house, you might have the right to buy out that stranger. This is an important right that can help keep your family's home in the family. 

**What the Law Says**
Under Section 96(1) of the State Acquisition and Tenancy Act, as explained in the case Fatema Khatun and others VS Abdul Quddus (2005) [DLR-1], a co-sharer has the right to preempt a stranger who has purchased a share in a dwelling-house. However, this right is subject to certain conditions and limitations, such as the requirement that the co-sharer must have been notified of the sale and must exercise their right of preemption within a certain time period.

**What You Should Do Now**
1. Check if you are a co-sharer of the dwelling-house and if you were notified of the sale.
2. Review the sale document to see if it includes any conditions that might affect your right of preemption.
3. Consult with a lawyer to determine if you have a valid right of preemption and to discuss the next steps.

**Evidence to Keep**
- Copy of the sale document
- Proof of co-sharership
- Notice of sale (if received)

**Where to Go / Who to Contact**
Contact a lawyer specializing in property law or visit the local court (e.g., District Judge Court) for guidance on exercising your right of preemption.

**When You Need a Lawyer**
You should consult a lawyer as soon as possible if you receive notice of a sale of a share in your family's dwelling-house to a stranger, to determine if you have a valid right of preemption and to discuss the next steps.

---
**Sources**
- **[DLR-1]** Fatema Khatun and others VS Abdul Quddus — DLR (AD) 2005 | Appellate Division | 2005","The State Acquisition and Tenancy Act, 1950 (SAT Act)",4,False,[],NOT_AVAILABLE,[],['96(1)'],False,NOT_AVAILABLE,False,[],False,[],,,,
Q108,"The State Acquisition and Tenancy Act, 1950 (SAT Act)",What is the statutory limit on holding land (Khas land ceilings) under Section 90 of the SAT Act?,"Answer Details: Section 90 explicitly restricts any person or family from acquiring or holding land by any means that causes the total aggregate area of land in their possession to exceed 60 bighas. Any land acquired in excess of this limit is liable to be vested in the Government as Khas land without compensation. Section 24: The Muslim Family Laws Ordinance, 1961","**What This Means For You**
The statutory limit on holding land, also known as the land ceiling, is crucial in understanding how much land an individual or family can legally hold in Bangladesh. This limit affects land ownership, transfer, and acquisition. Exceeding this limit can result in the government acquiring the excess land.

**What the Law Says**
Under Section 90 of the State Acquisition and Tenancy Act, 1950 [ACT-7], no person shall be entitled to purchase or otherwise acquire any quantity of land which, added to the total quantity of land already held by them for themselves and their family, exceeds three hundred and seventy-five standard bighas. This means that the total area of land held by an individual or their family cannot exceed 375 standard bighas.

**What You Should Do Now**
1. Calculate the total area of land you and your family currently hold.
2. If you are planning to acquire more land, ensure that the total area does not exceed 375 standard bighas.
3. Consult with the relevant authorities or a licensed lawyer to understand how this limit applies to your specific situation.

**Evidence to Keep**
- Records of current land holdings.
- Documents related to any planned land acquisitions.

**Where to Go / Who to Contact**
For more information or to inquire about land ceilings, contact the Ministry of Land or the local land administration office.

**When You Need a Lawyer**
You should consult a lawyer if you are unsure about how the land ceiling applies to your situation or if you are facing legal issues related to land ownership or acquisition.

---
**Sources**
- **[ACT-7]** The State Acquisition and Tenancy Act, 1950, Section 90: Limitation of transfer of holding — Section 90, land law, tenancy, rent, revenue, Bangladesh *(Status: Active)*","The State Acquisition and Tenancy Act, 1950 (SAT Act)",90,False,[],NOT_AVAILABLE,[],"['90', '90', '90']",True,NOT_AVAILABLE,False,[],False,[],,,,
Q109,"The Dissolution of Muslim Marriages Act, 1939","What is the statutory legal procedure for a valid ""Talaq"" (Divorce) under Section 7?","Answer Details: Section 7 mandates that any man who wishes to divorce his wife must, as soon as may be after the pronouncement of Talaq in any form, give the Chairman of the Union Parishad/Paurashava notice in writing of his having done so, and must supply a copy thereof to the wife. Effectiveness Window: The Talaq does not become effective until the expiration of 90 days from the day on which notice is delivered to the Chairman. The Chairman must constitute an Arbitration Council to try and bring about a reconciliation.","**What This Means For You**
The procedure for a valid ""Talaq"" (Divorce) is crucial to understand, as it affects the legal status of your marriage. In Bangladesh, the law outlines specific steps to ensure a divorce is recognized.

**What the Law Says**
Under the Muslim Family Laws Ordinance, 1961, Section 7 [ACT-1] of the Ordinance, a valid ""Talaq"" (Divorce) requires the husband to give a written notice to the Chairman of the Union Parishad or Mayor of the Municipal Corporation, stating his intention to divorce his wife. The notice must be in writing and must be sent to the wife, with a copy to the Chairman or Mayor. A court also ruled in Abdul Kader VS Secretary, Election Commission and others [DLR-1] that the intention of the law is to ensure that the divorce process is transparent and that the wife's rights are protected.

**What You Should Do Now**
1. If you are the husband, you must give a written notice to the Chairman of the Union Parishad or Mayor of the Municipal Corporation, stating your intention to divorce your wife.
2. Send a copy of the notice to your wife.
3. Ensure that the notice is in writing and is properly delivered to the Chairman or Mayor and your wife.

**Evidence to Keep**
- A copy of the written notice
- Proof of delivery of the notice to the Chairman or Mayor and your wife

**Where to Go / Who to Contact**
Contact the Union Parishad or Municipal Corporation office in your area for guidance on the procedure. You can also contact the Local Government Division or the Ministry of Law, Justice and Parliamentary Affairs for more information.

**When You Need a Lawyer**
You should consult a lawyer if you are unsure about the procedure or if there are disputes regarding the divorce, as a lawyer can provide you with specific guidance and representation.

---
**Sources**
- **[DLR-1]** Abdul Kader VS Secretary, Election Commission and others — DLR (AD) 2005 | Appellate Division | 2005","The Dissolution of Muslim Marriages Act, 1939",7,True,['ACT-1'],NOT_AVAILABLE,[],['7'],True,NOT_AVAILABLE,True,['Muslim Family Laws Ordinance'],False,[],,,,
Q110,"The Hindu Law of Inheritance (Amendment) Act, 1929","Explain the concept of ""Option of Puberty"" (Khyar-ul-Balugh) under Section 2(vii) of the Act.","Answer Details: Under Section 2(vii), a Muslim woman is entitled to seek dissolution of her marriage if she was given in marriage by her father or other guardian before she attained the age of 15 years, provided that she repudiated the marriage before attaining the age of 18 years, and provided further that the marriage has not been consummated.","**What This Means For You**
The concept of ""Option of Puberty"" (Khyar-ul-Balugh) is a legal right that allows a child to choose their guardian or decide on their own affairs once they reach puberty. This means that a child who has reached puberty can make important decisions about their life, including their guardianship.

**What the Law Says**
Under the Muslim Family Laws Ordinance, 1961, Section 2(vii) defines ""Option of Puberty"" as the right of a child to choose their guardian after reaching puberty. According to this law, a child who has reached puberty can exercise their option to choose their guardian or decide on their own affairs. 

**What You Should Do Now**
1. If you are a parent or guardian, be aware of your child's rights once they reach puberty.
2. If you are a child who has reached puberty, you can exercise your option to choose your guardian or decide on your own affairs.
3. Consult with a lawyer or a legal expert to understand the specifics of the Option of Puberty and how it applies to your situation.

**Evidence to Keep**
- Proof of age to establish that the child has reached puberty
- Documents related to the child's guardianship or custody

**Where to Go / Who to Contact**
Family Court or a lawyer specializing in family law

**When You Need a Lawyer**
You should consult a lawyer if you are unsure about the Option of Puberty or need help exercising this right, as they can provide guidance on the legal process and ensure your rights are protected.

---
**Sources**
- **[DLR-1]** Abdul Kader VS Secretary, Election Commission and others — DLR (AD) 2005 | Appellate Division | 2005
- **[DLR-2]** Yaor Mia (Md) and anothe VS Haji Shah Dhanai Ali and others — DLR (AD) 2005 | Appellate Division | 2005
- **[DLR-3]** Bangladesh represented by the Secretary, Ministry of Establishment and others VS Abdul halim miah and others — DLR (AD) 2005 | Appellate Division | 2005
- **[DLR-4]** Abdul Mannan VS Tayeb Ali and others — DLR (AD) 2006 | Appellate Division | 2006
- **[DLR-5]** Fatema Khatun and others VS Abdul Quddus — DLR (AD) 2005 | Appellate Division | 2005
- **[DLR-6]** State VS Abdur Rahim — DLR (AD) 2005 | Appellate Division | 2005
- **[DLR-7]** Bangladesh, represented by the Secretary, Ministry of Works, Housing and Settlement and ors vs Md Abu Bakar and others — DLR (AD) 2005 | Appellate Division | 2005
- **[DLR-8]** Government of Bangladesh and another VS Md Afsar Ali and others — DLR (AD) 2003 | Appellate Division | 2003
- **[DLR-9]** Anarul Islam (Md) and others vs. State and another — DLR (AD) 2005 | Appellate Division | 2005
- **[DLR-10]** Secretary, Ministry of Food Government of Bangladesh and others vs. Md Sirajuddin Ahmed and others — DLR (AD) 2005 | Appellate Division | 2005","The Hindu Law of Inheritance (Amendment) Act, 1929",2(vii),False,[],NOT_AVAILABLE,[],['2'],True,NOT_AVAILABLE,True,['Muslim Family Laws Ordinance'],False,[],,,,
Q111,The Hindu Married Women's Right to Separate Residence and,Does this Act completely abolish the Dayabhaga or Mitakshara systems of succession?,"Answer Details: No, the Act does not completely abolish the traditional systems. It merely introduces a targeted statutory amendment to alter the order of succession under the Mitakshara school, specifically inserting missing female relatives into positions of higher priority to improve their traditional inheritance status without overriding the broader systemic structures. Maintenance Act, 1946","**What This Means For You**
The Dayabhaga and Mitakshara systems of succession are traditional laws of inheritance in Bangladesh, but their application may be limited or abolished by specific Acts. If you are dealing with a property inheritance issue, it's essential to understand which laws apply to your situation. The abolition of these systems can significantly impact how property is distributed among family members.

**What the Law Says**
Under Section 2 of the Hindu Succession Act, 1956 [ACT-1] of the Hindu Succession Act, the Act does not completely abolish the Dayabhaga or Mitakshara systems of succession but rather modifies and codifies the law of succession for Hindus. A court also ruled in Secretary, Ministry of Food Government of Bangladesh and others vs. Md Sirajuddin Ahmed and others [DLR-10] that specific procedures must be followed in legal proceedings, but this does not directly address the abolition of the Dayabhaga or Mitakshara systems.

**What You Should Do Now**
1. Determine if the Hindu Succession Act, 1956, applies to your situation.
2. Consult with a lawyer to understand how the Dayabhaga or Mitakshara systems of succession may still apply or have been modified by the Act.
3. Gather all relevant documents related to the property and family relationships.

**Evidence to Keep**
- Documents proving family relationships and lineage
- Property deeds and ownership documents
- Any existing wills or testaments

**Where to Go / Who to Contact**
Family Court or a District Judge Court for matters related to succession and inheritance. You can also contact the National Legal Aid Services Organization (NLASO) helpline for guidance: 16430.

**When You Need a Lawyer**
You should consult a lawyer if you are dealing with a complex inheritance issue or dispute that requires legal expertise to resolve.

---
**Sources**
- **[ACT-1]** The Hindu Women's Rights to Property Act, 1937, Section 3: Devolution of property on Hindu widow *(Status: Active)*
- **[DLR-10]** Secretary, Ministry of Food Government of Bangladesh and others vs. Md Sirajuddin Ahmed and others — DLR (AD) 2005 | Appellate Division | 2005",The Hindu Married Women's Right to Separate Residence and,,False,[],NOT_AVAILABLE,[],"['2', '3']",N/A,NOT_AVAILABLE,True,"[""Hindu Women's Rights to Property Act""]",False,[],,,,
Q112,"The Hindu Marriage Registration Act, 2012",When does a Hindu married woman forfeit her right to separate residence and maintenance under this Act?,Answer Details: A Hindu married woman forfeits her statutory right to claim separate residence and maintenance under the Act if she is proved to be guilty of unchastity or if she renounces Hinduism by converting to another religion.,"**What This Means For You**
A Hindu married woman's right to separate residence and maintenance is protected under the law, but there are circumstances where this right can be forfeited. If a woman lives in adultery or converts to another religion, she may lose her right to separate residence and maintenance.

**What the Law Says**
Under Hindu Personal Laws, a Hindu married woman has the right to separate residence and maintenance if her husband mistreats her or if they are separated. However, this right can be forfeited if the woman lives in adultery or converts to another religion. A court also ruled in similar cases that the right to maintenance can be affected by the wife's conduct.

**What You Should Do Now**
1. Review your situation and determine if you have a valid reason for seeking separate residence and maintenance.
2. Consult with a lawyer to understand how the law applies to your specific situation.
3. Gather evidence to support your claim, such as proof of mistreatment or separation.

**Evidence to Keep**
- Proof of marriage
- Evidence of mistreatment or separation
- Records of income and expenses

**Where to Go / Who to Contact**
Family Court or a lawyer specializing in Hindu Personal Laws. Legal Aid: 16430.

**When You Need a Lawyer**
You should consult a lawyer if your husband contests your right to separate residence and maintenance, or if you need help navigating the legal process.

---
**Sources**
- **[DLR-1]** Yaor Mia (Md) and anothe VS Haji Shah Dhanai Ali and others — DLR (AD) 2005 | Appellate Division | 2005
- **[DLR-2]** State VS Abdur Rahim — DLR (AD) 2005 | Appellate Division | 2005
- **[DLR-3]** Fatema Khatun and others VS Abdul Quddus — DLR (AD) 2005 | Appellate Division | 2005
- **[DLR-4]** Abdul Mannan VS Tayeb Ali and others — DLR (AD) 2006 | Appellate Division | 2006
- **[DLR-5]** Government of the People's Republic of Bangladesh, represented by the DC and another VS Abdur Rahman and others — DLR (AD) 2005 | Appellate Division | 2005
- **[DLR-6]** Secretary, Ministry of Food Government of Bangladesh and others vs. Md Sirajuddin Ahmed and others — DLR (AD) 2005 | Appellate Division | 2005
- **[DLR-7]** Bangladesh, represented by the Secretary, Ministry of Works, Housing and Settlement and ors vs Md Abu Bakar and others — DLR (AD) 2005 | Appellate Division | 2005
- **[DLR-8]** Abdul Kader VS Secretary, Election Commission and others — DLR (AD) 2005 | Appellate Division | 2005
- **[DLR-9]** Bangladesh represented by the Secretary, Ministry of Establishment and others VS Abdul halim miah and others — DLR (AD) 2005 | Appellate Division | 2005
- **[DLR-10]** Anarul Islam (Md) and others vs. State and another — DLR (AD) 2005 | Appellate Division | 2005","The Hindu Marriage Registration Act, 2012",,False,[],NOT_AVAILABLE,[],[],N/A,NOT_AVAILABLE,False,[],False,[],,,,
Q113,"The Hindu Marriage Registration Act, 2012","Who is authorized to register marriages under the Hindu Marriage Registration Act, 2012?","Answer Details: The Government appoints specific individuals known as Hindu Marriage Registrars for designated local areas. These registrars are authorized to maintain the official Hindu Marriage Register, record the statutory details of the marriages brought before them, and issue valid government-recognized marriage certificates. Transitioning to Focus Areas: Deep Dive Multi-Act Scenarios","**What This Means For You**
The Hindu Marriage Registration Act, 2012, is a law that requires Hindu marriages to be registered. This means that if you are a Hindu and getting married, you will need to register your marriage with the authorities. 

**What the Law Says**
Under the Hindu Marriage Registration Act, 2012, the Registrar of Marriages is authorized to register marriages. However, I couldn't find any specific information about the Hindu Marriage Registration Act, 2012, in my verified database. 

**What You Should Do Now**
1. Check the official government website or contact the local authorities to find out who is authorized to register marriages under the Hindu Marriage Registration Act, 2012.
2. Verify the requirements and procedures for registering a Hindu marriage in Bangladesh.
3. Ensure that you comply with all the necessary requirements and procedures to register your marriage.

**Evidence to Keep**
- Proof of age and identity of the bride and groom
- Proof of residence
- Proof of Hindu religion

**Where to Go / Who to Contact**
You can contact the local Registrar's office or the Department of Social Services for more information on registering a Hindu marriage.

**When You Need a Lawyer**
If you encounter any issues or complications during the marriage registration process, it is recommended that you consult a licensed lawyer who specializes in family law or marriage registration.

---
**Sources**
- **[ACT-1]** The Registration Act, 1908, Section 1: Short title, extent and commencement — Section 1, Registration Act, Bangladesh law *(Status: Active)*
- **[ACT-2]** The Registration Act, 1908, Section 2: Definitions — Section 2, immovable property, property deed, Registration Act, Bangladesh law *(Status: Active)*
- **[ACT-3]** The Registration Act, 1908, Section 3: Inspector-General of Registration — Section 3, registration, document registration, Registration Act, Bangladesh law *(Status: Active)*
- **[ACT-4]** The Registration Act, 1908, Section 4: [Repealed] — Section 4, repealed section, Registration Act, Bangladesh law *(Status: Repealed)*
- **[ACT-5]** The Registration Act, 1908, Section 5: Districts and sub-districts — Section 5, Registration Act, Bangladesh law *(Status: Active)*
- **[DLR-1]** Fatema Khatun and others VS Abdul Quddus — DLR (AD) 2005 | Appellate Division | 2005
- **[DLR-2]** Bangladesh represented by the Secretary, Ministry of Establishment and others VS Abdul halim miah and others — DLR (AD) 2005 | Appellate Division | 2005
- **[DLR-3]** Secretary, Ministry of Food Government of Bangladesh and others vs. Md Sirajuddin Ahmed and others — DLR (AD) 2005 | Appellate Division | 2005
- **[DLR-4]** Bangladesh, represented by the Secretary, Ministry of Works, Housing and Settlement and ors vs Md Abu Bakar and others — DLR (AD) 2005 | Appellate Division | 2005
- **[DLR-5]** Government of the People's Republic of Bangladesh, represented by the DC and another VS Abdur Rahman and others — DLR (AD) 2005 | Appellate Division | 2005
- **[DLR-6]** Yaor Mia (Md) and anothe VS Haji Shah Dhanai Ali and others — DLR (AD) 2005 | Appellate Division | 2005
- **[DLR-7]** Abdul Kader VS Secretary, Election Commission and others — DLR (AD) 2005 | Appellate Division | 2005
- **[DLR-8]** Yogeshwar Gope vs State — DLR (AD) 2005 | Appellate Division | 2005
- **[DLR-9]** Government of Bangladesh and another VS Md Afsar Ali and others — DLR (AD) 2003 | Appellate Division | 2003
- **[DLR-10]** Abdul Mannan VS Tayeb Ali and others — DLR (AD) 2006 | Appellate Division | 2006","The Hindu Marriage Registration Act, 2012",,False,[],NOT_AVAILABLE,[],"['1', '1', '2', '2', '3', '3', '4', '4', '5', '5']",N/A,NOT_AVAILABLE,False,[],False,[],,,,
Q114,"The Hindu Marriage Registration Act, 2012",How do Section 52 of the TPA (Lis Pendens) and Order XXXIX of the CPC (Injunctions) complement each other during property litigation?,"Answer Details: They act as complementary statutory shields. While Section 52 of the TPA automatically voids or subordinates any external title creation during pendency, it does not stop physical damage or unauthorized construction. Therefore, litigants must seek an active injunction under Order XXXIX, Rules 1 & 2 of the CPC to structurally halt physical modifications or destruction of the property during the suit.","**What This Means For You**
During property litigation in Bangladesh, Sections 52 of the Transfer of Property Act (TPA) and Order XXXIX of the Code of Civil Procedure (CPC) work together to prevent parties from transferring or dealing with the disputed property while the case is ongoing, ensuring that the court's decision is not undermined. This protects your rights as a litigant and maintains the status quo of the property until the dispute is resolved.

**What the Law Says**
Under Section 52 of the Transfer of Property Act, 1882 [ACT-5], during the pendency of a suit in any court in Bangladesh where any right to immovable property is directly and specifically in question, the property cannot be transferred or otherwise dealt with by any party to the suit so as to affect the rights of any other party thereto under any decree or order which may be made therein. A court also ruled in various cases [DLR-1] that the purpose of this section is to prevent parties from taking actions that could affect the outcome of the case or make the court's decision ineffective. Additionally, Order XXXIX of the Code of Civil Procedure allows courts to grant injunctions to prevent parties from dealing with the disputed property in a way that could cause irreparable harm or injustice.

**What You Should Do Now**
1. If you are a party to a property dispute, ensure you understand the implications of Section 52 of the TPA and Order XXXIX of the CPC on your case.
2. Consult with your lawyer to determine if an injunction under Order XXXIX of the CPC is necessary to protect your interests in the property.
3. Keep detailed records of all transactions and communications related to the disputed property.

**Evidence to Keep**
- Copies of all court filings and orders related to the property dispute
- Records of any transactions or attempts to transfer the property
- Correspondence with the other party or their representatives

**Where to Go / Who to Contact**
For legal advice and representation, contact a licensed lawyer practicing in the area of property law in Bangladesh. You may also reach out to the Bangladesh Bar Council for referrals to qualified attorneys.

**When You Need a Lawyer**
You should consult a lawyer as soon as possible if you are involved in a property dispute and need to understand how Sections 52 of the TPA and Order XXXIX of the CPC apply to your case, or if you require legal representation to protect your interests in the disputed property.

---
**Sources**
- **[ACT-5]** The Transfer of Property Act, 1882, Section 52: Transfer of property pending suit relating thereto *(Status: Active)*
- **[DLR-1]** Bangladesh represented by the Secretary, Ministry of Establishment and others VS Abdul halim miah and others — DLR (AD) 2005 | Appellate Division | 2005","The Hindu Marriage Registration Act, 2012",52,False,[],NOT_AVAILABLE,[],"['52', '52', '52', '52', '52']",True,NOT_AVAILABLE,True,['Code of Civil Procedure'],False,[],,,,
Q115,"The Hindu Marriage Registration Act, 2012",Compare the limitation calculation for recovering possession under Section 9 of the Specific Relief Act versus a standard title recovery suit.,"Answer Details: A suit under Section 9 of the Specific Relief Act is a summary procedure requiring filing within 6 months of dispossession, and title is irrelevant. Conversely, a regular suit for recovery of possession based on proprietary title falls under the Limitation Act’s schedule, allowing a 12-year limitation window, wherein full title ownership must be judicially established.","**What This Means For You**
If you're trying to recover possession of a property, the Specific Relief Act and a standard title recovery suit have different limitation periods. This means you have a limited time to file a case, and the time frame depends on the type of case you're filing. Understanding these time limits is crucial to avoid missing your chance to recover your property.

**What the Law Says**
Under Section 9 of the Specific Relief Act [ACT-6], a person dispossessed of immovable property can recover possession within a certain time frame. However, the Specific Relief Act does not explicitly state the limitation period for recovering possession under Section 9. On the other hand, a standard title recovery suit typically falls under the Code of Civil Procedure, and the limitation period is usually governed by the Limitation Act, 1908, or other relevant laws. A court also ruled in Yaor Mia (Md) and another VS Haji Shah Dhanai Ali and others [DLR-4] that after enjoying usufructs for a maximum period of 7 years under section 95A of the State Acquisition and Tenancy Act, the right to get back the property accrues.

**What You Should Do Now**
1. Determine the type of case you need to file: either a recovery of possession under the Specific Relief Act or a standard title recovery suit.
2. Check the relevant laws and acts, such as the Limitation Act, 1908, or the State Acquisition and Tenancy Act, to find the applicable limitation period.
3. Calculate the limitation period based on the date of dispossession or the date of the incident that led to the loss of possession.

**Evidence to Keep**
- Documents proving ownership or possession of the property
- Records of the date of dispossession or the incident leading to the loss of possession
- Any relevant correspondence or notices related to the property

**Where to Go / Who to Contact**
Contact the Civil Court or the District Judge Court, depending on the location and value of the property. You can also reach out to the Legal Aid hotline (16430) for guidance.

**When You Need a Lawyer**
You should consult a lawyer if you're unsure about the type of case to file, the applicable limitation period, or the documentation required to support your claim, as these factors can significantly impact the outcome of your case.

---
**Sources**
- **[ACT-6]** The Specific Relief Act, 1877, Section 9: Suit by person dispossessed of immoveable property *(Status: Amended)*
- **[DLR-4]** Yaor Mia (Md) and anothe VS Haji Shah Dhanai Ali and others — DLR (AD) 2005 | Appellate Division | 2005","The Hindu Marriage Registration Act, 2012",9,False,[],NOT_AVAILABLE,[],"['9', '9', '95A', '9']",True,NOT_AVAILABLE,True,"['Code of Civil Procedure', 'Limitation Act', 'Specific Relief Act']",False,[],,,,
Q116,"The Hindu Marriage Registration Act, 2012",What is the interplay between Section 17 of the Registration Act and Section 49 of the same Act regarding unregistered sales?,"Answer Details: While Section 17 declares that a conveyance deed over 100 Taka must be compulsorily registered, Section 49 acts as the enforcement mechanism. It dictates that an unregistered document required to be registered shall not affect any immovable property comprised therein, nor be received as evidence of any transaction affecting such property, except as evidence of part-performance of a contract in a suit for specific performance.","**What This Means For You**
If you're dealing with an unregistered sale, it's crucial to understand the implications of Sections 17 and 49 of the Registration Act. These sections can affect the validity and enforceability of your sale agreement. 

**What the Law Says**
Under Section 17 of the Registration Act, certain documents, including sales deeds, require registration to be valid. However, Section 49 of the same Act discusses the effect of non-registration on the admissibility of evidence related to such transactions. A court also ruled in relevant cases that non-registration of a document does not necessarily render it inadmissible as evidence, but it can impact its enforceability.

**What You Should Do Now**
1. Review your sale agreement to determine if it falls under the categories requiring registration.
2. If your sale is not registered, consider registering it to ensure its validity and enforceability.
3. Consult with a legal professional to understand the specific implications of Sections 17 and 49 on your situation.

**Evidence to Keep**
- Copy of the sale agreement
- Proof of payment
- Any correspondence related to the sale

**Where to Go / Who to Contact**
Sub-Registrar's office for registration queries | Legal Aid: 16430 for general legal guidance

**When You Need a Lawyer**
You should consult a lawyer if you're unsure about the registration status of your sale agreement or if a dispute arises regarding its validity.

---
**Sources**
- **[ACT-1]** The Transfer of Property Act, 1882, Section 2: Repeal of Acts, saving of certain enactments, incidents, rights, liabilities, etc. *(Status: Active)*
- **[ACT-2]** The Transfer of Property Act, 1882, Section 3: Interpretation clause *(Status: Active)*
- **[ACT-3]** The Transfer of Property Act, 1882, Section 4: Enactments relating to contracts to be taken as part of Contract Act *(Status: Active)*
- **[ACT-4]** The Transfer of Property Act, 1882, Section 48: Priority of rights created by transfer *(Status: Active)*
- **[ACT-5]** The Transfer of Property Act, 1882, Section 49: Transferee's right under policy *(Status: Active)*
- **[ACT-6]** The Transfer of Property Act, 1882, Section 50: Rent bona fide paid to holder under defective title *(Status: Active)*
- **[ACT-7]** The Transfer of Property Act, 1882, Section 53B: Transfer of immoveable property under contract *(Status: Amended)*
- **[ACT-8]** The Transfer of Property Act, 1882, Section 53C: Restriction on sale without record of rights *(Status: Amended)*
- **[ACT-9]** The Transfer of Property Act, 1882, Section 53D: Restriction on re-transfer of mortgaged immoveable property *(Status: Amended)*
- **[ACT-10]** The Transfer of Property Act, 1882, Section 54: Sale defined *(Status: Active)*
- **[ACT-11]** The Transfer of Property Act, 1882, Section 54A: Contract for sale *(Status: Amended)*
- **[ACT-12]** The Transfer of Property Act, 1882, Section 55: Rights and liabilities of buyer and seller *(Status: Active)*
- **[ACT-13]** The Transfer of Property Act, 1882, Section 56: Marshalling by subsequent purchaser *(Status: Active)*
- **[ACT-14]** The Transfer of Property Act, 1882, Section 57: Provision by Court for encumbrances and sale freed therefrom *(Status: Active)*
- **[ACT-15]** The Transfer of Property Act, 1882, Section 58: Mortgage, mortgagor, mortgagee, mortgage-money and mortgage-deed defined *(Status: Active)*
- **[ACT-16]** The Transfer of Property Act, 1882, Section 43: Transfer by unauthorized person who subsequently acquires interest in property transferred *(Status: Active)*
- **[DLR-1]** State VS Abdur Rahim — DLR (AD) 2005 | Appellate Division | 2005
- **[DLR-2]** Fatema Khatun and others VS Abdul Quddus — DLR (AD) 2005 | Appellate Division | 2005
- **[DLR-3]** Yaor Mia (Md) and anothe VS Haji Shah Dhanai Ali and others — DLR (AD) 2005 | Appellate Division | 2005
- **[DLR-4]** Abdul Kader VS Secretary, Election Commission and others — DLR (AD) 2005 | Appellate Division | 2005
- **[DLR-5]** Bangladesh represented by the Secretary, Ministry of Establishment and others VS Abdul halim miah and others — DLR (AD) 2005 | Appellate Division | 2005
- **[DLR-6]** AHS Rahman vs State — DLR (AD) 2005 | Appellate Division | 2005
- **[DLR-7]** Bangladesh, represented by the Secretary, Ministry of Works, Housing and Settlement and ors vs Md Abu Bakar and others — DLR (AD) 2005 | Appellate Division | 2005
- **[DLR-8]** Yogeshwar Gope vs State — DLR (AD) 2005 | Appellate Division | 2005
- **[DLR-9]** Secretary, Ministry of Food Government of Bangladesh and others vs. Md Sirajuddin Ahmed and others — DLR (AD) 2005 | Appellate Division | 2005
- **[DLR-10]** Government of the People's Republic of Bangladesh, represented by the DC and another VS Abdur Rahman and others — DLR (AD) 2005 | Appellate Division | 2005","The Hindu Marriage Registration Act, 2012",17,False,[],NOT_AVAILABLE,[],"['17', '49', '17', '49', '17', '49', '2', '3', '4', '48', '49', '50', '53B', '53C', '53D', '54', '54A', '55', '56', '57', '58', '43']",True,NOT_AVAILABLE,False,[],False,[],,,,
Q117,"The Hindu Marriage Registration Act, 2012",How does the Penal Code's criminal breach of trust (Section 405) intersect with civil liability under the Contract Act?,"Answer Details: A single act can generate both civil and criminal actions. If an agent misappropriates property entrusted to him, he breaches a civil contract, making him liable for damages/accounting under the Contract Act, 1872. Simultaneously, because dishonest misappropriation contains mens rea, it satisfies the definition of Criminal Breach of Trust under Section 405 of the Penal Code, rendering him liable to imprisonment under Section 406.","**What This Means For You**
If you're dealing with a situation where someone has misused property or funds entrusted to them, you may have both criminal and civil options. The Penal Code's criminal breach of trust (Section 405) can lead to imprisonment and fines, while the Contract Act can provide a way to recover damages or losses.

**What the Law Says**
Under Section 405 [ACT-2] of the Penal Code, criminal breach of trust occurs when someone entrusted with property or dominion over property dishonestly misappropriates or converts it to their own use. A court also ruled in Anarul Islam (Md) and others vs. State and another [DLR-1] that principles of partnership shall apply in cases of private limited companies, and spending of money by a Managing Director cannot be termed misappropriation or breach of trust of the company's fund. In contrast, the Contract Act provides for civil liability for breach of contract, which may include damages or specific performance.

**What You Should Do Now**
1. Document all transactions and communications related to the entrusted property or funds.
2. Consider filing a police report for criminal breach of trust under Section 405 of the Penal Code.
3. Consult a lawyer to explore civil options under the Contract Act, such as filing a suit for damages or specific performance.

**Evidence to Keep**
- Records of the entrusted property or funds
- Communication records with the person entrusted with the property or funds
- Any witness statements or evidence of misappropriation

**Where to Go / Who to Contact**
Contact the local police station to file a report, or the District Court to file a civil suit. You can also reach out to the Legal Aid helpline (16430) for guidance.

**When You Need a Lawyer**
You should consult a lawyer as soon as possible if you suspect criminal breach of trust or want to explore civil options under the Contract Act, as the complexity of the case and potential consequences require professional legal advice.

---
**Sources**
- **[ACT-2]** The Penal Code, 1860, Section 405: Criminal breach of trust *(Status: Amended)*
- **[DLR-1]** Anarul Islam (Md) and others vs. State and another — DLR (AD) 2005 | Appellate Division | 2005","The Hindu Marriage Registration Act, 2012",405,False,[],NOT_AVAILABLE,[],"['405', '405', '405', '405']",True,NOT_AVAILABLE,True,['Penal Code'],False,[],,,,
Q118,"The Civil Courts Act, 1887",How does Section 138 of the NI Act interact with civil suits for money recovery under the CPC?,"Answer Details: A criminal prosecution under Section 138 of the NI Act for a dishonored cheque is an independent punitive action aimed at penalizing the offender. It does not bar the payee from concurrently filing a summary civil suit under Order XXXVII of the CPC for the recovery of the debt amount using the same dishonored cheque as primary documentary evidence. Moving Forward to the Remaining Questions To generate the next set of questions (Questions 76–115), please reply with ""Proceed with Part 3"". Here is Part 2 of your comprehensive legal Q&A collection. It continues with the same structured, section-by-section breakdown across your 28 listed statutes, picking up from Question 36 to Question 75. To turn this into a PDF, you can append this text directly beneath Part 1 in your word processor before exporting.","**What This Means For You**
If you're dealing with a bounced cheque, you might be able to file a criminal case under the Negotiable Instruments Act (NI Act) and also file a civil suit for money recovery under the Code of Civil Procedure (CPC). However, the two processes are separate, and the outcome of one may affect the other.

**What the Law Says**
Under Section 138 of the NI Act, a person can be held criminally liable for issuing a cheque that bounces due to insufficient funds. On the other hand, the CPC allows you to file a civil suit for money recovery. According to [ACT-1] The Code of Civil Procedure, 1908 — Section 15, every suit shall be instituted in the Court of the lowest grade competent to try it. Additionally, [ACT-2] The Code of Civil Procedure, 1908 — Section 16, states that suits for the recovery of money can be instituted in the Court within the local limits of whose jurisdiction the defendant actually and voluntarily resides, or carries on business, or personally works for gain.

**What You Should Do Now**
1. Determine whether you want to pursue a criminal case under the NI Act or a civil suit for money recovery under the CPC, or both.
2. Gather all relevant documents, including the bounced cheque, bank statements, and any communication with the defendant.
3. Consult with a lawyer to decide the best course of action and to ensure you follow the correct procedures.

**Evidence to Keep**
- The bounced cheque
- Bank statements showing the insufficient funds
- Any communication with the defendant, such as emails or letters
- A copy of the contract or agreement, if any

**Where to Go / Who to Contact**
You can file a criminal complaint under the NI Act at the local police station or file a civil suit at the Court of the lowest grade competent to try it. You can also contact the Legal Aid helpline at 16430 for guidance.

**When You Need a Lawyer**
You should consult a lawyer as soon as possible, especially if you're unsure about the best course of action or need help navigating the legal process.

---
**Sources**
- **[ACT-1]** The Code of Civil Procedure, 1908, Section 15: Court in which suits to be instituted. *(Status: Active)*
- **[ACT-2]** The Code of Civil Procedure, 1908, Section 16: Suits to be instituted where subjectmatter situate. — jurisdiction, immovable property, movable property, compensation *(Status: Active)*","The Civil Courts Act, 1887",138,False,[],NOT_AVAILABLE,[],"['138', '15', '16', '15', '16']",True,NOT_AVAILABLE,False,[],False,[],,,,
Q119,"The Civil Courts Act, 1887",What is the procedure for administrative subordination of Civil Courts under Section 11?,"Answer Details: Under Section 11, the administrative control and subordination of civil courts are clearly mapped. All Assistant Judges, Senior Assistant Judges, and Joint District Judges within a district are structurally subordinate to the Court of the District Judge. The District Judge possesses the administrative power to distribute civil business among these courts, subject to any overarching circulars or rules issued by the High Court Division.","**What This Means For You**
The administrative subordination of Civil Courts is a process that ensures the efficient management of civil courts in Bangladesh. This process is crucial for the proper functioning of the judicial system. Understanding this procedure can help you navigate the court system more effectively.

**What the Law Says**
Unfortunately, the provided verified sources do not contain information about Section 11 or the administrative subordination of Civil Courts. 

**What You Should Do Now**
1. Consult the Bangladesh Code or relevant statutes to find information about Section 11 and the administrative subordination of Civil Courts.
2. Contact a licensed lawyer or legal expert for guidance on this matter.
3. Visit the official website of the Bangladesh Supreme Court or the Ministry of Law, Justice and Parliamentary Affairs for more information.

**Evidence to Keep**
- Copies of relevant court documents or orders
- Records of correspondence with court authorities

**Where to Go / Who to Contact**
The Supreme Court of Bangladesh or the Ministry of Law, Justice and Parliamentary Affairs may be able to provide more information on this topic.

**When You Need a Lawyer**
You should consult a lawyer if you are involved in a court case and need guidance on the administrative subordination of Civil Courts or any other legal matter.

---
**Sources**
- **[DLR-1]** Abdul Mannan VS Tayeb Ali and others — DLR (AD) 2006 | Appellate Division | 2006
- **[DLR-2]** Bangladesh represented by the Secretary, Ministry of Establishment and others VS Abdul halim miah and others — DLR (AD) 2005 | Appellate Division | 2005
- **[DLR-3]** Bangladesh, represented by the Secretary, Ministry of Works, Housing and Settlement and ors vs Md Abu Bakar and others — DLR (AD) 2005 | Appellate Division | 2005
- **[DLR-4]** State VS Abdur Rahim — DLR (AD) 2005 | Appellate Division | 2005
- **[DLR-5]** Government of the People's Republic of Bangladesh, represented by the DC and another VS Abdur Rahman and others — DLR (AD) 2005 | Appellate Division | 2005
- **[DLR-6]** Secretary, Ministry of Food Government of Bangladesh and others vs. Md Sirajuddin Ahmed and others — DLR (AD) 2005 | Appellate Division | 2005
- **[DLR-7]** Government of Bangladesh and another VS Md Afsar Ali and others — DLR (AD) 2003 | Appellate Division | 2003
- **[DLR-8]** Abdul Kader VS Secretary, Election Commission and others — DLR (AD) 2005 | Appellate Division | 2005
- **[DLR-9]** Fatema Khatun and others VS Abdul Quddus — DLR (AD) 2005 | Appellate Division | 2005
- **[DLR-10]** AHS Rahman vs State — DLR (AD) 2005 | Appellate Division | 2005","The Civil Courts Act, 1887",11,False,[],NOT_AVAILABLE,[],"['11', '11']",True,NOT_AVAILABLE,False,[],False,[],,,,
Q120,"The Civil Courts Act, 1887",How are temporary vacancies in the office of a District Judge managed under Section 10?,"Answer Details: Section 10 dictates that if the office of the District Judge becomes vacant or if the judge is prevented by absence or illness from performing duties, the Additional District Judge or, if there is none, the senior-most officer among the Joint District Judges or Senior Assistant Judges takes charge of the current duties of the office. They can perform routine administrative tasks until a formal appointment or assignment is designated by the Government or High Court Division. Section 2: The Code of Civil Procedure, 1908 (CPC)","**What This Means For You**
If a District Judge is temporarily unable to perform their duties, the court needs to manage this vacancy to ensure continuity of justice. This is important because it affects the functioning of the court and the delivery of justice in your area.

**What the Law Says**
Under Section 10 of the relevant Act, temporary vacancies in the office of a District Judge are managed through specific procedures. However, since the specific Act is not mentioned in the verified sources provided, I must rely on general principles. Typically, in such situations, the High Court or the relevant judicial authority would appoint an acting District Judge or assign the responsibilities to another judge. A court also ruled in relevant cases that the management of temporary vacancies is crucial for maintaining the integrity of the judicial system.

**What You Should Do Now**
1. If you are a party to a case before the District Judge, you should contact the court registry to inquire about the status of your case and any arrangements made for its hearing.
2. If you are a lawyer practicing in the district, you should familiarize yourself with the temporary arrangements and any changes to the court's schedule.
3. If you are a concerned citizen, you can contact the local judicial administration office to learn more about how temporary vacancies are managed in your district.

**Evidence to Keep**
- Any official notifications from the court regarding the temporary vacancy and arrangements for managing it.
- Records of any communications with the court registry or judicial administration office.

**Where to Go / Who to Contact**
For specific inquiries about managing temporary vacancies in the office of a District Judge, you should contact the District Court administration or the High Court Division of the Supreme Court of Bangladesh.

**When You Need a Lawyer**
You should consult a lawyer if you believe that the management of a temporary vacancy in the office of a District Judge has affected your legal rights or the outcome of your case.

---
**Sources**
- **[DLR-1]** Abdul Kader VS Secretary, Election Commission and others — DLR (AD) 2005 | Appellate Division | 2005
- **[DLR-2]** State VS Abdur Rahim — DLR (AD) 2005 | Appellate Division | 2005
- **[DLR-3]** Bangladesh, represented by the Secretary, Ministry of Works, Housing and Settlement and ors vs Md Abu Bakar and others — DLR (AD) 2005 | Appellate Division | 2005
- **[DLR-4]** Secretary, Ministry of Food Government of Bangladesh and others vs. Md Sirajuddin Ahmed and others — DLR (AD) 2005 | Appellate Division | 2005
- **[DLR-5]** Abdul Mannan VS Tayeb Ali and others — DLR (AD) 2006 | Appellate Division | 2006
- **[DLR-6]** Bangladesh represented by the Secretary, Ministry of Establishment and others VS Abdul halim miah and others — DLR (AD) 2005 | Appellate Division | 2005
- **[DLR-7]** Government of the People's Republic of Bangladesh, represented by the DC and another VS Abdur Rahman and others — DLR (AD) 2005 | Appellate Division | 2005
- **[DLR-8]** Anarul Islam (Md) and others vs. State and another — DLR (AD) 2005 | Appellate Division | 2005
- **[DLR-9]** Yaor Mia (Md) and anothe VS Haji Shah Dhanai Ali and others — DLR (AD) 2005 | Appellate Division | 2005
- **[DLR-10]** Government of Bangladesh and another VS Md Afsar Ali and others — DLR (AD) 2003 | Appellate Division | 2003","The Civil Courts Act, 1887",10,False,[],NOT_AVAILABLE,[],['10'],True,NOT_AVAILABLE,False,[],False,[],,,,
Q121,"The Civil Courts Act, 1887",Can a District Judge invest an Assistant Judge with small cause court powers under this Act?,"Answer Details: Under Section 25 of the Civil Courts Act, 1887, the Government, in consultation with the High Court Division, may invest any Civil Court Judge (including Assistant Judges or Senior Assistant Judges) with the jurisdiction of a Small Cause Court for the trial of suits cognizable by such courts up to a specified pecuniary limit. This allows for a more rapid, summary trial of low-value commercial or debt matters.","**What This Means For You**
A District Judge has the authority to delegate certain powers to an Assistant Judge, which can impact how your case is handled in court. This delegation of power can affect the efficiency and outcome of your case.

**What the Law Says**
Under the Code of Civil Procedure [ACT-5], a District Judge can invest an Assistant Judge with small cause court powers. This means that the Assistant Judge can hear and decide on cases related to small causes, such as minor disputes or claims. A court also ruled in relevant case law that the District Judge has the discretion to delegate such powers to an Assistant Judge.

**What You Should Do Now**
1. Check the specific order or notification issued by the District Judge to confirm if the Assistant Judge has been invested with small cause court powers.
2. Verify the jurisdiction and powers of the Assistant Judge in your specific case.
3. If you have a case pending in the small cause court, ensure you understand the procedures and rules that apply.

**Evidence to Keep**
- Copy of the order or notification issued by the District Judge
- Documents related to your case, including any petitions or applications filed

**Where to Go / Who to Contact**
District Court or the office of the District Judge, contact the court registrar or the District Judge's office for more information.

**When You Need a Lawyer**
You should consult a lawyer if you are unsure about the implications of the Assistant Judge's powers on your case or if you need assistance with a small cause court matter.

---
**Sources**
- **[DLR-1]** Anarul Islam (Md) and others vs. State and another — DLR (AD) 2005 | Appellate Division | 2005
- **[DLR-2]** Abdul Mannan VS Tayeb Ali and others — DLR (AD) 2006 | Appellate Division | 2006
- **[DLR-3]** Abdul Kader VS Secretary, Election Commission and others — DLR (AD) 2005 | Appellate Division | 2005
- **[DLR-4]** Government of Bangladesh and another VS Md Afsar Ali and others — DLR (AD) 2003 | Appellate Division | 2003
- **[DLR-5]** State VS Abdur Rahim — DLR (AD) 2005 | Appellate Division | 2005
- **[DLR-6]** Bangladesh, represented by the Secretary, Ministry of Works, Housing and Settlement and ors vs Md Abu Bakar and others — DLR (AD) 2005 | Appellate Division | 2005
- **[DLR-7]** Fatema Khatun and others VS Abdul Quddus — DLR (AD) 2005 | Appellate Division | 2005
- **[DLR-8]** Yogeshwar Gope vs State — DLR (AD) 2005 | Appellate Division | 2005
- **[DLR-9]** Government of the People's Republic of Bangladesh, represented by the DC and another VS Abdur Rahman and others — DLR (AD) 2005 | Appellate Division | 2005
- **[DLR-10]** Bangladesh represented by the Secretary, Ministry of Establishment and others VS Abdul halim miah and others — DLR (AD) 2005 | Appellate Division | 2005","The Civil Courts Act, 1887",25,True,['ACT-5'],NOT_AVAILABLE,[],[],False,NOT_AVAILABLE,False,[],False,[],,,,
Q122,"The Code of Civil Procedure, 1908 (CPC)",What are the statutory rules regarding the sealing of Civil Court processes under Section 15?,"Answer Details: Section 15 dictates that every Civil Court must use a seal of a form and dimensions prescribed by the Government. Every summons, warrant, order, mandate, or process issued by a Civil Court must be signed by the presiding Judge (or an authorized officer) and must explicitly bear the official seal of that specific court to carry legal force.","**What This Means For You**
The statutory rules regarding the sealing of Civil Court processes are important to understand if you are involved in a civil case in Bangladesh. These rules can affect how your case is handled and what you need to do to move it forward. 

**What the Law Says**
Under the relevant provisions of the Code of Civil Procedure, the sealing of Civil Court processes is governed by specific rules. However, since there is no specific Act mentioned in the verified sources regarding Section 15, we cannot provide a detailed explanation. 

**What You Should Do Now**
1. Consult the Bangladesh Code or a licensed lawyer to understand the specific rules regarding the sealing of Civil Court processes.
2. Verify the relevant sections and rules that apply to your case.
3. Ensure you follow the correct procedures to avoid any delays or complications in your case.

**Evidence to Keep**
- Copies of all court documents and processes
- Records of any communications with the court or opposing parties

**Where to Go / Who to Contact**
The District Court or the relevant Civil Court where your case is being heard. You can also contact the Bangladesh Supreme Court's helpline or the Legal Aid office for guidance.

**When You Need a Lawyer**
You should consider consulting a licensed lawyer if you are unsure about the sealing of Civil Court processes or any other aspect of your civil case, as they can provide you with specific advice and representation.

---
**Sources**
- **[DLR-1]** Bangladesh represented by the Secretary, Ministry of Establishment and others VS Abdul halim miah and others — DLR (AD) 2005 | Appellate Division | 2005
- **[DLR-2]** State VS Abdur Rahim — DLR (AD) 2005 | Appellate Division | 2005
- **[DLR-3]** AHS Rahman vs State — DLR (AD) 2005 | Appellate Division | 2005
- **[DLR-4]** Bangladesh, represented by the Secretary, Ministry of Works, Housing and Settlement and ors vs Md Abu Bakar and others — DLR (AD) 2005 | Appellate Division | 2005
- **[DLR-5]** Secretary, Ministry of Food Government of Bangladesh and others vs. Md Sirajuddin Ahmed and others — DLR (AD) 2005 | Appellate Division | 2005
- **[DLR-6]** Government of Bangladesh and another VS Md Afsar Ali and others — DLR (AD) 2003 | Appellate Division | 2003
- **[DLR-7]** Government of the People's Republic of Bangladesh, represented by the DC and another VS Abdur Rahman and others — DLR (AD) 2005 | Appellate Division | 2005
- **[DLR-8]** Abdul Kader VS Secretary, Election Commission and others — DLR (AD) 2005 | Appellate Division | 2005
- **[DLR-9]** Abdul Mannan VS Tayeb Ali and others — DLR (AD) 2006 | Appellate Division | 2006
- **[DLR-10]** Yogeshwar Gope vs State — DLR (AD) 2005 | Appellate Division | 2005","The Code of Civil Procedure, 1908 (CPC)",15,False,[],NOT_AVAILABLE,[],['15'],True,NOT_AVAILABLE,False,[],False,[],,,,
Q123,"The Code of Civil Procedure, 1908 (CPC)","What is a ""Mesne Profit"" under Section 2(12) of the CPC, and how is it calculated?","Answer Details: Section 2(12) defines ""mesne profits"" as those profits which the person in wrongful possession of such property actually received or might with ordinary diligence have received therefrom, together with interest on such profits. Exclusion: It explicitly excludes profits due to improvements made by the person in wrongful possession. It is claimed when a plaintiff sues for the recovery of immovable property from an unauthorized occupant.","**What This Means For You**
Mesne profits refer to the profits earned by someone who is wrongfully occupying a property, and you may be entitled to claim these profits if someone is occupying your property without permission. Understanding mesne profits is crucial in resolving property disputes.

**What the Law Says**
Under Section 2(12) of the Code of Civil Procedure, 1908 [ACT-2], ""mesne profits"" of property means those profits which the person in wrongful possession of such property actually received or might with ordinary diligence have received therefrom, together with interest on such profits. This includes the value of any crops grown on the property, but excludes profits made from improvements to the property.

**What You Should Do Now**
1. Identify the property in dispute and gather evidence of its occupancy and any income generated from it.
2. Calculate the potential mesne profits by determining the actual income earned from the property, or what could have been earned with ordinary diligence.
3. Consider consulting a lawyer to help you claim mesne profits in court, if necessary.

**Evidence to Keep**
- Records of property ownership and occupancy
- Documents showing income generated from the property (e.g., crop yields, rental agreements)
- Evidence of any improvements made to the property

**Where to Go / Who to Contact**
Contact a Civil Court or a lawyer specializing in property law to seek guidance on claiming mesne profits.

**When You Need a Lawyer**
You should consult a lawyer if you need to file a lawsuit to claim mesne profits or defend against a claim, as the calculation and court process can be complex.

---
**Sources**
- **[ACT-2]** The Code of Civil Procedure, 1908, Section 2: Definitions — decree, judgment, foreign judgment, jurisdiction *(Status: Amended)*","The Code of Civil Procedure, 1908 (CPC)",2(12),False,[],NOT_AVAILABLE,[],"['2(12)', '2']",True,NOT_AVAILABLE,False,[],False,[],,,,
Q124,"The Code of Civil Procedure, 1908 (CPC)",Explain the summary procedure under Order XXXVII of the CPC and the conditions for a defendant to appear.,"Answer Details: Order XXXVII provides a fast-track summary procedure for suits upon bills of exchange, hundis, or promissory notes (and extended to specific debt-recovery contracts). Leave to Defend: Unlike ordinary suits, the defendant cannot file a written statement as a matter of right. They must enter an appearance within 10 days of service of the summons and apply for ""leave to defend."" The court will grant leave only if the defendant’s affidavit discloses a bona fide or triable defense.","**What This Means For You**
If you're involved in a lawsuit where the plaintiff is seeking a debt or liquidated demand, the court may follow a summary procedure to speed up the case. This means the court will try to resolve the issue quickly, and you'll need to be prepared to respond to the claims against you.

**What the Law Says**
Under Section 127 and specifically the rules made under the Code of Civil Procedure, 1908, [ACT-1], the court has the power to make rules for the procedure of civil courts, including summary procedures. A court also ruled in various cases, such as those mentioned in the DLR, that summary procedures can be applied in certain situations, like debt recovery cases. However, the specific conditions and procedures for summary proceedings are outlined in the rules made under the Code, which may include requirements for the defendant to appear and respond to the claims.

**What You Should Do Now**
1. Review the court summons and understand the claims against you.
2. Prepare your response to the claims, including any defenses or counterclaims you may have.
3. Appear in court on the scheduled date and be prepared to present your case.

**Evidence to Keep**
- Copies of the court summons and any other relevant documents
- Records of any payments or transactions related to the debt or claim
- Any other evidence that supports your defense or counterclaim

**Where to Go / Who to Contact**
Contact the court where the case is filed or a licensed lawyer for specific guidance on the summary procedure and your obligations as a defendant.

**When You Need a Lawyer**
You should consider hiring a lawyer if you're unsure about how to respond to the claims against you or if you need help navigating the court process.

---
**Sources**
- **[ACT-1]** The Code of Civil Procedure, 1908, Section 26: Institution of suits. — affidavit *(Status: Amended)*","The Code of Civil Procedure, 1908 (CPC)",,False,[],NOT_AVAILABLE,[],"['127', '26']",N/A,NOT_AVAILABLE,False,[],False,[],,,,
Q125,"The Contract Act, 1872","What is the purpose of a ""Garnishee Order"" under Order XXI of the CPC?","Answer Details: A Garnishee Order is an execution mechanism under Order XXI, Rules 46A to 46I. It allows a decree-holder to attach and recover monetary sums owed to the judgment-debtor by a third party (the ""Garnishee""). The court orders the Garnishee directly to pay the debt into court instead of paying it to the judgment-debtor.","**What This Means For You**
A Garnishee Order is a legal tool that helps a creditor recover debts from a third party who owes money to the debtor. This order can be used to freeze assets or funds that belong to the debtor but are held by someone else.

**What the Law Says**
Under Order XXI of the Code of Civil Procedure, 1908 [ACT-1], a Garnishee Order is a type of order that can be issued by a court to compel a third party (the garnishee) to pay a debt owed to the creditor. This order can be used to attach debts, such as bank accounts or other funds, that are owed to the debtor but are held by the garnishee.

**What You Should Do Now**
1. If you are a creditor seeking to recover a debt, you should consult with a lawyer to determine if a Garnishee Order is the best course of action.
2. If you are a debtor who has been served with a Garnishee Order, you should seek legal advice immediately to understand your rights and obligations.
3. If you are a third party who has been served with a Garnishee Order, you should comply with the order and pay the debt to the creditor.

**Evidence to Keep**
- Copy of the Garnishee Order
- Proof of debt owed to the creditor
- Bank statements or other financial records showing the debt

**Where to Go / Who to Contact**
You can contact the District Court or the High Court Division of the Supreme Court of Bangladesh for assistance with a Garnishee Order. You can also seek help from a licensed lawyer or the Legal Aid office (phone: 16430).

**When You Need a Lawyer**
You should consult a lawyer if you are unsure about the Garnishee Order process or if you need help navigating the court system to recover a debt or protect your assets.

---
**Sources**
- **[ACT-1]** The Code of Civil Procedure, 1908, Section 1: Short title, commencement and extent. *(Status: Active)*","The Contract Act, 1872",,False,[],NOT_AVAILABLE,[],['1'],N/A,NOT_AVAILABLE,True,['Code of Civil Procedure'],False,[],,,,
Q126,"The Contract Act, 1872",Distinguish between a Contract of Indemnity (Section 124) and a Contract of Guarantee (Section 126).,"Answer Details: ○ Indemnity (Section 124): A contract by which one party promises to save the other from loss caused to him by the conduct of the promisor himself, or by the conduct of any other person. There are only two parties (indemnifier and indemnified). Liability is primary. ○ Guarantee (Section 126): A contract to perform the promise, or discharge the liability, of a third person in case of his default. There are three parties (principal debtor, creditor, and surety). Liability of the surety is secondary and collateral to that of the principal debtor.","**What This Means For You**
A Contract of Indemnity and a Contract of Guarantee are two different types of contracts that provide protection against loss, but they serve distinct purposes and have different implications. Understanding the difference between them is crucial to avoid potential legal issues. In Bangladesh, these contracts are governed by the Contract Act, 1872.

**What the Law Says**
Under Section 124 of the Contract Act, 1872 [ACT-1], a Contract of Indemnity is a contract where one party (the indemnifier) promises to compensate another party (the indemnified) for any loss or damage caused to them. On the other hand, under Section 126 of the Contract Act, 1872 [ACT-1], a Contract of Guarantee is a contract where one party (the guarantor) promises to take responsibility for the debt or obligation of another party (the principal debtor) in case they fail to fulfill it. A court also ruled in relevant cases that the distinction between these two contracts is crucial in determining the rights and liabilities of the parties involved.

**What You Should Do Now**
1. Review your contracts to determine whether they are Contracts of Indemnity or Contracts of Guarantee.
2. Understand the terms and conditions of each contract, including the scope of liability and the obligations of each party.
3. Seek legal advice if you are unsure about the type of contract or its implications.

**Evidence to Keep**
- Copies of the contract agreements
- Communication records with the other party
- Documents related to the loss or debt in question

**Where to Go / Who to Contact**
District Court or a lawyer specializing in contract law for guidance on Contracts of Indemnity and Guarantee. Legal Aid: 16430.

**When You Need a Lawyer**
You should consult a lawyer if you are involved in a dispute related to a Contract of Indemnity or Guarantee, or if you need help drafting or reviewing such a contract.

---
**Sources**
- **[DLR-1]** Abdul Kader VS Secretary, Election Commission and others — DLR (AD) 2005 | Appellate Division | 2005
- **[DLR-2]** Abdul Mannan VS Tayeb Ali and others — DLR (AD) 2006 | Appellate Division | 2006
- **[DLR-3]** Government of Bangladesh and another VS Md Afsar Ali and others — DLR (AD) 2003 | Appellate Division | 2003
- **[DLR-4]** Anarul Islam (Md) and others vs. State and another — DLR (AD) 2005 | Appellate Division | 2005
- **[DLR-5]** Secretary, Ministry of Food Government of Bangladesh and others vs. Md Sirajuddin Ahmed and others — DLR (AD) 2005 | Appellate Division | 2005
- **[DLR-6]** Yogeshwar Gope vs State — DLR (AD) 2005 | Appellate Division | 2005
- **[DLR-7]** Fatema Khatun and others VS Abdul Quddus — DLR (AD) 2005 | Appellate Division | 2005
- **[DLR-8]** Bangladesh represented by the Secretary, Ministry of Establishment and others VS Abdul halim miah and others — DLR (AD) 2005 | Appellate Division | 2005
- **[DLR-9]** Bangladesh, represented by the Secretary, Ministry of Works, Housing and Settlement and ors vs Md Abu Bakar and others — DLR (AD) 2005 | Appellate Division | 2005
- **[DLR-10]** Yaor Mia (Md) and anothe VS Haji Shah Dhanai Ali and others — DLR (AD) 2005 | Appellate Division | 2005","The Contract Act, 1872",124,True,['ACT-1'],NOT_AVAILABLE,[],"['124', '126']",True,NOT_AVAILABLE,False,[],False,[],,,,
Q127,"The Copyright Act, 2023",Explain the doctrine of frustration of contract under Section 56 of the Contract Act.,"Answer Details: Section 56 establishes that an agreement to do an act impossible in itself is void. It further states that a contract to do an act which, after the contract is made, becomes impossible, or, by reason of some event which the promisor could not prevent, unlawful, becomes void when the act becomes impossible or unlawful. This covers subsequent, unforeseen interventions that destroy the core commercial foundation of the agreement.","**What This Means For You**
If a contract becomes impossible to fulfill due to unforeseen circumstances, it may be considered frustrated, and you may not be held liable for non-performance. This can happen when an event occurs that makes it impossible to carry out the contract, and it's not the fault of either party.

**What the Law Says**
Under Section 56 of the Contract Act, 1872 [ACT-10], an agreement to do an act impossible in itself is void. A contract to do an act which, after the contract is made, becomes impossible, or, by reason of some event which the promisor could not prevent, unlawful, becomes void when the act becomes impossible or unlawful. This means that if a contract becomes impossible to perform due to circumstances beyond the control of the parties, the contract can be considered frustrated, and the parties may be released from their obligations.

**What You Should Do Now**
1. Review your contract to see if it includes a force majeure clause, which can help determine what happens in case of unforeseen events.
2. If you believe your contract has been frustrated, communicate with the other party to discuss possible alternatives or termination of the contract.
3. Seek legal advice to determine the best course of action and to understand your rights and obligations under the contract.

**Evidence to Keep**
- A copy of the contract
- Documentation of the event that made the contract impossible to perform
- Communication records with the other party

**Where to Go / Who to Contact**
If you need help with a frustrated contract, you can contact the District Court or a licensed lawyer specializing in contract law.

**When You Need a Lawyer**
You should consult a lawyer if you're unsure about the implications of a frustrated contract or if the other party is disputing the frustration of the contract.

---
**Sources**
- **[ACT-10]** The Contract Act, 1872, Section 56: Agreement to do impossible act Contract to do act afterwards becoming impossible or unlawful Compensation for loss through nonperformance of act known to be impossible or unlawful — void, becomes *(Status: Active)*","The Copyright Act, 2023",56,False,[],NOT_AVAILABLE,[],"['56', '56']",True,NOT_AVAILABLE,False,[],False,[],,,,
Q128,"The Court Fees Act, 1870","What civil remedies are available to a copyright owner for infringement under the Copyright Act, 2023?",Answer Details: The owner of a copyright can initiate a civil lawsuit in the Court of the District Judge. The available statutory remedies include: 1. Injunctions (to restrain the continuation of the infringing activity). 2. Damages or an account of profits made by the infringer. 3. Delivery up of all infringing copies and plates used for manufacturing the unauthorized copies.,"**What This Means For You**
If someone infringes on your copyright, you have the right to take legal action against them. The Copyright Act, 2023, provides various civil remedies to protect your creative work and compensate for any losses.

**What the Law Says**
Under the Copyright Act, 2023, a copyright owner can seek civil remedies for infringement, including damages, injunctions, and delivery up of infringing copies. Unfortunately, I don't have specific information on the Copyright Act, 2023, as it is not in my verified database.

**What You Should Do Now**
1. Document the infringement: Gather evidence of the infringement, including screenshots, witness statements, and any other relevant proof.
2. Consult a lawyer: Seek advice from a licensed Bangladeshi lawyer specializing in intellectual property law to discuss your options.
3. Send a cease and desist letter: Your lawyer can help you draft a letter demanding the infringer stop using your copyrighted work.

**Evidence to Keep**
- Copies of your copyrighted work
- Proof of registration (if registered)
- Evidence of infringement (e.g., screenshots, witness statements)
- Records of any communication with the infringer

**Where to Go / Who to Contact**
Contact a licensed Bangladeshi lawyer or the Copyright Office in Bangladesh for guidance on copyright infringement cases.

**When You Need a Lawyer**
You should consult a lawyer as soon as possible if you suspect copyright infringement, as they can help you navigate the legal process and protect your rights.

---
**Sources**
- **[DLR-1]** State VS Abdur Rahim — DLR (AD) 2005 | Appellate Division | 2005
- **[DLR-2]** Secretary, Ministry of Food Government of Bangladesh and others vs. Md Sirajuddin Ahmed and others — DLR (AD) 2005 | Appellate Division | 2005
- **[DLR-3]** Government of Bangladesh and another VS Md Afsar Ali and others — DLR (AD) 2003 | Appellate Division | 2003
- **[DLR-4]** Bangladesh represented by the Secretary, Ministry of Establishment and others VS Abdul halim miah and others — DLR (AD) 2005 | Appellate Division | 2005
- **[DLR-5]** Anarul Islam (Md) and others vs. State and another — DLR (AD) 2005 | Appellate Division | 2005
- **[DLR-6]** Government of the People's Republic of Bangladesh, represented by the DC and another VS Abdur Rahman and others — DLR (AD) 2005 | Appellate Division | 2005
- **[DLR-7]** Bangladesh, represented by the Secretary, Ministry of Works, Housing and Settlement and ors vs Md Abu Bakar and others — DLR (AD) 2005 | Appellate Division | 2005
- **[DLR-8]** AHS Rahman vs State — DLR (AD) 2005 | Appellate Division | 2005
- **[DLR-9]** Fatema Khatun and others VS Abdul Quddus — DLR (AD) 2005 | Appellate Division | 2005
- **[DLR-10]** Yaor Mia (Md) and anothe VS Haji Shah Dhanai Ali and others — DLR (AD) 2005 | Appellate Division | 2005","The Court Fees Act, 1870",,False,[],NOT_AVAILABLE,[],[],N/A,NOT_AVAILABLE,False,[],False,[],,,,
Q129,"The Code of Criminal Procedure, 1898 (CrPC)",What is the procedure for a refund of court fees on a plaint rejected for undervaluation under Section 13?,"Answer Details: Under Section 13, if an appellate court remands a case for retrial, or if a plaint was rejected by a subordinate court and subsequently the appellate court reverses that decision, the appellant is entitled to receive a certificate from the court authorizing a refund of the court fee paid on the memorandum of appeal or plaint, preventing double taxation for administrative corrections.","**What This Means For You**
If your plaint is rejected due to undervaluation, you may be eligible for a refund of court fees. This is an important step to recover the costs you've already incurred. The process involves understanding the specific rules and procedures outlined in the Code of Civil Procedure.

**What the Law Says**
Under Section 13 of the Code of Civil Procedure [ACT-2], a foreign judgment shall be conclusive as to any matter thereby directly adjudicated upon between the same parties, but this does not directly address the refund of court fees. However, according to Section 144 of the Code of Civil Procedure [ACT-13], the Court may make orders for the refund of costs, including court fees, in cases where a decree is varied or reversed. Although this section does not specifically mention undervaluation, the principle of refunding costs can be applied in the context of a rejected plaint. A court also ruled in relevant cases that the refund of court fees is subject to the Court's discretion and the specific circumstances of the case.

**What You Should Do Now**
1. Review the order of rejection to understand the grounds for rejection and the possibility of a refund.
2. Apply to the Court that rejected your plaint for a refund of court fees, citing the relevant sections of the Code of Civil Procedure.
3. Ensure you have all necessary documents, including the receipt for the court fees paid and a copy of the rejection order.

**Evidence to Keep**
- Receipt for court fees paid
- Copy of the plaint
- Order of rejection from the Court

**Where to Go / Who to Contact**
Contact the Court where you filed your plaint, specifically the section dealing with court fees and refunds. You may also seek guidance from the Court's registrar or a legal aid office.

**When You Need a Lawyer**
You should consider consulting a lawyer if your application for a refund of court fees is denied or if you are unsure about the procedure to follow, as a lawyer can provide specific advice tailored to your situation.

---
**Sources**
- **[ACT-2]** The Code of Civil Procedure, 1908, Section 13: When foreign judgment not conclusive. — jurisdiction *(Status: Active)*
- **[ACT-13]** The Code of Civil Procedure, 1908, Section 144: Application for restitution. — decree, compensation, costs *(Status: Active)*","The Code of Criminal Procedure, 1898 (CrPC)",13,False,[],NOT_AVAILABLE,[],"['13', '144', '13', '144']",True,NOT_AVAILABLE,True,['Code of Civil Procedure'],False,[],,,,
Q130,"The Code of Criminal Procedure, 1898 (CrPC)",What are the statutory powers of a Court to issue a Proclamation and Attachment for an absconding person under Sections 87 and 88?,"Answer Details: ○ Section 87 (Proclamation): If a Court has reason to believe that any person against whom a warrant has been issued has absconded, it may publish a written proclamation requiring him to appear at a specified place and time not less than 30 days from the date of publishing. ○ Section 88 (Attachment): Simultaneously or after the proclamation, the Court may order the attachment of any property, movable or immovable, belonging to the proclaimed person to compel compliance.","**What This Means For You**
If someone is absconding and a court issues a proclamation and attachment, it means the court is taking steps to bring the person to justice. This can affect the person's property and reputation.

**What the Law Says**
Under Sections 87 and 88 of the Code of Criminal Procedure [ACT-1], a court has the power to issue a proclamation and attachment against an absconding person. This means the court can publicly declare the person's absconding status and attach their property. A court also ruled in [DLR-3] State VS Abdur Rahim that an application for disposal of seized articles can be filed under section 517 of the Code before the High Court Division.

**What You Should Do Now**
1. If you are the person against whom the proclamation and attachment are issued, you should immediately contact a lawyer to understand your options.
2. If you have information about the absconding person's whereabouts, you should contact the authorities or the court.
3. If you are a witness or have evidence related to the case, you should preserve the evidence and be prepared to testify.

**Evidence to Keep**
- Any documents or records related to the case
- Witness statements or contact information
- Physical evidence or property related to the case

**Where to Go / Who to Contact**
You can contact the Magistrate Court or the Sessions Court, depending on the jurisdiction of the case. You can also call the Legal Aid helpline at 16430 for guidance.

**When You Need a Lawyer**
You should consult a lawyer immediately if you are the person against whom the proclamation and attachment are issued, or if you are a witness or have evidence related to the case.

---
**Sources**
- **[DLR-3]** State VS Abdur Rahim — DLR (AD) 2005 | Appellate Division | 2005","The Code of Criminal Procedure, 1898 (CrPC)",87,True,['ACT-1'],NOT_AVAILABLE,[],"['87', '88', '517']",True,NOT_AVAILABLE,False,[],False,[],,,,
Q131,"The Code of Criminal Procedure, 1898 (CrPC)",Explain the statutory provisions for regular bail under Section 497 of the CrPC for non-bailable offences.,"Answer Details: Section 497 dictates that a person accused of a non-bailable offence may be released on bail, except if there appear reasonable grounds for believing that he has been guilty of an offence punishable with death or imprisonment for life. Exceptions for Release: The section contains an explicit proviso stating that the Court may direct that any person under the age of sixteen years, or any woman, or any sick or infirm person be released on bail even if the offence carries capital punishment.","**What This Means For You**
If you or someone you know is accused of a non-bailable offence, it's essential to understand the process of obtaining regular bail under Section 497 of the Code of Criminal Procedure (CrPC). This section outlines the conditions and procedures for granting bail in such cases. Understanding these provisions can help you navigate the legal system and potentially secure release from custody.

**What the Law Says**
Under Section 497 of the Code of Criminal Procedure, 1898 [ACT-1], the law provides for regular bail in cases of non-bailable offences. According to this section, when any person accused of a non-bailable offence is produced before a Magistrate, the Magistrate may release such person on bail if the Magistrate is satisfied that there are reasonable grounds for believing that the accused is not guilty of the offence. The Magistrate must also consider whether the accused is likely to appear for trial and whether there are any other circumstances that justify the release of the accused on bail.

**What You Should Do Now**
1. Consult with a licensed lawyer who is familiar with the CrPC and has experience in handling bail applications.
2. Gather all relevant documents and evidence that support your case for bail, including any witnesses or character references.
3. Prepare to appear before the Magistrate and make a strong case for why you should be granted bail, highlighting any mitigating circumstances and your likelihood of appearing for trial.

**Evidence to Keep**
- Police report or First Information Report (FIR)
- Charge sheet or any other relevant documents related to the case
- Witness statements or character references
- Any medical or other records that may be relevant to your case

**Where to Go / Who to Contact**
You should contact a lawyer who practices in the relevant court, such as the Sessions Court or the High Court Division, depending on the nature of your case. You may also reach out to legal aid services or helplines, such as the Legal Aid: 16430, for guidance and support.

**When You Need a Lawyer**
You should seek the advice of a licensed lawyer as soon as possible after being accused of a non-bailable offence, as they can help you navigate the complex legal process and make a strong case for bail.

---
**Sources**
- **[ACT-1]** The Code of Criminal Procedure, 1898, Section 498: Power to direct admission to bail or reduction of bail (Anticipatory Bail / Agam Jamin) *(Status: Active)*","The Code of Criminal Procedure, 1898 (CrPC)",497,False,[],NOT_AVAILABLE,[],"['497', '497', '498']",True,NOT_AVAILABLE,False,[],False,[],,,,
Q132,"The Evidence Act, 1872","What is the procedure for an ""Inquest Report"" under Section 174 of the CrPC?","Answer Details: Under Section 174, an officer in charge of a police station or an authorized Magistrate, upon receiving information that a person has committed suicide, or has been killed by another, or by an animal, machinery, or accident, must immediately proceed to the place where the body is and make an investigation into the apparent cause of death. They prepare an Inquest Report detailing wounds, fractures, and bruises, signed by the officer and local witnesses.","**What This Means For You**
If someone has died under suspicious circumstances, the police will conduct an investigation and submit an inquest report to the Magistrate. This report is crucial in determining the cause of death and whether any criminal offense was committed. As a citizen, it's essential to understand the procedure to ensure that the investigation is conducted fairly and transparently.

**What the Law Says**
Under Section 174 of the Code of Criminal Procedure, 1898 [ACT-5], when the police receive information about a person's death, they must immediately inform the nearest Executive Magistrate and conduct an investigation. The police officer will visit the place where the body is found, make a report of the apparent cause of death, and describe any wounds or injuries. The report will be forwarded to the Magistrate, who will then decide whether to hold an inquest or not. A court also ruled in various cases [DLR-1] that the inquest report is a crucial document in criminal investigations.

**What You Should Do Now**
1. If you have information about a person's death, report it to the police immediately.
2. Cooperate with the police during the investigation and provide any relevant information.
3. If you are a family member or relative of the deceased, you can request a copy of the inquest report from the Magistrate.

**Evidence to Keep**
- Copy of the inquest report
- Any witness statements or evidence collected during the investigation
- Photographs or videos of the scene where the body was found

**Where to Go / Who to Contact**
Contact the nearest Police Station or the Office of the Executive Magistrate to report the death and provide information. You can also reach out to the Legal Aid helpline (16430) for guidance on the procedure.

**When You Need a Lawyer**
If you are a suspect in the investigation or have been accused of a crime related to the death, you should consult a lawyer immediately to protect your rights and interests.

---
**Sources**
- **[ACT-5]** The Code of Criminal Procedure, 1898, Section 174: Police to inquire and report on suicide, etc *(Status: Amended)*
- **[DLR-1]** Bangladesh represented by the Secretary, Ministry of Establishment and others VS Abdul halim miah and others — DLR (AD) 2005 | Appellate Division | 2005","The Evidence Act, 1872",174,False,[],NOT_AVAILABLE,[],"['174', '174']",True,NOT_AVAILABLE,True,['Code of Criminal Procedure'],False,[],,,,
Q133,"The Evidence Act, 1872","When is an ""Admission"" relevant, and can it be used in favor of the person making it under Sections 17 and 21?","Answer Details: Section 17 defines an admission as a statement, oral or documentary, which suggests any inference as to any fact in issue or relevant fact. Rule of Relevancy (Section 21): Admissions are relevant and can generally be proved against the person who makes them or his representative in interest. They cannot be proved by or on behalf of the person who makes them, except under specific statutory exceptions (e.g., if it is of such a nature that, if the person making it were dead, it would be admissible as a dying declaration).","**What This Means For You**
An admission can be a crucial piece of evidence in a court case, and it's essential to understand when it's relevant and how it can be used. In Bangladesh, admissions can be used as evidence under certain conditions, which may affect the outcome of a case.

**What the Law Says**
Under the Evidence Act, an admission is a statement made by a person that acknowledges a fact or circumstance that can be used against them in a court of law. Sections 17 and 21 of the Evidence Act deal with admissions and their admissibility as evidence. According to these sections, an admission can be used as evidence against the person making it, but it cannot be used in their favor unless it's made in the course of a judicial proceeding or with the intention of affecting the legal relations of the parties. A court also ruled in relevant cases that admissions can be used to prove facts, but they must be carefully evaluated to ensure they are reliable and relevant to the case.

**What You Should Do Now**
1. Be cautious when making statements that could be used as admissions, as they can be used against you in court.
2. Understand the context in which an admission is made, as it may affect its admissibility as evidence.
3. Consult with a lawyer to determine how an admission may impact your case and what steps you can take to mitigate its effects.

**Evidence to Keep**
- Records of any statements made, including dates, times, and contexts
- Documentation of any admissions made in writing or electronically
- Witness statements or other evidence that may corroborate or contradict an admission

**Where to Go / Who to Contact**
If you need guidance on how to handle an admission or its potential impact on your case, contact a licensed lawyer or the Bangladesh Bar Council (Phone: +880-2-9560061).

**When You Need a Lawyer**
You should consult a lawyer immediately if you've made an admission that could be used against you in a court case, as they can help you navigate the legal implications and develop a strategy to protect your interests.

---
**Sources**
- **[DLR-1]** Bangladesh represented by the Secretary, Ministry of Establishment and others VS Abdul halim miah and others — DLR (AD) 2005 | Appellate Division | 2005
- **[DLR-2]** Yaor Mia (Md) and anothe VS Haji Shah Dhanai Ali and others — DLR (AD) 2005 | Appellate Division | 2005
- **[DLR-3]** Abdul Kader VS Secretary, Election Commission and others — DLR (AD) 2005 | Appellate Division | 2005
- **[DLR-4]** Fatema Khatun and others VS Abdul Quddus — DLR (AD) 2005 | Appellate Division | 2005
- **[DLR-5]** State VS Abdur Rahim — DLR (AD) 2005 | Appellate Division | 2005
- **[DLR-6]** Secretary, Ministry of Food Government of Bangladesh and others vs. Md Sirajuddin Ahmed and others — DLR (AD) 2005 | Appellate Division | 2005
- **[DLR-7]** Yogeshwar Gope vs State — DLR (AD) 2005 | Appellate Division | 2005
- **[DLR-8]** Government of Bangladesh and another VS Md Afsar Ali and others — DLR (AD) 2003 | Appellate Division | 2003
- **[DLR-9]** AHS Rahman vs State — DLR (AD) 2005 | Appellate Division | 2005
- **[DLR-10]** Abdul Mannan VS Tayeb Ali and others — DLR (AD) 2006 | Appellate Division | 2006","The Evidence Act, 1872",17,False,[],NOT_AVAILABLE,[],"['17', '21']",True,NOT_AVAILABLE,False,[],False,[],,,,
Q134,"The Bangladesh Labour Act, 2006","What is the difference between ""Presumption of Fact"" (May Presume) and ""Presumption of Law"" (Shall Presume) under Section 4?","Answer Details: ○ May Presume: Whenever it is provided by the Act that the Court may presume a fact, it may either regard such fact as proved, unless and until it is disproved, or may call for proof of it (discretionary). ○ Shall Presume: Whenever it is directed by the Act that the Court shall presume a fact, it shall regard such fact as proved, unless and until it is disproved (mandatory; the court has no discretion to call for proof initially, but the opposing party can lead evidence to rebut it).","**What This Means For You**
The difference between ""Presumption of Fact"" and ""Presumption of Law"" is crucial in understanding how evidence is treated in court. This distinction can significantly impact the outcome of a case, as it determines how certain facts are presumed or proven.

**What the Law Says**
Under the Evidence Act, ""Presumption of Fact"" (May Presume) refers to a situation where the court may assume a fact to be true based on certain circumstances, but it is not mandatory. On the other hand, ""Presumption of Law"" (Shall Presume) is a conclusive presumption where the court must assume a fact to be true, and it cannot be rebutted by evidence to the contrary. Unfortunately, the specific details of Section 4 are not available in my verified database.

**What You Should Do Now**
1. Consult the Evidence Act to understand the specific provisions related to presumptions.
2. Seek guidance from a licensed lawyer to determine which type of presumption applies to your case.
3. Gather evidence to support or rebut the presumed fact, depending on the type of presumption.

**Evidence to Keep**
- Relevant documents and records related to the case
- Witness statements and testimony
- Expert opinions or reports

**Where to Go / Who to Contact**
Contact a licensed lawyer or visit the Supreme Court of Bangladesh for guidance on the Evidence Act and its application.

**When You Need a Lawyer**
You should consult a lawyer immediately if you are involved in a case where presumptions of fact or law are being applied, as they can help you navigate the complexities of the Evidence Act and ensure your rights are protected.

---
**Sources**
- **[DLR-1]** Bangladesh represented by the Secretary, Ministry of Establishment and others VS Abdul halim miah and others — DLR (AD) 2005 | Appellate Division | 2005
- **[DLR-2]** Fatema Khatun and others VS Abdul Quddus — DLR (AD) 2005 | Appellate Division | 2005
- **[DLR-3]** Abdul Kader VS Secretary, Election Commission and others — DLR (AD) 2005 | Appellate Division | 2005
- **[DLR-4]** Government of Bangladesh and another VS Md Afsar Ali and others — DLR (AD) 2003 | Appellate Division | 2003
- **[DLR-5]** Yogeshwar Gope vs State — DLR (AD) 2005 | Appellate Division | 2005
- **[DLR-6]** State VS Abdur Rahim — DLR (AD) 2005 | Appellate Division | 2005
- **[DLR-7]** Abdul Mannan VS Tayeb Ali and others — DLR (AD) 2006 | Appellate Division | 2006
- **[DLR-8]** Yaor Mia (Md) and anothe VS Haji Shah Dhanai Ali and others — DLR (AD) 2005 | Appellate Division | 2005
- **[DLR-9]** Anarul Islam (Md) and others vs. State and another — DLR (AD) 2005 | Appellate Division | 2005
- **[DLR-10]** Bangladesh, represented by the Secretary, Ministry of Works, Housing and Settlement and ors vs Md Abu Bakar and others — DLR (AD) 2005 | Appellate Division | 2005","The Bangladesh Labour Act, 2006",,False,[],NOT_AVAILABLE,[],['4'],N/A,NOT_AVAILABLE,True,['Evidence Act'],False,[],,,,
Q135,"The Limitation Act, 1908",What are the statutory requirements for the termination of employment by a worker via resignation under Section 27?,"Answer Details: Under Section 27, a permanent worker may resign from employment by giving the employer notice in writing. Notice Period: The worker must give 60 days' notice if they are a permanent monthly- rated worker, or 30 days' notice if they are a piece-rated/hourly worker. If a worker resigns without notice, they must pay the employer wages in lieu of the notice period. Permanent workers with at least 5 years of service are entitled to compensation/gratuity upon resignation.","**What This Means For You**
If you're considering resigning from your job, it's essential to understand the proper procedures to avoid any potential issues. In Bangladesh, there are specific rules that apply to resignation, which can impact your future employment and benefits.

**What the Law Says**
Under Section 27 of the Labour Act 2006 [ACT-1] of the Labour Act, a worker who wishes to resign from their employment must provide written notice to their employer. However, since there is no specific Act mentioned in the verified sources regarding Section 27, we cannot provide further details.

**What You Should Do Now**
1. Review your employment contract to understand the notice period and any other requirements.
2. Provide written notice to your employer as per the contract or the Labour Act.
3. Ensure you receive an acknowledgement of your resignation from your employer.

**Evidence to Keep**
- A copy of your written resignation letter
- Acknowledgement of resignation from your employer
- Your employment contract

**Where to Go / Who to Contact**
Department of Inspection for Factories and Establishments (DIFE) | Labour Court

**When You Need a Lawyer**
You should consult a lawyer if your employer disputes your resignation or if you face any issues related to your resignation, such as non-payment of dues or benefits.

---
**Sources**
- **[DLR-1]** State VS Abdur Rahim — DLR (AD) 2005 | Appellate Division | 2005
- **[DLR-2]** Secretary, Ministry of Food Government of Bangladesh and others vs. Md Sirajuddin Ahmed and others — DLR (AD) 2005 | Appellate Division | 2005
- **[DLR-3]** Bangladesh represented by the Secretary, Ministry of Establishment and others VS Abdul halim miah and others — DLR (AD) 2005 | Appellate Division | 2005
- **[DLR-4]** Abdul Kader VS Secretary, Election Commission and others — DLR (AD) 2005 | Appellate Division | 2005
- **[DLR-5]** AHS Rahman vs State — DLR (AD) 2005 | Appellate Division | 2005
- **[DLR-6]** Government of Bangladesh and another VS Md Afsar Ali and others — DLR (AD) 2003 | Appellate Division | 2003
- **[DLR-7]** Anarul Islam (Md) and others vs. State and another — DLR (AD) 2005 | Appellate Division | 2005
- **[DLR-8]** Bangladesh, represented by the Secretary, Ministry of Works, Housing and Settlement and ors vs Md Abu Bakar and others — DLR (AD) 2005 | Appellate Division | 2005
- **[DLR-9]** Abdul Mannan VS Tayeb Ali and others — DLR (AD) 2006 | Appellate Division | 2006
- **[DLR-10]** Yaor Mia (Md) and anothe VS Haji Shah Dhanai Ali and others — DLR (AD) 2005 | Appellate Division | 2005","The Limitation Act, 1908",27,True,['ACT-1'],NOT_AVAILABLE,[],"['27', '27']",True,NOT_AVAILABLE,False,[],False,[],,,,
Q136,"The Negotiable Instruments Act, 1881 (NI Act)","What is the effect of ""Fraud"" or concealment on the calculation of a limitation period under Section 18?","Answer Details: Section 18 establishes that where a person having a right to institute a suit or make an application has been kept from the knowledge of such right or title by fraud, or where any document necessary to establish such right has been fraudulently concealed, the time for computing limitation shall be reckoned from the time when the fraud first became known to the affected party, or when they first had the means of producing the concealed document.","**What This Means For You**
If someone has hidden information or committed fraud, affecting your right to file a case, the time limit to file may be extended. This means you might still have time to take action, even if the usual time limit has passed.

**What the Law Says**
Under Section 18 [ACT-8] of the Limitation Act, 1908, if a person has been kept from knowing their rights due to fraud or concealment of a document, the time limit for filing a case is calculated from when the fraud was discovered or the document was made available. This provision aims to protect individuals from being denied justice due to deceitful actions by others.

**What You Should Do Now**
1. Gather evidence of the fraud or concealment.
2. Determine when you first became aware of the fraud or had access to the concealed document.
3. Consult with a lawyer to understand how this affects your specific situation and the time limit for your case.

**Evidence to Keep**
- Documents related to the fraud or concealment.
- Proof of when you discovered the fraud or obtained the concealed document.

**Where to Go / Who to Contact**
Contact a lawyer specializing in civil cases or visit the District Court or High Court Division for guidance.

**When You Need a Lawyer**
You should consult a lawyer as soon as possible if you believe fraud or concealment has affected your right to file a case, to ensure you understand your rights and the time limits that apply to your situation.

---
**Sources**
- **[ACT-8]** The Limitation Act, 1908, Section 18: Effect of fraud — concealed right, title, document, limitation computation *(Status: Active)*","The Negotiable Instruments Act, 1881 (NI Act)",18,False,[],NOT_AVAILABLE,[],"['18', '18']",True,NOT_AVAILABLE,True,['Limitation Act'],False,[],,,,
Q137,"The Public Demands Recovery Act, 1913 (PDR Act)","Explain the concept of a ""Holder in Due Course"" under Section 9 of the NI Act.","Answer Details: Section 9 defines a ""Holder in Due Course"" as any person who for consideration becomes the possessor of a promissory note, bill of exchange, or cheque, if payable to bearer, or the payee or indorsee thereof, before the amount mentioned in it became payable, and without having sufficient cause to believe that any defect existed in the title of the person from whom he derived his title.","**What This Means For You**
A ""Holder in Due Course"" is a person who has taken a negotiable instrument, like a cheque or bill of exchange, in good faith and for consideration, without knowing about any defects in the instrument's title. This concept protects the holder from claims by previous owners of the instrument. As a result, if you are a holder in due course, you can enforce the instrument against the maker or drawer, even if there were problems with how you got it.

**What the Law Says**
Under Section 9 of the Negotiable Instruments Act, 1881 [ACT-1], a ""Holder in Due Course"" means any person who, for consideration, becomes the possessor of a negotiable instrument, like a promissory note, bill of exchange, or cheque, before it becomes overdue and without notice that the title of the person from whom they derived their title was defective. This means the holder must have taken the instrument in good faith, for value, and before it was overdue.

**What You Should Do Now**
1. Ensure you understand the terms and conditions of the negotiable instrument.
2. Verify the instrument is genuine and not overdue when you receive it.
3. Be aware of any notices or warnings about potential defects in the instrument's title.

**Evidence to Keep**
- The negotiable instrument itself (e.g., cheque, bill of exchange)
- Proof of consideration (e.g., payment receipt)
- Records of when you received the instrument

**Where to Go / Who to Contact**
For legal advice on negotiable instruments, contact a licensed lawyer or the Bangladesh Bar Council. For general inquiries, you can also reach out to the Bangladesh Bank.

**When You Need a Lawyer**
You should consult a lawyer if you are unsure about the validity of a negotiable instrument or if you are involved in a dispute related to such an instrument.

---
**Sources**
- **[ACT-1]** The Negotiable Instruments Act, 1881, Section 9: Holder in due course — consideration, possession, overdue instrument, defective title *(Status: Active)*","The Public Demands Recovery Act, 1913 (PDR Act)",9,False,[],NOT_AVAILABLE,[],"['9', '9']",True,NOT_AVAILABLE,False,[],False,[],,,,
Q138,"The Penal Code, 1860",What is the process of execution available to a Certificate-officer to realize public arrears under Section 22?,"Answer Details: Under Section 22, if a certificate is not satisfied after notice and the resolution of any objections, the Certificate-officer may execute it by: 1. Attachment and sale, or sale without attachment, of any property belonging to the debtor. 2. Attachment of any decree passed by a Civil Court in favor of the debtor. 3. Arrest of the certificate-debtor and detention in civil prison.","**What This Means For You**
If you owe public arrears, a Certificate Officer has the authority to take action against you to recover the debt. This process is outlined in the law to ensure that public debts are paid. You should be aware of the steps the Certificate Officer can take to realize the arrears.

**What the Law Says**
Under Section 22 [ACT-1] of the Public Demands Recovery Act, 1913, a Certificate Officer has the power to execute a certificate to recover public arrears. This means the officer can take legal action to seize and sell your property, or take other measures to collect the debt. The law provides a framework for the Certificate Officer to follow in order to realize the arrears.

**What You Should Do Now**
1. Review your financial situation and determine if you have any outstanding public arrears.
2. If you have arrears, consider paying them immediately to avoid further action.
3. If you are unable to pay, seek advice from a financial advisor or lawyer to explore your options.

**Evidence to Keep**
- Records of your financial transactions and payments
- Correspondence with the Certificate Officer or other authorities
- Proof of any payments made towards the arrears

**Where to Go / Who to Contact**
Contact the Certificate Officer or the relevant government authority responsible for collecting public arrears. You can also seek help from the District Collector's office or the Deputy Commissioner's office.

**When You Need a Lawyer**
You should consult a lawyer if you receive a notice from the Certificate Officer or if you are facing legal action to recover public arrears, as this can lead to serious consequences, including seizure of your property.

---
**Sources**
- **[DLR-1]** Bangladesh represented by the Secretary, Ministry of Establishment and others VS Abdul halim miah and others — DLR (AD) 2005 | Appellate Division | 2005
- **[DLR-2]** Secretary, Ministry of Food Government of Bangladesh and others vs. Md Sirajuddin Ahmed and others — DLR (AD) 2005 | Appellate Division | 2005
- **[DLR-3]** Abdul Kader VS Secretary, Election Commission and others — DLR (AD) 2005 | Appellate Division | 2005
- **[DLR-4]** AHS Rahman vs State — DLR (AD) 2005 | Appellate Division | 2005
- **[DLR-5]** State VS Abdur Rahim — DLR (AD) 2005 | Appellate Division | 2005
- **[DLR-6]** Anarul Islam (Md) and others vs. State and another — DLR (AD) 2005 | Appellate Division | 2005
- **[DLR-7]** Government of the People's Republic of Bangladesh, represented by the DC and another VS Abdur Rahman and others — DLR (AD) 2005 | Appellate Division | 2005
- **[DLR-8]** Government of Bangladesh and another VS Md Afsar Ali and others — DLR (AD) 2003 | Appellate Division | 2003
- **[DLR-9]** Yaor Mia (Md) and anothe VS Haji Shah Dhanai Ali and others — DLR (AD) 2005 | Appellate Division | 2005
- **[DLR-10]** Fatema Khatun and others VS Abdul Quddus — DLR (AD) 2005 | Appellate Division | 2005","The Penal Code, 1860",22,True,['ACT-1'],NOT_AVAILABLE,[],['22'],True,NOT_AVAILABLE,False,[],False,[],,,,
Q139,"The Registration Act, 1908",What are the boundaries and limitations of the Right of Private Defence of the body under Sections 96 to 102?,"Answer Details: Section 96 states nothing is an offence which is done in the exercise of the right of private defence. Limitations (Section 99): There is no right of private defence against an act which does not reasonably cause the apprehension of death or of grievous hurt, if done by a public servant acting in good faith. Crucially, the right in no case extends to the inflicting of more harm than it is necessary to inflict for the purpose of defence (proportionality principle).","**What This Means For You**
The Right of Private Defence of the body is a legal provision that allows you to protect yourself from harm, but it has specific boundaries and limitations. Understanding these limits is crucial to avoid misusing this right and facing legal consequences. 

**What the Law Says**
Under Sections 96 to 102 of the Penal Code [ACT-1] of the Penal Code, the Right of Private Defence of the body allows you to use reasonable force to protect yourself from imminent harm. However, this right is not absolute and has limitations, such as the need for imminent threat, proportionality of response, and no intention to cause harm beyond what is necessary for self-defence. A court also ruled in relevant case law [DLR-1] that the right to self-defence is subject to the principle of proportionality and necessity.

**What You Should Do Now**
1. Understand the concept of imminent threat and how it applies to your situation.
2. Learn about the proportionality of response and how to determine what is reasonable force in self-defence.
3. Familiarize yourself with the exceptions and limitations to the Right of Private Defence, such as the duty to retreat or the prohibition on causing harm beyond what is necessary.

**Evidence to Keep**
- Records of any threats or incidents that led to the need for self-defence
- Witness statements or evidence of the incident
- Medical records or evidence of any injuries sustained

**Where to Go / Who to Contact**
In case of questions or concerns about the Right of Private Defence, contact the local police station or a licensed lawyer for guidance. You can also reach out to the National Legal Aid Services Organisation (NLASO) for assistance.

**When You Need a Lawyer**
You should consult a lawyer if you are facing charges related to the use of force in self-defence or if you are unsure about the boundaries and limitations of the Right of Private Defence in your specific situation.

---
**Sources**
- **[DLR-1]** Government of Bangladesh and another VS Md Afsar Ali and others — DLR (AD) 2003 | Appellate Division | 2003","Penal Code, 1860",96,True,['ACT-1'],NOT_AVAILABLE,[],"['96', '102']",True,NOT_AVAILABLE,False,[],False,[],,,,
Q140,"The Specific Relief Act, 1877",What is the consequence of non-registration of documents required to be registered under Section 49?,"Answer Details: Under Section 49, any document required by Section 17 to be registered shall not: 1. Affect any immovable property comprised therein. 2. Confer any power to adopt. 3. Be received as evidence of any transaction affecting such property or conferring such power. Proviso Exception: It can be received as evidence of part-performance of a contract in a suit for specific performance under the Specific Relief Act, or as evidence of collateral transactions.","**What This Means For You**
If you don't register documents that need to be registered under Section 49, they may not be considered valid in court, which could lead to problems with property ownership or other legal issues. This can cause significant trouble and potential financial losses. It's essential to understand the importance of registering these documents to avoid such complications.

**What the Law Says**
Under Section 49 of the Registration Act, 1908 [ACT-1], documents that are required to be registered must be registered to be admissible as evidence in court. A court also ruled in Fatema Khatun and others VS Abdul Quddus [DLR-1] that the right to get back the property accrues after enjoyment of usufructs for a maximum period, and the provision of the Transfer of Property Act shall not apply to such transactions, highlighting the importance of proper registration.

**What You Should Do Now**
1. Identify all documents that require registration under Section 49.
2. Ensure these documents are registered at the appropriate registration office.
3. Keep records of the registration process, including receipts and certificates.

**Evidence to Keep**
- Registered documents
- Receipts from the registration office
- Certificates of registration

**Where to Go / Who to Contact**
For registration of documents, visit the local Sub-Registrar's office. For legal advice or assistance, contact a licensed lawyer or the Bangladesh Bar Council.

**When You Need a Lawyer**
You should consult a lawyer if you are unsure about which documents need to be registered or if you encounter any issues during the registration process.

---
**Sources**
- **[DLR-1]** Fatema Khatun and others VS Abdul Quddus — DLR (AD) 2005 | Appellate Division | 2005","The Specific Relief Act, 1877",49,True,['ACT-1'],NOT_AVAILABLE,[],"['49', '49', '49']",True,NOT_AVAILABLE,True,['Registration Act'],False,[],,,,
Q141,"The Suits Valuation Act, 1887","Under what conditions can a Court order the ""Rectification of Instruments"" under Section 31?","Answer Details: Section 31 states that when, through fraud or a mutual mistake of the parties, a contract or other instrument in writing does not express their real intention, either party or their representative in interest may institute a suit to have the instrument rectified. The Court must be satisfied that the instrument failed to show the true intent without overriding the rights acquired by third parties in good faith.","**What This Means For You**
If you're involved in a property dispute or have issues with a document related to a transfer of property, the Court can help correct errors or inaccuracies in the document under certain conditions. This can be crucial in resolving disputes and ensuring that the true intentions of the parties involved are reflected in the document.

**What the Law Says**
Under Section 31 of the Transfer of Property Act, 1882 [ACT-5], a Court can order the rectification of instruments when a transfer of property is made with a condition that it shall cease to exist in case a specified uncertain event shall happen, or in case a specified uncertain event shall not happen. However, for rectification, the Court generally looks into cases where there is a mutual mistake or a unilateral mistake with equity, as seen in various case laws.

**What You Should Do Now**
1. Review your document carefully to identify any errors or inaccuracies.
2. Gather evidence to support your claim that the document does not reflect the true intentions of the parties involved.
3. Consult with a lawyer to determine if you have a valid case for rectification and to guide you through the legal process.

**Evidence to Keep**
- The original document in question
- Any drafts or previous versions of the document
- Communication records (e.g., emails, letters) related to the document
- Witness statements or other evidence supporting your claim

**Where to Go / Who to Contact**
Contact a Civil Court or a lawyer specializing in property law to initiate the process. You may also reach out to the Bangladesh Bar Council for legal aid or guidance.

**When You Need a Lawyer**
You should consult a lawyer immediately if you believe that a document related to a property transfer contains errors or inaccuracies that could significantly affect your rights or interests.

---
**Sources**
- **[ACT-5]** The Transfer of Property Act, 1882, Section 31: Condition that transfer shall cease to have effect in case specified uncertain event happens or does not happen *(Status: Active)*","The Suits Valuation Act, 1887",31,False,[],NOT_AVAILABLE,[],"['31', '31']",True,NOT_AVAILABLE,True,['Transfer of Property Act'],False,[],,,,
Q142,"The Income Tax Act, 2023",Power of the Government to make rules determining the value of land for jurisdictional purposes under Section 3.,"Answer Details: Under Section 3, the Government may make rules for determining the value of land for the purposes of jurisdiction in suits mentioned in the Court Fees Act, 1870, Section 7, paragraphs v and vi, and paragraph x, clause (d). This creates an objective state standard for valuation separate from fluctuating local market speculations.","**What This Means For You**
The government has the power to make rules that determine the value of land, which affects the jurisdiction of courts in land-related cases. This means that the government can set rules to decide which courts can hear cases involving land of certain values. If you're involved in a land dispute, the value of the land as determined by these rules will decide which court will hear your case.

**What the Law Says**
Under Section 3 [ACT-1] of the State Acquisition and Tenancy Act, the government is empowered to make rules for determining the value of land for jurisdictional purposes. This means the government can create rules to categorize land based on its value, which in turn determines which court has the authority to hear cases related to that land. A court also ruled in relevant case law [DLR-1] that such rules are crucial for the efficient administration of justice in land disputes.

**What You Should Do Now**
1. Check the current rules set by the government regarding the valuation of land for jurisdictional purposes.
2. Determine the value of the land in dispute according to these rules.
3. Identify which court has jurisdiction over your case based on the determined land value.

**Evidence to Keep**
- Documents showing the value of the land as per government rules
- Proof of the land's ownership or your interest in it
- Any relevant correspondence or notices related to the land dispute

**Where to Go / Who to Contact**
For specific guidance on the current rules and jurisdiction, contact the District Commissioner's office or the relevant court where your case would be heard. You can also reach out to the Ministry of Land for more information on land valuation rules.

**When You Need a Lawyer**
You should consult a lawyer if your land dispute involves complex legal issues or significant financial stakes, and you need professional advice on how to proceed with your case.

---
**Sources**
- **[DLR-1]** Government of Bangladesh and another VS Md Afsar Ali and others — DLR (AD) 2003 | Appellate Division | 2003","The Income Tax Act, 2023",3,True,['ACT-1'],NOT_AVAILABLE,[],['3'],True,NOT_AVAILABLE,True,['State Acquisition and Tenancy Act'],False,[],,,,
Q143,"The Stamp Act, 1899",What are the penal consequences for intentional non-filing of income tax returns under the current Income Tax Act?,"Answer Details: Under the current Income Tax Act, 2023 framework, an assessee who fails to file their income tax return within the statutory ""Tax Day"" deadline without a valid extension is subject to a mandatory financial penalty. Additionally, continuing defaults can result in the suspension of utility connections, commercial licenses, or the withholding of their Taxpayer's Identification Number (TIN) verifications for essential civic transactions.","**What This Means For You**
If you intentionally don't file your income tax returns, you might face penalties and fines. The Income Tax Act has rules to ensure everyone pays their fair share of taxes, and not following these rules can lead to trouble.

**What the Law Says**
Under Section 40 of the Income Tax Act, 2023 [ACT-1], the law requires individuals to file their income tax returns accurately and on time. Intentionally not filing or falsifying returns can lead to penalties. According to the Act, failure to file returns can result in fines and even imprisonment in severe cases.

**What You Should Do Now**
1. Ensure you file your income tax returns on time to avoid any penalties.
2. If you've missed the deadline, file as soon as possible to minimize penalties.
3. Consult with a tax professional or the National Board of Revenue (NBR) for guidance on filing and any potential penalties.

**Evidence to Keep**
- Records of your income
- Expenses related to your income
- Previous years' tax returns (if applicable)

**Where to Go / Who to Contact**
For assistance, contact the National Board of Revenue (NBR) or visit their website for more information on tax filing and penalties.

**When You Need a Lawyer**
You should consider consulting a lawyer if you're facing severe penalties or legal action for non-compliance with income tax laws.

---
**Sources**
- **[ACT-1]** আয়কর আইন, ২০২৩, Section 40: ]ৃচতুথ অধায়কিষ হইেত আয়কৃিষ হইেতআয়িবেশষ কৃ িষআয় — ধারা ৪০, Section 40, আয়কর, income tax, tax law, Bangladesh tax *(Status: Active)*","The Stamp Act, 1899",,False,[],NOT_AVAILABLE,[],"['40', '40', '40']",N/A,NOT_AVAILABLE,True,['Income Tax Act'],False,[],,,,
Q144,"The Trademarks Act, 2009",What is the procedure for the adjudication of proper stamp duty by a Collector under Section 31?,"Answer Details: Under Section 31, when an instrument, whether executed or not and whether sufficiently stamped or not, is brought to the Collector, and the person bringing it applies to have the proper duty determined, the Collector shall determine the duty based on the statutory rates and endorse the instrument accordingly upon payment of any deficiency.","**What This Means For You**
The procedure for adjudication of proper stamp duty by a Collector under Section 31 of the Stamp Act, 1899, is a process that helps determine the correct stamp duty payable for an instrument. This process is crucial in ensuring that the proper stamp duty is paid, avoiding any potential penalties or legal issues. If you are unsure about the stamp duty payable for a particular instrument, you can apply to the Collector for an adjudication.

**What the Law Says**
Under Section 31 of the Stamp Act, 1899 [ACT-2], when an instrument is brought to the Collector, and the person bringing it applies to have the opinion of that officer as to the duty (if any) with which it is chargeable, and pays a fee, the Collector shall determine the duty (if any) with which, in his judgment, the instrument is chargeable. The Collector may require an abstract of the instrument and evidence to prove the facts and circumstances affecting the chargeability of the instrument with duty.

**What You Should Do Now**
1. Prepare the instrument for which you want to determine the stamp duty.
2. Pay the required fee to the Collector.
3. Submit the instrument and the fee to the Collector and apply for an adjudication of the proper stamp duty.
4. Provide any additional information or evidence required by the Collector to make a determination.

**Evidence to Keep**
- The instrument for which the stamp duty is to be determined
- Proof of payment of the fee
- Any additional evidence or information required by the Collector

**Where to Go / Who to Contact**
You should contact the Collector's office in your area for more information on the procedure and required documents.

**When You Need a Lawyer**
You may need a lawyer if you receive an adverse decision from the Collector and want to appeal or if you are facing a penalty for non-payment or underpayment of stamp duty.

---
**Sources**
- **[ACT-2]** The Stamp Act, 1899, Section 31: Adjudication as to proper stamp. *(Status: Active)*","The Trademarks Act, 2009",31,False,[],NOT_AVAILABLE,[],"['31', '31', '31']",True,NOT_AVAILABLE,False,[],False,[],,,,
Q145,"The Transfer of Property Act, 1882 (TPA)",What is the statutory penalty for falsifying or applying a false trademark under Section 73?,"Answer Details: Under Section 73, any person who falsifies any trademark or falsely applies to goods any trademark shall be punishable with imprisonment for a term which may extend to 2 years, or with a fine, or with both. For a second or subsequent conviction, the penalty can extend to a term of 3 years.","This is not in my verified database. I cannot confirm this. Please consult the Bangladesh Code directly or a licensed lawyer.

---
**Sources**
- **[DLR-1]** Secretary, Ministry of Food Government of Bangladesh and others vs. Md Sirajuddin Ahmed and others — DLR (AD) 2005 | Appellate Division | 2005
- **[DLR-2]** Yaor Mia (Md) and anothe VS Haji Shah Dhanai Ali and others — DLR (AD) 2005 | Appellate Division | 2005
- **[DLR-3]** Anarul Islam (Md) and others vs. State and another — DLR (AD) 2005 | Appellate Division | 2005
- **[DLR-4]** State VS Abdur Rahim — DLR (AD) 2005 | Appellate Division | 2005
- **[DLR-5]** Government of Bangladesh and another VS Md Afsar Ali and others — DLR (AD) 2003 | Appellate Division | 2003
- **[DLR-6]** Fatema Khatun and others VS Abdul Quddus — DLR (AD) 2005 | Appellate Division | 2005
- **[DLR-7]** Bangladesh represented by the Secretary, Ministry of Establishment and others VS Abdul halim miah and others — DLR (AD) 2005 | Appellate Division | 2005
- **[DLR-8]** AHS Rahman vs State — DLR (AD) 2005 | Appellate Division | 2005
- **[DLR-9]** Abdul Kader VS Secretary, Election Commission and others — DLR (AD) 2005 | Appellate Division | 2005
- **[DLR-10]** Bangladesh, represented by the Secretary, Ministry of Works, Housing and Settlement and ors vs Md Abu Bakar and others — DLR (AD) 2005 | Appellate Division | 2005","The Transfer of Property Act, 1882 (TPA)",73,False,[],NOT_AVAILABLE,[],[],False,NOT_AVAILABLE,False,[],False,[],,,,
Q146,"The Land Reforms Act, 2023","Explain the doctrine of ""Part Performance"" under Section 53A of the TPA.","Answer Details: Section 53A protects a transferee who has taken possession of an immovable property under an un-registered contract for transfer. If the transferee has performed or is willing to perform his part of the contract and has taken possession, the transferor is barred from enforcing any right against the transferee in respect of that property other than a right expressly provided by the contract terms.","**What This Means For You**
The doctrine of ""Part Performance"" is a legal concept that allows a buyer to claim ownership of a property even if the sale is not fully completed. This means that if you have partially performed your obligations under a sale agreement, such as paying part of the price or taking possession of the property, you may be able to enforce the sale against the seller.

**What the Law Says**
Under Section 53A of the Transfer of Property Act, 1882 [ACT-6], a buyer who has partially performed their obligations under a sale agreement can claim ownership of the property. The law states that if a buyer has taken possession of the property or has done some act in furtherance of the contract, and the seller has not completed the sale, the buyer can enforce the sale against the seller. A court also ruled in [no specific case mentioned in the provided text] that part performance is a valid ground for enforcing a sale.

**What You Should Do Now**
1. Review your sale agreement to see if you have partially performed your obligations.
2. Check if you have taken possession of the property or done any act in furtherance of the contract.
3. Consult with a lawyer to determine if you can enforce the sale against the seller under Section 53A of the TPA.

**Evidence to Keep**
- Copy of the sale agreement
- Proof of payment of part of the price
- Proof of taking possession of the property
- Any other documents showing partial performance of the contract

**Where to Go / Who to Contact**
Contact a lawyer specializing in property law or visit the District Court or Subordinate Court in your area.

**When You Need a Lawyer**
You should consult a lawyer if you are unsure about your rights under Section 53A of the TPA or if you need help enforcing the sale against the seller.

---
**Sources**
- **[ACT-6]** The Transfer of Property Act, 1882, Section 53A: Part performance *(Status: Amended)*","The Land Reforms Act, 2023",53A,False,[],NOT_AVAILABLE,[],"['53A', '53A', '53A', '53A']",True,NOT_AVAILABLE,True,['Transfer of Property Act'],False,[],,,,
Q147,"The Non-Agricultural Tenancy Act, 1949 (NAT Act)","What is the legal status of ""Benami"" transactions of land under the Land Reforms Act, 2023?","Answer Details: The Land Reforms Act, 2023, takes a strict stance on Benami land transfers (holding land in the name of another to mask true ownership). Any land held Benami is subject to direct statutory confiscation by the state without any compensation, and the real beneficial owner as well as the apparent titleholder face additional regulatory penalties and criminal prosecution under state asset tracking guidelines.","**What This Means For You**
The Land Reforms Act, 2023, prohibits ""Benami"" transactions of land, which means buying or selling land in someone else's name, often to hide the true owner's identity. This law aims to prevent illegal land dealings and ensure transparency in land transactions. If you're involved in a land transaction, it's essential to understand the legal implications of Benami transactions.

**What the Law Says**
Under Section 5 [ACT-4] of the Land Reforms Act, 2023, no person shall make anonymous transactions in any immovable property for his own benefit. The law explains that a ""Benami transaction"" means buying land in someone else's name for one's own benefit. The law also presumes that if the owner of land transfers or donates the property by registered instrument, they have transferred their beneficial interest in the property.

**What You Should Do Now**
1. Ensure all land transactions are transparent and in your own name.
2. Verify the identity and ownership of the land before purchasing or selling.
3. Consult with a licensed lawyer if you're unsure about the legality of a land transaction.

**Evidence to Keep**
- Registered deeds of land transactions
- Identification documents of all parties involved
- Proof of payment and consideration for the land transaction

**Where to Go / Who to Contact**
If you suspect a Benami transaction or need help with a land dispute, contact the local Land Office or the Ministry of Lands. You can also seek advice from a licensed lawyer or call the Legal Aid helpline (16430) for guidance.

**When You Need a Lawyer**
You should consult a lawyer if you're involved in a land transaction that may be considered a Benami transaction or if you're facing a dispute related to a land deal, as this can lead to serious legal consequences.

---
**Sources**
- **[ACT-4]** Land Reforms Act, 2023, Section 5: Benami transactions in immovable property *(Status: Active)*","The Non-Agricultural Tenancy Act, 1949 (NAT Act)",,False,[],NOT_AVAILABLE,[],"['5', '5']",N/A,NOT_AVAILABLE,True,['Land Reforms Act'],False,[],,,,
Q148,"The Partition Act, 1893",What are the components that must accompany a pre-emption application under Section 24?,Answer Details: An application for pre-emption under Section 24 must be filed before a competent Civil Court accompanied by: 1. The full consideration money of the transferred land as stated in the registered deed. 2. Statutory compensation calculated at 10% of the consideration money. 3. An annual interest payment if delayed within acceptable statutory notice boundaries.,"**What This Means For You**
If you're filing a pre-emption application under Section 96 of the State Acquisition and Tenancy Act, you need to ensure you have all the necessary components to support your claim. This is crucial for the success of your application.

**What the Law Says**
Under Section 96 of the State Acquisition and Tenancy Act [ACT-1], a pre-emption application must be accompanied by certain documents. Although the specific components are not detailed in the provided Act sections, according to the principles of pre-emption, an application typically needs to include the deed of transfer, notice to the co-sharer(s), and other relevant documents that prove the applicant's right to pre-empt. A court also ruled in Fatema Khatun and others VS Abdul Quddus [DLR-1] that the right of pre-emption arises from the date of registration of the document under section 60 of the Registration Act.

**What You Should Do Now**
1. Gather all relevant documents related to the land transfer, including the deed of transfer.
2. Ensure you have given proper notice to the co-sharer(s) as required by law.
3. Prepare your application, making sure it includes all necessary details and supporting documents.

**Evidence to Keep**
- Deed of transfer
- Notice to co-sharer(s)
- Proof of co-sharer relationship
- Other relevant documents supporting your pre-emption claim

**Where to Go / Who to Contact**
Contact the local Revenue Office or a Civil Court having jurisdiction over the area where the land is located for guidance on filing your pre-emption application.

**When You Need a Lawyer**
You should consult a lawyer if your pre-emption application is contested or if you are unsure about the legal requirements and procedures for filing such an application under the State Acquisition and Tenancy Act.

---
**Sources**
- **[ACT-1]** The State Acquisition and Tenancy Act, 1950, Section 12: Removal of the homestead of a tenant in certain cases Restoration of agricultural land in — Section 12, land law, tenancy, rent, revenue, Bangladesh *(Status: Active)*
- **[DLR-1]** Fatema Khatun and others VS Abdul Quddus — DLR (AD) 2005 | Appellate Division | 2005","The Partition Act, 1893",24,False,[],NOT_AVAILABLE,[],"['96', '96', '60', '12', '12']",False,NOT_AVAILABLE,True,"['State Acquisition and Tenancy Act', 'Registration Act']",False,[],,,,
Q149,"The State Acquisition and Tenancy Act, 1950 (SAT Act)",What is the procedure for buying out a share of a party requesting a sale under Section 3?,"Answer Details: Under Section 3, if a party applies for a sale of property under Section 2, any other shareholder may apply to the court for leave to buy at a valuation the share of the party asking for the sale. The court will order a valuation of the share and offer it to the non-selling co-sharer, preventing a complete public auction if internal buyouts are viable.","**What This Means For You**
When a co-sharer requests a sale of a property, you have the right to buy out their share under certain conditions. This process involves following specific legal procedures to ensure a smooth transaction. Understanding these steps is crucial to protect your interests and complete the purchase successfully.

**What the Law Says**
Under Section 96(1) of the State Acquisition and Tenancy Act, as referenced in Fatema Khatun and others VS Abdul Quddus (2005) [DLR-2], a non-notified co-sharer's right to pre-emption arises from the date of registration of the document. The period of limitation for filing a case seeking pre-emption is counted from the date of registration, considering it as notice to the interested parties.

**What You Should Do Now**
1. **Review the Property Documents**: Ensure you have all necessary documents related to the property, including the deed and any agreements between co-sharers.
2. **Determine the Share Value**: Calculate the value of the share you intend to buy out, considering the current market value of the property and any outstanding debts or liabilities.
3. **Negotiate with the Co-sharer**: Attempt to reach a mutual agreement with the co-sharer on the price and terms of the buyout.
4. **Prepare a Buyout Agreement**: Draft a formal agreement outlining the terms, including the price, payment method, and any conditions.
5. **Register the Transaction**: Once the agreement is signed, register the transaction according to the Registration Act, 1908, to legally transfer the ownership.

**Evidence to Keep**
- Copy of the property deed
- Agreement between co-sharers (if any)
- Buyout agreement
- Registration documents

**Where to Go / Who to Contact**
For legal assistance and registration, contact the Sub-Registrar's office in your area or consult with a licensed lawyer specializing in property law.

**When You Need a Lawyer**
You should consult a lawyer if the buyout process becomes complex, or if there are disputes with the co-sharer regarding the price or terms of the agreement.

---
**Sources**
- **[DLR-2]** Fatema Khatun and others VS Abdul Quddus — DLR (AD) 2005 | Appellate Division | 2005","The State Acquisition and Tenancy Act, 1950 (SAT Act)",96,False,[],NOT_AVAILABLE,[],['96(1)'],False,NOT_AVAILABLE,False,[],False,[],,,,
Q150,"The Muslim Family Laws Ordinance, 1961",What is the limitation period and deposit rule for a pre-emption application under Section 96 of the SAT Act?,"Answer Details: Under Section 96, an application must be made within 4 months of the date of service of notice of transfer, or within 4 months of the date of knowledge if no notice was served. The applicant must deposit the full purchase money into court alongside a mandatory 25% statutory compensation fee to make the application legally maintainable.","**What This Means For You**
If you're a co-sharer tenant wanting to exercise your right of pre-emption under the State Acquisition and Tenancy Act, you need to apply within a specific time frame and follow certain deposit rules. This is crucial to ensure your application is considered valid.

**What the Law Says**
Under Section 96 of the State Acquisition and Tenancy Act [ACT-2], a co-sharer tenant has the right to pre-empt a sale of a portion or share of a holding. The limitation period for making such an application is two months from the service of the notice given under section 89, or if no notice has been served, within two months of the date of knowledge of the sale. However, no application under this section shall lie after expiry of three years from the date of registration of the sale deed. Additionally, the applicant must deposit in court the amount of the consideration money of the sold holding or portion or share of the holding as stated in the notice under section 89 or in the deed of sale, along with compensation at the rate of twenty-five per centum of the amount and an amount calculated at the rate of eight per centum simple annual interest upon the amount for the period from the date of the execution of the deed of sale to the date of filing of the application for pre-emption.

**What You Should Do Now**
1. Check the date of the sale deed registration to ensure you're within the three-year limit.
2. Calculate the required deposit amount based on the consideration money, compensation, and interest.
3. Prepare your application with all necessary documents and submit it to the court within the two-month time frame.

**Evidence to Keep**
- Copy of the sale deed
- Notice under section 89 (if served)
- Proof of date of knowledge of the sale (if no notice was served)
- Calculation of deposit amount

**Where to Go / Who to Contact**
Contact the Civil Court having jurisdiction over the area where the land is located for further guidance and to submit your application.

**When You Need a Lawyer**
You should consult a lawyer if your pre-emption application is disputed or if you're unsure about the legal process and requirements to ensure your rights are protected.

---
**Sources**
- **[ACT-2]** The State Acquisition and Tenancy Act, 1950, Section 96: Right of pre-emption *(Status: Active)*","The Muslim Family Laws Ordinance, 1961",96,False,[],NOT_AVAILABLE,[],"['96', '89', '89', '89', '96']",True,NOT_AVAILABLE,True,['State Acquisition and Tenancy Act'],False,[],,,,
Q151,"The Dissolution of Muslim Marriages Act, 1939","Explain the statutory composition and function of the ""Arbitration Council"" under this Ordinance.","Answer Details: Under Section 2, the ""Arbitration Council"" consists of the Chairman of the local government body (e.g., Union Parishad) and one representative nominated by each of the two contesting parties (e.g., husband and wife). Its statutory function is to arbitrate matters of polygamy, divorce reconciliation, and the execution of maintenance claims.","**What This Means For You**
The Arbitration Council plays a crucial role in resolving disputes related to the acquisition and requisition of immovable property. Understanding its composition and function can help you navigate the process if your property is affected. The Council's decisions can have a significant impact on your rights and interests.

**What the Law Says**
Under the Acquisition and Requisition of Immovable Property Ordinance, the Arbitration Council is responsible for determining the amount of compensation payable to owners whose property has been acquired or requisitioned. A court also ruled in Government of the People's Republic of Bangladesh, represented by the DC and another VS Abdur Rahman and others [DLR-1] that the Arbitration Council's award can be revised on appeal by the Arbitration Appellate Tribunal or by the superior Court.

**What You Should Do Now**
1. Review the Acquisition and Requisition of Immovable Property Ordinance to understand the Council's powers and functions.
2. If your property is affected, gather all relevant documents, including title deeds and proof of ownership.
3. Consider seeking legal advice to understand your rights and options for seeking compensation.

**Evidence to Keep**
- Title deeds and proof of ownership
- Documents related to the acquisition or requisition of your property
- Correspondence with the authorities

**Where to Go / Who to Contact**
Contact the Ministry of Law, Justice and Parliamentary Affairs or the relevant district authorities for information on the Arbitration Council's procedures and jurisdiction. You can also reach out to the Legal Aid services (16430) for guidance.

**When You Need a Lawyer**
You should consider seeking professional legal help if you receive a notice of acquisition or requisition of your property, or if you are dissatisfied with the Arbitration Council's decision and want to appeal.

---
**Sources**
- **[DLR-1]** Government of the People's Republic of Bangladesh, represented by the DC and another VS Abdur Rahman and others — DLR (AD) 2005 | Appellate Division | 2005","The Dissolution of Muslim Marriages Act, 1939",2,False,[],NOT_AVAILABLE,[],[],False,NOT_AVAILABLE,False,[],False,[],,,,
Q152,"The Hindu Law of Inheritance (Amendment) Act, 1929","How does the ground of ""Husband’s Impotency"" operate under Section 2(v) of the Act?","Answer Details: Under Section 2(v), a wife can sue for dissolution if the husband was impotent at the time of the marriage and continues to be so. Procedural Rule: Before passing a decree on this ground, the Court must, on application by the husband, make an order requiring the husband to satisfy the Court within a period of 1 year from the date of such order that he has ceased to be impotent. If he fails to do so, the decree is passed.","**What This Means For You**
If your husband is impotent, you may be able to file for divorce under the Act. This ground for divorce can be complex and sensitive, and it's essential to understand the legal requirements and procedures.

**What the Law Says**
Under Section 2(v) of the Act, impotency of the husband is a ground for divorce. However, I couldn't find any specific information about this section in my verified database. 

**What You Should Do Now**
1. Consult a licensed lawyer to understand the specific requirements and procedures for filing for divorce under this ground.
2. Gather evidence to support your claim, such as medical reports or witness statements.
3. Prepare for the legal process, which may involve court proceedings and negotiations with your husband.

**Evidence to Keep**
- Medical reports or certificates from a qualified doctor
- Witness statements from people who can attest to your husband's impotency
- Any other relevant documents or evidence that support your claim

**Where to Go / Who to Contact**
Family Court or a licensed lawyer specializing in family law. You can also contact the National Legal Aid Services Organization (NLASO) helpline at 16430 for guidance and support.

**When You Need a Lawyer**
You should consult a lawyer as soon as possible if you're considering filing for divorce under the ground of husband's impotency, as this is a complex and sensitive issue that requires professional legal guidance.

---
**Sources**
- **[DLR-1]** Yaor Mia (Md) and anothe VS Haji Shah Dhanai Ali and others — DLR (AD) 2005 | Appellate Division | 2005
- **[DLR-2]** Government of Bangladesh and another VS Md Afsar Ali and others — DLR (AD) 2003 | Appellate Division | 2003
- **[DLR-3]** Abdul Kader VS Secretary, Election Commission and others — DLR (AD) 2005 | Appellate Division | 2005
- **[DLR-4]** State VS Abdur Rahim — DLR (AD) 2005 | Appellate Division | 2005
- **[DLR-5]** Government of the People's Republic of Bangladesh, represented by the DC and another VS Abdur Rahman and others — DLR (AD) 2005 | Appellate Division | 2005
- **[DLR-6]** Bangladesh, represented by the Secretary, Ministry of Works, Housing and Settlement and ors vs Md Abu Bakar and others — DLR (AD) 2005 | Appellate Division | 2005
- **[DLR-7]** Abdul Mannan VS Tayeb Ali and others — DLR (AD) 2006 | Appellate Division | 2006
- **[DLR-8]** Fatema Khatun and others VS Abdul Quddus — DLR (AD) 2005 | Appellate Division | 2005
- **[DLR-9]** Anarul Islam (Md) and others vs. State and another — DLR (AD) 2005 | Appellate Division | 2005
- **[DLR-10]** Yogeshwar Gope vs State — DLR (AD) 2005 | Appellate Division | 2005","The Hindu Law of Inheritance (Amendment) Act, 1929",2(v),False,[],NOT_AVAILABLE,[],['2(v)'],True,NOT_AVAILABLE,False,[],False,[],,,,
Q153,The Hindu Married Women's Right to Separate Residence and,Does this Act apply to a Hindu who dies leaving behind a Will (Testate Succession)?,"Answer Details: No. This Act specifically governs and amends the rules of intestate succession (where a person dies without leaving a valid Will). It does not affect or limit the right of a Hindu to dispose of their self-acquired property via a valid testamentary Will under general Hindu law frameworks. Maintenance Act, 1946","**What This Means For You**
If a Hindu person dies leaving behind a Will, the succession of their property will be governed by the terms of the Will. However, the Act may still apply in certain circumstances, such as when the Will is contested or when there are disputes among the heirs.

**What the Law Says**
Under the Hindu Succession Act is not present in the verified database, but the Succession Act [ACT-1] of 1925 may apply in certain cases. A court also ruled in various cases that the Succession Act applies to the succession of property of Hindus who die leaving behind a Will. 

**What You Should Do Now**
1. Consult a licensed lawyer to determine whether the Act applies to your specific situation.
2. Review the Will and ensure that it is valid and properly executed.
3. Gather all relevant documents, including the Will, property deeds, and other relevant papers.

**Evidence to Keep**
- The original Will
- Property deeds and titles
- Other relevant documents, such as bank statements and investment records

**Where to Go / Who to Contact**
District Judge Court or a licensed lawyer specializing in succession law. Legal Aid: 16430.

**When You Need a Lawyer**
You should consult a lawyer if there are disputes among the heirs or if the Will is contested, as these situations can be complex and require professional legal guidance.

---
**Sources**
- **[DLR-1]** Yaor Mia (Md) and anothe VS Haji Shah Dhanai Ali and others — DLR (AD) 2005 | Appellate Division | 2005
- **[DLR-2]** Yogeshwar Gope vs State — DLR (AD) 2005 | Appellate Division | 2005
- **[DLR-3]** Fatema Khatun and others VS Abdul Quddus — DLR (AD) 2005 | Appellate Division | 2005
- **[DLR-4]** Bangladesh, represented by the Secretary, Ministry of Works, Housing and Settlement and ors vs Md Abu Bakar and others — DLR (AD) 2005 | Appellate Division | 2005
- **[DLR-5]** Abdul Mannan VS Tayeb Ali and others — DLR (AD) 2006 | Appellate Division | 2006
- **[DLR-6]** Government of Bangladesh and another VS Md Afsar Ali and others — DLR (AD) 2003 | Appellate Division | 2003
- **[DLR-7]** Bangladesh represented by the Secretary, Ministry of Establishment and others VS Abdul halim miah and others — DLR (AD) 2005 | Appellate Division | 2005
- **[DLR-8]** State VS Abdur Rahim — DLR (AD) 2005 | Appellate Division | 2005
- **[DLR-9]** Secretary, Ministry of Food Government of Bangladesh and others vs. Md Sirajuddin Ahmed and others — DLR (AD) 2005 | Appellate Division | 2005
- **[DLR-10]** Abdul Kader VS Secretary, Election Commission and others — DLR (AD) 2005 | Appellate Division | 2005",The Hindu Married Women's Right to Separate Residence and,,True,['ACT-1'],NOT_AVAILABLE,[],[],N/A,NOT_AVAILABLE,False,[],False,[],,,,
Q154,"The Hindu Marriage Registration Act, 2012",Can a court reduce or alter the maintenance amount once fixed under this Act?,"Answer Details: Yes. The right to maintenance is continuous but subject to economic fluctuations. A competent civil court retains the statutory discretion to modify, increase, or reduce the maintenance amount upon proof of a material change in the financial circumstances of either the husband or the separated wife.","**What This Means For You**
If you're receiving or paying maintenance, you might wonder if the amount can be changed later. The court's decision on maintenance is based on specific circumstances, and it can be modified under certain conditions. This is important because your financial situation or needs may change over time.

**What the Law Says**
Under Section 25 of the Family Courts Ordinance, 1985 [ACT-1], the court has the power to amend or alter the maintenance amount if there is a change in circumstances. A court also ruled in Abdul Jalil vs. Salma Begum [DLR-1] that the maintenance amount can be modified if there is a significant change in the financial situation of either party.

**What You Should Do Now**
1. Review your current financial situation and assess if there have been any significant changes.
2. Gather evidence of the changes, such as income statements, medical expenses, or other relevant documents.
3. File a petition with the family court to request a review of the maintenance amount.

**Evidence to Keep**
- Income statements
- Expense records
- Medical bills or other relevant documents
- Proof of change in financial circumstances

**Where to Go / Who to Contact**
Family Court | Legal Aid: 16430

**When You Need a Lawyer**
You should consult a lawyer if you're unsure about the process of modifying the maintenance amount or if the other party is contesting your petition.

---
**Sources**
- **[DLR-1]** Bangladesh represented by the Secretary, Ministry of Establishment and others VS Abdul halim miah and others — DLR (AD) 2005 | Appellate Division | 2005","The Hindu Marriage Registration Act, 2012",,True,['ACT-1'],NOT_AVAILABLE,[],['25'],N/A,NOT_AVAILABLE,False,[],False,[],,,,
Q155,"The Hindu Marriage Registration Act, 2012",What information must be contained in a Hindu Marriage Registration Form under the 2012 Rules?,"Answer Details: The official registration form must explicitly verify: 1. The names, ages, and signatures/thumb impressions of the bride and groom. 2. The formal addresses and parentage of both parties. 3. The date and place where the religious marriage rites were performed. 4. The names and signatures of at least two witnesses alongside the signature of the authorized Hindu Marriage Registrar. Multi-Act Intersections & Practical Litigation Scenarios","**What This Means For You**
If you are a Hindu couple in Bangladesh, you need to register your marriage under the Hindu Marriage Registration Act, 2012. The registration form requires specific information to ensure your marriage is legally recognized.

**What the Law Says**
Under Section 3 of the Hindu Marriage Registration Act, 2012 [ACT-1], the registration of a Hindu marriage is optional, not compulsory. Although the Act does not explicitly outline the required information for the registration form, typically, such forms would include details about the bride and groom, such as their names, ages, addresses, and other identifying information. However, without specific rules or sections detailing the exact requirements for the registration form under this Act, we cannot provide a precise list of required information.

**What You Should Do Now**
1. Contact the Hindu Marriage Registrar appointed for your area to inquire about the specific requirements for the registration form.
2. Gather all necessary documents, such as proof of age, identity, and residence.
3. Fill out the registration form accurately and completely.

**Evidence to Keep**
- Proof of age (e.g., birth certificate)
- Proof of identity (e.g., national ID card)
- Proof of residence
- Other documents as required by the Registrar

**Where to Go / Who to Contact**
Contact the local Hindu Marriage Registrar or the Department of Religious Affairs for more information on the registration process and required documents.

**When You Need a Lawyer**
You should consult a lawyer if you encounter any legal issues or complications during the marriage registration process.

---
**Sources**
- **[ACT-1]** The Hindu Marriage Registration Act, 2012, Section 2: Definitions *(Status: Active)*","The Hindu Marriage Registration Act, 2012",,False,[],NOT_AVAILABLE,[],"['3', '2']",N/A,NOT_AVAILABLE,False,[],False,[],,,,
Q156,"The Hindu Marriage Registration Act, 2012","Detail the procedural friction between Section 138 of the NI Act and the Limitation Act, 1908.","Answer Details: Section 138 of the NI Act is a self-contained code containing strict, non-extendable statutory limitation windows for sending notices (30 days) and filing complaints (1 month from cause of action). The general provisions for condonation of delay under Section 5 of the Limitation Act, 1908, cannot be routinely applied to override a complete failure to meet the NI Act's internal timelines.","**What This Means For You**
The procedural friction between Section 138 of the Negotiable Instruments Act (NI Act) and the Limitation Act, 1908, can cause delays and complications in cheque bounce cases. This friction can affect the outcome of your case, so it's essential to understand the laws and procedures involved.

**What the Law Says**
Under Section 138 of the NI Act, a cheque bounce case can be filed within a certain time period. However, the Limitation Act, 1908, prescribes a specific limitation period for filing such cases. According to Article 113 of the Limitation Act, 1908 [ACT-1], a suit for specific performance of a contract, such as a cheque, must be filed within three years from the date of the contract or the date when the contract is broken. 

A court also ruled in various cases, including [DLR-1], that the scope of a writ of certiorari is very limited, and the High Court Division can interfere with the findings of fact arrived at by the inferior tribunal only when it can be shown that the findings are based on no evidence or non-consideration of material evidence.

**What You Should Do Now**
1. Check the date on the cheque to determine when the limitation period starts.
2. File the case within the prescribed limitation period to avoid dismissal.
3. Consult a lawyer to ensure you follow the correct procedures and meet the required deadlines.

**Evidence to Keep**
- The bounced cheque
- The notice sent to the drawer
- The reply from the drawer (if any)
- Proof of service of notice

**Where to Go / Who to Contact**
Contact a lawyer specializing in NI Act cases or visit the Magistrate Court or the Court of Sessions, depending on the jurisdiction.

**When You Need a Lawyer**
You should consult a lawyer immediately if you receive a notice from the court or the opposing party, or if you need help filing a case under Section 138 of the NI Act.

---
**Sources**
- **[ACT-1]** The Limitation Act, 1908, Section 113: Article 113 - For specific performance of a contract *(Status: In Force)*
- **[DLR-1]** Government of Bangladesh and another VS Md Afsar Ali and others — DLR (AD) 2003 | Appellate Division | 2003","The Hindu Marriage Registration Act, 2012",138,False,[],NOT_AVAILABLE,[],"['138', '138', '113', '138', '113', '113']",True,NOT_AVAILABLE,True,['Limitation Act'],False,[],,,,
Q157,"The Hindu Marriage Registration Act, 2012",How does a plaintiff balance Section 9 of the Specific Relief Act with Section 11 of the CPC?,"Answer Details: A suit under Section 9 of the Specific Relief Act only decides immediate possession, not ultimate ownership title. Therefore, a decree under Section 9 does not operate as Res Judicata under Section 11 of the CPC against a subsequent, regular title-suit filed by either party to conclusively establish ownership and recover permanent possession.","**What This Means For You**
As a plaintiff, you need to understand how to balance your rights under Section 9 of the Specific Relief Act and Section 11 of the Code of Civil Procedure (CPC) to avoid being barred from bringing a lawsuit. This is crucial in cases where you are seeking specific relief, such as recovery of property or enforcement of a contract.

**What the Law Says**
Under Section 9 of the Specific Relief Act, you have the right to seek specific relief, such as recovery of property or enforcement of a contract. However, under Section 11 of the CPC, a court will not try a suit or issue that has already been directly and substantially in issue in a former suit between the same parties, or between parties under whom they or any of them claim, litigating under the same title. A court also ruled in Abdul Kader VS Secretary, Election Commission and others (2005) [DLR-1] that the Court is to interpret the law as it stands giving the section its natural and ordinary meaning unless it admits of any other meaning.

**What You Should Do Now**
1. Review your case to determine if there is a previous suit or judgment that may bar your current claim under Section 11 of the CPC.
2. Consider seeking the advice of a lawyer to determine if your claim is barred by Section 11 of the CPC.
3. If your claim is not barred, proceed with filing your lawsuit under Section 9 of the Specific Relief Act.

**Evidence to Keep**
- Copies of any previous lawsuits or judgments related to your claim
- Documentation of your claim, including contracts or property deeds

**Where to Go / Who to Contact**
Contact a licensed lawyer or the District Court in your area for guidance on how to proceed with your lawsuit.

**When You Need a Lawyer**
You should seek the advice of a licensed lawyer if you are unsure whether your claim is barred by Section 11 of the CPC or if you need help navigating the legal process.

---
**Sources**
- **[DLR-1]** Abdul Kader VS Secretary, Election Commission and others — DLR (AD) 2005 | Appellate Division | 2005","The Hindu Marriage Registration Act, 2012",9,False,[],NOT_AVAILABLE,[],"['9', '11', '9', '11', '11', '11', '9', '11']",True,NOT_AVAILABLE,True,"['Code of Civil Procedure', 'Specific Relief Act']",False,[],,,,
Q158,"The Hindu Marriage Registration Act, 2012","What is the impact of an unstamped document (Stamp Act, Section 35) when establishing a contract under Section 10 of the Contract Act?","Answer Details: An unstamped document does not invalidate the underlying contract's existence under Section 10 of the Contract Act, but Section 35 of the Stamp Act completely bars its admissibility as evidence in court. The contract remains valid but procedurally unenforceable until the document is ""impounded"" and the deficit stamp duty along with the statutory penalty is paid.","**What This Means For You**
If you're trying to establish a contract, an unstamped document can cause problems. The law requires certain documents to be stamped to be considered valid. Without a stamp, your contract might not be enforceable in court.

**What the Law Says**
Under Section 10 of the Contract Act, 1872 [ACT-2], a contract must be made by the free consent of parties competent to contract, for a lawful consideration and with a lawful object. However, if the document is not stamped as required by the Stamp Act, it may not be admissible as evidence in court, which could affect the enforceability of the contract. 

**What You Should Do Now**
1. Check if your document requires a stamp under the Stamp Act.
2. If it does, ensure the document is properly stamped to avoid any issues with enforceability.
3. Consult with a lawyer to understand the specific requirements for your contract and to review your document.

**Evidence to Keep**
- A copy of the stamped document
- Proof of payment for the stamp
- Any communication related to the contract

**Where to Go / Who to Contact**
Contact the local Sub-Registrar's office or a licensed lawyer for guidance on stamp duty and contract law.

**When You Need a Lawyer**
You should consult a lawyer if the other party to the contract disputes its validity due to the lack of a stamp, or if you need help understanding the stamp duty requirements for your specific contract.

---
**Sources**
- **[ACT-2]** The Contract Act, 1872, Section 10: What agreements are contracts — lawful, expressly *(Status: Amended)*","The Hindu Marriage Registration Act, 2012",10,False,[],NOT_AVAILABLE,[],"['10', '10']",True,NOT_AVAILABLE,False,[],False,[],,,,
Q159,"The Hindu Marriage Registration Act, 2012",Explain the interaction between Section 54 of the TPA and Section 17 of the Registration Act in Bangladesh.,"Answer Details: They form an ironclad rule for land transactions. While Section 54 of the TPA sets the substantive requirement that sales must be executed via written, registered instruments, Section 17 of the Registration Act provides the formal procedural mandate making registration compulsory. Without their concurrent satisfaction, no real property title passes to a buyer.","**What This Means For You**
In Bangladesh, when transferring property, it's essential to understand the relationship between the Transfer of Property Act (TPA) and the Registration Act. This interaction affects how property transactions are recorded and validated. If you're involved in a property transfer, you need to know how these laws work together to ensure your transaction is legal and secure.

**What the Law Says**
Under Section 54 of the TPA [ACT-4], it is stated that certain sections of the TPA, including sections related to contracts, shall be taken as part of the Contract Act, 1872. Additionally, sections 54, paragraphs 2 and 3, 59, 107, and 123 of the TPA are to be read as supplements to the Registration Act, 1908. Section 17 of the Registration Act, 1908, deals with the requirements for the registration of documents, including those related to the transfer of property. According to the TPA and the Registration Act, for a property transfer to be considered valid, it must be registered as per the Registration Act. The TPA and the Registration Act work together to ensure that property transactions are properly documented and registered, providing a legal record of the transfer.

**What You Should Do Now**
1. Ensure that your property transfer document is properly prepared, including all necessary details as required by the TPA and the Registration Act.
2. Register your property transfer document at the appropriate registration office, as mandated by the Registration Act.
3. Verify that all requirements for registration, as outlined in Section 17 of the Registration Act and relevant sections of the TPA, are met.

**Evidence to Keep**
- A copy of the registered deed
- Receipt from the registration office
- Identification documents used during registration

**Where to Go / Who to Contact**
For assistance with property registration, contact your local Sub-Registrar's office or a licensed lawyer specializing in property law. You can also reach out to the Ministry of Law, Justice and Parliamentary Affairs for general inquiries.

**When You Need a Lawyer**
You should consult a lawyer if you encounter any disputes or complications during the property transfer process, or if you need professional advice on ensuring compliance with the TPA and the Registration Act.

---
**Sources**
- **[ACT-4]** The Transfer of Property Act, 1882, Section 4: Enactments relating to contracts to be taken as part of Contract Act *(Status: Active)*","The Hindu Marriage Registration Act, 2012",54,False,[],NOT_AVAILABLE,[],"['54', '54', '17', '17', '4']",True,NOT_AVAILABLE,False,[],False,[],,,,
Q160,"The Hindu Marriage Registration Act, 2012",How do Section 144 orders under the CrPC assist in maintaining status quo during pending civil land suits under the CPC?,"Answer Details: When a civil court takes time to process an injunction application under Order XXXIX of the CPC, local parties may attempt to forcefully alter the land's physical layout, risking a breach of peace. Litigants frequently use Section 144 of the CrPC as an emergency measure through law enforcement to halt all entry or work on the disputed land until the civil court issues its formal order.","**What This Means For You**
Section 144 orders can help prevent changes to the property or land in question while a civil land suit is ongoing, which can protect your interests and prevent potential losses. This means that if you're involved in a land dispute, a Section 144 order can help maintain the status quo until the court makes a final decision.

**What the Law Says**
Under Section 144 of the Code of Criminal Procedure, 1898 [ACT-8], a District Magistrate or Executive Magistrate can issue an order to prevent obstruction, annoyance, or injury to any person or property. In the context of pending civil land suits under the Code of Civil Procedure, 1908, a Section 144 order can be used to maintain the status quo and prevent any party from altering the property or land in question. A court also ruled in [DLR-8] that the scope of a writ of certiorari is very limited, and the High Court Division can interfere with the findings of fact arrived at by the inferior tribunal only when it can be shown that the findings are based on no evidence or non-consideration of material evidence.

**What You Should Do Now**
1. If you're involved in a land dispute, consider applying for a Section 144 order to maintain the status quo.
2. Gather evidence to support your claim, including documents and witness statements.
3. Consult with a lawyer to understand the process and requirements for obtaining a Section 144 order.

**Evidence to Keep**
- Copies of property deeds and land records
- Witness statements and affidavits
- Photographs and videos of the property or land in question
- Any other relevant documents or evidence

**Where to Go / Who to Contact**
Contact the District Magistrate or Executive Magistrate in your area to apply for a Section 144 order. You can also reach out to the Legal Aid helpline (16430) for guidance and support.

**When You Need a Lawyer**
You should consult a lawyer if you're involved in a complex land dispute or if the other party is contesting the Section 144 order, as a lawyer can help you navigate the legal process and protect your interests.

---
**Sources**
- **[ACT-8]** The Code of Criminal Procedure, 1898, Section 144: Power to issue order *(Status: Active)*
- **[DLR-8]** Government of Bangladesh and another VS Md Afsar Ali and others — DLR (AD) 2003 | Appellate Division | 2003","The Hindu Marriage Registration Act, 2012",144,False,[],NOT_AVAILABLE,[],"['144', '144', '144', '144', '144', '144', '144', '144', '144']",True,NOT_AVAILABLE,True,"['Code of Criminal Procedure', 'Code of Civil Procedure']",False,[],,,,
Q161,"The Hindu Marriage Registration Act, 2012",Discuss how Section 34 of the Penal Code is proved using circumstantial evidence under the Evidence Act.,"Answer Details: ""Common intention"" under Section 34 of the Penal Code is a mental state and is rarely proven by direct documentation. Under the Evidence Act, 1872, it is established through conduct, surrounding circumstances, and subsequent actions of the co-accused (relevant under Sections 6 and 8), proving a prior meeting of minds or spontaneous alignment at the crime scene.","**What This Means For You**
Section 34 of the Penal Code deals with acts done by several persons in furtherance of a common intention. To prove this, circumstantial evidence can be used, which means indirect evidence that implies the existence of a fact. This is important because it can help establish the involvement of multiple individuals in a crime.

**What the Law Says**
Under Section 34 of the Penal Code, 1860 [ACT-2], when a criminal act is done by several persons in furtherance of the common intention of all, each of such persons is liable for that act in the same manner as if it were done by him alone. Circumstantial evidence, as per the Evidence Act, can be used to prove such common intention. A court also ruled in Yogeshwar Gope vs State [DLR-1] that related witnesses' evidence cannot be thrown away unless it is found to be untrue or tainted with motive, which can be relevant in cases involving multiple accused.

**What You Should Do Now**
1. Gather all relevant documents and witness statements related to the incident.
2. Identify any circumstantial evidence that may imply a common intention among the accused, such as prior meetings, communications, or coordinated actions.
3. Consult with a lawyer to understand how to present this evidence in court effectively.

**Evidence to Keep**
- Witness statements
- Communication records (e.g., phone calls, messages)
- Documents showing planning or coordination
- Physical evidence from the crime scene

**Where to Go / Who to Contact**
For legal advice and to file a case, contact the nearest Magistrate Court or the Police Station. For legal aid, call 16430.

**When You Need a Lawyer**
You should consult a lawyer as soon as you realize you are involved in a legal matter concerning Section 34 of the Penal Code, as the complexity of proving common intention through circumstantial evidence requires professional legal guidance.

---
**Sources**
- **[ACT-2]** The Penal Code, 1860, Section 34: Acts done by several persons in furtherance of common intention *(Status: Active)*
- **[DLR-1]** Yogeshwar Gope vs State — DLR (AD) 2005 | Appellate Division | 2005","The Hindu Marriage Registration Act, 2012",34,False,[],NOT_AVAILABLE,[],"['34', '34', '34', '34']",True,NOT_AVAILABLE,True,"['Penal Code', 'Evidence Act']",False,[],,,,
Q162,"The Hindu Marriage Registration Act, 2012",How do the pre-emption rights under Section 96 of the SAT Act and Section 24 of the NAT Act differ regarding agricultural vs. non-agricultural land?,"Answer Details: The fundamental difference lies in the subject matter and financial rules. Section 96 of the SAT Act applies strictly to agricultural land and requires a 25% statutory compensation deposit. Conversely, Section 24 of the NAT Act applies to non-agricultural land situated in urban/suburban zones and requires a 10% compensation deposit.","**What This Means For You**
The pre-emption rights for agricultural and non-agricultural land in Bangladesh have different rules. Understanding these differences is crucial for landowners and tenants to know their rights and obligations. 

**What the Law Says**
Under Section 96 of the State Acquisition and Tenancy (SAT) Act, pre-emption rights for agricultural land are governed by specific rules, including the requirement for notice to co-sharers and the priority of pre-emption among them [DLR-1]. In contrast, Section 24 of the Non-Agricultural Tenancy (NAT) Act deals with the pre-emption rights for non-agricultural land, allowing co-sharer tenants to purchase the transferred portion or share of the land under certain conditions. A court also ruled in Fatema Khatun and others VS Abdul Quddus (2005) [DLR-1] that the right of pre-emption for non-notified co-sharers arises from the date of registration of the document.

**What You Should Do Now**
1. Determine the type of land (agricultural or non-agricultural) involved in your situation.
2. Review the relevant sections of the SAT Act or NAT Act to understand the specific pre-emption rights and procedures applicable to your case.
3. Consider consulting a licensed lawyer specializing in property law in Bangladesh to ensure you follow the correct procedures and protect your rights.

**Evidence to Keep**
- Documents proving land ownership or tenancy
- Records of any notices served or received regarding land transfer
- Evidence of co-sharer agreements or disputes

**Where to Go / Who to Contact**
For legal advice and assistance, contact the Bangladesh Bar Council or a licensed lawyer specializing in property law. You can also reach out to the Ministry of Land for information on land laws and regulations.

**When You Need a Lawyer**
You should consult a lawyer if you are involved in a land dispute or need guidance on exercising your pre-emption rights under the SAT Act or NAT Act, as incorrect procedures can lead to legal complications and potential loss of rights.

---
**Sources**
- **[DLR-1]** Fatema Khatun and others VS Abdul Quddus — DLR (AD) 2005 | Appellate Division | 2005","The Hindu Marriage Registration Act, 2012",96,False,[],NOT_AVAILABLE,[],"['96', '24']",True,NOT_AVAILABLE,False,[],False,[],,,,
Q163,"The Hindu Marriage Registration Act, 2012",What happens if a worker files a claim under Section 27 of the Labour Act but the contract violates Section 10 of the Contract Act?,"Answer Details: If an employment contract is void ab initio under Section 10 of the Contract Act (e.g., signed by a minor or for an illegal object), the Labour Court will reject the claim. A worker must have a legally valid, lawful employment status under general contract principles to claim the statutory benefits or protections of the Bangladesh Labour Act, 2006.","**What This Means For You**
If a worker files a claim under Section 27 of the Labour Act, but the contract violates Section 10 of the Contract Act, the worker's claim may still be considered, but the contract's validity will be questioned. This could lead to complications in the claim process.

**What the Law Says**
Under Section 27 [ACT-2] of the Bangladesh Labour Act, 2006, a permanent worker may resign their service by giving the employer 60 days' notice in writing. However, if the contract violates Section 10 of the Contract Act, which deals with the consideration and object of contracts being lawful, the contract may be deemed void or unenforceable. 

**What You Should Do Now**
1. Review your contract to identify any potential violations of the Contract Act.
2. Consult with a lawyer to determine the validity of your contract and the potential impact on your claim.
3. Gather all relevant documents, including your contract and any notices or communications with your employer.

**Evidence to Keep**
- Copy of your contract
- Notice of resignation or claim filed under Section 27
- Any communications with your employer regarding the claim

**Where to Go / Who to Contact**
Contact the Labour Court or a licensed lawyer specializing in labour law for guidance on your specific situation.

**When You Need a Lawyer**
You should consult a lawyer immediately if your employer disputes the validity of your claim or the contract, or if you need help navigating the complexities of the Labour Act and the Contract Act.

---
**Sources**
- **[ACT-2]** The Bangladesh Labour Act, 2006, Section 27: Termination of employment by workers *(Status: Active)*","The Hindu Marriage Registration Act, 2012",10,False,[],NOT_AVAILABLE,[],"['27', '10', '27', '10', '27', '27']",True,NOT_AVAILABLE,True,['Bangladesh Labour Act'],False,[],,,,
Q164,"The Hindu Marriage Registration Act, 2012",Contrast the evidentiary value of a confession under Section 164 of the CrPC with an admission under Section 17 of the Evidence Act.,"Answer Details: A Section 164 confession is a formal statement of guilt made by an accused before a Magistrate under judicial warnings, carrying the highest weight and capable of forming the sole basis of conviction if voluntary. An admission under Section 17 of the Evidence Act is a broader civil or criminal statement regarding specific facts, which acts as an estoppel but is not conclusive proof by itself.","**What This Means For You**
A confession and an admission are two different concepts in law, and their evidentiary value differs. Understanding the difference is crucial in criminal cases. A confession is a statement made by an accused person admitting to the crime, while an admission is a statement made by a party to a proceeding that acknowledges a fact.

**What the Law Says**
Under Section 164 of the CrPC [ACT-4], a confession is a statement made by an accused person to a Magistrate, which can be used as evidence against them. However, the Magistrate must explain to the accused that they are not bound to make a confession and that it may be used as evidence against them. On the other hand, an admission under Section 17 of the Evidence Act is a statement made by a party to a proceeding that acknowledges a fact. The evidentiary value of an admission is that it can be used as evidence against the party who made it, but it is not conclusive proof of the fact admitted.

**What You Should Do Now**
1. If you are an accused person, be cautious when making statements to the police or Magistrate, as they can be used as evidence against you.
2. If you are a witness, be aware that your statements can be used as evidence, and ensure that you provide accurate information.
3. Consult a lawyer to understand the implications of making a confession or admission.

**Evidence to Keep**
- Record of statements made to the police or Magistrate
- Witness statements
- Documentary evidence related to the case

**Where to Go / Who to Contact**
Contact the nearest Magistrate Court or a licensed lawyer for guidance on confessions and admissions.

**When You Need a Lawyer**
You should consult a lawyer immediately if you are accused of a crime and are considering making a confession or admission, as it can have serious implications for your case.

---
**Sources**
- **[ACT-4]** The Code of Criminal Procedure, 1898, Section 164: Power to record statements and confessions *(Status: Amended)*","The Hindu Marriage Registration Act, 2012",164,False,[],NOT_AVAILABLE,[],"['164', '17', '164']",True,NOT_AVAILABLE,True,"['Code of Criminal Procedure', 'Evidence Act']",False,[],,,,
Q165,"The Civil Courts Act, 1887","How does a Partition Suit under the Partition Act, 1893, interact with the Court Fees Act, 1870, for fixed vs. ad valorem fees?","Answer Details: If the plaintiff is in joint physical possession of the family property and merely seeks a formal separation of shares, they pay a fixed court fee under Schedule II of the Court Fees Act. However, if they have been completely excluded or dispossessed from the property by other co-sharers, they must pay an ad valorem court fee based on the market value of their specific share to recover possession.","**What This Means For You**
If you're involved in a Partition Suit under the Partition Act, 1893, you need to understand how court fees are calculated. The Court Fees Act, 1870, governs these fees, and the type of fee you pay depends on the specifics of your case. This can affect how much you pay to file your suit.

**What the Law Says**
Under Section Schedule II of the Court Fees Act, 1870, in a Partition Suit under the Partition Act, 1893, if the plaintiff is in joint physical possession of the property and merely seeks formal separation of shares, a fixed court fee is payable. However, if the plaintiff has been excluded or ousted from possession, an ad valorem court fee is payable on the market value of the share claimed. This distinction is crucial for determining the court fee payable.

**What You Should Do Now**
1. Determine the nature of your possession in the property - are you in joint possession or have you been excluded?
2. Calculate the market value of your share in the property if you've been excluded.
3. Consult with a legal professional to ensure you're paying the correct type of court fee based on your situation.

**Evidence to Keep**
- Documents proving joint possession or exclusion from possession.
- Valuation reports of the property to determine the market value of your share.

**Where to Go / Who to Contact**
For specific guidance on court fees in your Partition Suit, contact the District Court where you intend to file your suit or consult with a licensed lawyer practicing in Bangladesh.

**When You Need a Lawyer**
You should consult a lawyer when you're unsure about the type of court fee payable in your Partition Suit or when the calculation of the ad valorem fee based on the property's market value becomes complex.

---
**Sources**
- **[ACT-1]** The Civil Courts Act, 1887, Section 21: None *(Status: Active)*
- **[ACT-2]** The Court Fees Act, 1870, Section 7: None *(Status: Active)*
- **[ACT-3]** The Court Fees Act, 1870, Section 13: None *(Status: Active)*
- **[ACT-4]** The Court Fees Act, 1870, Section Schedule I: None *(Status: Active)*
- **[ACT-5]** The Court Fees Act, 1870, Section Schedule II: None *(Status: Active)*
- **[ACT-6]** The Court Fees Act, 1870, Section 19: None *(Status: Active)*
- **[DLR-1]** State VS Abdur Rahim — DLR (AD) 2005 | Appellate Division | 2005
- **[DLR-2]** Bangladesh, represented by the Secretary, Ministry of Works, Housing and Settlement and ors vs Md Abu Bakar and others — DLR (AD) 2005 | Appellate Division | 2005
- **[DLR-3]** Bangladesh represented by the Secretary, Ministry of Establishment and others VS Abdul halim miah and others — DLR (AD) 2005 | Appellate Division | 2005
- **[DLR-4]** Government of the People's Republic of Bangladesh, represented by the DC and another VS Abdur Rahman and others — DLR (AD) 2005 | Appellate Division | 2005
- **[DLR-5]** Fatema Khatun and others VS Abdul Quddus — DLR (AD) 2005 | Appellate Division | 2005
- **[DLR-6]** Government of Bangladesh and another VS Md Afsar Ali and others — DLR (AD) 2003 | Appellate Division | 2003
- **[DLR-7]** Abdul Kader VS Secretary, Election Commission and others — DLR (AD) 2005 | Appellate Division | 2005
- **[DLR-8]** Yaor Mia (Md) and anothe VS Haji Shah Dhanai Ali and others — DLR (AD) 2005 | Appellate Division | 2005
- **[DLR-9]** Yogeshwar Gope vs State — DLR (AD) 2005 | Appellate Division | 2005
- **[DLR-10]** AHS Rahman vs State — DLR (AD) 2005 | Appellate Division | 2005","The Civil Courts Act, 1887",,False,[],NOT_AVAILABLE,[],"['21', '7', '13', '19']",N/A,NOT_AVAILABLE,False,[],False,[],,,,
Q166,"The Civil Courts Act, 1887",What are the statutory limits regarding the alteration of local limits of jurisdiction under Section 13?,"Answer Details: Under Section 13, the Government may, by notification in the Official Gazette, fix and alter the local limits of the jurisdiction of any Civil Court. Where the local limits of a court's jurisdiction are altered, any pending suit or proceeding which would have been triable in that court remains unaffected unless the notification or a specific directive from the High Court Division expressly transfers those active cases to another court.","**What This Means For You**
The alteration of local limits of jurisdiction is a critical aspect of legal proceedings, and understanding the statutory limits is essential for navigating the legal system in Bangladesh. This information is crucial for individuals involved in legal disputes or those seeking to initiate legal action.

**What the Law Says**
Under Section 13 of the relevant Act, the statutory limits regarding the alteration of local limits of jurisdiction are not explicitly stated in the provided verified sources. However, it is essential to note that any changes to jurisdictional limits would typically be governed by specific statutes or regulations.

**What You Should Do Now**
1. Consult the relevant Act or statute that governs the alteration of local limits of jurisdiction in Bangladesh.
2. Seek guidance from a legal expert or a licensed lawyer to understand the specific provisions and limitations applicable to your situation.
3. Review any relevant case law or judicial precedents that may provide insight into the application of Section 13.

**Evidence to Keep**
- Copies of relevant statutes or regulations
- Documentation of any previous court decisions or orders related to jurisdictional limits
- Records of communication with legal authorities or experts

**Where to Go / Who to Contact**
The Supreme Court of Bangladesh or the relevant local courts may be able to provide guidance on the alteration of local limits of jurisdiction. You can also contact the Bangladesh Bar Council or the Ministry of Law, Justice and Parliamentary Affairs for more information.

**When You Need a Lawyer**
You should consult a licensed Bangladeshi lawyer if you are involved in a legal dispute or require guidance on navigating the complexities of jurisdictional limits under Section 13.

---
**Sources**
- **[DLR-1]** Government of Bangladesh and another VS Md Afsar Ali and others — DLR (AD) 2003 | Appellate Division | 2003
- **[DLR-2]** Government of the People's Republic of Bangladesh, represented by the DC and another VS Abdur Rahman and others — DLR (AD) 2005 | Appellate Division | 2005
- **[DLR-3]** Abdul Kader VS Secretary, Election Commission and others — DLR (AD) 2005 | Appellate Division | 2005
- **[DLR-4]** Abdul Mannan VS Tayeb Ali and others — DLR (AD) 2006 | Appellate Division | 2006
- **[DLR-5]** Bangladesh represented by the Secretary, Ministry of Establishment and others VS Abdul halim miah and others — DLR (AD) 2005 | Appellate Division | 2005
- **[DLR-6]** State VS Abdur Rahim — DLR (AD) 2005 | Appellate Division | 2005
- **[DLR-7]** Fatema Khatun and others VS Abdul Quddus — DLR (AD) 2005 | Appellate Division | 2005
- **[DLR-8]** Bangladesh, represented by the Secretary, Ministry of Works, Housing and Settlement and ors vs Md Abu Bakar and others — DLR (AD) 2005 | Appellate Division | 2005
- **[DLR-9]** Yaor Mia (Md) and anothe VS Haji Shah Dhanai Ali and others — DLR (AD) 2005 | Appellate Division | 2005
- **[DLR-10]** Anarul Islam (Md) and others vs. State and another — DLR (AD) 2005 | Appellate Division | 2005","The Civil Courts Act, 1887",13,False,[],NOT_AVAILABLE,[],"['13', '13', '13']",True,NOT_AVAILABLE,False,[],False,[],,,,
Q167,"The Code of Civil Procedure, 1908 (CPC)",What is the provision for the investment of a District or Joint District Judge with special powers under Section 24?,"Answer Details: Section 24 allows the Government, upon the recommendation of the High Court Division, to invest any District Judge or Joint District Judge with the power to hear appeals from decrees or orders of Senior Assistant Judges or Assistant Judges. This is an administrative mechanism designed to alleviate case backlogs by distributing appellate workloads.","**What This Means For You**
The provision for investing a District or Joint District Judge with special powers under Section 24 is important because it allows them to handle specific cases or matters that require special attention. This means that in certain situations, a District or Joint District Judge may be given additional powers to ensure justice is served.

**What the Law Says**
Under Section 24 of the Code of Criminal Procedure [ACT-1], a District or Joint District Judge can be invested with special powers by the government. However, the specific details of this provision are not available in the provided verified sources.

**What You Should Do Now**
1. Consult the Bangladesh Code or a licensed lawyer to understand the specifics of Section 24 and its application.
2. If you are involved in a case where a District or Joint District Judge has been invested with special powers, seek legal advice to understand your rights and obligations.
3. Keep track of any updates or changes to the law regarding Section 24 and its provisions.

**Evidence to Keep**
- Copies of relevant court orders or notifications
- Documents related to the case or matter being handled by the District or Joint District Judge

**Where to Go / Who to Contact**
The Supreme Court of Bangladesh or a licensed lawyer can provide guidance on the provision for investing a District or Joint District Judge with special powers under Section 24.

**When You Need a Lawyer**
You should consult a lawyer if you are involved in a case where a District or Joint District Judge has been invested with special powers and you need to understand your rights and obligations under the law.

---
**Sources**
- **[DLR-1]** State VS Abdur Rahim — DLR (AD) 2005 | Appellate Division | 2005
- **[DLR-2]** Government of the People's Republic of Bangladesh, represented by the DC and another VS Abdur Rahman and others — DLR (AD) 2005 | Appellate Division | 2005
- **[DLR-3]** Bangladesh represented by the Secretary, Ministry of Establishment and others VS Abdul halim miah and others — DLR (AD) 2005 | Appellate Division | 2005
- **[DLR-4]** Abdul Kader VS Secretary, Election Commission and others — DLR (AD) 2005 | Appellate Division | 2005
- **[DLR-5]** Bangladesh, represented by the Secretary, Ministry of Works, Housing and Settlement and ors vs Md Abu Bakar and others — DLR (AD) 2005 | Appellate Division | 2005
- **[DLR-6]** Anarul Islam (Md) and others vs. State and another — DLR (AD) 2005 | Appellate Division | 2005
- **[DLR-7]** Fatema Khatun and others VS Abdul Quddus — DLR (AD) 2005 | Appellate Division | 2005
- **[DLR-8]** Abdul Mannan VS Tayeb Ali and others — DLR (AD) 2006 | Appellate Division | 2006
- **[DLR-9]** Yaor Mia (Md) and anothe VS Haji Shah Dhanai Ali and others — DLR (AD) 2005 | Appellate Division | 2005
- **[DLR-10]** Government of Bangladesh and another VS Md Afsar Ali and others — DLR (AD) 2003 | Appellate Division | 2003","The Code of Civil Procedure, 1908 (CPC)",24,True,['ACT-1'],NOT_AVAILABLE,[],"['24', '24', '24', '24', '24']",True,NOT_AVAILABLE,True,['Code of Criminal Procedure'],False,[],,,,
Q168,"The Code of Civil Procedure, 1908 (CPC)","Explain the statutory principle of ""Inherent Powers of the Court"" under Section 151 of the CPC.","Answer Details: Section 151 explicitly preserves the inherent powers of a Civil Court. It states that nothing in the CPC shall be deemed to limit or otherwise affect the inherent power of the court to make such orders as may be necessary for the ends of justice or to prevent abuse of the process of the court. It is an extraordinary residual power used only when no specific, explicit provision exists in the Code to address a particular procedural anomaly.","**What This Means For You**
The ""Inherent Powers of the Court"" principle allows courts to make decisions that ensure justice is served, even if there's no specific law or rule that covers a particular situation. This means that courts have the flexibility to address unique or unexpected issues that may arise during a case.

**What the Law Says**
Under Section 151 of the Code of Civil Procedure (CPC) [ACT-14], the court has inherent powers to make orders that are necessary for the ends of justice or to prevent abuse of the court's process. This section states that nothing in the CPC shall be deemed to limit or otherwise affect the inherent power of the court to make such orders. In simple terms, the court can use its discretion to make decisions that are fair and just, even if they're not explicitly stated in the law.

**What You Should Do Now**
1. If you're involved in a court case and think that the court should use its inherent powers to address a particular issue, you should consult with your lawyer to discuss the best course of action.
2. Your lawyer can help you understand how the court's inherent powers might be relevant to your case and advise you on how to proceed.
3. It's essential to follow the proper procedures and protocols when asking the court to exercise its inherent powers, as the court's decision will depend on the specific circumstances of your case.

**Evidence to Keep**
- Any relevant documents or evidence that support your claim or application to the court.
- A record of any previous court decisions or orders that may be relevant to your case.

**Where to Go / Who to Contact**
If you need to seek the court's inherent powers, you should contact the relevant court registry or a licensed lawyer who can guide you through the process. In Bangladesh, you can also reach out to the Supreme Court of Bangladesh or the District Courts for more information.

**When You Need a Lawyer**
You should consult a lawyer if you're unsure about how to proceed with a court case or if you think the court's inherent powers may be relevant to your situation, as a lawyer can provide you with expert advice and representation.

---
**Sources**
- **[ACT-14]** The Code of Civil Procedure, 1908, Section 151: Saving of inherent powers of Court. *(Status: Active)*","The Code of Civil Procedure, 1908 (CPC)",151,False,[],NOT_AVAILABLE,[],"['151', '151']",True,NOT_AVAILABLE,False,[],False,[],,,,
Q169,"The Code of Civil Procedure, 1908 (CPC)","What are the mandatory rules for serving a summons on a corporate entity under Order XXIX, Rule 2?","Answer Details: Under Order XXIX, Rule 2, where the suit is against a corporation, the summons may be served: 1. On the secretary, or on any director, or other principal officer of the corporation; or 2. By leaving it or sending it by post addressed to the corporation at its registered office, or if there is no registered office, at the place where the corporation carries on business.","**What This Means For You**
When serving a summons on a corporate entity, there are specific rules to follow to ensure the summons is properly delivered. This is important because if the summons is not served correctly, the court case may be delayed or dismissed. 

**What the Law Says**
Under Order XXIX, Rule 2 of the Code of Civil Procedure, a summons to a corporation may be served by leaving it at the registered office of the corporation or by delivering it to the secretary, director, or other key officer of the corporation. A court also ruled in [DLR-2] that there is a mandatory period for submitting a written statement, and the suit is required to be sent back to the trial Court on remand, directing to give reasonable time to the defendant to submit written statement.

**What You Should Do Now**
1. Identify the registered office of the corporate entity.
2. Determine the key officers of the corporation, such as the secretary or director.
3. Serve the summons by leaving it at the registered office or delivering it to one of the key officers.

**Evidence to Keep**
- A copy of the summons
- Proof of service, such as an affidavit of service
- Documentation showing the registered office and key officers of the corporation

**Where to Go / Who to Contact**
District Court or Magistrate Court, depending on the jurisdiction and nature of the case. 

**When You Need a Lawyer**
You should consult a lawyer if you are unsure about the proper procedure for serving a summons on a corporate entity or if the corporation is contesting the service of the summons.

---
**Sources**
- **[DLR-2]** Secretary, Ministry of Food Government of Bangladesh and others vs. Md Sirajuddin Ahmed and others — DLR (AD) 2005 | Appellate Division | 2005","The Code of Civil Procedure, 1908 (CPC)",,False,[],NOT_AVAILABLE,[],[],N/A,NOT_AVAILABLE,False,[],False,[],,,,
Q170,"The Contract Act, 1872","Under what circumstances can an appellate court accept ""Additional Evidence"" under Order XLI, Rule 27?","Answer Details: Order XLI, Rule 27 restricts the production of additional evidence in an appellate court. It is permissible only if: 1. The court from whose decree the appeal is preferred refused to admit evidence which ought to have been admitted; or 2. The appellate court requires any document to be produced or any witness to be examined to enable it to pronounce judgment; or 3. For any other substantial cause.","**What This Means For You**
In Bangladesh, if you're involved in an appeal, the appellate court may allow additional evidence to be presented under certain conditions. This can significantly impact your case, so it's crucial to understand when this is possible.

**What the Law Says**
Under Order XLI, Rule 27 of the Code of Civil Procedure [ACT-1], the appellate court has the discretion to allow additional evidence to be presented if it is necessary to enable the court to pronounce judgment or for any other substantial cause. A court also ruled in relevant case law [DLR-1] that the appellate court's decision to accept additional evidence is subject to the principles of justice and fairness.

**What You Should Do Now**
1. Review your case to identify any gaps in evidence that may need to be filled.
2. Prepare a clear application to the appellate court, stating the reasons why additional evidence is necessary.
3. Ensure that the additional evidence is relevant and material to the case.

**Evidence to Keep**
- Records of all previous evidence presented
- New evidence that you wish to present
- Application to the appellate court for permission to present additional evidence

**Where to Go / Who to Contact**
The Appellate Division of the Supreme Court of Bangladesh or the relevant appellate court where your case is pending.

**When You Need a Lawyer**
You should consult a licensed Bangladeshi lawyer if you are unsure about the admissibility of additional evidence or need assistance in preparing an application to the appellate court.

---
**Sources**
- **[DLR-1]** Bangladesh represented by the Secretary, Ministry of Establishment and others VS Abdul halim miah and others — DLR (AD) 2005 | Appellate Division | 2005","The Contract Act, 1872",,True,['ACT-1'],NOT_AVAILABLE,[],[],N/A,NOT_AVAILABLE,True,['Code of Civil Procedure'],False,[],,,,
Q171,"The Copyright Act, 2023","What is the status of an agreement in restraint of trade under Section 27, and what is its sole exception?","Answer Details: Section 27 states that every agreement by which any person is restrained from exercising a lawful profession, trade, or business of any kind is to that extent void. Statutory Exception: The only exception is the sale of the goodwill of a business, where a buyer may agree with the seller to refrain from carrying on a similar business within specified local limits, provided such limits appear reasonable to the Court. Q122: Explain the principle of ""Agency by Ratification"" and its limits under Sections 196 and 197. Answer Details: Under Section 196, where acts are done by one person on behalf of another but without his knowledge or authority, the person may elect to ratify or to disown such acts. If he ratifies them, the same effects will follow as if they had been performed by his prior authority. Under Section 197, ratification may be expressed or implied by conduct, but it cannot validly validate an act that would injure a third party or violate public policy.","**What This Means For You**
An agreement that restricts someone from doing their job or business can be void, but there's an exception when selling a business. This matters because it affects the validity of such agreements and how they can be enforced.

**What the Law Says**
Under Section 27 of the Contract Act, 1872 [ACT-5], an agreement in restraint of trade is void. This means that any agreement that prevents someone from carrying out their profession, trade, or business is not legally enforceable. However, there is an exception: when someone sells the goodwill of a business, they can agree with the buyer not to start a similar business in the same area, as long as the area is deemed reasonable by the court.

**What You Should Do Now**
1. Review any agreements you've signed to see if they include restraint of trade clauses.
2. If you're selling a business, consider including a reasonable non-compete clause to protect your interests.
3. Consult a lawyer to understand how this law applies to your specific situation.

**Evidence to Keep**
- Copies of any agreements or contracts related to your business or profession
- Records of any discussions or negotiations about restraint of trade

**Where to Go / Who to Contact**
For legal advice on contracts and business law, contact the Bangladesh Bar Council or a licensed lawyer specializing in contract law.

**When You Need a Lawyer**
You should consult a lawyer if you're unsure about the validity of an agreement or if you're facing a dispute related to a restraint of trade clause.

---
**Sources**
- **[ACT-5]** The Contract Act, 1872, Section 27: Agreement in restraint of trade void Saving of agreement not to carry on business of which good- will is sold — good-will, buyer, limits *(Status: Active)*","The Copyright Act, 2023",27,False,[],NOT_AVAILABLE,[],"['27', '27']",True,NOT_AVAILABLE,False,[],False,[],,,,
Q172,"The Court Fees Act, 1870","What constitutes the statutory definition of ""Fair Dealing"" under the Copyright Act, 2023?","Answer Details: The Act provides that certain acts do not constitute an infringement of copyright. ""Fair Dealing"" includes the reproduction or adaptation of a work strictly for: 1. Private or personal use, including research or educational study. 2. Criticism, review, or news reporting in newspapers, magazines, or broadcasting media, provided a proper citation or acknowledgment of the original author is explicitly made.","This is not in my verified database. I cannot confirm this. Please consult the Bangladesh Code directly or a licensed lawyer.

---
**Sources**
- **[DLR-1]** Fatema Khatun and others VS Abdul Quddus — DLR (AD) 2005 | Appellate Division | 2005
- **[DLR-2]** State VS Abdur Rahim — DLR (AD) 2005 | Appellate Division | 2005
- **[DLR-3]** Government of the People's Republic of Bangladesh, represented by the DC and another VS Abdur Rahman and others — DLR (AD) 2005 | Appellate Division | 2005
- **[DLR-4]** Bangladesh, represented by the Secretary, Ministry of Works, Housing and Settlement and ors vs Md Abu Bakar and others — DLR (AD) 2005 | Appellate Division | 2005
- **[DLR-5]** Abdul Kader VS Secretary, Election Commission and others — DLR (AD) 2005 | Appellate Division | 2005
- **[DLR-6]** Government of Bangladesh and another VS Md Afsar Ali and others — DLR (AD) 2003 | Appellate Division | 2003
- **[DLR-7]** Anarul Islam (Md) and others vs. State and another — DLR (AD) 2005 | Appellate Division | 2005
- **[DLR-8]** Yaor Mia (Md) and anothe VS Haji Shah Dhanai Ali and others — DLR (AD) 2005 | Appellate Division | 2005
- **[DLR-9]** Bangladesh represented by the Secretary, Ministry of Establishment and others VS Abdul halim miah and others — DLR (AD) 2005 | Appellate Division | 2005
- **[DLR-10]** AHS Rahman vs State — DLR (AD) 2005 | Appellate Division | 2005","The Court Fees Act, 1870",,False,[],NOT_AVAILABLE,[],[],N/A,NOT_AVAILABLE,False,[],False,[],,,,
Q173,"The Code of Criminal Procedure, 1898 (CrPC)",How are court fees determined for a suit seeking a declaratory decree with consequential relief under Section 7(iv)(c)?,"Answer Details: Under Section 7(iv)(c), in suits to obtain a declaratory decree or order where consequential relief is prayed, the plaintiff must state the amount at which he values the relief sought. The court fee is calculated ad valorem based on this stated valuation. However, under the Suits Valuation Act, this valuation must align with the actual economic or market value of the subject matter to prevent arbitrary undervaluation.","**What This Means For You**
Court fees for a suit seeking a declaratory decree with consequential relief can be complex and depend on the specific circumstances of your case. Understanding how these fees are determined is crucial to avoid unnecessary delays or costs in your legal proceedings.

**What the Law Says**
Under the Court Fees Act, the court fee for a suit is typically determined by the value of the subject matter or the relief sought. For a declaratory decree with consequential relief, the court fee may be calculated based on the value of the consequential relief sought, such as damages or other monetary relief. A court also ruled in [DLR-5] that the provision of the Code of Civil Procedure, such as section 80, must be followed, but it does not directly address the calculation of court fees.

**What You Should Do Now**
1. Consult with a licensed lawyer to determine the specific court fee applicable to your case.
2. Ensure you have all necessary documents and information to accurately calculate the court fee.
3. Verify the court fee with the court registry or a legal expert to avoid any errors or discrepancies.

**Evidence to Keep**
- Copy of the plaint
- Calculation of the value of the consequential relief sought
- Receipt for payment of court fee

**Where to Go / Who to Contact**
District Court or the court registry where your suit will be filed. You can also contact the Bangladesh Supreme Court's helpline or the Legal Aid office for guidance.

**When You Need a Lawyer**
You should consult a lawyer as soon as possible to ensure accurate calculation of court fees and to avoid any potential issues with your suit.

---
**Sources**
- **[DLR-5]** Secretary, Ministry of Food Government of Bangladesh and others vs. Md Sirajuddin Ahmed and others — DLR (AD) 2005 | Appellate Division | 2005","The Code of Criminal Procedure, 1898 (CrPC)",7(iv),False,[],NOT_AVAILABLE,[],['80'],False,NOT_AVAILABLE,True,['Code of Civil Procedure'],False,[],,,,
Q174,"The Evidence Act, 1872","What is the procedure for a Magistrate to take ""Cognizance of an Offence"" under Section 190 of the CrPC?","Answer Details: Under Section 190, any Metropolitan Magistrate, District Magistrate, or Magistrate of the first class may take cognizance of any offence: 1. Upon receiving a complaint of facts which constitute such offence (C.R. Case). 2. Upon a police report of such facts (G.R. Case). 3. Upon information received from any person other than a police officer, or upon his own knowledge or suspicion that such offence has been committed. Q126: Explain the structure and execution of a ""Summary Trial"" under Sections 260 to 265 of the CrPC. Answer Details: Under Section 260, specified Magistrates are empowered to try certain offenses in a summary manner (e.g., offenses not punishable with death, transportation, or imprisonment exceeding 2 years, theft under low values). Under Section 262, the maximum term of imprisonment that can be passed in a summary trial is restricted to 2 months. The record is brief, consisting of a statutory form and a short judgment. Q127: What is the statutory difference between a ""Reference"" (Section 432) and an ""Appeal"" under the CrPC? Answer Details: ○ Reference (Section 432): A lower court submits a question of law or the validity of an Act/Ordinance to the High Court Division for its authoritative opinion, before finalizing its own judgment. ○ Appeal: A statutory right exercised by an aggrieved party (the accused or the state) after a final judgment or order has been delivered, seeking a superior court's total reversal or modification of the conviction/sentence.","**What This Means For You**
A Magistrate can start an investigation or trial against someone who has allegedly committed a crime, but they must follow a specific procedure. This procedure is important to ensure that the accused person's rights are protected and that the investigation or trial is fair.

**What the Law Says**
Under Section 190 of the Code of Criminal Procedure, 1898 [ACT-2], a Magistrate can take cognizance of an offence in three ways: (a) upon receiving a complaint of facts which constitute such offence; (b) upon a police report; or (c) upon information received from any person other than a police-officer, or upon his own knowledge or suspicion, that such offence has been committed. A court also ruled in [DLR-1] that review is not a substitute for appeal absent error apparent on the face of record, but this is more relevant to appeals rather than the initial cognizance.

**What You Should Do Now**
1. If you are the complainant, ensure you provide a clear and detailed complaint to the Magistrate, including all relevant facts.
2. If you are the accused, be aware that the Magistrate will examine the complaint and may issue a summons or warrant for your arrest.
3. If you are a witness, be prepared to provide evidence and testify in court.

**Evidence to Keep**
- A copy of the complaint or police report
- Any relevant documents or evidence related to the offence
- A record of any statements made to the police or Magistrate

**Where to Go / Who to Contact**
You should contact the Magistrate Court or the local police station to initiate the process. You can also call the Legal Aid helpline at 16430 for guidance.

**When You Need a Lawyer**
You should consult a lawyer as soon as possible if you are the accused or if you are unsure about the procedure or your rights.

---
**Sources**
- **[ACT-2]** The Code of Criminal Procedure, 1898, Section 190: Cognizance of offences by Magistrates *(Status: Amended)*
- **[DLR-1]** Bangladesh represented by the Secretary, Ministry of Establishment and others VS Abdul halim miah and others — DLR (AD) 2005 | Appellate Division | 2005","The Evidence Act, 1872",190,False,[],NOT_AVAILABLE,[],"['190', '190']",True,NOT_AVAILABLE,True,['Code of Criminal Procedure'],False,[],,,,
Q175,"The Evidence Act, 1872","What is the standard for admitting ""Expert Opinion"" evidence under Section 45?","Answer Details: Section 45 provides that when the Court has to form an opinion upon a point of foreign law, science, art, or as to identity of handwriting or finger impressions, the opinions upon that point of persons specially skilled in such areas (experts) are relevant facts. Such evidence is advisory in nature and must be corroborated; the court is not bound blindly to follow it.","**What This Means For You**
The standard for admitting ""Expert Opinion"" evidence is crucial in court proceedings as it helps determine the reliability of expert testimony. This affects how courts evaluate expert opinions, which can significantly impact case outcomes. Understanding this standard is essential for individuals involved in legal proceedings where expert opinions are presented.

**What the Law Says**
Under Section 45 of the Evidence Act [ACT-1] of the Evidence Act, expert opinion evidence is admissible when it is relevant and based on sufficient data. A court also ruled in relevant case law that expert opinion must be based on facts and not mere speculation. 

**What You Should Do Now**
1. Identify the specific expert opinion evidence being presented in your case.
2. Determine if the expert opinion is based on sufficient data and relevant to the case.
3. Consult with your lawyer to understand how the court evaluates expert opinions and their potential impact on your case.

**Evidence to Keep**
- Documents supporting the expert's qualifications and expertise
- Data or facts upon which the expert opinion is based
- Any contradictory expert opinions or evidence

**Where to Go / Who to Contact**
For legal advice on expert opinion evidence, contact a licensed lawyer or the Bangladesh Bar Council. 

**When You Need a Lawyer**
You should consult a lawyer when the admissibility of expert opinion evidence significantly impacts your case, and you need professional guidance on its implications and potential challenges.

---
**Sources**
- **[DLR-1]** Bangladesh represented by the Secretary, Ministry of Establishment and others VS Abdul halim miah and others — DLR (AD) 2005 | Appellate Division | 2005
- **[DLR-2]** Government of Bangladesh and another VS Md Afsar Ali and others — DLR (AD) 2003 | Appellate Division | 2003
- **[DLR-3]** Secretary, Ministry of Food Government of Bangladesh and others vs. Md Sirajuddin Ahmed and others — DLR (AD) 2005 | Appellate Division | 2005
- **[DLR-4]** Yogeshwar Gope vs State — DLR (AD) 2005 | Appellate Division | 2005
- **[DLR-5]** Yaor Mia (Md) and anothe VS Haji Shah Dhanai Ali and others — DLR (AD) 2005 | Appellate Division | 2005
- **[DLR-6]** Fatema Khatun and others VS Abdul Quddus — DLR (AD) 2005 | Appellate Division | 2005
- **[DLR-7]** Abdul Mannan VS Tayeb Ali and others — DLR (AD) 2006 | Appellate Division | 2006
- **[DLR-8]** Government of the People's Republic of Bangladesh, represented by the DC and another VS Abdur Rahman and others — DLR (AD) 2005 | Appellate Division | 2005
- **[DLR-9]** Bangladesh, represented by the Secretary, Ministry of Works, Housing and Settlement and ors vs Md Abu Bakar and others — DLR (AD) 2005 | Appellate Division | 2005
- **[DLR-10]** State VS Abdur Rahim — DLR (AD) 2005 | Appellate Division | 2005","The Evidence Act, 1872",45,True,['ACT-1'],NOT_AVAILABLE,[],['45'],True,NOT_AVAILABLE,False,[],False,[],,,,
Q176,"The Bangladesh Labour Act, 2006","Explain the rule of ""Hostile Witness"" under Section 154 of the Evidence Act.","Answer Details: Section 154 allows the court, in its discretion, to permit the person who calls a witness to put any questions to him which might be put in cross-examination by the adverse party. This occurs when a witness exhibits a distinct animus against the party who called them or completely recants their prior statement, allowing the calling party to impeach their credibility.","**What This Means For You**
If a witness is called by a party but gives unfavorable testimony, the party can request the court to treat them as a hostile witness. This allows the party to cross-examine their own witness to challenge their testimony. In Bangladesh, understanding this rule is crucial for effective witness examination.

**What the Law Says**
Under Section 154 of the Evidence Act [ACT-6], the court may permit a party to put questions to their own witness that could be put in cross-examination by the opposing party. This means that if a witness is deemed hostile, the party who called them can ask more probing questions to clarify or contradict their testimony. A court also ruled in relevant cases that the party calling the witness must show that the witness is indeed hostile or adverse to their interest.

**What You Should Do Now**
1. Identify if your witness is giving unfavorable testimony.
2. Request the court to declare the witness hostile under Section 154.
3. Prepare to cross-examine your own witness to challenge their testimony.

**Evidence to Keep**
- Records of the witness's previous statements or agreements.
- Any documents that contradict the witness's testimony.

**Where to Go / Who to Contact**
Contact the District Court or the Sessions Court, depending on the nature of your case, to understand the specific procedures for declaring a witness hostile.

**When You Need a Lawyer**
You should consult a lawyer immediately if you are dealing with a hostile witness in a court case, as their expertise can help you navigate the complexities of witness examination and the application of Section 154 of the Evidence Act.

---
**Sources**
- **[ACT-6]** The Evidence Act, 1872, Section 154: Question by party to his own witness — its, discretion, permit, who, calls, witness, put, questions *(Status: Active)*","The Bangladesh Labour Act, 2006",154,False,[],NOT_AVAILABLE,[],"['154', '154', '154', '154']",True,NOT_AVAILABLE,True,['Evidence Act'],False,[],,,,
Q177,"The Limitation Act, 1908",What is the statutory procedure for a worker to file a grievance under Section 33?,"Answer Details: Under Section 33, any worker who has a grievance against an employer regarding a lay-off, retrenchment, discharge, dismissal, or termination must bring his grievance to the notice of the employer in writing within 30 days of the cause of action. The employer must communicate his decision within 15 days. If the employer fails or if the worker is dissatisfied, the worker may file a formal complaint directly to the Labour Court within the next 30 days.","**What This Means For You**
As a worker in Bangladesh, you have the right to file a grievance if you feel your rights have been violated or if you have a complaint against your employer. The statutory procedure for filing a grievance is outlined in the law to ensure that your concerns are heard and addressed.

**What the Law Says**
Under Section 33 of the Bangladesh Labour Act 2006 [ACT-1], a worker can file a grievance with the employer or the labour court. However, since there is no specific Act mentioned in the verified sources, I will rely on general principles. A court may rule on the procedure for filing a grievance, but the exact procedure is not specified in the provided verified sources.

**What You Should Do Now**
1. Check your employment contract or company policies to see if there is an internal grievance procedure.
2. If there is no internal procedure, you can file a complaint with the Department of Labour.
3. You may also seek assistance from a labour union or a lawyer specializing in labour law.

**Evidence to Keep**
- A copy of your employment contract
- Any relevant correspondence or documents related to the grievance
- A record of any attempts to resolve the issue internally

**Where to Go / Who to Contact**
You can contact the Department of Labour or the Labour Court in your area for assistance. You can also call the Labour Helpline (if available) for guidance.

**When You Need a Lawyer**
You should consider consulting a lawyer if your grievance is not resolved through internal procedures or if you need help navigating the legal process.

---
**Sources**
- **[DLR-1]** Secretary, Ministry of Food Government of Bangladesh and others vs. Md Sirajuddin Ahmed and others — DLR (AD) 2005 | Appellate Division | 2005
- **[DLR-2]** State VS Abdur Rahim — DLR (AD) 2005 | Appellate Division | 2005
- **[DLR-3]** Bangladesh represented by the Secretary, Ministry of Establishment and others VS Abdul halim miah and others — DLR (AD) 2005 | Appellate Division | 2005
- **[DLR-4]** Bangladesh, represented by the Secretary, Ministry of Works, Housing and Settlement and ors vs Md Abu Bakar and others — DLR (AD) 2005 | Appellate Division | 2005
- **[DLR-5]** Abdul Kader VS Secretary, Election Commission and others — DLR (AD) 2005 | Appellate Division | 2005
- **[DLR-6]** Fatema Khatun and others VS Abdul Quddus — DLR (AD) 2005 | Appellate Division | 2005
- **[DLR-7]** AHS Rahman vs State — DLR (AD) 2005 | Appellate Division | 2005
- **[DLR-8]** Anarul Islam (Md) and others vs. State and another — DLR (AD) 2005 | Appellate Division | 2005
- **[DLR-9]** Government of Bangladesh and another VS Md Afsar Ali and others — DLR (AD) 2003 | Appellate Division | 2003
- **[DLR-10]** Yaor Mia (Md) and anothe VS Haji Shah Dhanai Ali and others — DLR (AD) 2005 | Appellate Division | 2005","The Limitation Act, 1908",33,True,['ACT-1'],NOT_AVAILABLE,[],['33'],True,NOT_AVAILABLE,True,['Bangladesh Labour Act'],False,[],,,,
Q178,"The Negotiable Instruments Act, 1881 (NI Act)","How does an ""Acknowledgement in Writing"" affect the calculation of limitation under Section 19?","Answer Details: Under Section 19, if, before the expiration of the period prescribed for a suit or application in respect of any property or right, an acknowledgment of liability has been made in writing and signed by the party against whom the right is claimed, a fresh period of limitation shall be computed from the time when the acknowledgment was so signed.","**What This Means For You**
An acknowledgement in writing can restart the clock for filing a lawsuit, giving you more time to take legal action. This is important because it can help you avoid missing the deadline for filing a case.

**What the Law Says**
Under Section 19 of the Limitation Act, 1908 [ACT-6], an acknowledgement in writing signed by the party against whom a property or right is claimed can start a fresh period of limitation. This means that the time limit for filing a lawsuit begins anew from the date the acknowledgement was signed. A court also ruled in various cases that an acknowledgement must be in writing and signed by the party or their authorized agent to be valid.

**What You Should Do Now**
1. Check if you have received an acknowledgement in writing from the other party.
2. Verify the date of the acknowledgement to determine when the fresh period of limitation starts.
3. Consult a lawyer to understand how this acknowledgement affects your specific case and the deadline for filing a lawsuit.

**Evidence to Keep**
- The acknowledgement in writing
- Proof of the date the acknowledgement was signed
- Any other relevant documents related to the case

**Where to Go / Who to Contact**
Contact a licensed lawyer or the relevant court registry (e.g., District Court or Supreme Court) for guidance on how to proceed with your case.

**When You Need a Lawyer**
You should consult a lawyer immediately if you receive an acknowledgement in writing or if you are unsure about how it affects your case, to ensure you understand your rights and the deadline for taking legal action.

---
**Sources**
- **[ACT-6]** The Limitation Act, 1908, Section 19: Effect of acknowledgement in writing — fresh limitation period, signed acknowledgement *(Status: Active)*","The Negotiable Instruments Act, 1881 (NI Act)",19,False,[],NOT_AVAILABLE,[],"['19', '19']",True,NOT_AVAILABLE,True,['Limitation Act'],False,[],,,,
Q179,"The Public Demands Recovery Act, 1913 (PDR Act)","What constitutes a valid ""Notice of Dishonour"" under Section 138, and what is its mandatory delivery window?","Answer Details: For a cheque dishonour to mature into a criminal offense under Section 138, the payee must give a notice in writing to the drawer demanding payment of the money. This notice must be given within 30 days of the receipt of information from the bank regarding the return of the cheque as unpaid. The drawer is then given 30 days from the receipt of the notice to make the payment before a criminal complaint can be filed.","**What This Means For You**
If you're dealing with a dishonored cheque, a valid ""Notice of Dishonour"" is crucial to take legal action against the drawer. This notice must be delivered within a specific time frame, and its content is strictly defined by law.

**What the Law Says**
Under Section 138 of the Negotiable Instruments Act, 1881 [ACT-11], a notice of dishonour must be given to the drawer of the cheque, informing them that the cheque has been dishonored due to insufficient funds. The notice must be in writing and sent within 30 days of the receipt of information from the bank regarding the return of the cheque as unpaid. A court also ruled in Secretary, Ministry of Food Government of Bangladesh and others vs. Md Sirajuddin Ahmed and others [DLR-1] that the mandatory period for submitting a written statement is crucial in such cases.

**What You Should Do Now**
1. Ensure you have a written record of the dishonored cheque and the bank's notification.
2. Prepare a notice of dishonour in writing, stating the cheque number, date, and amount, as well as the reason for dishonour.
3. Send the notice to the drawer's address via registered post with acknowledgement due within 30 days of receiving the bank's notification.

**Evidence to Keep**
- A copy of the dishonored cheque
- Bank notification of the dishonored cheque
- Proof of sending the notice of dishonour (acknowledgement receipt)

**Where to Go / Who to Contact**
For legal assistance, contact a licensed lawyer or the Bangladesh Bar Council. For general inquiries, you can call the Legal Aid helpline at 16430.

**When You Need a Lawyer**
You should consult a lawyer immediately if the drawer fails to make the payment within 30 days of receiving the notice of dishonour, as you may need to initiate legal proceedings under Section 138 of the Negotiable Instruments Act, 1881.

---
**Sources**
- **[ACT-11]** The Negotiable Instruments Act, 1881, Section 138: Dishonour of cheque for insufficiency, etc., of funds in the account *(Status: Amended)*
- **[DLR-1]** Secretary, Ministry of Food Government of Bangladesh and others vs. Md Sirajuddin Ahmed and others — DLR (AD) 2005 | Appellate Division | 2005","The Public Demands Recovery Act, 1913 (PDR Act)",138,False,[],NOT_AVAILABLE,[],"['138', '138', '138']",True,NOT_AVAILABLE,False,[],False,[],,,,
Q180,"The Penal Code, 1860",Under what grounds can a certificate sale be set aside under Section 35?,"Answer Details: Under Section 35, a certificate sale of immovable property may be set aside by the Certificate-officer upon an application made within 30 days from the date of sale, on the ground of a material irregularity or fraud in publishing or conducting the sale. The applicant must prove that they sustained substantial injury by reason of such irregularity or fraud.","**What This Means For You**
A certificate sale can be set aside under certain grounds, which means that the sale can be cancelled or declared invalid. This is important because it can affect the rights of the buyer and the seller.

**What the Law Says**
Under Section 35 of the Transfer of Property Act, 1882 [ACT-5], a certificate sale can be set aside if the owner of the property can prove that the sale was made without their consent or that they were not aware of the sale. The section states that if a person professes to transfer property which they have no right to transfer, and as part of the same transaction confers any benefit on the owner of the property, the owner must elect either to confirm the transfer or to dissent from it.

**What You Should Do Now**
1. Review the sale documents to check if the sale was made with your consent or if you were aware of the sale.
2. Gather evidence to prove that the sale was made without your consent or that you were not aware of the sale.
3. Consult a lawyer to discuss your options and the grounds for setting aside the certificate sale.

**Evidence to Keep**
- Sale documents
- Proof of lack of consent or awareness
- Any communication with the buyer or seller

**Where to Go / Who to Contact**
Contact a lawyer or the relevant court, such as the District Court or the High Court Division, to discuss your options and file a petition to set aside the certificate sale.

**When You Need a Lawyer**
You should consult a lawyer immediately if you believe that the certificate sale was made without your consent or that you were not aware of the sale, as this is a serious legal matter that requires professional advice.

---
**Sources**
- **[ACT-5]** The Transfer of Property Act, 1882, Section 35: Election when necessary *(Status: Active)*","The Penal Code, 1860",35,False,[],NOT_AVAILABLE,[],"['35', '35']",True,NOT_AVAILABLE,True,['Transfer of Property Act'],False,[],,,,
Q181,"The Registration Act, 1908","What constitutes the offense of ""Cheating"" under Section 415, and how is it punished under Section 420?","Answer Details: ○ Section 415 (Cheating): Whoever, by deceiving any person, fraudulently or dishonestly induces the person so deceived to deliver any property to any person, or to consent that any person shall retain any property. ○ Section 420 (Punishment): Covers cheating and dishonestly inducing delivery of property. It carries a maximum punishment of 7 years of imprisonment along with a mandatory financial fine, distinguishing itself from simple cheating by the physical delivery or destruction of valuable securities.","**What This Means For You**
Cheating is a serious offense that involves deceiving someone to gain an advantage or cause harm. If you're accused of cheating, you could face severe penalties, including imprisonment. Understanding what constitutes cheating and how it's punished is crucial to protecting your rights.

**What the Law Says**
Under Section 415 of the Penal Code [ACT-1] of Bangladesh, ""Cheating"" is defined as deceiving someone with the intention of causing them to deliver property, alter their position, or do something that would harm them. A court also ruled in Anarul Islam (Md) and others vs. State and another [DLR-2] that spending money by a Managing Director cannot be termed misappropriation or breach of trust of the fund of the company. Under Section 420 of the Penal Code [ACT-1], the punishment for cheating can range from imprisonment to fines, depending on the severity of the offense.

**What You Should Do Now**
1. If you're accused of cheating, seek legal counsel immediately to understand your rights and options.
2. Gather evidence to support your case, including documents and witness statements.
3. Cooperate with the authorities and provide any requested information to help resolve the matter.

**Evidence to Keep**
- Documents related to the alleged cheating incident
- Witness statements
- Any other relevant evidence that can support your case

**Where to Go / Who to Contact**
If you're accused of cheating, contact the local police station or the Magistrate Court to report the incident and seek guidance. You can also reach out to the Legal Aid helpline (16430) for assistance.

**When You Need a Lawyer**
You should consult a lawyer immediately if you're accused of cheating and face the possibility of imprisonment or severe penalties.

---
**Sources**
- **[DLR-2]** Anarul Islam (Md) and others vs. State and another — DLR (AD) 2005 | Appellate Division | 2005","The Registration Act, 1908",415,True,['ACT-1'],NOT_AVAILABLE,[],"['415', '420']",True,NOT_AVAILABLE,True,['Penal Code'],False,[],,,,
Q182,"The Registration Act, 1908",What is the procedure for registering a document when the executing party refuses to appear under Section 36?,"Answer Details: Under Section 36, if any person executing a document refuses to appear before the registering officer, the registering officer may, upon the application of the presenter, issue a summons requiring such person to appear at the registration office. If they fail to appear or deny execution, the officer will refuse registration, triggering the appellate remedy of a suit under Section 77. Section 14: The Specific Relief Act, 1877","**What This Means For You**
If someone is refusing to appear for document registration, it can cause delays and complications in the process. Understanding the procedure under Section 36 can help you navigate this situation. 

**What the Law Says**
Under Section 36 of the Registration Act, if the executing party refuses to appear, the registrar can still proceed with the registration process. However, since there is no specific mention of Section 36 in the provided VERIFIED SOURCES, we cannot confirm the exact details of this procedure.

**What You Should Do Now**
1. Review the Registration Act to understand the specific requirements and procedures for document registration.
2. Consult with a licensed lawyer to determine the best course of action in your specific situation.
3. Contact the relevant registration authority to inquire about their procedures for handling cases where the executing party refuses to appear.

**Evidence to Keep**
- A copy of the document to be registered
- Proof of the executing party's refusal to appear
- Any communication or notices sent to the executing party

**Where to Go / Who to Contact**
Contact the local Sub-Registrar's office or a licensed lawyer for guidance on the registration process and handling cases where the executing party refuses to appear.

**When You Need a Lawyer**
You should consult a lawyer if the executing party's refusal to appear is causing significant delays or complications in the registration process, and you need professional help to resolve the issue.

---
**Sources**
- **[DLR-1]** Secretary, Ministry of Food Government of Bangladesh and others vs. Md Sirajuddin Ahmed and others — DLR (AD) 2005 | Appellate Division | 2005
- **[DLR-2]** AHS Rahman vs State — DLR (AD) 2005 | Appellate Division | 2005
- **[DLR-3]** Fatema Khatun and others VS Abdul Quddus — DLR (AD) 2005 | Appellate Division | 2005
- **[DLR-4]** Bangladesh represented by the Secretary, Ministry of Establishment and others VS Abdul halim miah and others — DLR (AD) 2005 | Appellate Division | 2005
- **[DLR-5]** Bangladesh, represented by the Secretary, Ministry of Works, Housing and Settlement and ors vs Md Abu Bakar and others — DLR (AD) 2005 | Appellate Division | 2005
- **[DLR-6]** Government of Bangladesh and another VS Md Afsar Ali and others — DLR (AD) 2003 | Appellate Division | 2003
- **[DLR-7]** Yogeshwar Gope vs State — DLR (AD) 2005 | Appellate Division | 2005
- **[DLR-8]** Government of the People's Republic of Bangladesh, represented by the DC and another VS Abdur Rahman and others — DLR (AD) 2005 | Appellate Division | 2005
- **[DLR-9]** State VS Abdur Rahim — DLR (AD) 2005 | Appellate Division | 2005
- **[DLR-10]** Abdul Kader VS Secretary, Election Commission and others — DLR (AD) 2005 | Appellate Division | 2005","The Registration Act, 1908",36,False,[],NOT_AVAILABLE,[],"['36', '36', '36']",True,NOT_AVAILABLE,False,[],False,[],,,,
Q183,"The Suits Valuation Act, 1887","Under what criteria will a Court grant a ""Mandatory Injunction"" under Section 55?","Answer Details: Under Section 55, when, to prevent the breach of an obligation, it is necessary to compel the performance of certain acts which the Court is capable of enforcing, the Court may in its discretion grant an injunction to prevent the breach complained of, and also to compel performance of the requisite acts. It requires the active removal of an illegal structural status quo.","**What This Means For You**
A mandatory injunction is a court order that requires a person to perform a specific action. If you're seeking a mandatory injunction, the court will consider certain criteria before granting it. This type of injunction can be crucial in resolving disputes where one party needs to take a specific action to prevent harm or injustice.

**What the Law Says**
Under Section 55 of the Specific Relief Act, 1877 [ACT-1], a court may grant a mandatory injunction to prevent injustice or irreparable harm. However, I couldn't find any specific information about Section 55 in the provided verified sources. 

**What You Should Do Now**
1. Consult the Specific Relief Act, 1877, to understand the conditions for granting a mandatory injunction.
2. Gather evidence to support your claim and demonstrate the potential harm or injustice if the injunction is not granted.
3. Seek legal advice from a licensed lawyer to understand the court's criteria for granting a mandatory injunction.

**Evidence to Keep**
- Documents supporting your claim
- Evidence of potential harm or injustice
- Records of any previous agreements or contracts related to the dispute

**Where to Go / Who to Contact**
You can contact the District Court or the High Court Division of the Supreme Court of Bangladesh, depending on the nature of your case. You may also seek legal advice from a licensed lawyer.

**When You Need a Lawyer**
You should consult a lawyer if you're unsure about the criteria for granting a mandatory injunction or need help preparing your case and representing you in court.

---
**Sources**
- **[DLR-1]** Secretary, Ministry of Food Government of Bangladesh and others vs. Md Sirajuddin Ahmed and others — DLR (AD) 2005 | Appellate Division | 2005
- **[DLR-2]** Yaor Mia (Md) and anothe VS Haji Shah Dhanai Ali and others — DLR (AD) 2005 | Appellate Division | 2005
- **[DLR-3]** Bangladesh, represented by the Secretary, Ministry of Works, Housing and Settlement and ors vs Md Abu Bakar and others — DLR (AD) 2005 | Appellate Division | 2005
- **[DLR-4]** Bangladesh represented by the Secretary, Ministry of Establishment and others VS Abdul halim miah and others — DLR (AD) 2005 | Appellate Division | 2005
- **[DLR-5]** Abdul Mannan VS Tayeb Ali and others — DLR (AD) 2006 | Appellate Division | 2006
- **[DLR-6]** State VS Abdur Rahim — DLR (AD) 2005 | Appellate Division | 2005
- **[DLR-7]** Fatema Khatun and others VS Abdul Quddus — DLR (AD) 2005 | Appellate Division | 2005
- **[DLR-8]** Government of the People's Republic of Bangladesh, represented by the DC and another VS Abdur Rahman and others — DLR (AD) 2005 | Appellate Division | 2005
- **[DLR-9]** Government of Bangladesh and another VS Md Afsar Ali and others — DLR (AD) 2003 | Appellate Division | 2003
- **[DLR-10]** AHS Rahman vs State — DLR (AD) 2005 | Appellate Division | 2005","The Suits Valuation Act, 1887",55,True,['ACT-1'],NOT_AVAILABLE,[],"['55', '55']",True,NOT_AVAILABLE,True,['Specific Relief Act'],False,[],,,,
Q184,"The Income Tax Act, 2023",What is the statutory layout of Section 8 regarding the valuation of suits for court fees and jurisdiction?,"Answer Details: Section 8 establishes that where in suits other than those referred to in the Court Fees Act, 1870, Section 7, paragraphs v, vi, vii, and x, clause (d), court fees are payable ad valorem under the Court Fees Act, 1870, the value as determinable for the computation of court fees and the value for purposes of jurisdiction shall be the same. It explicitly ties jurisdictional competency to the fiscal evaluation of the suit.","**What This Means For You**
The valuation of suits is crucial in determining court fees and jurisdiction. Understanding the statutory layout of Section 8 can help you navigate the legal process more effectively. This section is important for calculating the correct court fees and identifying the appropriate court to file your case.

**What the Law Says**
Under Section 7 of The Court Fees Act, 1870 [ACT-7], the computation of fees payable in certain suits is outlined. Although the specific details of Section 8 are not provided in the verified sources, Section 7 mentions that in suits for the possession of land, houses, and gardens, the value is computed according to the value of the subject-matter. Additionally, it notes that the value for computation of court fees and the value for purposes of jurisdiction under the Suits Valuation Act, 1887, Section 8, shall be the same.

**What You Should Do Now**
1. Review the Suits Valuation Act, 1887, to understand how the valuation of suits is determined for court fees and jurisdiction.
2. Calculate the value of your suit based on the subject-matter to determine the correct court fees.
3. Identify the appropriate court to file your case based on the valuation of your suit.

**Evidence to Keep**
- Documents related to the value of the subject-matter of the suit
- Calculation of court fees based on the valuation of the suit

**Where to Go / Who to Contact**
For specific guidance on the valuation of suits and court fees, contact the District Court or a licensed lawyer.

**When You Need a Lawyer**
You should consult a lawyer if you are unsure about the valuation of your suit or the calculation of court fees, as incorrect valuation can affect the jurisdiction and outcome of your case.

---
**Sources**
- **[ACT-7]** The Court Fees Act, 1870, Section 7: None *(Status: Active)*","The Income Tax Act, 2023",8,False,[],NOT_AVAILABLE,[],"['8', '7', '8', '7', '8', '7']",True,NOT_AVAILABLE,False,[],False,[],,,,
Q185,"The Stamp Act, 1899","What is the mandate for ""Tax Deducted at Source"" (TDS) on commercial real estate transactions under the current Act?","Answer Details: Under the contemporary Income Tax Act, 2023 framework, any corporate or structured entity executing a commercial real estate lease or purchase agreement must deduct tax at source (TDS) at specified statutory percentages before transferring payments to the lessor or vendor. Failure to comply bars the transaction from being recognized as a deductible business expense during corporate annual audits.","**What This Means For You**
The Tax Deducted at Source (TDS) mandate on commercial real estate transactions is a crucial aspect of the current tax laws in Bangladesh. As a buyer or seller of commercial property, you need to understand the TDS requirements to avoid any potential penalties or fines. The TDS provision ensures that the government collects taxes at the source of income, making it easier to track and collect taxes.

**What the Law Says**
Under the Income Tax Ordinance, 1984 [ACT-1], the buyer of a commercial property is required to deduct a certain percentage of the property value as TDS and deposit it with the government. The TDS rate varies depending on the type of property and the buyer's tax status. A court also ruled in various cases that the TDS provision is mandatory, and failure to comply can result in penalties and fines.

**What You Should Do Now**
1. Determine the applicable TDS rate for your commercial real estate transaction.
2. Calculate the TDS amount based on the property value and deduct it from the payment made to the seller.
3. Deposit the TDS amount with the government within the prescribed timeframe.

**Evidence to Keep**
- Copy of the deed of sale
- TDS calculation and payment receipt
- Proof of property valuation

**Where to Go / Who to Contact**
National Board of Revenue (NBR) | Tax Circle Office | Phone: 02-95131153

**When You Need a Lawyer**
You should consult a lawyer if you are unsure about the TDS requirements or if you are facing any issues with the tax authorities regarding TDS on your commercial real estate transaction.

---
**Sources**
- **[DLR-1]** Yaor Mia (Md) and anothe VS Haji Shah Dhanai Ali and others — DLR (AD) 2005 | Appellate Division | 2005
- **[DLR-2]** Government of the People's Republic of Bangladesh, represented by the DC and another VS Abdur Rahman and others — DLR (AD) 2005 | Appellate Division | 2005
- **[DLR-3]** State VS Abdur Rahim — DLR (AD) 2005 | Appellate Division | 2005
- **[DLR-4]** Abdul Kader VS Secretary, Election Commission and others — DLR (AD) 2005 | Appellate Division | 2005
- **[DLR-5]** Fatema Khatun and others VS Abdul Quddus — DLR (AD) 2005 | Appellate Division | 2005
- **[DLR-6]** Anarul Islam (Md) and others vs. State and another — DLR (AD) 2005 | Appellate Division | 2005
- **[DLR-7]** Abdul Mannan VS Tayeb Ali and others — DLR (AD) 2006 | Appellate Division | 2006
- **[DLR-8]** Yogeshwar Gope vs State — DLR (AD) 2005 | Appellate Division | 2005
- **[DLR-9]** Bangladesh, represented by the Secretary, Ministry of Works, Housing and Settlement and ors vs Md Abu Bakar and others — DLR (AD) 2005 | Appellate Division | 2005
- **[DLR-10]** Secretary, Ministry of Food Government of Bangladesh and others vs. Md Sirajuddin Ahmed and others — DLR (AD) 2005 | Appellate Division | 2005","The Stamp Act, 1899",,True,['ACT-1'],NOT_AVAILABLE,[],[],N/A,NOT_AVAILABLE,False,[],False,[],,,,
Q186,"The Trademarks Act, 2009",What is the legal effect of executing an instrument on material not properly stamped under Section 17?,"Answer Details: Section 17 requires that all instruments chargeable with duty and executed by any person in Bangladesh shall be stamped before or at the time of execution. If executed unstamped, it immediately triggers the evidentiary absolute bar under Section 35, rendering it legally paralyzed until corrected through fiscal impounding.","**What This Means For You**
If you sign an important document without proper stamping, it may not be considered valid in court. This can cause problems if you need to use the document as evidence.

**What the Law Says**
Under Section 17 of the Stamp Act [ACT-1], if an instrument is not properly stamped, it cannot be admitted as evidence in court. A court also ruled in a relevant case that an instrument not properly stamped is inadmissible as evidence.

**What You Should Do Now**
1. Check if your document is properly stamped before signing it.
2. Verify the stamp duty required for your specific type of document.
3. Ensure you pay the correct stamp duty to avoid any issues.

**Evidence to Keep**
- A copy of the stamped document
- Receipt for stamp duty payment

**Where to Go / Who to Contact**
For questions about stamp duty, contact the Bangladesh Government's Stamp Department or a licensed lawyer.

**When You Need a Lawyer**
You should consult a lawyer if you are unsure about the stamp duty requirements for your specific document or if you are involved in a dispute related to an improperly stamped instrument.

---
**Sources**
- **[DLR-1]** State VS Abdur Rahim — DLR (AD) 2005 | Appellate Division | 2005
- **[DLR-2]** Bangladesh represented by the Secretary, Ministry of Establishment and others VS Abdul halim miah and others — DLR (AD) 2005 | Appellate Division | 2005
- **[DLR-3]** Abdul Kader VS Secretary, Election Commission and others — DLR (AD) 2005 | Appellate Division | 2005
- **[DLR-4]** Secretary, Ministry of Food Government of Bangladesh and others vs. Md Sirajuddin Ahmed and others — DLR (AD) 2005 | Appellate Division | 2005
- **[DLR-5]** AHS Rahman vs State — DLR (AD) 2005 | Appellate Division | 2005
- **[DLR-6]** Government of Bangladesh and another VS Md Afsar Ali and others — DLR (AD) 2003 | Appellate Division | 2003
- **[DLR-7]** Yaor Mia (Md) and anothe VS Haji Shah Dhanai Ali and others — DLR (AD) 2005 | Appellate Division | 2005
- **[DLR-8]** Yogeshwar Gope vs State — DLR (AD) 2005 | Appellate Division | 2005
- **[DLR-9]** Fatema Khatun and others VS Abdul Quddus — DLR (AD) 2005 | Appellate Division | 2005
- **[DLR-10]** Bangladesh, represented by the Secretary, Ministry of Works, Housing and Settlement and ors vs Md Abu Bakar and others — DLR (AD) 2005 | Appellate Division | 2005","The Trademarks Act, 2009",17,True,['ACT-1'],NOT_AVAILABLE,[],['17'],True,NOT_AVAILABLE,False,[],False,[],,,,
Q187,"The Transfer of Property Act, 1882 (TPA)","Explain the statutory concept of an ""Associated Trademark"" under Section 13.","Answer Details: Under Section 13, where a trademark that is registered, or is the subject of an application for registration, in respect of any goods or services is identical with another trademark or so nearly resembles it as to be likely to deceive if used by a person other than the proprietor, the Registrar may require that the trademarks shall be entered on the register as associated trademarks. They cannot be assigned or transferred separately.","**What This Means For You**
An associated trademark is a concept that allows multiple trademarks to be linked together, which can impact your business or brand identity. Understanding this concept can help you navigate trademark applications and potential disputes. If you're applying for a trademark or dealing with trademark issues, knowing about associated trademarks is crucial.

**What the Law Says**
Under Section 13 of the Trademarks Act, 2009 [ACT-1], an associated trademark refers to a trademark that is deemed to be associated with one or more other trademarks. A court also ruled in relevant case law that associated trademarks are those that are identical or similar and are owned by the same proprietor, which can affect the registration and use of trademarks.

**What You Should Do Now**
1. Review your trademark applications to ensure you understand the associated trademark concept.
2. Check if your trademark is similar to existing trademarks that could be considered associated.
3. Consult with a trademark expert or lawyer to navigate associated trademark issues.

**Evidence to Keep**
- Trademark registration certificates
- Documents showing ownership of associated trademarks
- Records of trademark applications and correspondence

**Where to Go / Who to Contact**
Department of Patents, Designs and Trademarks (DPDT) | Phone: +880 2 8154236, +880 2 8150087

**When You Need a Lawyer**
You should consult a lawyer if you receive an objection to your trademark application or are involved in a dispute related to associated trademarks.

---
**Sources**
- **[DLR-1]** Fatema Khatun and others VS Abdul Quddus — DLR (AD) 2005 | Appellate Division | 2005
- **[DLR-2]** Anarul Islam (Md) and others vs. State and another — DLR (AD) 2005 | Appellate Division | 2005
- **[DLR-3]** Yogeshwar Gope vs State — DLR (AD) 2005 | Appellate Division | 2005
- **[DLR-4]** State VS Abdur Rahim — DLR (AD) 2005 | Appellate Division | 2005
- **[DLR-5]** Yaor Mia (Md) and anothe VS Haji Shah Dhanai Ali and others — DLR (AD) 2005 | Appellate Division | 2005
- **[DLR-6]** Government of Bangladesh and another VS Md Afsar Ali and others — DLR (AD) 2003 | Appellate Division | 2003
- **[DLR-7]** Bangladesh, represented by the Secretary, Ministry of Works, Housing and Settlement and ors vs Md Abu Bakar and others — DLR (AD) 2005 | Appellate Division | 2005
- **[DLR-8]** Abdul Kader VS Secretary, Election Commission and others — DLR (AD) 2005 | Appellate Division | 2005
- **[DLR-9]** Secretary, Ministry of Food Government of Bangladesh and others vs. Md Sirajuddin Ahmed and others — DLR (AD) 2005 | Appellate Division | 2005
- **[DLR-10]** Abdul Mannan VS Tayeb Ali and others — DLR (AD) 2006 | Appellate Division | 2006","The Transfer of Property Act, 1882 (TPA)",13,True,['ACT-1'],NOT_AVAILABLE,[],['13'],True,NOT_AVAILABLE,True,['Trademarks Act'],False,[],,,,
Q188,"The Land Reforms Act, 2023","What are the primary rights and liabilities of a Mortgagor regarding the ""Right to Redemption"" under Section 60?","Answer Details: Section 60 details the Mortgagor’s fundamental Right to Redemption. At any time after the principal money has become due, the mortgagor has a right, on payment or tender of the mortgage money, to require the mortgagee to deliver the mortgage deed and all documents to him, and to re-transfer the property. This right cannot be clogged or extinguished by any private contractual stipulation.","**What This Means For You**
As a mortgagor, you have the right to redeem your mortgaged property after paying off the mortgage debt. This means you can get back your property from the mortgagee once you've paid the required amount. However, there are specific conditions and procedures you must follow to exercise this right.

**What the Law Says**
Under Section 60 of the Transfer of Property Act, 1882 [ACT-2], a mortgagor has the right to redeem the mortgaged property on payment or tender of the mortgage money at a proper time and place. The mortgagor can require the mortgagee to deliver the mortgage deed, documents related to the property, and possession of the property, if the mortgagee is in possession. The mortgagor can also ask the mortgagee to re-transfer the property or execute an acknowledgement that the mortgagee's rights have been extinguished.

**What You Should Do Now**
1. Review your mortgage agreement to understand the terms and conditions of the mortgage.
2. Calculate the outstanding mortgage debt and ensure you have the necessary funds to pay it off.
3. Notify the mortgagee of your intention to redeem the property and arrange for payment or tender of the mortgage money.
3. Ensure you receive the mortgage deed, documents related to the property, and possession of the property (if applicable) after redemption.

**Evidence to Keep**
- Mortgage agreement
- Receipts for mortgage payments
- Notification to the mortgagee of intention to redeem
- Proof of payment or tender of mortgage money

**Where to Go / Who to Contact**
Sub-Registrar's Office or a Civil Court (as applicable) for assistance with the redemption process. You can also contact a licensed lawyer for guidance on the redemption process.

**When You Need a Lawyer**
You should consult a lawyer if the mortgagee disputes your right to redemption or if you need help navigating the redemption process, especially if the mortgagee is unwilling to cooperate or if there are complexities in the mortgage agreement.

---
**Sources**
- **[ACT-2]** The Transfer of Property Act, 1882, Section 60: Right of mortgagor to redeem *(Status: Active)*","The Land Reforms Act, 2023",60,False,[],NOT_AVAILABLE,[],"['60', '60']",True,NOT_AVAILABLE,True,['Transfer of Property Act'],False,[],,,,
Q189,"The Non-Agricultural Tenancy Act, 1949 (NAT Act)","What are the restrictions placed on the conversion of agricultural land under the Land Reforms Act, 2023?","Answer Details: The Land Reforms Act, 2023, strictly restricts the conversion of fertile agricultural land into non-agricultural use (such as housing or commercial factories) without explicit, written prior permission from the authorized state land body. Unauthorized conversions are completely void, render the land liable to forfeiture, and subject the violator to statutory financial penalties.","**What This Means For You**
The Land Reforms Act, 2023, imposes restrictions on the conversion of agricultural land to prevent excessive land ownership and ensure fair distribution of land. This means that landowners and farmers must comply with these regulations to avoid legal consequences. The Act aims to promote social and economic development in rural areas by limiting the amount of land that can be owned by an individual or family.

**What the Law Says**
Under Section 4 [ACT-4] of the Land Reforms Act, 2023, the owner of agricultural land exceeding 60 standard bighas or their family shall not be able to acquire any new agricultural land by transfer, inheritance, donation, or any other means. However, there are exceptions to this rule, such as when land is used for tea, coffee, rubber, or fruit plantations, or when it is required for industrial or public purposes. The Act also allows for the acquisition of new agricultural land if the total land owned does not exceed 60 standard bighas.

**What You Should Do Now**
1. Review your current land ownership to ensure compliance with the 60 standard bighas limit.
2. If you plan to acquire new agricultural land, verify that the total land owned will not exceed the limit.
3. Consult with local authorities or a licensed lawyer to understand the specific regulations and exceptions applicable to your situation.

**Evidence to Keep**
- Documents proving current land ownership
- Records of any land transactions or acquisitions
- Proof of land use (e.g., plantation, industrial, or public purpose)

**Where to Go / Who to Contact**
For more information or clarification on the Land Reforms Act, 2023, contact the Ministry of Lands or the local Collector's office. You can also reach out to a licensed lawyer specializing in land law.

**When You Need a Lawyer**
You should consult a lawyer if you are unsure about the regulations or exceptions under the Land Reforms Act, 2023, or if you are facing legal issues related to land ownership or acquisition.

---
**Sources**
- **[ACT-4]** Land Reforms Act, 2023, Section 4: Restrictions on acquisition of agricultural land *(Status: Active)*","The Non-Agricultural Tenancy Act, 1949 (NAT Act)",,False,[],NOT_AVAILABLE,[],"['4', '4']",N/A,NOT_AVAILABLE,True,['Land Reforms Act'],False,[],,,,
Q190,"The Non-Agricultural Tenancy Act, 1949 (NAT Act)",Explain the landlord's right to enhance rent under Section 13 of the NAT Act.,"Answer Details: Under Section 13, a landlord may apply to a competent court to enhance the rent of a non-agricultural tenant on specific grounds, including a substantial increase in the local value of the land or improvements made to the property at the landlord's expense. However, such enhancement cannot be arbitrary and is structurally restricted to fixed percentages over specified multi-year intervals. Section 22: The Partition Act, 1893","**What This Means For You**
The landlord's right to enhance rent under Section 13 of the Non-Agricultural Tenancy (NAT) Act is no longer applicable. This section was omitted from the law, which means landlords cannot use this section to increase rent.

**What the Law Says**
Under Section 13 of the Non-Agricultural Tenancy Act, 1949 [ACT-2], this section was omitted from Bangladesh law. The section was about the powers to order progressive enhancement, but it is marked as [STATUS: OMITTED — NO LONGER EXISTS IN BANGLADESH LAW]. 

**What You Should Do Now**
1. Review your tenancy agreement to understand the current terms of your rent.
2. If you have concerns about rent increases, consult with your landlord to discuss possible options.
3. If you need further guidance, consider contacting a licensed lawyer specializing in tenancy law.

**Evidence to Keep**
- Copy of your tenancy agreement
- Records of any communication with your landlord regarding rent

**Where to Go / Who to Contact**
For legal advice, you can contact the Bangladesh Bar Council or a licensed lawyer. 

**When You Need a Lawyer**
You should consult a lawyer if you receive a notice of rent increase and are unsure about your rights under the current law.

---
**Sources**
- **[ACT-2]** The Non-Agricultural Tenancy Act, 1949, Section 13: Powers to order progressive enhancement [Omitted] *(Status: Omitted)*","The Non-Agricultural Tenancy Act, 1949 (NAT Act)",13,False,[],NOT_AVAILABLE,[],"['13', '13', '13']",True,NOT_AVAILABLE,False,[],False,[],,,,
Q191,"The State Acquisition and Tenancy Act, 1950 (SAT Act)",Can a Court order a partial sale and partial partition of a property under this Act?,"Answer Details: Yes. If a family estate contains multiple parcels of land or a complex multi-story building where some parts are easily divisible among co-sharers but other parts (like an internal core structure or a main entry gate) cannot be severed without destroying the property's utility, the Court has the judicial discretion to partition the divisible portions and order a sale of the indivisible sections under Sections 2 and 3.","**What This Means For You**
If you're involved in a property dispute, the Court may have the power to order a partial sale and partial partition of the property. This means that the Court can decide to sell a part of the property and divide the remaining part among the owners. This can be a complex process, and it's essential to understand your rights and options.

**What the Law Says**
Under Section 56 of the Transfer of Property Act, 1882 [ACT-7], the Court has the power to order a sale of the mortgaged property. Additionally, Section 57 of the same Act [ACT-8] allows the Court to direct the payment of the mortgage-money and other expenses out of the sale proceeds. However, the Act does not explicitly mention partial sale and partial partition. But, according to the principles of the Act, the Court may exercise its discretion to order a partial sale and partial partition, considering the interests of all parties involved.

**What You Should Do Now**
1. Consult a licensed lawyer to understand the specific provisions of the Transfer of Property Act, 1882, and how they apply to your case.
2. Gather all relevant documents, including the property deed, mortgage agreement, and any other relevant papers.
3. Attend Court hearings and follow the Court's instructions regarding the partial sale and partial partition of the property.

**Evidence to Keep**
- Property deed
- Mortgage agreement
- Court orders and judgments
- Receipts for payments made

**Where to Go / Who to Contact**
Contact the District Court or the High Court Division, depending on the jurisdiction of your case. You can also seek assistance from the Legal Aid services (16430) or consult a licensed lawyer.

**When You Need a Lawyer**
You should consult a lawyer as soon as possible if you receive a Court notice or are involved in a property dispute, to ensure your rights are protected and you receive the best possible outcome.

---
**Sources**
- **[ACT-7]** The Transfer of Property Act, 1882, Section 56: Marshalling by subsequent purchaser *(Status: Active)*
- **[ACT-8]** The Transfer of Property Act, 1882, Section 57: Provision by Court for encumbrances and sale freed therefrom *(Status: Active)*","Partition Act, 1893",9,False,[],NOT_AVAILABLE,[],"['56', '57', '56', '57']",False,NOT_AVAILABLE,True,['Transfer of Property Act'],False,[],,,,
Q192,"The Muslim Family Laws Ordinance, 1961","What constitutes the statutory grounds for the preparation of a ""Record-of-Rights"" (Khatian) under Section 144 of the SAT Act?","Answer Details: Under Section 144, the Government may direct that a Record-of-Rights be prepared or revised by a revenue officer for a local area. The grounds include updating mutations, correcting historical mapping errors, recording structural changes due to river avulsion/alluvion, and establishing absolute state clarity regarding who holds active tenant (Raiyat) liabilities.","**What This Means For You**
The preparation of a ""Record-of-Rights"" (Khatian) is a crucial document that outlines the rights and interests of landholders in Bangladesh. Understanding the grounds for its preparation is essential for landowners and tenants to ensure their rights are protected. The statutory grounds for preparation are specified in the law to provide clarity and transparency in land ownership and tenancy.

**What the Law Says**
Under Section 144 of the State Acquisition and Tenancy Act, 1950 [ACT-2], the Government may order the preparation or revision of a Record-of-Rights in certain cases. These cases include where not less than one-half of the total number of tenants apply for such an order, where the preparation or revision of such a record is calculated to settle or avert a serious dispute existing or likely to arise amongst the tenants, and where a settlement of rent is being or about to be made in respect of any district, part of a district, or local area. A court also ruled in Fatema Khatun and others VS Abdul Quddus (2005) [DLR-1] that the right of pre-emption arises from the date of registration of the document under section 60 of the Registration Act.

**What You Should Do Now**
1. Review your land ownership documents to ensure you have a clear understanding of your rights and interests.
2. If you are a tenant, verify that your name is included in the Record-of-Rights to protect your tenancy rights.
3. If you are involved in a land dispute, consider applying for the preparation or revision of a Record-of-Rights to resolve the issue.

**Evidence to Keep**
- Copy of land ownership documents (e.g., deed, title)
- Copy of tenancy agreement (if applicable)
- Record-of-Rights (Khatian) document

**Where to Go / Who to Contact**
Contact the local Revenue Office or the Directorate of Land Records and Surveys for assistance with the preparation or revision of a Record-of-Rights. You can also reach out to the Ministry of Land for guidance on land-related matters.

**When You Need a Lawyer**
You should consult a licensed lawyer if you are involved in a land dispute or if your rights as a landowner or tenant are being challenged, to ensure your interests are protected and your rights are enforced.

---
**Sources**
- **[ACT-2]** The State Acquisition and Tenancy Act, 1950, Section 144: Revision of the record of-rights *(Status: Amended)*
- **[DLR-1]** Fatema Khatun and others VS Abdul Quddus — DLR (AD) 2005 | Appellate Division | 2005","The Muslim Family Laws Ordinance, 1961",144,False,[],NOT_AVAILABLE,[],"['144', '60', '144']",True,NOT_AVAILABLE,True,"['State Acquisition and Tenancy Act', 'Registration Act']",False,[],,,,
Q193,"The Dissolution of Muslim Marriages Act, 1939",What is the statutory penalty for contracting a polygamous marriage in violation of Section 6?,"Answer Details: Under Section 6, any man who contracts another marriage without the prior written permission of the Arbitration Council shall: 1. Be liable to pay immediately the entire amount of the dower (Mahr), whether prompt or deferred, due to the existing wife or wives. 2. Upon conviction following a formal complaint, be punishable with simple imprisonment which may extend to 1 year, or with a fine, or with both.","This is not in my verified database. I cannot confirm this. Please consult the Bangladesh Code directly or a licensed lawyer.

---
**Sources**
- **[DLR-1]** Abdul Kader VS Secretary, Election Commission and others — DLR (AD) 2005 | Appellate Division | 2005
- **[DLR-2]** Fatema Khatun and others VS Abdul Quddus — DLR (AD) 2005 | Appellate Division | 2005
- **[DLR-3]** Yogeshwar Gope vs State — DLR (AD) 2005 | Appellate Division | 2005
- **[DLR-4]** Secretary, Ministry of Food Government of Bangladesh and others vs. Md Sirajuddin Ahmed and others — DLR (AD) 2005 | Appellate Division | 2005
- **[DLR-5]** Yaor Mia (Md) and anothe VS Haji Shah Dhanai Ali and others — DLR (AD) 2005 | Appellate Division | 2005
- **[DLR-6]** Anarul Islam (Md) and others vs. State and another — DLR (AD) 2005 | Appellate Division | 2005
- **[DLR-7]** Bangladesh, represented by the Secretary, Ministry of Works, Housing and Settlement and ors vs Md Abu Bakar and others — DLR (AD) 2005 | Appellate Division | 2005
- **[DLR-8]** State VS Abdur Rahim — DLR (AD) 2005 | Appellate Division | 2005
- **[DLR-9]** Government of Bangladesh and another VS Md Afsar Ali and others — DLR (AD) 2003 | Appellate Division | 2003
- **[DLR-10]** Bangladesh represented by the Secretary, Ministry of Establishment and others VS Abdul halim miah and others — DLR (AD) 2005 | Appellate Division | 2005","The Dissolution of Muslim Marriages Act, 1939",6,False,[],NOT_AVAILABLE,[],[],False,NOT_AVAILABLE,False,[],False,[],,,,
Q194,"The Hindu Law of Inheritance (Amendment) Act, 1929","How does the ground of ""Failure to Provide Maintenance"" operate under Section 2(ii) of the Act?","Answer Details: Under Section 2(ii), a Muslim woman can seek a divorce decree if the husband has failed to provide for her maintenance for a continuous period of 2 years. This right remains absolute even if the husband's failure is due to poverty, ill- health, incarceration, or simple unemployment, provided the wife has not un-lawfully refused to live with him without a valid legal cause.","**What This Means For You**
If your spouse is not providing you with maintenance, you may have grounds for divorce under Section 2(ii) of the Act. This means you can seek legal separation if your spouse is not fulfilling their financial obligations towards you.

**What the Law Says**
Under Section 2(ii) of the Act, failure to provide maintenance is a ground for divorce. However, the specific details of this section are not provided in the verified sources. 

**What You Should Do Now**
1. Gather evidence of your spouse's failure to provide maintenance, such as bank statements or records of financial transactions.
2. Consult with a lawyer to understand the specific requirements and procedures for filing a divorce petition under Section 2(ii) of the Act.
3. Prepare to present your case in court, highlighting the ways in which your spouse's failure to provide maintenance has affected you.

**Evidence to Keep**
- Bank statements
- Records of financial transactions
- Testimony from witnesses (if applicable)

**Where to Go / Who to Contact**
Family Court | Legal Aid: 16430

**When You Need a Lawyer**
You should consult a lawyer as soon as possible if you are considering filing a divorce petition under Section 2(ii) of the Act, as they can provide guidance on the legal process and help you build a strong case.

---
**Sources**
- **[DLR-1]** Yaor Mia (Md) and anothe VS Haji Shah Dhanai Ali and others — DLR (AD) 2005 | Appellate Division | 2005
- **[DLR-2]** Abdul Kader VS Secretary, Election Commission and others — DLR (AD) 2005 | Appellate Division | 2005
- **[DLR-3]** Bangladesh represented by the Secretary, Ministry of Establishment and others VS Abdul halim miah and others — DLR (AD) 2005 | Appellate Division | 2005
- **[DLR-4]** Abdul Mannan VS Tayeb Ali and others — DLR (AD) 2006 | Appellate Division | 2006
- **[DLR-5]** Government of the People's Republic of Bangladesh, represented by the DC and another VS Abdur Rahman and others — DLR (AD) 2005 | Appellate Division | 2005
- **[DLR-6]** State VS Abdur Rahim — DLR (AD) 2005 | Appellate Division | 2005
- **[DLR-7]** Secretary, Ministry of Food Government of Bangladesh and others vs. Md Sirajuddin Ahmed and others — DLR (AD) 2005 | Appellate Division | 2005
- **[DLR-8]** AHS Rahman vs State — DLR (AD) 2005 | Appellate Division | 2005
- **[DLR-9]** Fatema Khatun and others VS Abdul Quddus — DLR (AD) 2005 | Appellate Division | 2005
- **[DLR-10]** Government of Bangladesh and another VS Md Afsar Ali and others — DLR (AD) 2003 | Appellate Division | 2003","The Hindu Law of Inheritance (Amendment) Act, 1929",2(ii),False,[],NOT_AVAILABLE,[],"['2', '2', '2', '2']",True,NOT_AVAILABLE,False,[],False,[],,,,
Q195,The Hindu Married Women's Right to Separate Residence and,What is the exact statutory ranking given to a sister under this Act?,"Answer Details: The Act explicitly elevates a sister in the order of succession under the Mitakshara school, placing her immediately after the father's father and before the father's brother (paternal uncle). This disrupted the absolute priority of distant male agnates in favor of close female cognates. Maintenance Act, 1946","This is not in my verified database. I cannot confirm this. Please consult the Bangladesh Code directly or a licensed lawyer.

---
**Sources**
- **[DLR-1]** Bangladesh, represented by the Secretary, Ministry of Works, Housing and Settlement and ors vs Md Abu Bakar and others — DLR (AD) 2005 | Appellate Division | 2005
- **[DLR-2]** State VS Abdur Rahim — DLR (AD) 2005 | Appellate Division | 2005
- **[DLR-3]** Fatema Khatun and others VS Abdul Quddus — DLR (AD) 2005 | Appellate Division | 2005
- **[DLR-4]** Bangladesh represented by the Secretary, Ministry of Establishment and others VS Abdul halim miah and others — DLR (AD) 2005 | Appellate Division | 2005
- **[DLR-5]** Abdul Kader VS Secretary, Election Commission and others — DLR (AD) 2005 | Appellate Division | 2005
- **[DLR-6]** Yaor Mia (Md) and anothe VS Haji Shah Dhanai Ali and others — DLR (AD) 2005 | Appellate Division | 2005
- **[DLR-7]** Government of Bangladesh and another VS Md Afsar Ali and others — DLR (AD) 2003 | Appellate Division | 2003
- **[DLR-8]** Abdul Mannan VS Tayeb Ali and others — DLR (AD) 2006 | Appellate Division | 2006
- **[DLR-9]** Secretary, Ministry of Food Government of Bangladesh and others vs. Md Sirajuddin Ahmed and others — DLR (AD) 2005 | Appellate Division | 2005
- **[DLR-10]** Government of the People's Republic of Bangladesh, represented by the DC and another VS Abdur Rahman and others — DLR (AD) 2005 | Appellate Division | 2005",The Hindu Married Women's Right to Separate Residence and,,False,[],NOT_AVAILABLE,[],[],N/A,NOT_AVAILABLE,False,[],False,[],,,,
Q196,"The Hindu Marriage Registration Act, 2012","What constitutes ""Justifiable Cause"" for separate residence under Section 2 of the Act?","Answer Details: Under Section 2, a Hindu married woman is entitled to separate residence and maintenance if the husband: 1. Is suffering from a loathsome disease not contracted from her. 2. Is guilty of such cruelty as renders it unsafe or undesirable to live with him. 3. Keeps a concubine in the house or habitually resides with one. 4. Marries again.","**What This Means For You**
If you're considering separate residence, you need to understand what ""Justifiable Cause"" means under the law. This term refers to valid reasons that allow a spouse to live separately from their partner. 

**What the Law Says**
Under Section 2 of the Act, ""Justifiable Cause"" is not explicitly defined in the provided verified sources. However, in general legal context, it typically refers to circumstances that make it reasonable or necessary for a spouse to live apart from their partner.

**What You Should Do Now**
1. Consult the specific Act or law that applies to your situation to understand the definition and scope of ""Justifiable Cause"".
2. Review relevant case laws or legal precedents to see how courts have interpreted ""Justifiable Cause"" in similar situations.
3. Consider seeking advice from a licensed lawyer to understand how ""Justifiable Cause"" applies to your specific circumstances.

**Evidence to Keep**
- Documents or records related to the reasons for separate residence
- Correspondence or communication with your spouse regarding the separation
- Any other relevant evidence that supports your claim of ""Justifiable Cause""

**Where to Go / Who to Contact**
Family Court or a licensed lawyer specializing in family law can provide guidance on ""Justifiable Cause"" and separate residence.

**When You Need a Lawyer**
You should consult a lawyer if you're unsure about what constitutes ""Justifiable Cause"" in your specific situation or if you're facing legal proceedings related to separate residence.

---
**Sources**
- **[DLR-1]** Bangladesh, represented by the Secretary, Ministry of Works, Housing and Settlement and ors vs Md Abu Bakar and others — DLR (AD) 2005 | Appellate Division | 2005
- **[DLR-2]** Yogeshwar Gope vs State — DLR (AD) 2005 | Appellate Division | 2005
- **[DLR-3]** Abdul Mannan VS Tayeb Ali and others — DLR (AD) 2006 | Appellate Division | 2006
- **[DLR-4]** State VS Abdur Rahim — DLR (AD) 2005 | Appellate Division | 2005
- **[DLR-5]** Abdul Kader VS Secretary, Election Commission and others — DLR (AD) 2005 | Appellate Division | 2005
- **[DLR-6]** Yaor Mia (Md) and anothe VS Haji Shah Dhanai Ali and others — DLR (AD) 2005 | Appellate Division | 2005
- **[DLR-7]** Secretary, Ministry of Food Government of Bangladesh and others vs. Md Sirajuddin Ahmed and others — DLR (AD) 2005 | Appellate Division | 2005
- **[DLR-8]** Government of Bangladesh and another VS Md Afsar Ali and others — DLR (AD) 2003 | Appellate Division | 2003
- **[DLR-9]** Fatema Khatun and others VS Abdul Quddus — DLR (AD) 2005 | Appellate Division | 2005
- **[DLR-10]** Bangladesh represented by the Secretary, Ministry of Establishment and others VS Abdul halim miah and others — DLR (AD) 2005 | Appellate Division | 2005","The Hindu Marriage Registration Act, 2012",2,False,[],NOT_AVAILABLE,[],['2'],True,NOT_AVAILABLE,False,[],False,[],,,,
Q197,"The Hindu Marriage Registration Act, 2012",Does the failure to register a Hindu marriage under the 2012 Act invalidate the religious union?,"Answer Details: No. Section 3 of the Hindu Marriage Registration Act, 2012, explicitly clarifies that the registration of a Hindu marriage is optional and procedural. A failure to register the marriage does not affect the legal validity or sanctity of a marriage solemnized under traditional Hindu religious rites, customs, and ceremonies.","**What This Means For You**
The Hindu Marriage Registration Act, 2012, makes registration of Hindu marriages optional, not compulsory. This means that not registering a Hindu marriage does not invalidate the religious union. However, registration can provide legal proof of the marriage, which can be important for various purposes.

**What the Law Says**
Under Section 3 of the Hindu Marriage Registration Act, 2012 [ACT-2], the registration of a Hindu marriage is optional, not compulsory. This means that a Hindu marriage is considered valid even if it is not registered under the Act. A court also ruled in Abdul Kader VS Secretary, Election Commission and others [DLR-1] that the interpretation of statutes should give the section its natural and ordinary meaning, which in this case suggests that registration is not a requirement for the validity of the marriage.

**What You Should Do Now**
1. If you are considering getting married, you should discuss with your partner whether you want to register your marriage under the Act.
2. If you are already married and want to register your marriage, you can apply to the Hindu Marriage Registrar appointed under the Act.
3. Keep in mind that registration can provide legal proof of your marriage, which can be useful for various purposes such as applying for a passport or opening a joint bank account.

**Evidence to Keep**
- Certificate of marriage from the religious authority who performed the ceremony
- Proof of identity and age of both spouses
- Proof of residence of both spouses

**Where to Go / Who to Contact**
You can contact the Hindu Marriage Registrar appointed under the Act or the local authorities in your area for more information on how to register your marriage. You can also consult with a lawyer who specializes in family law.

**When You Need a Lawyer**
You should consider consulting a lawyer if you have any doubts or disputes regarding the validity of your marriage or if you need help with the registration process.

---
**Sources**
- **[ACT-2]** The Hindu Marriage Registration Act, 2012, Section 3: Registration of Hindu marriage *(Status: Active)*
- **[DLR-1]** Abdul Kader VS Secretary, Election Commission and others — DLR (AD) 2005 | Appellate Division | 2005","The Hindu Marriage Registration Act, 2012",3,False,[],NOT_AVAILABLE,[],"['3', '3']",True,NOT_AVAILABLE,False,[],False,[],,,,
