id,category,question,gold_answer,system_answer,expected_act,expected_section,fabricated_citation,fabricated_tags,unverifiable_dlr_citation,citations_found,claimed_sections,expected_section_mentioned,claimed_section_not_in_db,act_mismatch,other_acts_mentioned,jurisdiction_leakage,leaked_terms,human_correctness,human_faithfulness,judge_agrees_with_human,notes
Q01,Criminal Procedure,Does a police officer in Bangladesh need a warrant to arrest someone for 'Anticipatory Bail' under Section 438 of the CrPC?,"Section 438 CrPC does not exist in Bangladesh; it was omitted by the 2009 amendment. Anticipatory bail/Agam Jamin in Bangladesh is practiced under Section 498 CrPC, mainly through the High Court Division, and it protects against arrest rather than authorizing detention.","**What This Means For You**
In Bangladesh, the concept of 'Anticipatory Bail' is exercised under Section 498 of the Code of Criminal Procedure, 1898, not Section 438, which was omitted by the Code of Criminal Procedure (Amendment) Act, 2009. If you are seeking anticipatory bail, you should apply to the High Court Division or the Court of Session.

**What the Law Says**
Under Section 498 of the Code of Criminal Procedure, 1898 [ACT-1], the High Court Division or the Court of Session may direct that any person be admitted to bail, or that the bail required by a police-officer or Magistrate be reduced. This section allows for anticipatory bail, but the process and requirements are different from those in India or other countries that still have Section 438 of the CrPC.

**What You Should Do Now**
1. Consult with a licensed lawyer in Bangladesh to understand the process and requirements for applying for anticipatory bail under Section 498 of the Code of Criminal Procedure, 1898.
2. Gather all necessary documents and evidence to support your application for anticipatory bail.
3. Apply to the High Court Division or the Court of Session for anticipatory bail, as directed by your lawyer.

**Evidence to Keep**
- A copy of the application for anticipatory bail
- Supporting documents and evidence
- A copy of the order from the High Court Division or the Court of Session

**Where to Go / Who to Contact**
You should contact the High Court Division or the Court of Session in your area, or a licensed lawyer in Bangladesh, for guidance on applying for anticipatory bail.

**When You Need a Lawyer**
You should seek the help of a licensed lawyer in Bangladesh as soon as possible if you are seeking anticipatory bail or are facing arrest, as the process and requirements can be complex and time-sensitive.

---
**Sources**
- **[ACT-1]** The Code of Criminal Procedure, 1898, Section 498: Power to direct admission to bail or reduction of bail (Anticipatory Bail / Agam Jamin) *(Status: Active)*","Code of Criminal Procedure, 1898",498,False,[],NOT_AVAILABLE,[],"['498', '438', '498', '438', '498', '498']",True,NOT_AVAILABLE,False,[],False,[],,,,
Q02,Limitation Act,What is the limitation period for a suit for 'Specific Performance of Contract' in Bangladesh? Please cite the specific Article of the Limitation Act,"For specific performance in Bangladesh, the limitation period is 1 year under Article 113 of the First Schedule to the Limitation Act, 1908. Time runs from the date fixed for performance, or if no date is fixed, from the date the plaintiff has notice that performance is refused; immovable-property contracts also require compliance with Section 21A of the Specific Relief Act.","**What This Means For You**
In Bangladesh, if you want to file a lawsuit for specific performance of a contract, you need to do it within a certain time limit. This time limit is set by law to ensure that legal cases are dealt with promptly.

**What the Law Says**
Under Section 113 of the Limitation Act, 1908 [ACT-1], the limitation period for a suit for specific performance of a contract is three years. This means you have three years from the date fixed for the performance of the contract, or from when you knew that the other party refused to perform, to file your lawsuit.

**What You Should Do Now**
1. Check your contract to see when it was supposed to be performed.
2. Determine when you knew the other party wouldn't perform their part of the contract.
3. Calculate three years from that date to find out if you're still within the time limit to file a lawsuit.

**Evidence to Keep**
- A copy of the contract
- Any communication about the contract, especially about performance or refusal to perform
- Records of any attempts to resolve the issue outside of court

**Where to Go / Who to Contact**
If you're considering legal action, you should contact a lawyer who practices in the area of contract law. You may also want to reach out to the District Court where you plan to file your lawsuit.

**When You Need a Lawyer**
You should consult a lawyer as soon as possible if you believe you have a case for specific performance of a contract and are nearing or have passed the three-year limitation period, as they can advise you on the best course of action and help you navigate the legal process.

---
**Sources**
- **[ACT-1]** The Limitation Act, 1908, Section 113: Article 113 - For specific performance of a contract *(Status: In Force)*","Limitation Act, 1908",Article 113,False,[],NOT_AVAILABLE,[],"['113', '113', '113']",True,NOT_AVAILABLE,False,[],False,[],,,,
Q03,Family Law,A man dies in 2025. He has a living son and a grandson (the son of another son who died in 2020). Does the grandson get any share of the grandfather's property under Bangladesh law?,"Yes. Under Section 4 of the Muslim Family Laws Ordinance, 1961, the doctrine of representation applies: the grandson of a predeceased son steps into his father's shoes and receives the share his father would have received if alive.","**What This Means For You**
The grandson may be eligible for a share of his grandfather's property under Bangladesh law. This is because the grandson's father, who was the son of the deceased, passed away before the grandfather. The law provides for the distribution of property in such cases.

**What the Law Says**
Under Section 4 of the Muslim Family Laws Ordinance, 1961 [ACT-1], if a son or daughter of the deceased person dies before the deceased, their children (i.e., the grandchildren) are entitled to a share of the property. The law states that the grandchildren will receive a share equivalent to what their parent would have received if they were alive. This means that the grandson in this case may be entitled to a share of his grandfather's property, as his father (the deceased son) would have been eligible for a share if he were alive.

**What You Should Do Now**
1. Gather all relevant documents, including the deceased person's property records and the death certificate of the son who died in 2020.
2. Consult with a licensed lawyer who specializes in inheritance law in Bangladesh to determine the exact share of the property the grandson is entitled to.
3. Review the family tree and ensure that all heirs are accounted for, as this may affect the distribution of the property.

**Evidence to Keep**
- Death certificate of the deceased person (2025)
- Death certificate of the son who died in 2020
- Property records of the deceased person
- Family tree or documentation showing the relationships between the deceased and his heirs

**Where to Go / Who to Contact**
Contact a licensed lawyer who specializes in inheritance law in Bangladesh for guidance on the distribution of the property. You may also visit the local Magistrate Court or the District Judge Court for information on the legal process.

**When You Need a Lawyer**
You should consult a lawyer as soon as possible to ensure that the grandson's rights are protected and to navigate the complex process of inheritance under Bangladesh law.

---
**Sources**
- **[ACT-1]** The Muslim Family Laws Ordinance, 1961, Section 4: Succession — predeceased child, grandchildren, per stirpes inheritance *(Status: Active)*","Muslim Family Laws Ordinance, 1961",4,False,[],NOT_AVAILABLE,[],"['4', '4']",True,NOT_AVAILABLE,False,[],False,[],,,,
Q04,Criminal Law,"If a person is accused of 'Defamation' under Section 500 of the Penal Code in Sylhet, can the police arrest them immediately without a warrant?","No. Defamation under Section 500 of the Penal Code is non-cognizable and bailable in Bangladesh, so police cannot arrest without a Magistrate's warrant; the usual route is a complaint case before the Magistrate.","**What This Means For You**
If you're accused of defamation in Sylhet, the police might arrest you without a warrant, but only under specific conditions. You should understand your rights and the law surrounding defamation.

**What the Law Says**
Under Section 54 of the Code of Criminal Procedure, 1898 [ACT-1], the police can arrest someone without a warrant if they have reasonable grounds to believe the person has committed a cognizable offense. Defamation under Section 500 of the Penal Code is a cognizable offense, but the police must follow the procedures outlined in the Code of Criminal Procedure. A court also ruled in AHS Rahman vs State [DLR-1] that the police can proceed with an arrest if there's a prima facie case against the accused.

**What You Should Do Now**
1. Seek legal counsel from a licensed lawyer in Sylhet to understand the specifics of your case.
2. Gather any evidence that may support your defense, such as witness statements or documents.
3. Be prepared to cooperate with the police investigation, but also know your rights and the procedures that must be followed.

**Evidence to Keep**
- Any documents or records related to the alleged defamation
- Witness statements or contact information
- Records of any previous interactions or communications with the accuser

**Where to Go / Who to Contact**
Contact the Sylhet Metropolitan Magistrate Court or the Sylhet Police Station to understand the procedures and your rights. You can also reach out to the Legal Aid helpline (16430) for guidance.

**When You Need a Lawyer**
You should consult a lawyer as soon as possible if you're accused of defamation, as the police can arrest you without a warrant, and a lawyer can help you navigate the legal process and protect your rights.

---
**Sources**
- **[ACT-1]** The Code of Criminal Procedure, 1898, Section 54: When police may arrest without warrant *(Status: Amended)*
- **[DLR-1]** AHS Rahman vs State — DLR (AD) 2005 | Appellate Division | 2005","Penal Code, 1860",500,False,[],NOT_AVAILABLE,[],"['54', '500', '54']",True,NOT_AVAILABLE,True,['Code of Criminal Procedure'],False,[],,,,
Q05,Civil Procedure,Can I file a 'Second Appeal' to the High Court Division on a pure question of fact under Section 100 of the CPC?,"No. Sections 100-103 of the Bangladesh CPC were omitted by the Law Reforms Ordinance, 1978, so a second appeal under Section 100 on a pure question of fact is not available in Bangladesh.","**What This Means For You**
You are wondering if you can file a second appeal to the High Court Division on a pure question of fact under Section 100 of the CPC. However, the law has something to say about this. The High Court Division's jurisdiction in second appeal over findings of fact by lower appellate courts is limited.

**What the Law Says**
Under Section 100 of the Code of Civil Procedure (which is no longer applicable), the High Court Division's power to hear a second appeal on a question of fact was limited. A court also ruled in Abdul Mannan VS Tayeb Ali and others (2006) [DLR-1] that the High Court Division was in error in setting aside the judgment of the lower appellate court decreeing the suit when there was no evidence that the findings of the lower appellate court were not based on proper evidence or legal evidence.

**What You Should Do Now**
1. Check if your case involves a question of law or a mixed question of law and fact, as these may be appealable to the High Court Division.
2. Review the judgment of the lower appellate court to see if there are any errors of law or procedural irregularities that may be grounds for appeal.
3. Consult with a licensed lawyer to determine the best course of action for your specific case.

**Evidence to Keep**
- Copy of the judgment of the lower appellate court
- Records of the proceedings in the lower courts
- Any relevant documentary evidence

**Where to Go / Who to Contact**
The High Court Division of the Supreme Court of Bangladesh, or a licensed lawyer specializing in civil appeals.

**When You Need a Lawyer**
You should consult a lawyer if you are unsure about the grounds for appeal or the procedure for filing a second appeal to the High Court Division.

---
**Sources**
- **[DLR-1]** Abdul Mannan VS Tayeb Ali and others — DLR (AD) 2006 | Appellate Division | 2006","Code of Civil Procedure, 1908",100,False,[],NOT_AVAILABLE,[],"['100', '100']",True,NOT_AVAILABLE,False,[],False,[],,,,
Q06,Criminal Procedure,Explain the procedure for 'Executive Magistrates' to conduct a full trial and award a 7-year rigorous imprisonment sentence for a theft case.,Executive Magistrates cannot conduct a regular Penal Code theft trial or award 7 years' rigorous imprisonment. Criminal trials and such sentencing belong to Judicial Magistrates/Courts; Executive Magistrates are limited to administrative/mobile-court functions within statutory limits.,"**What This Means For You**
If you're involved in a theft case, an Executive Magistrate might conduct your trial. However, their power to award imprisonment is limited. For a 7-year sentence, the case might need to be transferred to a higher court.

**What the Law Says**
Under Section 32 [ACT-2] of the Code of Criminal Procedure, 1898, an Executive Magistrate's power to award imprisonment varies. A Magistrate of the first class can award up to 5 years of imprisonment, while a Magistrate of the second class can award up to 3 years, and a Magistrate of the third class can award up to 2 years. For a 7-year sentence, the case would typically need to be tried by a higher court, such as the Court of Session, as per Section 31 [ACT-6] of the Code of Criminal Procedure, 1898. A court also ruled in various cases that the Magistrate's powers are limited, and severe sentences require a higher court.

**What You Should Do Now**
1. Check the specific class of the Executive Magistrate handling your case to understand their sentencing powers.
2. If the sentence exceeds the Magistrate's powers, the case may be transferred to a higher court.
3. Consult a licensed lawyer to understand the best course of action for your specific situation.

**Evidence to Keep**
- Copies of the charge sheet and police report
- Witness statements and evidence related to the theft case
- Any documentation showing the value of the stolen property

**Where to Go / Who to Contact**
Contact the District Court or the Court of Session in your area for further proceedings. You can also reach out to the Legal Aid services (16430) for guidance.

**When You Need a Lawyer**
You should consult a lawyer as soon as possible if you're facing a theft charge that could result in a significant imprisonment sentence, especially if the case might be transferred to a higher court.

---
**Sources**
- **[ACT-2]** The Code of Criminal Procedure, 1898, Section 32: Sentences which Magistrates may pass *(Status: Amended)*
- **[ACT-6]** The Code of Criminal Procedure, 1898, Section 31: Sentences which High Court Division and Sessions Judges may pass *(Status: Amended)*","Code of Criminal Procedure, 1898",29C,False,[],NOT_AVAILABLE,[],"['32', '31', '32', '31']",False,NOT_AVAILABLE,False,[],False,[],,,,
Q07,Land Reform,I am a wealthy businessman. Can I purchase 500 bighas of agricultural land in my own name under the Land Reforms Ordinance?,"No. Agricultural land ownership/acquisition is capped at 60 standard bighas under the Land Reforms Ordinance, 1984 as carried forward in the 2023 framework; purchasing 500 bighas in one person's name would exceed the ceiling.","**What This Means For You**
As a wealthy businessman, you may face restrictions on purchasing large amounts of agricultural land. The law aims to prevent excessive land ownership and promote equitable distribution of land.

**What the Law Says**
Under the Land Reforms Ordinance, there are limitations on the amount of agricultural land that can be owned by an individual. However, this specific information is not available in my verified database. 

**What You Should Do Now**
1. Consult the Bangladesh Code or a licensed lawyer to understand the current laws and regulations regarding land ownership.
2. Review the Land Reforms Ordinance to determine the specific restrictions on purchasing agricultural land.
3. Consider alternative options, such as purchasing land through a company or partnership, if allowed by law.

**Evidence to Keep**
- Copy of the Land Reforms Ordinance
- Documentation of your current land ownership, if any
- Records of any previous land transactions

**Where to Go / Who to Contact**
Contact the Ministry of Land or a licensed lawyer specializing in land law for guidance on the current regulations and restrictions.

**When You Need a Lawyer**
You should consult a lawyer if you are unsure about the laws and regulations regarding land ownership or if you are facing any legal issues related to your land transactions.

---
**Sources**
- **[ACT-1]** The Transfer of Property Act, 1882, Section 1: Short title, commencement and extent *(Status: Active)*
- **[ACT-2]** The Transfer of Property Act, 1882, Section 2: Repeal of Acts, saving of certain enactments, incidents, rights, liabilities, etc. *(Status: Active)*
- **[ACT-3]** The Transfer of Property Act, 1882, Section 3: Interpretation clause *(Status: Active)*
- **[ACT-4]** The Transfer of Property Act, 1882, Section 4: Enactments relating to contracts to be taken as part of Contract Act *(Status: Active)*
- **[ACT-5]** The Transfer of Property Act, 1882, Section 5: Transfer of property defined *(Status: Active)*
- **[DLR-1]** Government of the People's Republic of Bangladesh, represented by the DC and another VS Abdur Rahman and others — DLR (AD) 2005 | Appellate Division | 2005
- **[DLR-2]** Yaor Mia (Md) and anothe VS Haji Shah Dhanai Ali and others — DLR (AD) 2005 | Appellate Division | 2005
- **[DLR-3]** Bangladesh, represented by the Secretary, Ministry of Works, Housing and Settlement and ors vs Md Abu Bakar and others — DLR (AD) 2005 | Appellate Division | 2005
- **[DLR-4]** State VS Abdur Rahim — DLR (AD) 2005 | Appellate Division | 2005","Land Reforms Ordinance, 1984 / Land Reforms Act, 2023",4,False,[],NOT_AVAILABLE,[],"['1', '2', '3', '4', '5']",True,NOT_AVAILABLE,True,['Transfer of Property Act'],False,[],,,,
Q08,Tax,How much 'Wealth Tax' do I owe under the Income Tax Act 2023 if my assets exceed 5 Crore BDT?,"There is no separate 'wealth tax' under the Income Tax Act, 2023; Bangladesh uses a net-wealth surcharge when net wealth crosses the statutory threshold. The exact surcharge depends on the applicable slab, so the answer must cite the 2023 Act/schedule rather than inventing a generic tax amount.","This is not in my verified database. I cannot confirm this. Please consult the Bangladesh Code directly or a licensed lawyer.

---
**Sources**
- **[DLR-1]** Yaor Mia (Md) and anothe VS Haji Shah Dhanai Ali and others — DLR (AD) 2005 | Appellate Division | 2005
- **[DLR-2]** State VS Abdur Rahim — DLR (AD) 2005 | Appellate Division | 2005
- **[DLR-3]** Government of the People's Republic of Bangladesh, represented by the DC and another VS Abdur Rahman and others — DLR (AD) 2005 | Appellate Division | 2005
- **[DLR-4]** Bangladesh, represented by the Secretary, Ministry of Works, Housing and Settlement and ors vs Md Abu Bakar and others — DLR (AD) 2005 | Appellate Division | 2005","Income Tax Act, 2023",,False,[],NOT_AVAILABLE,[],[],N/A,NOT_AVAILABLE,False,[],False,[],,,,
Q09,Property/Land,Does a 'Mutation Khatian' issued by the Assistant Commissioner (Land) serve as a conclusive document of title/ownership in Bangladesh?,"No. Mutation Khatian is mainly for land-record/tax and possession purposes; it is not conclusive proof of ownership or title. Title is proved by valid deeds, inheritance documents, court decrees, and related evidence.","**What This Means For You**
A 'Mutation Khatian' is a document that records the transfer of ownership of land, but it may not be conclusive proof of title or ownership in Bangladesh. This means that having a Mutation Khatian does not necessarily guarantee that you are the sole owner of the land.

**What the Law Says**
Under Section 3 of the Transfer of Property Act, 1882 [ACT-1], the term ""registered"" means registered in Bangladesh under the law for the time being in force regulating the registration of documents. However, the Act does not explicitly state that a Mutation Khatian is a conclusive document of title or ownership. A court also ruled in Government of the People's Republic of Bangladesh, represented by the DC and another VS Abdur Rahman and others [DLR-1] that the scope of certain laws and regulations can be limited, which may apply to the interpretation of a Mutation Khatian.

**What You Should Do Now**
1. Verify the Mutation Khatian with the relevant land authorities to ensure its authenticity.
2. Check if the land is registered in your name in the land records.
3. Consult with a licensed lawyer to determine the best course of action to establish clear ownership of the land.

**Evidence to Keep**
- Mutation Khatian document
- Land registration documents
- Any other relevant documents related to the land transfer

**Where to Go / Who to Contact**
Contact the Assistant Commissioner (Land) office or the Bangladesh Land Ministry for more information on land ownership and registration. You can also reach out to the Legal Aid helpline (16430) for guidance.

**When You Need a Lawyer**
You should consult a lawyer if you are involved in a land dispute or if you need help establishing clear ownership of the land, as a Mutation Khatian may not be sufficient to resolve the issue.

---
**Sources**
- **[ACT-1]** The Transfer of Property Act, 1882, Section 3: Interpretation clause *(Status: Active)*
- **[DLR-1]** Government of the People's Republic of Bangladesh, represented by the DC and another VS Abdur Rahman and others — DLR (AD) 2005 | Appellate Division | 2005",,,False,[],NOT_AVAILABLE,[],"['3', '3']",N/A,NOT_AVAILABLE,N/A,False,[],,,,
Q10,Labour Law,"I am hiring a clerk in my office in Sylhet. Under the Labour Act, can I set a 1-year probation period to ensure he is a good fit?","No. For a clerical worker, the probation period under Section 4(8) of the Bangladesh Labour Act is 6 months, not 1 year. For other workers it is generally 3 months, with limited extension for skilled workers.","**What This Means For You**
You want to ensure your new clerk is a good fit for your office, but you need to follow the Labour Act guidelines for probation periods. The Act has specific rules about probation to protect both employers and employees.

**What the Law Says**
Under Section 4 of the Bangladesh Labour Act, 2006 [ACT-1], the period of probation for a worker whose function is of clerical nature shall be 6 (six) months. This means you can set a 6-month probation period for your clerk, but not 1 year.

**What You Should Do Now**
1. Prepare a job contract that includes a 6-month probation period, as allowed by law.
2. Ensure the contract outlines the terms and conditions of employment, including job responsibilities, working hours, and salary.
3. Provide your new clerk with an appointment letter and an identity card, as required by Section 5 of the Bangladesh Labour Act, 2006 [ACT-8].

**Evidence to Keep**
- A copy of the job contract signed by both you and your clerk
- The appointment letter and identity card provided to your clerk

**Where to Go / Who to Contact**
If you have any questions or concerns about the Labour Act, you can contact the Department of Labour in Sylhet or the Bangladesh Labour Foundation.

**When You Need a Lawyer**
If you are unsure about the specific requirements of the Labour Act or need help drafting a job contract, it is recommended that you consult with a licensed lawyer specializing in labour law.

---
**Sources**
- **[ACT-1]** The Bangladesh Labour Act, 2006, Section 4: Classification of workers and probation period *(Status: Active)*
- **[ACT-8]** The Bangladesh Labour Act, 2006, Section 5: Appointment letter and identity card *(Status: Active)*","Bangladesh Labour Act, 2006",4(8),False,[],NOT_AVAILABLE,[],"['4', '5', '4', '5']",True,NOT_AVAILABLE,False,[],False,[],,,,
Q13,Civil Procedure,"I have a property dispute valued at Tk 4.5 Crore. Which court has the 'Original Jurisdiction' to hear my case, and if I lose, where do I file the appeal?","For a Tk 4.5 crore property dispute, original jurisdiction lies with the Joint District Judge Court under the Civil Courts Act, 1887 as amended in 2021. If the party loses, the appeal lies to the District Judge Court because appeals up to Tk 5 crore go there, not directly to the High Court Division.","**What This Means For You**
You have a property dispute worth Tk 4.5 Crore, and you need to know which court can hear your case initially and where to appeal if you lose. The court with original jurisdiction will depend on the location of the property and the value of the dispute.

**What the Law Says**
Under Section 16 of the Code of Civil Procedure, 1908 [ACT-1], suits for the recovery of immovable property should be instituted in the Court within the local limits of whose jurisdiction the property is situate. Given the value of your dispute (Tk 4.5 Crore), the District Judge's Court would have the original jurisdiction to hear your case, as the value exceeds the pecuniary limits of lower courts.

**What You Should Do Now**
1. Determine the exact location of the property to identify the correct district.
2. File your case in the District Judge's Court of the district where the property is located.
3. If you lose your case, you can file an appeal to the High Court Division, as per Section 109 of the Code of Civil Procedure, 1908 [ACT-5].

**Evidence to Keep**
- Property deeds and documents
- Valuation reports
- Any agreements or contracts related to the property

**Where to Go / Who to Contact**
District Judge's Court in the district where the property is located. For legal assistance, you can contact the Bangladesh Bar Council or a licensed lawyer.

**When You Need a Lawyer**
You should consult a lawyer as soon as possible to ensure your rights are protected and to guide you through the legal process, especially given the high value of the dispute.

---
**Sources**
- **[ACT-1]** The Code of Civil Procedure, 1908, Section 16: Suits to be instituted where subjectmatter situate. — jurisdiction, immovable property, movable property, compensation *(Status: Active)*
- **[ACT-5]** The Code of Civil Procedure, 1908, Section 109: When appeals lie to the Supreme Court. — decree, judgment, jurisdiction, rules *(Status: Amended)*","Civil Courts Act, 1887",,False,[],NOT_AVAILABLE,[],"['16', '109', '16', '109']",N/A,NOT_AVAILABLE,True,['Code of Civil Procedure'],False,[],,,,
Q14,Criminal Law/Evidence,"While in police custody, an accused says, ""I killed the man and hid the knife under the bridge."" The police find the knife under the bridge. Is the statement ""I killed the man"" admissible in court?","The statement 'I killed the man' is inadmissible because confessions to police are barred under Section 25 of the Evidence Act. Only the part leading directly to discovery of the knife, such as 'I hid it under the bridge,' may be admissible under Section 27 as discovery information.","**What This Means For You**
The accused's statement ""I killed the man"" may be admissible in court as evidence, but its admissibility depends on certain conditions. The fact that the police found the knife under the bridge, as stated by the accused, can be used to corroborate the statement.

**What the Law Says**
Under Section 24 of the Evidence Act, 1872 [not explicitly mentioned in the provided ACTs, but a fundamental principle of evidence law], a confession made by an accused person is admissible as evidence against them if it is voluntary and not induced by any promise, threat, or inducement. However, the admissibility of such a statement can be challenged if it is deemed to have been made under duress or coercion while in police custody. 

**What You Should Do Now**
1. The accused should consult with a lawyer to understand the implications of their statement and the potential defenses available.
2. The lawyer should investigate the circumstances under which the statement was made to determine if it was voluntary or coerced.
3. The prosecution will need to prove that the statement was made voluntarily and not under duress for it to be admissible as evidence.

**Evidence to Keep**
- Record of the statement made by the accused, including the time, date, and location.
- Details of the circumstances under which the statement was made, including any potential coercion or inducement.
- Physical evidence, such as the knife found under the bridge, that corroborates or contradicts the accused's statement.

**Where to Go / Who to Contact**
The accused or their family should contact a licensed lawyer specializing in criminal law in Bangladesh. They can also reach out to the Legal Aid services in Bangladesh for assistance.

**When You Need a Lawyer**
You need a lawyer immediately if you or someone you know has made a statement to the police that could be used as evidence against them, especially in a serious case like murder, to ensure their rights are protected and to navigate the complexities of the legal system.

---
**Sources**
- **[ACT-1]** The Code of Criminal Procedure, 1898, Section 179: Accused triable in district where act is done or where *(Status: Active)*
- **[ACT-2]** The Code of Criminal Procedure, 1898, Section 35A: Deduction of imprisonment in cases where convicts may have been in custody *(Status: Amended)*
- **[ACT-3]** The Code of Criminal Procedure, 1898, Section 31: Sentences which High Court Division and Sessions Judges may pass *(Status: Amended)*
- **[ACT-4]** The Code of Criminal Procedure, 1898, Section 358: Option to Magistrate in cases under section *(Status: Active)*
- **[ACT-5]** The Code of Criminal Procedure, 1898, Section 243: Conviction on admission of truth of accusation *(Status: Active)*
- **[ACT-6]** The Code of Criminal Procedure, 1898, Section 30: Omitted *(Status: Omitted)*
- **[ACT-7]** The Code of Criminal Procedure, 1898, Section 32: Sentences which Magistrates may pass *(Status: Amended)*
- **[ACT-8]** The Code of Criminal Procedure, 1898, Section 34: Omitted *(Status: Omitted)*
- **[ACT-9]** The Code of Criminal Procedure, 1898, Section 36: Ordinary powers of Magistrates *(Status: Amended)*
- **[ACT-10]** The Code of Criminal Procedure, 1898, Section 178: Power to order cases to be tried in different sessions divisions *(Status: Amended)*
- **[ACT-11]** The Code of Criminal Procedure, 1898, Section 180: Place of trial where act is offence by reason of relation to other offence *(Status: Active)*
- **[ACT-12]** The Code of Criminal Procedure, 1898, Section 242: Charge to be framed *(Status: Amended)*
- **[ACT-13]** The Code of Criminal Procedure, 1898, Section 244: Procedure when no such admission is made *(Status: Active)*
- **[ACT-14]** The Code of Criminal Procedure, 1898, Section 357: Language of record of evidence *(Status: Active)*
- **[ACT-15]** The Code of Criminal Procedure, 1898, Section 359: Mode of recording evidence under section or section *(Status: Active)*
- **[DLR-1]** Yogeshwar Gope vs State — DLR (AD) 2005 | Appellate Division | 2005
- **[DLR-2]** Abdul Mannan VS Tayeb Ali and others — DLR (AD) 2006 | Appellate Division | 2006
- **[DLR-3]** State VS Abdur Rahim — DLR (AD) 2005 | Appellate Division | 2005
- **[DLR-4]** Government of Bangladesh and another VS Md Afsar Ali and others — DLR (AD) 2003 | Appellate Division | 2003","Evidence Act, 1872",25/27,False,[],NOT_AVAILABLE,[],"['24', '179', '35A', '31', '358', '243', '30', '32', '34', '36', '178', '180', '242', '244', '357', '359']",False,NOT_AVAILABLE,True,['Code of Criminal Procedure'],False,[],,,,
Q15,Criminal Procedure,A Magistrate receives a police report (Final Report) stating there is no evidence against the accused. Can the Magistrate ignore the police report and order the trial to proceed anyway?,"Yes. A Magistrate is not bound by a police Final Report; under Section 190(1)(b) CrPC, the Magistrate may reject the police opinion, take cognizance, and summon the accused if the case diary/materials justify proceeding.","**What This Means For You**
If a Magistrate receives a police report stating there is no evidence against you, it's a significant development in your case. However, the Magistrate has the authority to decide whether to proceed with the trial or not. You should be prepared for either outcome and understand your rights in this situation.

**What the Law Says**
Under Section 173 [ACT-3] of the Code of Criminal Procedure, 1898, when a police report is submitted, the Magistrate is required to consider it. However, the law also grants the Magistrate discretion in deciding whether to proceed with the trial. According to Section 204 [ACT-9] of the same Act, if the Magistrate believes there is sufficient ground for proceeding, they can issue a summons or warrant despite the police report's findings. A court also ruled in AHS Rahman vs State [DLR-1] that if the first information report discloses a prima facie case against the accused, the Magistrate can proceed with the trial.

**What You Should Do Now**
1. Review the police report and understand its contents.
2. Consult with your lawyer to discuss the implications of the police report and the Magistrate's potential decision.
3. Prepare to present your case in court if the Magistrate decides to proceed with the trial.

**Evidence to Keep**
- A copy of the police report (Final Report)
- Any evidence or witness statements that support your case

**Where to Go / Who to Contact**
Contact your lawyer or the Magistrate Court where your case is being heard. You can also reach out to the Legal Aid helpline (16430) for guidance.

**When You Need a Lawyer**
You should consult a lawyer immediately if the Magistrate decides to proceed with the trial despite the police report stating there is no evidence against you, as this could significantly impact your defense strategy.

---
**Sources**
- **[ACT-3]** The Code of Criminal Procedure, 1898, Section 173: Report of policeofficer *(Status: Active)*
- **[ACT-9]** The Code of Criminal Procedure, 1898, Section 204: Issue of process *(Status: Active)*
- **[DLR-1]** AHS Rahman vs State — DLR (AD) 2005 | Appellate Division | 2005","Code of Criminal Procedure, 1898",190(1)(b),False,[],NOT_AVAILABLE,[],"['173', '204', '173', '204']",False,NOT_AVAILABLE,False,[],False,[],,,,
Q17,Family Law,"If a Hindu woman in Bangladesh inherits land under the Hindu Succession Act, can she sell it freely?","No. In Bangladesh, a Hindu woman's inherited property is generally treated as a limited estate under the Hindu Women's Rights to Property Act, 1937; she cannot sell freely except for recognized legal necessity, and an improper sale may be challenged by reversioners.",I could not locate the specific Act you asked about in my verified database. Please consult the Bangladesh Code or a licensed lawyer for this question.,"Hindu Women's Rights to Property Act, 1937",,NOT_AVAILABLE,[],NOT_AVAILABLE,[],[],N/A,NOT_AVAILABLE,False,[],False,[],,,,
Q18,Limitation Act,"Under the Limitation Act in Bangladesh, how many years does a party have to file a suit for breach of a simple contract?","For breach of a simple contract in Bangladesh, the limitation period is 3 years from breach under Article 115 of the First Schedule to the Limitation Act, 1908. For written registered contracts, Article 116 may provide 6 years.","**What This Means For You**
In Bangladesh, if someone breaches a simple contract with you, you have a limited time to take legal action. This time limit is crucial to understand so you can plan your next steps.

**What the Law Says**
Under Section 115 of the Limitation Act, 1908 [ACT-1], a suit for compensation for the breach of any contract, express or implied, not in writing registered and not specially provided for, has a period of limitation of three years. This means you have three years from when the contract was broken to file a suit.

**What You Should Do Now**
1. Review your contract to understand the terms and when it was breached.
2. Calculate the three-year period from the date of the breach to ensure you are within the time limit.
3. Gather all relevant documents and evidence related to the breach and the contract.

**Evidence to Keep**
- A copy of the contract
- Proof of the breach (e.g., emails, letters, witness statements)
- Any communication related to the breach

**Where to Go / Who to Contact**
For legal advice and to file a suit, you should contact a licensed lawyer or visit the relevant court in your area, such as a District Court or a Magistrate Court.

**When You Need a Lawyer**
You should consult a lawyer as soon as possible if you believe a contract has been breached and you intend to take legal action to ensure you understand your rights and the legal process.

---
**Sources**
- **[ACT-1]** The Limitation Act, 1908, Section 115: Article 115 - For compensation for the breach of any contract *(Status: In Force)*","Limitation Act, 1908",Article 115,False,[],NOT_AVAILABLE,[],"['115', '115', '115']",True,NOT_AVAILABLE,False,[],False,[],,,,
Q19,Tax,"I am calculating my tax return for 2026. Under the Income Tax Ordinance 1984, I am trying to find the exemption for my medical and conveyance allowance. Can you guide me through the math?","The Income Tax Ordinance, 1984 is repealed and replaced by the Income Tax Act, 2023. Medical and conveyance allowances are not separately exempted in the old way; salary income uses the consolidated exemption of one-third of total salary or Tk 4,50,000, whichever is lower.","**What This Means For You**
You are trying to calculate your tax return for 2026 and need to understand the exemptions for medical and conveyance allowances under the Income Tax Ordinance 1984. This is important to ensure you accurately report your income and claim eligible exemptions.

**What the Law Says**
Under the Income Tax Ordinance 1984, there are provisions for exemptions on medical and conveyance allowances. However, I couldn't find specific details on these exemptions in my verified database. 

**What You Should Do Now**
1. Consult the Income Tax Ordinance 1984 or the latest amendments to understand the current exemptions and rules.
2. Review your employment contract or company policies to determine the medical and conveyance allowances you are eligible for.
3. Contact the National Board of Revenue (NBR) or a licensed tax consultant for guidance on calculating your tax return and claiming exemptions.

**Evidence to Keep**
- Employment contract or company policy documents
- Receipts for medical expenses
- Records of conveyance allowances

**Where to Go / Who to Contact**
National Board of Revenue (NBR) helpline: You can visit the NBR website or contact their office for guidance on tax-related matters.

**When You Need a Lawyer**
You should consult a licensed tax lawyer if you are unsure about the exemptions or have complex tax-related issues that require professional advice.

---
**Sources**
- **[DLR-1]** Fatema Khatun and others VS Abdul Quddus — DLR (AD) 2005 | Appellate Division | 2005
- **[DLR-2]** State VS Abdur Rahim — DLR (AD) 2005 | Appellate Division | 2005
- **[DLR-3]** Yaor Mia (Md) and anothe VS Haji Shah Dhanai Ali and others — DLR (AD) 2005 | Appellate Division | 2005
- **[DLR-4]** Abdul Mannan VS Tayeb Ali and others — DLR (AD) 2006 | Appellate Division | 2006","Income Tax Act, 2023",,False,[],NOT_AVAILABLE,[],[],N/A,NOT_AVAILABLE,False,[],False,[],,,,
Q21,Tenancy (NAT Act),My family has been living on a rented residential plot for 15 years. We want to build a small brick (pucca) house here. Do we need to ask our landlord for permission first?,"Under Section 7(1)(a) of the NAT Act, 1949, a permanent non-agricultural tenant who has crossed the statutory threshold has the right to erect structures including a pucca structure. Practically, municipal approval/NOC and tenancy restrictions may still matter, but the statutory section is 7(1), not 6(2)(a).","**What This Means For You**
You want to build a small brick house on a rented plot where your family has been living for 15 years. Before starting construction, it's essential to understand your rights and obligations as a tenant. 

**What the Law Says**
Under Section 108 of the Transfer of Property Act, 1882 [ACT-7], as a lessee, you have certain rights and liabilities. The law states that you should not use the property for a purpose other than that for which it was leased, or make any permanent structures without the lessor's consent. 

**What You Should Do Now**
1. Review your lease agreement to see if it mentions anything about making permanent structures or constructions.
2. Ask your landlord for permission to build a small brick house, explaining your intentions and plans.
3. If your landlord agrees, get their consent in writing to avoid any future disputes.

**Evidence to Keep**
- A copy of your lease agreement
- Written permission from your landlord to build the house
- Any correspondence or communication with your landlord regarding the construction

**Where to Go / Who to Contact**
If you need help with drafting a permission letter or understanding your lease agreement, you can contact a local lawyer or the Bangladesh Bar Council for guidance.

**When You Need a Lawyer**
If your landlord refuses to give permission or you're unsure about your rights as a tenant, it's best to consult a licensed lawyer to avoid any potential legal issues.

---
**Sources**
- **[ACT-7]** The Transfer of Property Act, 1882, Section 108: Rights and liabilities of lessor and lessee *(Status: Active)*","Non-Agricultural Tenancy Act, 1949",7(1)(a),False,[],NOT_AVAILABLE,[],"['108', '108']",False,NOT_AVAILABLE,True,['Transfer of Property Act'],False,[],,,,
Q23,Tenancy (NAT Act),Distinguish between the classes of non-agricultural tenants recognized under Chapter II of the NAT Act 1949.,"Section 3 NAT Act recognizes two main classes: tenants and under-tenants. Sections 4 and 5 further classify tenancies by purpose, such as homestead/residential and manufacturing/business purposes.","**What This Means For You**
The Non-Agricultural Tenancy Act (NAT) 1949 recognizes different classes of non-agricultural tenants, which affects their rights and protections under the law. Understanding these classes is crucial for tenants to know their entitlements and obligations.

**What the Law Says**
Unfortunately, the provided verified sources do not include the Non-Agricultural Tenancy Act 1949. However, I can tell you that typically, the NAT Act would outline the different classes of non-agricultural tenants, such as permanent tenants, temporary tenants, and tenants-at-will, among others. 

**What You Should Do Now**
1. Consult the Bangladesh Code or a licensed lawyer to understand the specific classes of non-agricultural tenants recognized under the NAT Act 1949.
2. Determine which class of tenant you belong to, if applicable.
3. Familiarize yourself with the rights and obligations associated with your class of tenancy.

**Evidence to Keep**
- Copy of your tenancy agreement
- Proof of rent payments
- Documentation of any communication with your landlord

**Where to Go / Who to Contact**
For specific guidance, contact the Deputy Commissioner's office or a local lawyer specializing in tenancy law.

**When You Need a Lawyer**
You should consult a lawyer if you are facing a dispute with your landlord or need help understanding your rights and obligations as a non-agricultural tenant under the NAT Act 1949.

---
**Sources**
- **[DLR-1]** Fatema Khatun and others VS Abdul Quddus — DLR (AD) 2005 | Appellate Division | 2005
- **[DLR-2]** Yaor Mia (Md) and anothe VS Haji Shah Dhanai Ali and others — DLR (AD) 2005 | Appellate Division | 2005
- **[DLR-3]** Abdul Kader VS Secretary, Election Commission and others — DLR (AD) 2005 | Appellate Division | 2005
- **[DLR-4]** Bangladesh, represented by the Secretary, Ministry of Works, Housing and Settlement and ors vs Md Abu Bakar and others — DLR (AD) 2005 | Appellate Division | 2005","Non-Agricultural Tenancy Act, 1949","3,4,5",False,[],NOT_AVAILABLE,[],[],False,NOT_AVAILABLE,False,[],False,[],,,,
Q24,Tenancy (NAT Act),"What are the exact statutory consequences if a non-agricultural land lease has a fixed written term of 5 years, but the tenant continues to occupy it for a total period of 13 years?","Under Section 7(4) NAT Act, if a written fixed-term tenant continues after expiry with the landlord's acquiescence and total continuous possession reaches at least 12 years, the tenancy gains the incidents of a permanent tenancy under Section 7.","**What This Means For You**
If a tenant continues to occupy non-agricultural land beyond the initial 5-year lease term without a new agreement, the lease may be considered renewed from month to month. This could lead to uncertainty about the tenant's rights and obligations. It's essential to understand the statutory consequences of such a situation to avoid potential disputes.

**What the Law Says**
Under Section 106 of the Transfer of Property Act, 1882 [ACT-1], a lease of immoveable property for any purpose other than agricultural or manufacturing is deemed to be a lease from month to month, terminable by either party with 15 days' notice. Additionally, Section 116 [ACT-2] states that if a lessee remains in possession after the determination of the lease and the lessor accepts rent, the lease is renewed from month to month. A court also ruled in Yaor Mia (Md) and another VS Haji Shah Dhanai Ali and others [DLR-1] that the Transfer of Property Act may not apply to certain transactions, but this is specific to the State Acquisition and Tenancy Act.

**What You Should Do Now**
1. Review the initial lease agreement to understand the terms and conditions.
2. Determine whether the lessor has accepted rent from the tenant after the initial 5-year term, which could imply a renewed lease.
3. Consider consulting a licensed lawyer to assess the situation and provide guidance on the best course of action.

**Evidence to Keep**
- The initial 5-year lease agreement
- Records of rent payments made after the initial 5-year term
- Any communication or notices exchanged between the lessor and the tenant

**Where to Go / Who to Contact**
For specific guidance and to resolve any disputes, contact a licensed lawyer or visit the local Civil Court.

**When You Need a Lawyer**
You should consult a lawyer immediately if the lessor serves a notice to vacate the premises or if there's a dispute about the terms of the renewed lease, as this could lead to eviction or other serious consequences.

---
**Sources**
- **[ACT-1]** The Transfer of Property Act, 1882, Section 106: Duration of certain leases in absence of written contract or local usage *(Status: Active)*
- **[ACT-2]** The Transfer of Property Act, 1882, Section 116: Effect of holding over *(Status: Active)*
- **[DLR-1]** Yaor Mia (Md) and anothe VS Haji Shah Dhanai Ali and others — DLR (AD) 2005 | Appellate Division | 2005","Non-Agricultural Tenancy Act, 1949",7(4),False,[],NOT_AVAILABLE,[],"['106', '116', '106', '116']",False,NOT_AVAILABLE,True,"['Transfer of Property Act', 'State Acquisition and Tenancy Act']",False,[],,,,
Q25,Tenancy (NAT Act),Does the NAT Act 1949 permit a non-agricultural tenant to sub-let their tenancy? Quote the relevant restriction introduced by amendments.,"The NAT Act prohibits sub-letting by Section 26A, inserted by Section 15 of the East Bengal Non-Agricultural Tenancy (Amendment) Ordinance, 1967. Section 26A bars a non-agricultural tenant from sub-letting the whole or part of the tenancy on any terms.","This is not in my verified database. I cannot confirm this. Please consult the Bangladesh Code directly or a licensed lawyer.

---
**Sources**
- **[DLR-1]** Yaor Mia (Md) and anothe VS Haji Shah Dhanai Ali and others — DLR (AD) 2005 | Appellate Division | 2005
- **[DLR-2]** Fatema Khatun and others VS Abdul Quddus — DLR (AD) 2005 | Appellate Division | 2005
- **[DLR-3]** Government of the People's Republic of Bangladesh, represented by the DC and another VS Abdur Rahman and others — DLR (AD) 2005 | Appellate Division | 2005
- **[DLR-4]** Abdul Kader VS Secretary, Election Commission and others — DLR (AD) 2005 | Appellate Division | 2005","Non-Agricultural Tenancy Act, 1949",26A,False,[],NOT_AVAILABLE,[],[],False,NOT_AVAILABLE,False,[],False,[],,,,
Q26,Tenancy (NAT Act),"I am preparing a civil revision regarding a Section 24 pre-emption case. The opposite party claims the application is barred because the land is a ""Tilla"" (elevated land feature). How does the judiciary determine whether a specific plot falls under the NAT Act 1949?","NAT Act Section 2(4) expressly defines non-agricultural land. For tilla/ban land, courts apply the doctrine of actual user: actual physical use at the time of transfer is decisive, not merely topography or RoR description; key authorities include Md. Sarafat Ali v Md. Abdul Gafur, 38 DLR (AD) 161 and Salamat Ali v Nurjahan Begum, 39 DLR (AD) 103.","**What This Means For You**
The opposite party is trying to claim that the land in question is exempt from the pre-emption application because it's a ""Tilla"", which might be considered under the NAT Act 1949. This could affect your case, and you need to understand how the court determines whether a plot falls under this Act.

**What the Law Says**
Under the Non-Agricultural Tenancies Act, 1949, certain types of land are exempt from its provisions. However, there is no specific Act mentioned in the verified sources regarding the NAT Act 1949. 

**What You Should Do Now**
1. Review the case files and documents to see if there's any mention of the NAT Act 1949 or any similar laws that might apply to the land in question.
2. Research the relevant laws and regulations regarding ""Tilla"" or elevated land features to understand how they might be classified under the law.
3. Consult with a licensed lawyer who is familiar with property and land laws in Bangladesh to get specific advice on how to proceed with your case.

**Evidence to Keep**
- Documents related to the land in question, including any records or certificates that describe the land's characteristics.
- Any expert opinions or reports that might help determine the nature of the land.
- Copies of relevant laws and regulations, including any amendments or updates to the NAT Act 1949 (if applicable).

**Where to Go / Who to Contact**
You can contact the District Judge Court or a lawyer who specializes in property and land laws in Bangladesh for guidance on how to proceed with your case.

**When You Need a Lawyer**
You should consult a licensed lawyer as soon as possible to get specific advice on how to navigate the complexities of the NAT Act 1949 and the pre-emption case, especially if the opposite party is claiming exemptions based on the land's characteristics.

---
**Sources**
- **[DLR-1]** Government of the People's Republic of Bangladesh, represented by the DC and another VS Abdur Rahman and others — DLR (AD) 2005 | Appellate Division | 2005
- **[DLR-2]** Bangladesh, represented by the Secretary, Ministry of Works, Housing and Settlement and ors vs Md Abu Bakar and others — DLR (AD) 2005 | Appellate Division | 2005
- **[DLR-3]** Government of Bangladesh and another VS Md Afsar Ali and others — DLR (AD) 2003 | Appellate Division | 2003
- **[DLR-4]** Abdul Mannan VS Tayeb Ali and others — DLR (AD) 2006 | Appellate Division | 2006","Non-Agricultural Tenancy Act, 1949",2(4) / 24,False,[],NOT_AVAILABLE,[],[],False,NOT_AVAILABLE,False,[],False,[],,,,
Q27,Tenancy (NAT Act),The landlord has filed an ejectment suit on the ground that a residential tenant (holding for 14 years) dug a water tank on the land without consent. Will the suit succeed under Section 7?,"No. A residential non-agricultural tenant holding for 14 years has crossed the 12-year threshold and has statutory permanent-tenant rights. Under Section 7(2)(c) NAT Act, the tenant has the right to dig a tank, so lack of landlord consent alone cannot sustain ejectment.","**What This Means For You**
The landlord has filed a suit to evict you from the residential property, claiming that you dug a water tank without permission. This could lead to you losing your home if the court rules in favor of the landlord. 

**What the Law Says**
Under Section 7 of the Specific Relief Act, 1877 [ACT-2], specific relief cannot be granted for the mere purpose of enforcing a penal law. However, this section does not directly apply to ejectment suits. The success of the suit depends on other factors, such as the terms of the tenancy agreement and the relevant provisions of the rent control laws in Bangladesh.

**What You Should Do Now**
1. Review your tenancy agreement to see if it prohibits digging a water tank or making any alterations to the property without the landlord's consent.
2. Gather evidence to show whether you obtained any necessary permissions or followed the proper procedures before digging the water tank.
3. Consult with a lawyer to understand your rights as a tenant and the best course of action to defend against the ejectment suit.

**Evidence to Keep**
- Copy of the tenancy agreement
- Any permissions or approvals obtained for digging the water tank
- Photographs or documents showing the condition of the property before and after the water tank was dug

**Where to Go / Who to Contact**
Contact a lawyer specializing in property or tenancy law in Bangladesh. You may also reach out to the local rent controller or the Deputy Commissioner's office for guidance on the relevant laws and procedures.

**When You Need a Lawyer**
You should consult a lawyer immediately if you receive a summons or notice from the court regarding the ejectment suit, as the lawyer can help you prepare a defense and represent you in court.

---
**Sources**
- **[ACT-2]** The Specific Relief Act, 1877, Section 7: Relief not granted to enforce penal law *(Status: Active)*","Non-Agricultural Tenancy Act, 1949",7(2)(c),False,[],NOT_AVAILABLE,[],"['7', '7']",True,NOT_AVAILABLE,True,['Specific Relief Act'],False,[],,,,
Q28,Land Reform,"I just inherited an extra 10 bighas of agricultural land from my grandfather, making my total family land 70 bighas. Will the government seize my land without paying me anything under the new 2023 law?","Under the Land Reforms Act 2023, agricultural land ownership is capped at 60 bighas. If a person acquires land beyond the ceiling by inheritance or otherwise, the government can acquire the excess above 60 bighas, and under the 2023 framework no compensation is payable for the excess portion.","**What This Means For You**
You are concerned about the government seizing your inherited land without compensation. However, I must inform you that I don't have information on a 2023 law that allows the government to seize land without payment. It's essential to understand the current laws and regulations regarding land ownership and acquisition in Bangladesh.

**What the Law Says**
Under Section 2 of the Transfer of Property Act, 1882 [ACT-2], the law protects the rights of property owners and provides provisions for the transfer of property. Additionally, the State Acquisition and Tenancy Act regulates the acquisition of land by the government. A court also ruled in Yaor Mia (Md) and another VS Haji Shah Dhanai Ali and others [DLR-2] that after enjoying usufructs for a maximum period of 7 years under section 95A of the State Acquisition and Tenancy Act, the right to get back the property accrues.

**What You Should Do Now**
1. Verify the current laws and regulations regarding land ownership and acquisition in Bangladesh.
2. Consult with a licensed lawyer to understand your rights and the potential implications of any new laws.
3. Gather all relevant documents, including the deed of inheritance and any other proof of ownership.

**Evidence to Keep**
- Deed of inheritance
- Proof of ownership documents
- Records of land tax payments

**Where to Go / Who to Contact**
You can contact the Ministry of Land or the local land office for information on land ownership and acquisition laws. You can also reach out to a licensed lawyer for guidance.

**When You Need a Lawyer**
You should consult a lawyer if you receive any notice or communication from the government regarding the acquisition of your land, or if you have concerns about your rights as a landowner.

---
**Sources**
- **[ACT-2]** The Transfer of Property Act, 1882, Section 2: Repeal of Acts, saving of certain enactments, incidents, rights, liabilities, etc. *(Status: Active)*
- **[DLR-2]** Yaor Mia (Md) and anothe VS Haji Shah Dhanai Ali and others — DLR (AD) 2005 | Appellate Division | 2005","Land Reforms Act, 2023",,False,[],NOT_AVAILABLE,[],"['2', '95A', '2']",N/A,NOT_AVAILABLE,True,"['Transfer of Property Act', 'State Acquisition and Tenancy Act']",False,[],,,,
Q29,Land Reform,"I am a sharecropper (bargadar). If the landowner passes away, do his children have the right to immediately kick me off the land and end our farming contract under the 2023 law?","No. If a valid barga/sharecropping contract exists and the landowner dies, the contract does not automatically terminate. The bargadar's cultivation right continues against the heirs for the remaining contract period.","**What This Means For You**
As a sharecropper, you have rights under the law, and the landowner's children cannot immediately kick you off the land without following proper procedures. The State Acquisition and Tenancy Act regulates the relationship between landowners and sharecroppers in Bangladesh.

**What the Law Says**
Under the State Acquisition and Tenancy Act, the rights of a sharecropper are protected. Although the specific section is not mentioned in the provided verified sources, according to general principles, when a landowner passes away, their rights and obligations are transferred to their heirs. However, the heirs cannot unilaterally terminate the contract without following the due process of law. A court also ruled in Yaor Mia (Md) and another VS Haji Shah Dhanai Ali and others [DLR-1] that after the enjoyment of usufructs for a maximum period of 7 years under section 95A of the State Acquisition and Tenancy Act, the right to get back the property accrues.

**What You Should Do Now**
1. Review your contract and understand your rights and obligations.
2. Communicate with the landowner's children and try to reach a mutually agreeable solution.
3. If the landowner's children attempt to evict you without following proper procedures, seek assistance from local authorities or a lawyer.

**Evidence to Keep**
- Your sharecropping contract
- Proof of payment of rent or share of crops
- Any communication with the landowner or their heirs

**Where to Go / Who to Contact**
Contact the local Union Council or the Department of Agricultural Extension for guidance. You can also reach out to the Bangladesh Legal Aid and Services Trust (BLAST) for legal assistance. Legal Aid: 16430

**When You Need a Lawyer**
You should consult a lawyer if the landowner's children attempt to evict you without following proper procedures or if you need help negotiating a new contract.

---
**Sources**
- **[DLR-1]** Yaor Mia (Md) and anothe VS Haji Shah Dhanai Ali and others — DLR (AD) 2005 | Appellate Division | 2005","Land Reforms Act, 2023",,False,[],NOT_AVAILABLE,[],['95A'],N/A,NOT_AVAILABLE,True,['State Acquisition and Tenancy Act'],False,[],,,,
Q31,Land Reform,"My neighbor says that if I cultivate his land without a written contract for a single season, I automatically become a permanent co-owner of that land under the 2023 Reforms. Is this true?",No. Cultivating another person's land for one season without a proper written barga agreement does not make the cultivator a permanent co-owner. The Land Reforms Act regulates cultivation/sharecropping rights but does not transfer ownership title to the cultivator.,"**What This Means For You**
Your neighbor's claim about automatically becoming a permanent co-owner of their land after cultivating it for a single season without a written contract is not supported by the information available. The concept of ownership and cultivation rights in Bangladesh is governed by specific laws and regulations, and such a claim would need to be evaluated against those laws.

**What the Law Says**
Under Section 105 of the Transfer of Property Act, 1882 [ACT-5], a lease of immoveable property is defined as a transfer of a right to enjoy such property, made for a certain time, in consideration of a price paid or promised. However, the Act does not automatically confer permanent co-ownership for cultivating someone else's land for a season without a contract. The specifics of land ownership, leases, and cultivation rights are complex and depend on the terms of any agreement, whether written or oral, and the applicable laws and regulations in Bangladesh.

**What You Should Do Now**
1. Review any agreements or contracts you have with your neighbor regarding the land.
2. Consult with a local authority or a lawyer specializing in property law to understand your rights and obligations.
3. Consider drafting a written agreement for any future cultivation to avoid disputes.

**Evidence to Keep**
- Any written or oral agreements regarding the land use.
- Proof of cultivation, such as receipts for seeds, fertilizers, or equipment rentals.
- Correspondence with your neighbor regarding the land.

**Where to Go / Who to Contact**
For legal advice and clarification on property rights, you may want to contact the Bangladesh Bar Council or visit a local court, such as the District Court, that deals with property disputes.

**When You Need a Lawyer**
You should consider seeking professional legal help if you are involved in a dispute over land ownership or rights, as the laws governing property in Bangladesh can be complex and require expert interpretation.

---
**Sources**
- **[ACT-5]** The Transfer of Property Act, 1882, Section 105: Lease defined *(Status: Active)*","Land Reforms Act, 2023",,False,[],NOT_AVAILABLE,[],"['105', '105']",N/A,NOT_AVAILABLE,True,['Transfer of Property Act'],False,[],,,,
Q34,Land Reform,"If a landowner attempts to evict a bargadar or violate the provisions of a valid barga contract, what specific penal liabilities can be invoked directly under the Land Reforms Act, 2023?","Under the Land Reforms Act, 2023, unlawful eviction of a bargadar or breach of a valid barga contract attracts penal liability of up to Tk 1,00,000 fine, simple imprisonment up to 30 days/1 month, or both. The correct section should be verified as Section 15 rather than the incorrect Section 19 used by Justor.","**What This Means For You**
If a landowner tries to evict a bargadar or break the rules of a valid barga contract, the bargadar has rights under the Land Reforms Act, 2023. The landowner can face penalties for violating these rules. 

**What the Law Says**
Under Section 11 of the Land Reforms Act, 2023, a landowner cannot terminate a barga agreement without a valid reason and permission from the prescribed authority. If the landowner violates this provision, they may face penalties. However, the Act does not specify the exact penalties for such violations. 

**What You Should Do Now**
1. Review your barga contract to understand your rights and the terms of the agreement.
2. If the landowner attempts to evict you or violate the contract, file a complaint with the Assistant Commissioner (Land) or the prescribed authority.
3. Seek legal advice from a licensed lawyer to understand the specific penalties that can be invoked against the landowner.

**Evidence to Keep**
- A copy of the barga contract
- Proof of payment of rent or share of crops
- Any communication or notice from the landowner regarding eviction or contract violation

**Where to Go / Who to Contact**
Contact the Assistant Commissioner (Land) or the Ministry of Land for guidance on filing a complaint. You can also reach out to the National Legal Aid Services Organization (NLASO) for legal assistance.

**When You Need a Lawyer**
You should consult a lawyer if the landowner's violation of the barga contract leads to a dispute that requires legal action, such as filing a case in court.

---
**Sources**
- **[ACT-1]** Land Reforms Act, 2023, Section 13: Bargadar's right to purchase *(Status: Active)*
- **[ACT-2]** Land Reforms Act, 2023, Section 9: Recognition of existing bargadars *(Status: Active)*
- **[ACT-3]** Land Reforms Act, 2023, Section 14: Upper limit of barga land *(Status: Active)*
- **[ACT-4]** Land Reforms Act, 2023, Section 11: Termination of barga agreement *(Status: Active)*
- **[ACT-5]** Land Reforms Act, 2023, Section 8: Cultivation under barga agreement *(Status: Active)*
- **[ACT-6]** Land Reforms Act, 2023, Section 16: Dispute resolution *(Status: Active)*
- **[ACT-7]** The Transfer of Property Act, 1882, Section 7: Persons competent to transfer *(Status: Active)*
- **[ACT-8]** The Transfer of Property Act, 1882, Section 8: Operation of transfer *(Status: Active)*
- **[ACT-9]** The Transfer of Property Act, 1882, Section 9: Oral transfer *(Status: Active)*
- **[ACT-10]** The Transfer of Property Act, 1882, Section 10: Condition restraining alienation *(Status: Active)*
- **[ACT-11]** The Transfer of Property Act, 1882, Section 12: Condition making interest determinable on insolvency or attempted alienation *(Status: Active)*
- **[ACT-12]** The Transfer of Property Act, 1882, Section 13: Transfer for benefit of unborn person *(Status: Active)*
- **[ACT-13]** The Transfer of Property Act, 1882, Section 14: Rule against perpetuity *(Status: Active)*
- **[ACT-14]** The Transfer of Property Act, 1882, Section 15: Transfer to class, some of whom come under sections 13 and 14 *(Status: Active)*
- **[ACT-15]** The Transfer of Property Act, 1882, Section 17: Direction for accumulation *(Status: Active)*
- **[DLR-1]** Abdul Kader VS Secretary, Election Commission and others — DLR (AD) 2005 | Appellate Division | 2005
- **[DLR-2]** State VS Abdur Rahim — DLR (AD) 2005 | Appellate Division | 2005
- **[DLR-3]** Government of the People's Republic of Bangladesh, represented by the DC and another VS Abdur Rahman and others — DLR (AD) 2005 | Appellate Division | 2005
- **[DLR-4]** Yaor Mia (Md) and anothe VS Haji Shah Dhanai Ali and others — DLR (AD) 2005 | Appellate Division | 2005","Land Reforms Act, 2023",15,False,[],NOT_AVAILABLE,[],"['11', '13', '9', '14', '11', '8', '16', '7', '8', '9', '10', '12', '13', '14', '15', '13', '14', '17']",True,NOT_AVAILABLE,True,['Transfer of Property Act'],False,[],,,,
Q35,Land Reform,"Does the Land Reforms Act, 2023 recognize the oral creation of a barga contract, or does it mandate specific documentation?","The Land Reforms Act, 2023 requires a barga/sharecropping contract to be executed in the prescribed written form; an unrecorded oral arrangement is not treated as a protected statutory barga contract.","**What This Means For You**
The Land Reforms Act, 2023, has specific requirements for creating a barga contract, which may affect how you establish or prove the existence of such an agreement. Understanding these requirements can help you navigate the legal aspects of barga contracts in Bangladesh.

**What the Law Says**
Under Section 8 [ACT-1] of the Land Reforms Act, 2023, any barga agreement must be executed in a form prescribed by rules. This implies that the Act mandates specific documentation for the creation of a barga contract. While the Act does recognize existing bargadars under Section 9 [ACT-3], it emphasizes the execution of an agreement in the prescribed form for new or continuing barga arrangements.

**What You Should Do Now**
1. Review any existing oral agreements to understand the need for formalizing them according to the Act.
2. Consult with the landowner or the relevant authority to execute a barga agreement in the prescribed form.
3. Ensure that all parties involved in the barga contract are aware of and agree to the terms and conditions as per the prescribed form.

**Evidence to Keep**
- A copy of the executed barga agreement in the prescribed form.
- Any communication or agreement related to the barga contract.
- Proof of payment or division of produce as per the agreement.

**Where to Go / Who to Contact**
For assistance in executing a barga agreement or resolving disputes, contact the local Assistant Commissioner (Land) or seek advice from a licensed lawyer familiar with the Land Reforms Act, 2023.

**When You Need a Lawyer**
You should consult a lawyer if there's a dispute regarding the barga contract or if you need professional advice on executing the agreement according to the Land Reforms Act, 2023.

---
**Sources**
- **[ACT-1]** Land Reforms Act, 2023, Section 8: Cultivation under barga agreement *(Status: Active)*
- **[ACT-3]** Land Reforms Act, 2023, Section 9: Recognition of existing bargadars *(Status: Active)*","Land Reforms Act, 2023",,False,[],NOT_AVAILABLE,[],"['8', '9', '8', '9']",N/A,NOT_AVAILABLE,False,[],False,[],,,,
Q36,Land Reform,"I am drafting a defense for a client facing a land forfeiture notice from the Collector. The client owns 55 bighas of agricultural land and 10 bighas of land used for a processing plant for export-oriented mango pulp. Can we claim exemption under the Land Reforms Act, 2023?","Yes. Although the total is 65 bighas, the 10 bighas used for an export-oriented agricultural processing plant may qualify for statutory exemption, so the defense should argue that the industrial/processing land is excluded from the agricultural ceiling calculation.","**What This Means For You**
Your client is facing a land forfeiture notice, but they might be exempt from forfeiture due to the type of land use. The Land Reforms Act, 2023, has specific provisions that could apply to their situation. 

**What the Law Says**
Under Section 4 [ACT-1] of the Land Reforms Act, 2023, there are restrictions on acquiring new agricultural land, but there are also exemptions for certain types of land use. Specifically, subsection (2)(e) mentions that land used by any person or institution for 100% export-oriented agricultural products or agricultural product processing industries is exempt. Since your client has 10 bighas of land used for a processing plant for export-oriented mango pulp, this exemption might apply.

**What You Should Do Now**
1. Review the land records to ensure the 10 bighas of land used for the processing plant are properly documented and meet the 100% export-oriented criteria.
2. Gather evidence of the export-oriented activities, such as export contracts, invoices, and customs documents.
3. Prepare a detailed explanation of how the land is used for export-oriented purposes, highlighting compliance with the Act's requirements.

**Evidence to Keep**
- Land records and deeds for the 10 bighas of land used for the processing plant
- Export contracts and agreements
- Invoices and payment receipts for export sales
- Customs documents and export permits

**Where to Go / Who to Contact**
The Collector's office, where the land forfeiture notice was issued, should be contacted to discuss the exemption claim. It may also be necessary to consult with the Land Reforms Board or the Ministry of Lands for clarification on the exemption criteria.

**When You Need a Lawyer**
If the Collector's office rejects the exemption claim or if the case proceeds to court, it is essential to seek professional legal help from a licensed Bangladeshi lawyer experienced in land law and the Land Reforms Act, 2023.

---
**Sources**
- **[ACT-1]** Land Reforms Act, 2023, Section 4: Restrictions on acquisition of agricultural land *(Status: Active)*","Land Reforms Act, 2023",,False,[],NOT_AVAILABLE,[],"['4', '4']",N/A,NOT_AVAILABLE,False,[],False,[],,,,
Q37,Land Reform/SAT,"My family owns 80 bighas of agricultural land split between me, my brother, and our parents. Will the government take away 20 bighas from us under the SAT Act ceiling?","No. The active agricultural land ceiling is 60 standard bighas under the Land Reforms framework, not the historical 375-bigha SAT ceiling. If the 80 bighas are separately and lawfully held among four family members/individuals below the threshold, the aggregate does not automatically trigger seizure.","**What This Means For You**
Your family's land ownership may be affected by the State Acquisition and Tenancy Act (SAT Act) if the total landholding exceeds the ceiling limit. The government may acquire excess land beyond the ceiling limit.

**What the Law Says**
Under the State Acquisition and Tenancy Act, 1950 [ACT Not Provided], the government regulates land ownership and acquisition. A court also ruled in Yaor Mia (Md) and another VS Haji Shah Dhanai Ali and others [DLR-3] that after enjoying usufructs for a maximum period of 7 years under section 95A of the State Acquisition and Tenancy Act, the right to get back the property accrues, and the provision of the Transfer of Property Act may not apply to such transactions.

**What You Should Do Now**
1. Review your family's total landholding to determine if it exceeds the ceiling limit under the SAT Act.
2. Consult with a licensed lawyer to understand how the SAT Act applies to your specific situation.
3. Gather documents related to your land ownership, such as deeds, titles, and tax records.

**Evidence to Keep**
- Land deeds and titles
- Tax records and payment receipts
- Documents showing family members' shares in the land

**Where to Go / Who to Contact**
Contact the local Assistant Commissioner (Land) or the Deputy Commissioner's office for guidance on the SAT Act and land ceiling limits. You can also reach out to the Ministry of Land's helpline for assistance.

**When You Need a Lawyer**
You should consult a lawyer immediately if you receive a notice from the government regarding land acquisition or ceiling limit enforcement, as this may require professional legal help to protect your family's land ownership rights.

---
**Sources**
- **[DLR-3]** Yaor Mia (Md) and anothe VS Haji Shah Dhanai Ali and others — DLR (AD) 2005 | Appellate Division | 2005","State Acquisition and Tenancy Act, 1950",,False,[],NOT_AVAILABLE,[],['95A'],N/A,NOT_AVAILABLE,True,['Transfer of Property Act'],False,[],,,,
Q38,Property/SAT,My neighbor is selling his agricultural plot next to mine to a complete stranger from another district. Do I have a right to stop the sale and buy it myself just because my land touches his?,"No. Under Section 96 SAT Act, pre-emption belongs to a co-sharer tenant by transfer or inheritance. A merely adjacent/contiguous landowner no longer has a pre-emption right after the 2006 amendment deleted the contiguous-owner provision.","**What This Means For You**
As a neighboring landowner, you might be concerned about who buys the adjacent plot, but your rights to stop the sale or buy it yourself are limited. The law does provide some provisions related to the rights of neighboring landowners, but these are specific and do not automatically grant you the right to purchase the land just because it is adjacent to yours.

**What the Law Says**
Under Section 96(1) of the State Acquisition and Tenancy Act, a non-notified co-sharer has the right of pre-emption, but this right is subject to specific conditions and does not apply to all land sales. The law requires that notice be served on the co-sharer(s) of the holding on the date of presentation of the deed for registration. A court also ruled in Fatema Khatun and others VS Abdul Quddus [DLR-3] that the right of pre-emption arises from the date of registration of the document under section 60 of the Registration Act. However, this case law specifically pertains to co-sharers and not necessarily to adjacent landowners without a co-sharer interest.

**What You Should Do Now**
1. Review your land documents to see if you have any specific rights or agreements related to the adjacent plot.
2. Talk to your neighbor to understand their intentions and see if they are open to selling to you instead.
3. If you believe you have a legal right to pre-empt the sale (for example, if you are a co-sharer), consult with a lawyer to understand the process and your rights.

**Evidence to Keep**
- Your land deed and any other documents showing your ownership or rights to your land.
- Any agreements or communications with your neighbor regarding the sale of their land.

**Where to Go / Who to Contact**
Contact a local lawyer specializing in property law or visit the District Judge Court or the local land administration office for guidance on your specific situation.

**When You Need a Lawyer**
You should consult a lawyer if you decide to pursue your rights to pre-empt the sale or if you need help understanding your legal options and the process involved in potentially buying the land from your neighbor.

---
**Sources**
- **[DLR-3]** Fatema Khatun and others VS Abdul Quddus — DLR (AD) 2005 | Appellate Division | 2005","State Acquisition and Tenancy Act, 1950",96,False,[],NOT_AVAILABLE,[],"['96(1)', '60']",False,NOT_AVAILABLE,True,['Registration Act'],False,[],,,,
Q39,Property/SAT,Differentiate between the preparation of the Record-of-Rights (ROR) under Section 143 and the revision of the Record-of-Rights under Section 144 of the SAT Act 1950.,"Section 143 SAT Act concerns routine maintenance/mutation of the RoR by the AC Land after transfer, inheritance, subdivision, etc. Section 144 concerns large-scale Government/Board-ordered revision or fresh preparation of RoR through survey operations over an area.","**What This Means For You**
The Record-of-Rights (ROR) is a crucial document that outlines the rights and interests of landowners and occupants. Understanding the difference between preparing and revising the ROR is essential for ensuring your rights are protected. The State Acquisition and Tenancy Act (SAT Act) 1950 governs this process.

**What the Law Says**
Under the SAT Act 1950, the preparation of the Record-of-Rights (ROR) under Section 143 involves the initial creation of the document, which includes the details of land ownership, occupancy, and other rights. On the other hand, the revision of the Record-of-Rights under Section 144 involves updating the existing ROR to reflect changes in land ownership, occupancy, or other rights. A court also ruled in relevant cases that the Record-of-Rights is a critical document for determining land rights, but since there is no specific case in the provided DLR, we cannot mention any specific case.

**What You Should Do Now**
1. Ensure you have a copy of the current Record-of-Rights (ROR) for your land.
2. Verify the accuracy of the information in the ROR, including your name, land ownership, and occupancy details.
3. If you notice any errors or discrepancies, apply for revision of the ROR under Section 144 of the SAT Act 1950.

**Evidence to Keep**
- Copy of the current Record-of-Rights (ROR)
- Proof of land ownership and occupancy
- Documents supporting any changes to land ownership or occupancy

**Where to Go / Who to Contact**
Contact the local Revenue Office or the Deputy Commissioner's Office responsible for maintaining land records in your area. You can also seek assistance from the Ministry of Land.

**When You Need a Lawyer**
You should consult a licensed lawyer if you encounter any disputes or issues related to the preparation or revision of the Record-of-Rights, or if you need help navigating the legal process.

---
**Sources**
- **[DLR-1]** Bangladesh represented by the Secretary, Ministry of Establishment and others VS Abdul halim miah and others — DLR (AD) 2005 | Appellate Division | 2005
- **[DLR-2]** State VS Abdur Rahim — DLR (AD) 2005 | Appellate Division | 2005
- **[DLR-3]** Government of Bangladesh and another VS Md Afsar Ali and others — DLR (AD) 2003 | Appellate Division | 2003
- **[DLR-4]** Bangladesh, represented by the Secretary, Ministry of Works, Housing and Settlement and ors vs Md Abu Bakar and others — DLR (AD) 2005 | Appellate Division | 2005","State Acquisition and Tenancy Act, 1950",143/144,False,[],NOT_AVAILABLE,[],"['143', '144', '144']",True,NOT_AVAILABLE,False,[],False,[],,,,
Q40,Property/SAT,Analyze the statutory consequences of an illegal subdivision of a holding below the subsistence size under Chapter XIII of the SAT Act 1950.,"Under SAT Act Section 117, co-sharer tenants may seek consolidation/subdivision, but the Revenue Officer can refuse subdivision that would reduce a holding below the prescribed minimum/subsistence size, preventing uneconomic fragmentation.","**What This Means For You**
If you're involved in an illegal subdivision of a holding below the subsistence size, you may face serious consequences under the State Acquisition and Tenancy (SAT) Act 1950. This could lead to legal issues and potential penalties. It's essential to understand the laws surrounding land subdivision to avoid any problems.

**What the Law Says**
Under the SAT Act 1950, specifically Chapter XIII, the law regulates the subdivision of holdings to prevent fragmentation and ensure that landholdings remain viable. However, since there is no specific information about this topic in the provided verified sources, we cannot confirm the exact consequences of an illegal subdivision of a holding below the subsistence size.

**What You Should Do Now**
1. Consult the SAT Act 1950 or relevant legal documents to understand the specific regulations regarding land subdivision.
2. Seek advice from a licensed lawyer or legal expert familiar with Bangladeshi land laws.
3. Ensure that any land transactions or subdivisions comply with the SAT Act 1950 and other relevant laws.

**Evidence to Keep**
- Documents related to the landholding, including ownership records and any subdivision agreements.
- Records of communications with relevant authorities or legal advisors.

**Where to Go / Who to Contact**
The Ministry of Land or the Department of Land Records and Surveys may be able to provide guidance on land subdivision laws. For legal advice, consult a licensed lawyer.

**When You Need a Lawyer**
You should seek professional legal help if you're facing legal action or penalties related to an illegal subdivision of a holding, or if you're unsure about the legality of a subdivision.

---
**Sources**
- **[DLR-1]** State VS Abdur Rahim — DLR (AD) 2005 | Appellate Division | 2005
- **[DLR-2]** Yaor Mia (Md) and anothe VS Haji Shah Dhanai Ali and others — DLR (AD) 2005 | Appellate Division | 2005
- **[DLR-3]** Government of Bangladesh and another VS Md Afsar Ali and others — DLR (AD) 2003 | Appellate Division | 2003
- **[DLR-4]** Abdul Mannan VS Tayeb Ali and others — DLR (AD) 2006 | Appellate Division | 2006","State Acquisition and Tenancy Act, 1950",117,False,[],NOT_AVAILABLE,[],[],False,NOT_AVAILABLE,False,[],False,[],,,,
Q42,Property/SAT,"I am representing a petitioner in a Section 96 pre-emption case. The opposite party claims the suit is non-maintainable because the disputed land was transferred via an oral 'Heba' under Muslim Personal Law, but a formal 'Heba' declaration deed was registered months later. When does the limitation period commence?","For Section 96 SAT pre-emption, a claimed oral Heba of immovable property cannot bypass registration requirements. Limitation should run from the registered Heba deed/notice or knowledge of the registered transfer, not from an unrecorded oral claim.","**What This Means For You**
The limitation period for a pre-emption case under Section 96 is crucial in determining whether your suit is maintainable. If the opposite party claims the transfer was made via an oral 'Heba', you need to establish when the limitation period starts.

**What the Law Says**
Under Section 8 of the Limitation Act, 1908 [ACT-6], the limitation period for suits to enforce rights of pre-emption is subject to special exceptions. However, in the context of oral transfers, the court's decision in Fatema Khatun and others VS Abdul Quddus (2005) [DLR-1] is relevant. The court ruled that the right of pre-emption arises from the date of registration of the document under Section 60 of the Registration Act, and the period of limitation is counted from that date, as it is considered a notice to the person interested to seek pre-emption.

**What You Should Do Now**
1. Verify the date of registration of the formal 'Heba' declaration deed to determine when the limitation period commenced.
2. Check if the oral 'Heba' was made prior to the registration of the formal deed and if it was accompanied by delivery of possession.
3. Consult with a licensed lawyer to assess the maintainability of your suit based on the specific facts and circumstances of the case.

**Evidence to Keep**
- Registered formal 'Heba' declaration deed
- Proof of oral 'Heba' (if any)
- Documents showing delivery of possession (if applicable)

**Where to Go / Who to Contact**
Contact the Sub-Registrar's office where the 'Heba' declaration deed was registered or consult with a licensed lawyer specializing in property and pre-emption cases.

**When You Need a Lawyer**
You should consult a lawyer immediately if the opposite party's claim of an oral 'Heba' is likely to affect the maintainability of your pre-emption suit, as the lawyer can help you navigate the complexities of the Limitation Act and Muslim Personal Law.

---
**Sources**
- **[ACT-6]** The Limitation Act, 1908, Section 8: Special exceptions — pre-emption, three-year limit after disability or death *(Status: Active)*
- **[DLR-1]** Fatema Khatun and others VS Abdul Quddus — DLR (AD) 2005 | Appellate Division | 2005","State Acquisition and Tenancy Act, 1950",96,False,[],NOT_AVAILABLE,[],"['96', '8', '60', '8']",True,NOT_AVAILABLE,True,"['Limitation Act', 'Registration Act']",False,[],,,,
Q44,Property/SAT,"The opposite party in a partition suit claims that a land parcel has automatically become 'Khas' (state property) because it was left uncultivated for over 10 years, referencing historical provisions of the SAT Act. How do we counter this?","Historical SAT provisions on abandoned/uncultivated land do not automatically convert a modern mutated raiyat/malik holding into Khas land merely because it was uncultivated for 10 years. Updated khatian, mutation, possession, and land-development-tax receipts counter the Khas claim.","**What This Means For You**
The opposite party is trying to claim that the land belongs to the state because it was left uncultivated for over 10 years. However, this claim may not be valid under current laws and court interpretations. You need to understand the relevant laws and court rulings to counter this claim.

**What the Law Says**
Under the State Acquisition and Tenancy Act (SAT Act), there are provisions related to the abandonment of land and its potential conversion to 'Khas' land. However, the specifics of these provisions, including time frames and conditions, are crucial in determining the validity of the opposite party's claim. A court also ruled in cases such as Yaor Mia (Md) and another VS Haji Shah Dhanai Ali and others [DLR-1] that the enjoyment of usufructs and the right to get back property are subject to specific conditions and time limits under the SAT Act, which may affect the status of the land in question.

**What You Should Do Now**
1. Consult a licensed lawyer specializing in property and land laws in Bangladesh to review the specifics of your case and the historical provisions of the SAT Act that might apply.
2. Gather all relevant documents, including the deed of the property, any records of cultivation or use, and any notices or communications related to the land.
3. Research or have your lawyer research relevant case law, such as DLR cases, to find precedents that might support your position against the claim of the land being 'Khas' due to abandonment.

**Evidence to Keep**
- Deed of the property
- Records of cultivation or any use of the land
- Notices or communications related to the land
- Any documents showing attempts to cultivate or use the land within the relevant time frame

**Where to Go / Who to Contact**
Contact a licensed lawyer who specializes in property law in Bangladesh. You may also need to visit the local land office or court to understand the current status of the land and to file any necessary documents or appeals.

**When You Need a Lawyer**
You should seek professional legal help immediately if the opposite party's claim of the land being 'Khas' property due to abandonment could lead to a significant loss of your rights or interests in the property.

---
**Sources**
- **[DLR-1]** Yaor Mia (Md) and anothe VS Haji Shah Dhanai Ali and others — DLR (AD) 2005 | Appellate Division | 2005","State Acquisition and Tenancy Act, 1950",,False,[],NOT_AVAILABLE,[],[],N/A,NOT_AVAILABLE,False,[],False,[],,,,
Q45,Property/TPA,"I paid the full money to buy a flat from my uncle, and he gave me the physical keys and signed a 300 TK stamp paper document saying I own it now. Do I completely own this property legally under the law?","No. Under Section 54 TPA read with Section 17A Registration Act, ownership of immovable property by sale passes only through a registered instrument. Keys and a Tk 300 stamp-paper document do not create legal title.","**What This Means For You**
You have taken a significant step in acquiring the flat, but there may be additional requirements to ensure complete legal ownership. The signed document and physical keys are important, but the law has specific provisions for transferring property.

**What the Law Says**
Under Section 54 of the Transfer of Property Act, 1882 [ACT-3], a sale of immoveable property can be made only by a registered instrument. Although your uncle has given you the keys and signed a document on a 300 TK stamp paper, this may not be sufficient for a complete transfer of ownership without registration. According to Section 59 of the Transfer of Property Act, 1882 [ACT-4], for a mortgage or transfer of immoveable property to be valid, it must be registered if the principal money secured is one hundred taka or upwards.

**What You Should Do Now**
1. Verify if the document signed by your uncle is a registered instrument or if it needs to be registered.
2. Check if the property is free from any encumbrances or liabilities that your uncle might not have disclosed.
3. Consider consulting with a lawyer to ensure all legal formalities are completed for the transfer of ownership.

**Evidence to Keep**
- The signed document on the 300 TK stamp paper
- Receipts of the full payment made to your uncle
- Any other documents related to the property

**Where to Go / Who to Contact**
Sub-Registrar's office for property registration, or a lawyer specializing in property law for advice.

**When You Need a Lawyer**
If you are unsure about the registration process, the validity of the document, or if there are any disputes regarding the property's ownership, it is essential to consult a lawyer.

---
**Sources**
- **[ACT-3]** The Transfer of Property Act, 1882, Section 54: Sale defined *(Status: Active)*
- **[ACT-4]** The Transfer of Property Act, 1882, Section 59: Mortgage when to be by assurance *(Status: Active)*","Transfer of Property Act, 1882",54,False,[],NOT_AVAILABLE,[],"['54', '59', '54', '59']",True,NOT_AVAILABLE,False,[],False,[],,,,
Q46,Family/Property,"I am a Muslim. My grandfather verbally gifted me a piece of land in front of family members before passing away. Do I legally own this land now, or do I need a written paper?","No. After Bangladesh-specific amendments, a gift/Heba of immovable property must be made by registered instrument; a purely verbal gift of land does not pass legal title even if family members witnessed it.","**What This Means For You**
Your grandfather's verbal gift of land to you may be considered a valid gift under Muslim law, but its legal recognition and enforcement might require additional steps. The Transfer of Property Act, 1882, and Muslim law principles will guide the outcome.

**What the Law Says**
Under Section 123 of the Transfer of Property Act, 1882 [ACT-1], a gift of immovable property, such as land, must be made by a registered instrument signed by or on behalf of the donor and attested by at least two witnesses. However, the same section also mentions that a ""heba"" under Muslim law shall be deemed a gift of immovable property for this purpose. A court also ruled in Yaor Mia (Md) and another vs Haji Shah Dhanai Ali and others [DLR-1] that certain transactions under specific laws may not be subject to the Transfer of Property Act, but this does not directly apply to your situation.

**What You Should Do Now**
1. Gather evidence of the verbal gift, such as statements from the family members who were present when your grandfather made the gift.
2. Consider consulting with a lawyer to assess the strength of your claim and the best course of action to legally secure the land.
3. You may need to register the gift with the relevant authorities to ensure it is legally recognized.

**Evidence to Keep**
- Statements from family members or witnesses who were present when the gift was made
- Any documentation related to the land, such as previous deeds or records of ownership
- Records of any communication or agreements related to the gift

**Where to Go / Who to Contact**
Contact a local lawyer specializing in property and Muslim law, or visit the Sub-Registrar's office where the land is located for guidance on the registration process. You can also call the Legal Aid helpline at 16430 for general advice.

**When You Need a Lawyer**
You should consult a lawyer as soon as possible to ensure your rights to the land are protected and to guide you through the legal process of securing ownership.

---
**Sources**
- **[ACT-1]** The Transfer of Property Act, 1882, Section 123: Transfer how effected *(Status: Active)*
- **[DLR-1]** Yaor Mia (Md) and anothe VS Haji Shah Dhanai Ali and others — DLR (AD) 2005 | Appellate Division | 2005","Transfer of Property Act, 1882 / Registration Act, 1908",,False,[],NOT_AVAILABLE,[],"['123', '123']",N/A,NOT_AVAILABLE,False,[],False,[],,,,
Q47,Property/TPA,"I sold my land to a buyer and signed the final registered deed, but the buyer's cheque bounced and I only received half the money. Can I just unilaterally tear up the deed or declare it cancelled at the sub-registry office?",No. A registered sale deed cannot be unilaterally torn up or cancelled at the sub-registry office. The seller's remedy is a civil suit for unpaid price under Section 55(4)(b) TPA or cancellation under Section 39 Specific Relief Act if grounds exist.,"**What This Means For You**
You cannot unilaterally cancel the deed or declare it cancelled at the sub-registry office because the buyer has already received the property. You need to take legal action to resolve this issue.

**What the Law Says**
Under Section 55 of the Transfer of Property Act, 1882 [ACT-3], the seller is entitled to a charge on the property for the unpaid purchase money. However, this section does not allow the seller to unilaterally cancel the deed. A court also ruled in Abdul Mannan VS Tayeb Ali and others [DLR-4] that the High Court Division's jurisdiction is limited in certain cases, implying that you may need to follow specific legal procedures to resolve disputes.

**What You Should Do Now**
1. Consult a licensed lawyer to discuss your options for recovering the unpaid amount.
2. Gather all relevant documents, including the registered deed, the bounced cheque, and any communication with the buyer.
3. Consider filing a suit for specific performance or a suit for recovery of the unpaid amount.

**Evidence to Keep**
- Registered deed
- Bounced cheque
- Communication with the buyer
- Receipts for any payments made

**Where to Go / Who to Contact**
Contact a licensed lawyer or visit the District Court or the Sub-Registry Office where the deed was registered. You can also call the Legal Aid helpline at 16430 for guidance.

**When You Need a Lawyer**
You should consult a lawyer immediately if you want to take legal action to recover the unpaid amount or to resolve any disputes related to the sale of your land.

---
**Sources**
- **[ACT-3]** The Transfer of Property Act, 1882, Section 55: Rights and liabilities of buyer and seller *(Status: Active)*
- **[DLR-4]** Abdul Mannan VS Tayeb Ali and others — DLR (AD) 2006 | Appellate Division | 2006","Transfer of Property Act, 1882",55(4)(b),False,[],NOT_AVAILABLE,[],"['55', '55']",True,NOT_AVAILABLE,False,[],False,[],,,,
Q48,Property/TPA,"Explain the 'Rule against Perpetuity' under Section 14 of the Transfer of Property Act, 1882, and state its exact maximum statutory duration.","Under Section 14 TPA, a transfer cannot create an interest taking effect beyond the lifetime of living person(s) at the date of transfer plus the minority of a person then unborn. The maximum period is lives in being plus 18 years of minority.","**What This Means For You**
The Rule against Perpetuity is a law that restricts how long a property can be held in trust or under certain conditions before it is transferred to the final owner. This rule affects how property is passed down through generations. It ensures that property is not tied up indefinitely, which could lead to legal and practical issues.

**What the Law Says**
Under Section 14 of the Transfer of Property Act, 1882 [ACT-1], the Rule against Perpetuity states that no transfer of property can operate to create an interest that takes effect after the lifetime of one or more persons living at the date of the transfer, plus a period of minority for someone who will be in existence at the end of that lifetime. Essentially, this means that the maximum duration for such a condition is the lifetime of the person (or persons) alive at the time of the transfer, plus 18 years (to account for a potential minority), but not exceeding the lifetime of the person plus the minority period for any unborn child who might be alive at the end of that lifetime.

**What You Should Do Now**
1. Review any property deeds or trusts to ensure compliance with the Rule against Perpetuity.
2. Consult with a lawyer to understand how this rule applies to your specific situation.
3. Consider revising any existing trusts or deeds that may violate this rule to avoid legal issues.

**Evidence to Keep**
- Copies of property deeds
- Trust documents
- Records of all parties involved in the transfer

**Where to Go / Who to Contact**
For legal advice on property matters, contact a licensed lawyer specializing in property law or visit the Bangladesh Bar Council for a referral.

**When You Need a Lawyer**
You should seek professional legal help if you are involved in a property transfer that may be subject to the Rule against Perpetuity and you are unsure about its implications or how to comply with the law.

---
**Sources**
- **[ACT-1]** The Transfer of Property Act, 1882, Section 14: Rule against perpetuity *(Status: Active)*","Transfer of Property Act, 1882",14,False,[],NOT_AVAILABLE,[],"['14', '14']",True,NOT_AVAILABLE,False,[],False,[],,,,
Q49,Property/TPA,"Analyze the essential pre-conditions required to successfully claim protection as a transferee under Section 41 (Transfer by Ostensible Owner) of the Transfer of Property Act, 1882.","Section 41 protection requires: ostensible ownership, express/implied consent of the real owner, transfer for consideration, good faith, and reasonable care by the transferee to verify the transferor's authority.","**What This Means For You**
To claim protection as a transferee under Section 41 of the Transfer of Property Act, 1882, you must ensure that the transferor was an ostensible owner of the property and that you acted in good faith after taking reasonable care to ascertain the transferor's power to make the transfer. This means that if the person selling the property appeared to be the owner, and you bought it from them without knowing they weren't the actual owner, you might be protected from claims by the real owner.

**What the Law Says**
Under Section 41 of the Transfer of Property Act, 1882, a transfer by an ostensible owner is not voidable if the transferee has acted in good faith and taken reasonable care to ascertain that the transferor had the power to make the transfer. This section provides that where a person is the ostensible owner of immoveable property and transfers it for consideration, the transfer shall not be voidable on the ground that the transferor was not authorized to make it, provided the transferee has acted in good faith and taken reasonable care.

**What You Should Do Now**
1. Verify the transferor's apparent ownership: Ensure that the person transferring the property appeared to be the owner at the time of the transfer.
2. Check for any notices or warnings: Confirm that you were not aware of any notices or warnings that the transferor was not the actual owner.
3. Document your due diligence: Keep records of the steps you took to verify the transferor's power to make the transfer, such as checking property records or seeking legal advice.
3. Seek legal advice: Consult with a licensed lawyer to determine if you meet the requirements for protection under Section 41.

**Evidence to Keep**
- Documents showing the transferor's apparent ownership
- Records of your due diligence in verifying the transferor's power to make the transfer
- Correspondence or agreements related to the transfer

**Where to Go / Who to Contact**
Contact a licensed lawyer specializing in property law or visit the relevant court, such as the District Court or the High Court Division, for guidance on claiming protection under Section 41.

**When You Need a Lawyer**
You should seek professional legal help immediately if you are facing a dispute over the ownership of the property or if you are unsure about your rights as a transferee under Section 41 of the Transfer of Property Act, 1882.

---
**Sources**
- **[ACT-1]** The Transfer of Property Act, 1882, Section 41: Transfer by ostensible owner *(Status: Active)*
- **[ACT-2]** The Transfer of Property Act, 1882, Section 49: Transferee's right under policy *(Status: Active)*
- **[ACT-3]** The Transfer of Property Act, 1882, Section 43: Transfer by unauthorized person who subsequently acquires interest in property transferred *(Status: Active)*
- **[ACT-4]** The Transfer of Property Act, 1882, Section 44: Transfer by one co-owner *(Status: Active)*
- **[ACT-5]** The Transfer of Property Act, 1882, Section 38: Transfer by person authorized only under certain circumstances to transfer *(Status: Active)*
- **[ACT-6]** The Transfer of Property Act, 1882, Section 26: Fulfilment of condition precedent *(Status: Active)*
- **[ACT-7]** The Transfer of Property Act, 1882, Section 25: Conditional transfer *(Status: Active)*
- **[ACT-8]** The Transfer of Property Act, 1882, Section 27: Conditional transfer to one person coupled with transfer to another on failure of prior disposition *(Status: Active)*
- **[ACT-9]** The Transfer of Property Act, 1882, Section 37: Apportionment of benefit of obligation on severance *(Status: Active)*
- **[ACT-10]** The Transfer of Property Act, 1882, Section 39: Transfer where third person is entitled to maintenance *(Status: Active)*
- **[ACT-11]** The Transfer of Property Act, 1882, Section 40: Burden of obligation imposing restriction on use of land, or of obligation annexed to ownership but not amounting to interest or easement *(Status: Active)*
- **[ACT-12]** The Transfer of Property Act, 1882, Section 42: Transfer by person having authority to revoke former transfer *(Status: Active)*
- **[ACT-13]** The Transfer of Property Act, 1882, Section 45: Joint transfer for consideration *(Status: Active)*
- **[ACT-14]** The Transfer of Property Act, 1882, Section 48: Priority of rights created by transfer *(Status: Active)*
- **[ACT-15]** The Transfer of Property Act, 1882, Section 50: Rent bona fide paid to holder under defective title *(Status: Active)*
- **[DLR-1]** Yaor Mia (Md) and anothe VS Haji Shah Dhanai Ali and others — DLR (AD) 2005 | Appellate Division | 2005
- **[DLR-2]** Fatema Khatun and others VS Abdul Quddus — DLR (AD) 2005 | Appellate Division | 2005
- **[DLR-3]** State VS Abdur Rahim — DLR (AD) 2005 | Appellate Division | 2005
- **[DLR-4]** Abdul Kader VS Secretary, Election Commission and others — DLR (AD) 2005 | Appellate Division | 2005","Transfer of Property Act, 1882",41,False,[],NOT_AVAILABLE,[],"['41', '41', '41', '41', '41', '41', '49', '43', '44', '38', '26', '25', '27', '37', '39', '40', '42', '45', '48', '50']",True,NOT_AVAILABLE,False,[],False,[],,,,
Q50,Property/TPA,"Define the Doctrine of Election under Section 35 of the Transfer of Property Act, 1882, and explain what happens if a person refuses to accept the deed but retains an indirect benefit.","Under Section 35 TPA, where a deed transfers someone's property without authority but also gives that owner a benefit, the owner must elect either to accept the transfer and keep the benefit or reject the transfer and relinquish the benefit.","**What This Means For You**
The Doctrine of Election is a crucial concept in property law that affects how transfers of property are handled when the transferor has no right to transfer the property but confers a benefit on the owner as part of the same transaction. If you're involved in a property transfer and the transferor has included a benefit for the owner, understanding this doctrine is essential to knowing your rights and obligations.

**What the Law Says**
Under Section 35 of the Transfer of Property Act, 1882 [ACT-1], the Doctrine of Election states that when a person transfers property they have no right to transfer and, as part of the same transaction, confers a benefit on the owner of the property, the owner must elect either to confirm the transfer or to dissent from it. If the owner dissents, they must relinquish the benefit conferred upon them. However, if the benefit is indirect, the owner is not required to elect. According to the section, a person taking no benefit directly under a transaction but deriving a benefit indirectly need not elect.

**What You Should Do Now**
1. Review the terms of the property transfer to understand if any benefits have been conferred upon you as the owner.
2. Determine if the benefit is direct or indirect, as this affects your obligation to elect.
3. If the benefit is direct, consider seeking legal advice to understand your options for election and the implications of confirming or dissenting from the transfer.

**Evidence to Keep**
- A copy of the property transfer document
- Documentation of any benefits conferred upon you as part of the transfer
- Records of any communication regarding the transfer and the benefit

**Where to Go / Who to Contact**
For legal advice on the Doctrine of Election and its application to your specific situation, contact a licensed lawyer specializing in property law. You can also reach out to the Bangladesh Bar Council for a referral to a qualified attorney.

**When You Need a Lawyer**
You should consult a lawyer immediately if you are unsure about your obligations or rights under the Doctrine of Election, especially if significant property or financial interests are at stake.

---
**Sources**
- **[ACT-1]** The Transfer of Property Act, 1882, Section 35: Election when necessary *(Status: Active)*","Transfer of Property Act, 1882",35,False,[],NOT_AVAILABLE,[],"['35', '35']",True,NOT_AVAILABLE,False,[],False,[],,,,
Q51,Civil Procedure/Property,"During the pendency of a partition suit, one of the co-sharers sells a specific demarcated portion of the suit land to a third-party purchaser without court permission. What is the precise status of this transfer under Section 52 (Lis Pendens) in Bangladesh civil litigation?","Under Section 52 TPA, a transfer during pending litigation is not automatically void, but it is subject to the final decree and cannot prejudice the rights of other parties. In partition, the buyer steps into the seller's shoes and cannot insist on the specific demarcated portion if the final decree says otherwise.","**What This Means For You**
The transfer of the specific demarcated portion of the suit land to a third-party purchaser without court permission during the pendency of a partition suit is voidable. This means that the transfer can be challenged and potentially set aside by the court. As a co-sharer or a party to the suit, you should be aware of this transfer and take necessary steps to protect your rights.

**What the Law Says**
Under Section 52 of the Transfer of Property Act, 1882 [ACT-1], any transfer of property made during the pendency of a suit in which the property is in question is voidable at the option of any other party to the suit. This means that the court can declare the transfer to be void and restore the original ownership of the property. The section aims to prevent parties from transferring property during a pending lawsuit, which could affect the rights of other parties involved.

**What You Should Do Now**
1. Immediately inform your lawyer about the transfer, if you are a party to the suit.
2. File an application in court to declare the transfer void under Section 52 of the Transfer of Property Act, 1882.
3. Gather evidence to prove that the transfer was made without court permission and during the pendency of the partition suit.

**Evidence to Keep**
- Copy of the partition suit filed in court
- Document showing the transfer of the specific demarcated portion of the suit land to the third-party purchaser
- Proof that the transfer was made without court permission

**Where to Go / Who to Contact**
Contact your lawyer or the court where the partition suit is pending (e.g., District Judge Court or Joint District Judge Court) to file an application to declare the transfer void.

**When You Need a Lawyer**
You should consult a lawyer immediately if you are a party to the partition suit and have become aware of the unauthorized transfer of the suit land to a third-party purchaser, as prompt legal action is necessary to protect your rights.

---
**Sources**
- **[ACT-1]** The Transfer of Property Act, 1882, Section 52: Transfer of property pending suit relating thereto *(Status: Active)*","Transfer of Property Act, 1882",52,False,[],NOT_AVAILABLE,[],"['52', '52', '52']",True,NOT_AVAILABLE,False,[],False,[],,,,
Q53,Property/TPA,A client purchased a property from a vendor who had previously executed a registered contract for sale (Bayanapatra) with another party. The previous contract holder now files a suit for specific performance. Can your client defeat the suit by pleading the status of a bona fide purchaser for value without notice under Section 54?,"No. A prior registered Bayanapatra/contract for sale creates a binding statutory obligation running with the land, and registration gives constructive notice. A later buyer cannot defeat specific performance by pleading bona fide purchaser without notice under Section 54.","**What This Means For You**
Your client may be able to defeat the suit if they can prove they are a bona fide purchaser for value without notice. This means your client must show they bought the property in good faith, paid a reasonable price, and had no knowledge of the previous contract.

**What the Law Says**
Under Section 54 of the Transfer of Property Act, 1882 [ACT-2], a sale is defined as a transfer of ownership in exchange for a price paid or promised. However, Section 53A [ACT-3] provides that a contract for sale can be specifically enforced if the transferee has taken possession of the property or done some act in furtherance of the contract. A court also ruled in Fatema Khatun and others VS Abdul Quddus [DLR-1] that a non-notified co-sharer's right of pre-emption arises from the date of registration of the document. 

**What You Should Do Now**
1. Gather all documents related to the purchase, including the deed and any correspondence with the vendor.
2. Investigate whether your client had any knowledge of the previous contract for sale.
3. Consult with a lawyer to determine the best course of action to defend against the suit for specific performance.

**Evidence to Keep**
- Deed of purchase
- Correspondence with the vendor
- Any notices or documents related to the previous contract for sale

**Where to Go / Who to Contact**
Contact a lawyer specializing in property law or visit the District Court where the suit was filed.

**When You Need a Lawyer**
You should consult a lawyer immediately if the previous contract holder files a suit for specific performance, as this is a serious legal matter that requires professional advice.

---
**Sources**
- **[ACT-2]** The Transfer of Property Act, 1882, Section 54: Sale defined *(Status: Active)*
- **[ACT-3]** The Transfer of Property Act, 1882, Section 53A: Part performance *(Status: Amended)*
- **[DLR-1]** Fatema Khatun and others VS Abdul Quddus — DLR (AD) 2005 | Appellate Division | 2005","Transfer of Property Act, 1882",54,False,[],NOT_AVAILABLE,[],"['54', '53A', '54', '53A']",True,NOT_AVAILABLE,False,[],False,[],,,,
Q54,Commercial/IP,How long does a trademark registration stay valid in Bangladesh before I have to renew it?,"Under the Trademarks Act, 2009, initial trademark registration lasts 7 years from the application/registration date, and it can be renewed repeatedly for 10-year periods after that.","**What This Means For You**
In Bangladesh, a trademark registration is valid for a certain period, after which you need to renew it to maintain your exclusive rights. This is crucial for protecting your brand and business.

**What the Law Says**
Under Section 22 [ACT-2] of the Trademarks Act, 2009, the registration of a trademark is valid for 7 years from the date of registration. After this period, you can renew the registration for another 10 years.

**What You Should Do Now**
1. Check your trademark registration certificate to see when it was registered.
2. Mark your calendar for 6 months before the expiration date to start the renewal process.
3. Prepare the necessary documents and fees for renewal.

**Evidence to Keep**
- Trademark registration certificate
- Renewal application documents
- Payment receipts for renewal fees

**Where to Go / Who to Contact**
Contact the Department of Patents, Designs and Trademarks (DPDT) under the Ministry of Industries, Government of Bangladesh, for renewal procedures and requirements.

**When You Need a Lawyer**
You should consult a licensed Bangladeshi lawyer if you receive an objection to your trademark renewal or if you need assistance with the renewal process to ensure your rights are protected.

---
**Sources**
- **[ACT-2]** Trademarks Act, 2009, Section 22: Duration, renewal and restoration of registration. *(Status: Active)*","Trademarks Act, 2009",,False,[],NOT_AVAILABLE,[],"['22', '22']",N/A,NOT_AVAILABLE,False,[],False,[],,,,
Q55,Commercial/IP,Someone is selling exact copies of my products using my registered brand logo in a local market. Can I go to the local police station and have them arrested immediately under the Trademark Act?,"Yes, selling counterfeit goods using a registered mark can attract criminal liability under Sections 73 and 74 of the Trademarks Act, 2009. Police action normally requires a written complaint and follows CrPC procedures; punishment may include imprisonment, fine, or both.","**What This Means For You**
Someone is copying your products and using your brand logo without permission, which can harm your business and reputation. You want to know if you can take immediate action against them.

**What the Law Says**
Under Section 4 of the Code of Criminal Procedure, 1898 [ACT-4], ""offence"" means any act or omission made punishable by any law for the time being in force. However, the Trademark Act is not explicitly mentioned in the provided verified sources. 

**What You Should Do Now**
1. Gather evidence of the infringement, such as photos or videos of the counterfeit products and the person selling them.
2. Contact a lawyer specializing in intellectual property law to guide you on the next steps.
3. You may need to file a complaint with the Department of Patents, Designs and Trademarks (DPDT) or the Bangladesh Standards and Testing Institution (BSTI) before involving the police.

**Evidence to Keep**
- Photos or videos of the counterfeit products
- Proof of your registered trademark
- Witness statements (if any)

**Where to Go / Who to Contact**
You can contact the Department of Patents, Designs and Trademarks (DPDT) or the Bangladesh Standards and Testing Institution (BSTI) for guidance. You may also want to reach out to a lawyer specializing in intellectual property law.

**When You Need a Lawyer**
You should consult a lawyer immediately if you want to take legal action against the person infringing your trademark, as they can help you navigate the complex legal process and ensure you take the correct steps to protect your rights.

---
**Sources**
- **[ACT-4]** The Code of Criminal Procedure, 1898, Section 4: Definitions *(Status: Amended)*","Trademarks Act, 2009","73,74",False,[],NOT_AVAILABLE,[],"['4', '4']",False,NOT_AVAILABLE,True,['Code of Criminal Procedure'],False,[],,,,
Q59,Commercial/IP,"What is the specific civil forum/court of original jurisdiction to institute a suit for trademark infringement in Bangladesh, and what is the statutory limitation period for filing such a suit?","A trademark infringement suit must be filed in the Court of the District Judge having territorial jurisdiction, which includes the Joint District Judge exercising District Court powers. The limitation period is 3 years from infringement under the Limitation Act, 1908.",I could not locate the specific Act you asked about in my verified database. Please consult the Bangladesh Code or a licensed lawyer for this question.,"Trademarks Act, 2009 / Limitation Act, 1908",,NOT_AVAILABLE,[],NOT_AVAILABLE,[],[],N/A,NOT_AVAILABLE,False,[],False,[],,,,
Q046,"The Civil Courts Act, 1887","What are the different classes of Civil Courts established under the Civil Courts Act, 1887, and what are their respective jurisdictions?","Answer Details: Under Section 3 of the Civil Courts Act, 1887, five distinct classes of Civil Courts are established in Bangladesh: 1. The Court of the District Judge 2. The Court of the Additional District Judge 3. The Court of the Joint District Judge 4. The Court of the Senior Civil Judge (formerly ""Senior Assistant Judge"" — renamed by the Civil Courts (Amendment) Act, 2026, effective 2 November 2025) 5. The Court of the Civil Judge (formerly ""Assistant Judge"" — renamed under the same 2026 amendment) Pecuniary Jurisdiction (Section 19): As amended by the Civil Courts (Amendment) Act, 2021, Section 19 now fixes specific monetary limits rather than leaving them to general government notification: • Civil Judge (formerly Assistant Judge): suits up to Tk 15 lakh • Senior Civil Judge (formerly Senior Assistant Judge): suits up to Tk 25 lakh • Joint District Judge: unlimited pecuniary jurisdiction over original civil suits Appellate Jurisdiction (Section 21): An appeal from a decree or order of a Joint District Judge lies to the District Judge only if the value of the original suit did not exceed Tk 5 crore; if it exceeds Tk 5 crore, the appeal lies directly to the High Court Division. (This specific threshold was introduced by the Civil Courts (Amendment) Act, 2021, replacing the earlier vaguer ""statutory limit"" language.) Reference: Civil Courts Act, 1887, ss. 3, 19, 21; Civil Courts (Amendment) Act, 2021; Civil Courts (Amendment) Act, 2026.","**What This Means For You**
The Civil Courts Act, 1887, establishes different classes of Civil Courts in Bangladesh, each with its own jurisdiction. Understanding these classes and their jurisdictions can help you determine which court to approach for your specific legal needs. This information is essential for navigating the country's civil justice system.

**What the Law Says**
Under Section 3 of the Civil Courts Act, 1887 [ACT-1], there are five classes of Civil Courts: (1) the Court of the District Judge, (2) the Court of the Additional District Judge, (3) the Court of the Joint District Judge, (4) the Court of the Senior Assistant Judge, and (5) the Court of the Assistant Judge. Section 18 of the Civil Courts Act, 1887 [ACT-2], states that the original jurisdiction of a District Judge or Joint District Judge extends to all original suits without any pecuniary limit. Section 19 of the Civil Courts Act, 1887 [ACT-7], specifies the pecuniary jurisdiction of Senior Assistant Judges and Assistant Judges, with the former having jurisdiction up to twenty-five lac Taka and the latter up to fifteen lac Taka. A court also ruled in Bangladesh represented by the Secretary, Ministry of Establishment and others VS Abdul halim miah and others (2005) [DLR-1] that review is not a substitute for appeal absent error apparent on the face of record, which implies that the jurisdiction of these courts is subject to the principles of law and rules.

**What You Should Do Now**
1. Identify the nature and value of your legal issue to determine which class of Civil Court has jurisdiction over your case.
2. Ensure you have all necessary documents and evidence to support your claim.
3. Approach the appropriate Civil Court based on your case's value and nature.

**Evidence to Keep**
- Documents related to your case (e.g., contracts, agreements)
- Evidence supporting your claim (e.g., witnesses, photographs)
- Proof of the value of the claim (e.g., receipts, invoices)

**Where to Go / Who to Contact**
For legal issues within the jurisdiction of the District Judge or Joint District Judge, approach the District Court. For issues within the jurisdiction of the Senior Assistant Judge or Assistant Judge, approach the respective court. You can also contact the Legal Aid helpline (16430) for guidance.

**When You Need a Lawyer**
You should consider seeking professional legal help if your case involves complex legal issues or significant financial stakes, as navigating the civil justice system can be challenging without proper legal representation.

---
**Sources**
- **[ACT-1]** The Civil Courts Act, 1887, Section 3: Classes of Courts *(Status: Active)*
- **[ACT-2]** The Civil Courts Act, 1887, Section 18: Extent of original jurisdiction of District or Joint District Judge *(Status: In Force)*
- **[ACT-7]** The Civil Courts Act, 1887, Section 19: None *(Status: Active)*
- **[DLR-1]** Bangladesh represented by the Secretary, Ministry of Establishment and others VS Abdul halim miah and others — DLR (AD) 2005 | Appellate Division | 2005","The Civil Courts Act, 1887",3,False,[],NOT_AVAILABLE,[],"['3', '18', '19', '3', '18', '19']",True,NOT_AVAILABLE,False,[],False,[],,,,
Q047,"The Code of Civil Procedure, 1908 (CPC)","How is the place of sitting of Civil Courts determined, and can a judge hold court outside their designated station?","Answer Details: According to Section 14 of the Act, the Government fixes the place or places at which any Civil Court under this Act is to be held. Exception: If a judge feels it necessary to hold court at a place other than the designated station for the administration of justice (e.g., local inspection), it must generally be authorized by specific or general orders of the Government or the High Court Division. Reference: Civil Courts Act, 1887, s. 14.","**What This Means For You**
The place of sitting of Civil Courts in Bangladesh is determined by the government, and judges are expected to hold court at their designated stations. However, there are provisions that allow for flexibility in certain situations. Understanding these rules can help you navigate the court system more effectively.

**What the Law Says**
Under Section 3 of the Code of Civil Procedure, 1908 [ACT-3], the subordination of Courts is established, implying a structured hierarchy. While the law does not explicitly state that a judge cannot hold court outside their designated station, it implies that the normal practice is for judges to preside at their appointed places. Section 8 of the Code of Civil Procedure, 1908, is not provided in the verified sources, but generally, the place of sitting is determined by the government, and any changes would typically follow specific legal procedures.

**What You Should Do Now**
1. Identify the designated station of the Civil Court relevant to your case.
2. Verify if there are any specific rules or orders that might allow a judge to hold court outside their usual station in your situation.
3. Consult with a legal professional if you have concerns about the venue of your court proceedings.

**Evidence to Keep**
- Documentation of the court's designated station
- Any orders or notifications regarding changes in court venues
- Communication with court officials or your legal representative regarding the court's sitting place

**Where to Go / Who to Contact**
For specific inquiries about court venues or procedures, contact the relevant District Court or the Supreme Court of Bangladesh. You may also reach out to legal aid services for guidance.

**When You Need a Lawyer**
You should consider consulting a lawyer if you are facing a legal issue that involves complex procedural matters, such as determining the appropriate venue for your case or challenging a decision related to the place of sitting of a Civil Court.

---
**Sources**
- **[ACT-3]** The Code of Civil Procedure, 1908, Section 2: Definitions — decree, judgment, foreign judgment, jurisdiction *(Status: Amended)*","The Code of Civil Procedure, 1908 (CPC)",14,False,[],NOT_AVAILABLE,[],"['3', '8', '2']",False,NOT_AVAILABLE,False,[],False,[],,,,
Q048,"The Code of Civil Procedure, 1908 (CPC)",Explain the doctrine of Res Sub-Judice under the CPC and state its essential conditions.,"Answer Details: Section 10 of the Code of Civil Procedure, 1908, governs the stay of suits (Res Sub-Judice). It prohibits a court from proceeding with the trial of any suit in which the matter in issue is also directly and substantially in issue in a previously instituted suit between the same parties. Essential Conditions: 1. There must be two suits (one previously instituted, one subsequently instituted). 2. The matter in issue in both suits must be identical. 3. The suits must be between the same parties or their litigating representatives. 4. The court where the previous suit is pending must have jurisdiction to grant the relief claimed. 5. Both parties must be litigating under the same title. Reference: Code of Civil Procedure, 1908, s. 10.","**What This Means For You**
The doctrine of Res Sub-Judice is a legal principle that prevents a case from being heard in multiple courts at the same time. This means that if a matter is already being heard in one court, it cannot be brought before another court. This principle helps to prevent conflicting judgments and ensures that the legal process is fair and efficient.

**What the Law Says**
Under Section 10 of the Code of Civil Procedure (CPC) [ACT-1], the doctrine of Res Sub-Judice is explained. It states that no court shall proceed with the trial of any suit in which the matter in dispute is also pending in another court. A court also ruled in Abdul Mannan VS Tayeb Ali and others [DLR-2] that the High Court Division's limited jurisdiction in second appeal over findings of fact by lower appellate Court is subject to the doctrine of Res Sub-Judice.

**What You Should Do Now**
1. Check if the matter is already pending in another court.
2. Verify the jurisdiction of the court where the case is pending.
3. Ensure that all parties involved are aware of the pending case.

**Evidence to Keep**
- Copy of the pending case documents
- Proof of notification to all parties involved

**Where to Go / Who to Contact**
Contact the court where the case is pending or the District Judge's office for guidance.

**When You Need a Lawyer**
You should consult a lawyer if you are unsure about the doctrine of Res Sub-Judice and its application to your specific case, or if you need assistance in navigating the legal process.

---
**Sources**
- **[ACT-1]** The Code of Criminal Procedure, 1898, Section 124: Power to release persons imprisoned for failing to give security *(Status: Amended)*
- **[DLR-2]** Abdul Mannan VS Tayeb Ali and others — DLR (AD) 2006 | Appellate Division | 2006","The Code of Civil Procedure, 1908 (CPC)",10,False,[],NOT_AVAILABLE,[],"['10', '124']",True,NOT_AVAILABLE,True,['Code of Criminal Procedure'],False,[],,,,
Q049,"The Code of Civil Procedure, 1908 (CPC)",What is the distinction between Res Judicata (Section 11) and Constructive Res Judicata?,"Answer Details: Section 11 bars a court from trying any suit or issue where the matter has already been directly and substantially decided in a former suit between the same parties by a competent court. Constructive Res Judicata: Found in Explanation IV of Section 11, it states that any matter which might and ought to have been made a ground of defense or attack in such former suit shall be deemed to have been a matter directly and substantially in issue in such suit. If a party fails to raise a claim/defense when they had the chance, they are barred from raising it in subsequent litigation. Reference: Code of Civil Procedure, 1908, s. 11 & Explanation IV.","**What This Means For You**
The concepts of Res Judicata and Constructive Res Judicata are crucial in understanding how the law treats repeated attempts to litigate the same issue. Essentially, these principles aim to prevent the same issue from being tried multiple times, ensuring finality in legal decisions. 

**What the Law Says**
Under the Code of Civil Procedure, 1908, Section 11 [which is not directly mentioned in the provided acts but is a fundamental principle in civil procedure], Res Judicata refers to a matter that has been adjudicated by a competent court and therefore may not be pursued further by the same parties. This means that if a case has already been decided, the same parties cannot bring the same case again. Constructive Res Judicata, on the other hand, applies when a matter that could have been raised in a previous lawsuit was not, but because it could have been, it is also barred from being litigated in a subsequent lawsuit. 

**What You Should Do Now**
1. Identify if your issue has been previously adjudicated or could have been raised in a previous lawsuit.
2. Determine if the previous case and the current case involve the same parties and the same cause of action.
3. Consult with a legal professional to understand how Res Judicata or Constructive Res Judicata might apply to your specific situation.

**Evidence to Keep**
- Records of any previous lawsuits or legal proceedings related to the current issue.
- Documentation showing the parties involved and the cause of action in both the previous and current cases.

**Where to Go / Who to Contact**
For legal advice on Res Judicata and Constructive Res Judicata, contact a licensed lawyer specializing in civil law. You can also reach out to the Bangladesh Bar Council for referrals to qualified attorneys.

**When You Need a Lawyer**
You should seek professional legal help as soon as you realize that your case may be affected by principles of Res Judicata or Constructive Res Judicata, as these can significantly impact the outcome of your legal proceedings.

---
**Sources**
- **[ACT-1]** The Code of Criminal Procedure, 1898, Section 11: Judicial Magistrates *(Status: Amended)*
- **[ACT-2]** The Code of Criminal Procedure, 1898, Section 4A: Construction of references *(Status: Active)*
- **[ACT-3]** The Code of Criminal Procedure, 1898, Section 264: Record in appealable cases *(Status: Active)*
- **[ACT-4]** The Code of Criminal Procedure, 1898, Section 349A: Conviction on evidence partly recorded by one Sessions *(Status: Active)*
- **[ACT-5]** The Code of Criminal Procedure, 1898, Section 17A: Subordination of Joint Sessions Judges *(Status: Amended)*
- **[ACT-6]** The Code of Criminal Procedure, 1898, Section 3: (1) Omitted *(Status: Amended)*
- **[ACT-7]** The Code of Criminal Procedure, 1898, Section 5: Trial of offences *(Status: Active)*
- **[ACT-8]** The Code of Criminal Procedure, 1898, Section 10: Executive Magistrates *(Status: Amended)*
- **[ACT-9]** The Code of Criminal Procedure, 1898, Section 12: Special Magistrate *(Status: Amended)*
- **[ACT-10]** The Code of Criminal Procedure, 1898, Section 16: Power to frame rules for guidance of Benches *(Status: Active)*
- **[ACT-11]** The Code of Criminal Procedure, 1898, Section 18: Appointment of Metropolitan Magistrates *(Status: Amended)*
- **[ACT-12]** The Code of Criminal Procedure, 1898, Section 263: Record in cases where is no appeal *(Status: Active)*
- **[ACT-13]** The Code of Criminal Procedure, 1898, Section 265: Court.] Language of record and judgment *(Status: Active)*
- **[ACT-14]** The Code of Criminal Procedure, 1898, Section 348: Trial of persons previously convicted of offences against coinage, stamp-law or property *(Status: Amended)*
- **[ACT-15]** The Code of Criminal Procedure, 1898, Section 350: evidence partly recorded by one Magistrate and partly by another *(Status: Active)*
- **[DLR-1]** Bangladesh represented by the Secretary, Ministry of Establishment and others VS Abdul halim miah and others — DLR (AD) 2005 | Appellate Division | 2005
- **[DLR-2]** Government of Bangladesh and another VS Md Afsar Ali and others — DLR (AD) 2003 | Appellate Division | 2003
- **[DLR-3]** Bangladesh, represented by the Secretary, Ministry of Works, Housing and Settlement and ors vs Md Abu Bakar and others — DLR (AD) 2005 | Appellate Division | 2005
- **[DLR-4]** Abdul Mannan VS Tayeb Ali and others — DLR (AD) 2006 | Appellate Division | 2006","The Code of Civil Procedure, 1908 (CPC)",11,False,[],NOT_AVAILABLE,[],"['11', '11', '4A', '264', '349A', '17A', '3', '5', '10', '12', '16', '18', '263', '265', '348', '350']",True,NOT_AVAILABLE,True,['Code of Criminal Procedure'],False,[],,,,
Q050,"The Contract Act, 1872",What are the temporary injunction rules under Order XXXIX of the CPC?,"Answer Details: Order XXXIX, Rules 1 and 2 outline the circumstances where a temporary injunction may be granted. Grounds (Rule 1): An injunction may be granted if it is proved by affidavit or otherwise that property in a suit is in danger of being wasted, damaged, or alienated by any party, or wrongfully sold in execution of a decree. Three Golden Principles: The court evaluates: 1. Prima facie case (a serious question to be tried). 2. Irreparable loss or injury (monetary compensation would not suffice). 3. Balance of convenience (greater inconvenience would be caused to the applicant if denied). Reference: Code of Civil Procedure, 1908, Order XXXIX, rr. 1–2.","**What This Means For You**
If you're involved in a legal dispute and need to stop someone from doing something that could cause harm, you might need a temporary injunction. This is a court order that temporarily stops someone from taking a specific action. 

**What the Law Says**
Under the Code of Civil Procedure (CPC), Order XXXIX deals with temporary injunctions. However, the provided verified sources do not include the specific details of Order XXXIX of the CPC. 

**What You Should Do Now**
1. Consult the Bangladesh Code or a licensed lawyer to understand the specifics of temporary injunctions under Order XXXIX of the CPC.
2. Gather all relevant documents and evidence related to your case.
3. Prepare to explain your situation and the reasons why you need a temporary injunction.

**Evidence to Keep**
- Documents related to the dispute
- Evidence of potential harm or damage
- Any relevant contracts or agreements

**Where to Go / Who to Contact**
You should contact a licensed lawyer or the relevant court, such as the District Court or the High Court Division, to seek a temporary injunction.

**When You Need a Lawyer**
You should seek the help of a licensed lawyer as soon as possible if you believe you need a temporary injunction to protect your rights or prevent harm.

---
**Sources**
- **[ACT-1]** The Code of Criminal Procedure, 1898, Section 133: Area.]] Conditional order for removal of nuisance *(Status: Active)*
- **[ACT-2]** The Code of Criminal Procedure, 1898, Section 142: Injunction pending inquiry *(Status: Amended)*
- **[ACT-3]** The Code of Criminal Procedure, 1898, Section 132: Protection against prosecution for acts *(Status: Active)*
- **[ACT-4]** The Code of Criminal Procedure, 1898, Section 134: Service or notification of order *(Status: Active)*
- **[ACT-5]** The Code of Criminal Procedure, 1898, Section 141: Omitted *(Status: Omitted)*
- **[ACT-6]** The Code of Criminal Procedure, 1898, Section 143: Magistrate may prohibit repetition or continuance of public nuisance *(Status: Amended)*
- **[DLR-1]** Bangladesh represented by the Secretary, Ministry of Establishment and others VS Abdul halim miah and others — DLR (AD) 2005 | Appellate Division | 2005
- **[DLR-2]** State VS Abdur Rahim — DLR (AD) 2005 | Appellate Division | 2005
- **[DLR-3]** Secretary, Ministry of Food Government of Bangladesh and others vs. Md Sirajuddin Ahmed and others — DLR (AD) 2005 | Appellate Division | 2005
- **[DLR-4]** Abdul Mannan VS Tayeb Ali and others — DLR (AD) 2006 | Appellate Division | 2006","The Contract Act, 1872",,False,[],NOT_AVAILABLE,[],"['133', '142', '132', '134', '141', '143']",N/A,NOT_AVAILABLE,True,"['Code of Criminal Procedure', 'Code of Civil Procedure']",False,[],,,,
Q051,"The Contract Act, 1872",Define 'Proposal' and 'Acceptance' and explain when communication becomes complete under the Contract Act.,"Answer Details: Section 2(a) defines a proposal (offer) as when one person signifies to another his willingness to do or to abstain from doing anything, with a view to obtaining the assent of that other. Section 2(b) states that when the proposal is signified, it is deemed accepted. Completion of Communication (Section 4): ○ The communication of a proposal is complete when it comes to the knowledge of the person to whom it is made. ○ The communication of an acceptance is complete: as against the proposer, when it is put in a course of transmission to him so as to be out of the power of the acceptor; as against the acceptor, when it comes to the knowledge of the proposer. Reference: Contract Act, 1872, ss. 2(a), 2(b), 4","**What This Means For You**
When entering into a contract, it's essential to understand what a proposal and acceptance mean, and when the communication of these becomes complete. This knowledge will help you navigate contractual agreements with clarity.

**What the Law Says**
Under Section 2 [ACT-5] of the Contract Act, 1872, a proposal is defined as when one person signifies to another their willingness to do or abstain from doing something with the intention of obtaining the other person's assent. Acceptance is when the person to whom the proposal is made signifies their assent to the proposal. According to Section 4 [ACT-1] of the Contract Act, 1872, the communication of a proposal is complete when it comes to the knowledge of the person to whom it is made. The communication of an acceptance is complete as against the proposer when it is put in a course of transmission to them, and as against the acceptor when it comes to the knowledge of the proposer.

**What You Should Do Now**
1. Ensure you clearly understand the terms of any proposal made to you.
2. When making a proposal, specify how you want the other party to accept it.
3. Keep records of all communications related to proposals and acceptances.

**Evidence to Keep**
- Copies of proposals made or received
- Records of acceptance, including dates and times
- Any communication related to the proposal or acceptance

**Where to Go / Who to Contact**
For legal advice on contracts, consult a licensed lawyer or contact the Bangladesh Bar Council.

**When You Need a Lawyer**
You should seek the help of a lawyer if a dispute arises regarding a proposal or acceptance, and you need professional legal advice to resolve the issue.

---
**Sources**
- **[ACT-1]** The Contract Act, 1872, Section 4: Communication when complete — against, letter, proposal *(Status: Active)*
- **[ACT-5]** The Contract Act, 1872, Section 2: Interpretationclause — proposal, enforceable, doing, promise, called *(Status: Active)*","The Contract Act, 1872",2(a),False,[],NOT_AVAILABLE,[],"['2', '4', '4', '2']",True,NOT_AVAILABLE,False,[],False,[],,,,
Q052,"The Copyright Act, 2023","What are the essential elements of a valid contract under Section 10 of the Contract Act, 1872?","Answer Details: Section 10 establishes that all agreements are contracts if they are made by: 1. The free consent of parties competent to contract. 2. For a lawful consideration. 3. With a lawful object. 4. Are not hereby expressly declared to be void. Competency (Section 11): Parties must be of the age of majority according to the law to which they are subject, of sound mind, and not disqualified from contracting by any law. Reference: Contract Act, 1872, ss. 10, 11.","**What This Means For You**
A valid contract is essential for any agreement to be legally binding. Under the Contract Act, 1872, there are certain elements that must be present for a contract to be considered valid. Understanding these elements can help you ensure that your agreements are legally enforceable.

**What the Law Says**
Under Section 10 of the Contract Act, 1872 [ACT-1], a contract is valid if it is made by the free consent of parties competent to contract, for a lawful consideration and with a lawful object. This means that all parties involved must agree to the terms of the contract without any coercion or undue influence, and the contract must be for a legitimate purpose.

**What You Should Do Now**
1. Ensure that all parties involved in the contract are competent to contract, meaning they are of sound mind and have the capacity to enter into a contract.
2. Verify that the contract is for a lawful consideration, meaning that something of value is being exchanged.
3. Confirm that the contract has a lawful object, meaning that the purpose of the contract is legitimate and not against the law.

**Evidence to Keep**
- A written record of the contract
- Proof of the parties' competence to contract
- Evidence of the lawful consideration and object of the contract

**Where to Go / Who to Contact**
If you have any questions or concerns about the validity of a contract, you can contact the Bangladesh Bar Council or seek advice from a licensed lawyer.

**When You Need a Lawyer**
You should consult a lawyer if you are unsure about the validity of a contract or if a dispute arises regarding the terms of the contract.

---
**Sources**
- **[ACT-1]** The Contract Act, 1872, Section 10: What agreements are contracts — lawful, expressly *(Status: Amended)*","The Copyright Act, 2023",10,False,[],NOT_AVAILABLE,[],"['10', '10']",True,NOT_AVAILABLE,False,[],False,[],,,,
Q053,"The Copyright Act, 2023","What is the statutory duration of copyright protection for literary, dramatic, and musical works under the Copyright Act, 2023?","Answer Details: Under the current statutory framework of the Copyright Act, 2023, copyright subsists in any literary, dramatic, musical, or artistic work published within the lifetime of the author. Term: Protection extends for the lifetime of the author plus 60 years from the beginning of the calendar year next following the year in which the author dies. Joint authorship is calculated from the death of the last surviving author. Reference: Copyright Act, 2023, s. 22.","This is not in my verified database. I cannot confirm this. Please consult the Bangladesh Code directly or a licensed lawyer.

---
**Sources**
- **[DLR-1]** Yaor Mia (Md) and anothe VS Haji Shah Dhanai Ali and others — DLR (AD) 2005 | Appellate Division | 2005
- **[DLR-2]** State VS Abdur Rahim — DLR (AD) 2005 | Appellate Division | 2005
- **[DLR-3]** Secretary, Ministry of Food Government of Bangladesh and others vs. Md Sirajuddin Ahmed and others — DLR (AD) 2005 | Appellate Division | 2005
- **[DLR-4]** Government of Bangladesh and another VS Md Afsar Ali and others — DLR (AD) 2003 | Appellate Division | 2003","The Copyright Act, 2023",,False,[],NOT_AVAILABLE,[],[],N/A,NOT_AVAILABLE,False,[],False,[],,,,
Q054,"The Court Fees Act, 1870","What constitutes 'Fair Use' or acts that do not infringe copyright under the Copyright Act, 2023?","Answer Details: The Act explicitly provides statutory exemptions where utilization of a copyrighted work does not amount to infringement. These include: 1. Private or personal use, including research or private study. 2. Criticism or review of that work or any other work. 3. Reporting current events and current affairs in print, broadcast, or digital media. 4. Reproduction for judicial proceedings or educational purposes within statutory limits. Reference: Copyright Act, 2023, s. 72 (acts not constituting infringement); s. 2(42) (definitional fair-use standard).","**What This Means For You**
The concept of 'Fair Use' is crucial in understanding what actions do not infringe copyright. It allows for the use of copyrighted material under specific circumstances without obtaining permission from the copyright owner. However, the details of 'Fair Use' under the Copyright Act, 2023, are not provided in the verified sources.

**What the Law Says**
This is not in my verified database. I cannot confirm this. Please consult the Bangladesh Code directly or a licensed lawyer.

**What You Should Do Now**
1. Consult the Bangladesh Code or the Copyright Act, 2000 (as amended), to understand the provisions related to copyright infringement and fair use.
2. Seek guidance from a licensed lawyer specializing in intellectual property law to understand how 'Fair Use' applies to your specific situation.
3. Be cautious when using copyrighted material to avoid potential infringement.

**Evidence to Keep**
- Records of any permission obtained from the copyright owner
- Documentation of the purpose and extent of the use of copyrighted material

**Where to Go / Who to Contact**
Contact the Copyright Office, Bangladesh, or a licensed lawyer for guidance on copyright-related matters.

**When You Need a Lawyer**
You should consult a lawyer if you are unsure about whether your actions constitute copyright infringement or if you receive a notice of infringement.

---
**Sources**
- **[DLR-1]** Bangladesh, represented by the Secretary, Ministry of Works, Housing and Settlement and ors vs Md Abu Bakar and others — DLR (AD) 2005 | Appellate Division | 2005
- **[DLR-2]** Yaor Mia (Md) and anothe VS Haji Shah Dhanai Ali and others — DLR (AD) 2005 | Appellate Division | 2005
- **[DLR-3]** State VS Abdur Rahim — DLR (AD) 2005 | Appellate Division | 2005
- **[DLR-4]** Anarul Islam (Md) and others vs. State and another — DLR (AD) 2005 | Appellate Division | 2005","The Court Fees Act, 1870",,False,[],NOT_AVAILABLE,[],[],N/A,NOT_AVAILABLE,False,[],False,[],,,,
Q055,"The Code of Criminal Procedure, 1898 (CrPC)",Distinguish between 'Ad Valorem' court fees and 'Fixed' court fees under this Act.,"Answer Details: ○ Ad Valorem Fees: Calculated as a percentage or variable scale based directly on the monetary valuation of the subject matter of the suit (governed primarily by Section 7 and Schedule I). Examples include suits for money recovery or declaration of title with consequential relief. ○ Fixed Fees: Set at a rigid, flat rate regardless of the value of the property or claim, governed by Schedule II. Examples include simple declaratory suits without consequential relief, or applications/petitions where no financial recovery is sought.","**What This Means For You**
In Bangladesh, court fees can be either 'Ad Valorem' or 'Fixed', and understanding the difference is crucial to navigate the legal system. Ad Valorem fees are calculated based on the value of the claim, while Fixed fees are predetermined amounts. This distinction affects how much you need to pay when filing a case.

**What the Law Says**
Under Section Schedule I and Schedule II of The Court Fees Act, 1870 [ACT-1], Ad Valorem court fees are calculated as a proportionate percentage of the value of the subject-matter or monetary claim in dispute. On the other hand, Fixed court fees are predetermined, static statutory amounts payable on specific applications, petitions, or suits, regardless of the claim's monetary valuation. For example, in a Partition Suit under the Partition Act, 1893, if the plaintiff is in joint physical possession of the property and merely seeks formal separation of shares, a fixed court fee is payable under Schedule II [ACT-2].

**What You Should Do Now**
1. Determine the type of case you are filing to understand which type of court fee applies.
2. Calculate the value of your claim to determine the Ad Valorem fee, if applicable.
3. Check the schedules of The Court Fees Act, 1870, to find the specific Fixed fee for your type of case.

**Evidence to Keep**
- Copy of the claim or petition
- Calculation of the claim's value (for Ad Valorem fees)
- Receipt of paid court fees

**Where to Go / Who to Contact**
District Court or relevant court where your case is filed. You can also contact the court's registry office for guidance on court fees.

**When You Need a Lawyer**
You should consult a lawyer if you are unsure about the type of court fee applicable to your case or if you need help calculating the fee to avoid any potential legal issues.

---
**Sources**
- **[ACT-1]** The Court Fees Act, 1870, Section Schedule I: None *(Status: Active)*
- **[ACT-2]** The Court Fees Act, 1870, Section Schedule II: None *(Status: Active)*","The Court-fees Act, 1870",7,False,[],NOT_AVAILABLE,[],[],False,NOT_AVAILABLE,False,[],False,[],,,,
Q056,"The Code of Criminal Procedure, 1898 (CrPC)",Explain the difference between a Cognizable and a Non-Cognizable offence.,"Answer Details: Under Section 4(1)(f), a ""cognizable offence"" is an offence for which a police officer may, in accordance with the second schedule or under any other law for the time being in force, arrest without a warrant. Non-Cognizable (Section 4(1)(n)): An offence for which a police officer may not arrest without a warrant. Investigation into non-cognizable cases requires an order from a competent Magistrate (Section 155).","**What This Means For You**
In Bangladesh, the law treats crimes differently based on their severity and the police's power to arrest. Understanding the difference between Cognizable and Non-Cognizable offences can help you know what to expect if you're involved in a crime. Cognizable offences are more serious and allow police to arrest without a warrant, while Non-Cognizable offences are less serious and usually require a warrant for arrest.

**What the Law Says**
Under Section 4(1) of the Code of Criminal Procedure, 1898 [ACT-1], a ""Cognizable offence"" means an offence for which a police officer can arrest without a warrant, as per the second schedule or under any other law in force. On the other hand, a ""Non-Cognizable offence"" means an offence for which a police officer cannot arrest without a warrant. This distinction is crucial in determining the police's authority to arrest and investigate crimes.

**What You Should Do Now**
1. If you're a victim of a crime, report it to the police immediately.
2. Understand the nature of the offence to know what to expect from the police.
3. If you're accused of a Non-Cognizable offence, you may need to appear before a Magistrate to initiate the investigation.

**Evidence to Keep**
- Police report or First Information Report (FIR)
- Any witness statements or evidence related to the crime

**Where to Go / Who to Contact**
- Local police station to report the crime
- Magistrate Court for Non-Cognizable offences
- Legal Aid: 16430 | Police: 999

**When You Need a Lawyer**
You should consult a lawyer if you're accused of a Cognizable offence or if the police are investigating a crime involving you, to ensure your rights are protected.

---
**Sources**
- **[ACT-1]** The Code of Criminal Procedure, 1898, Section 4(1): Definitions - Cognizable and Non-cognizable offence *(Status: Active)*","The Code of Criminal Procedure, 1898 (CrPC)",4(1),False,[],NOT_AVAILABLE,[],"['4(1)', '4(1)']",True,NOT_AVAILABLE,False,[],False,[],,,,
Q057,"The Evidence Act, 1872",What is the procedure for recording a First Information Report (FIR) under Section 154 of the CrPC?,"Answer Details: Section 154 mandates that every information relating to the commission of a cognizable offence, if given orally to an officer in charge of a police station, must be reduced to writing by him or under his direction. ● Key Protocols: 1. It must be read over to the informant. 2. It must be signed by the person giving it. 3. The substance thereof must be entered in a book kept by such officer (the General Diary/FIR register).","**What This Means For You**
If you want to report a crime, you need to know how to file a First Information Report (FIR) with the police. This is the first step in starting a criminal investigation. Under Section 154 of the CrPC, the police are required to record your complaint and start an investigation.

**What the Law Says**
Under Section 154 [ACT-1] of the Code of Criminal Procedure, 1898, when you give information about a crime to the police, they must write it down and read it back to you. You will then be asked to sign it. The police will also enter the details of your complaint into a book. This is called the First Information Report (FIR). A court also ruled in AHS Rahman vs State [DLR-1] that the FIR is a crucial document in a criminal case, and it should disclose a prima facie case against the accused.

**What You Should Do Now**
1. Go to the nearest police station and tell the officer in charge that you want to file a complaint.
2. Give the officer all the details of the crime, including what happened, when it happened, and who was involved.
3. The officer will write down your complaint and read it back to you. Make sure it is accurate and sign it.
4. The officer will then enter the details of your complaint into a book and give you a copy of the FIR.

**Evidence to Keep**
- A copy of the FIR
- Any other documents or evidence related to the crime

**Where to Go / Who to Contact**
Go to the nearest police station and ask to speak to the officer in charge. You can also call the police helpline at 999 for assistance.

**When You Need a Lawyer**
You should consider consulting a lawyer if the police refuse to file your FIR or if you are accused of a crime and need legal representation.

---
**Sources**
- **[ACT-1]** The Code of Criminal Procedure, 1898, Section 154: Information in cognizable cases *(Status: Active)*
- **[DLR-1]** AHS Rahman vs State — DLR (AD) 2005 | Appellate Division | 2005","The Evidence Act, 1872",154,False,[],NOT_AVAILABLE,[],"['154', '154', '154']",True,NOT_AVAILABLE,True,['Code of Criminal Procedure'],False,[],,,,
Q058,"The Evidence Act, 1872","What is the doctrine of Res Gestae under the Evidence Act, 1872?","Answer Details: Section 6 of the Evidence Act embodies the principle of Res Gestae. It states that facts which, though not in issue, are so connected with a fact in issue as to form part of the same transaction, are relevant, whether they occurred at the same time and place or at different times and places. Example: Spontaneous exclamations made by bystanders at the exact moment a crime is committed are admissible because they are linked to the same transaction.","**What This Means For You**
The doctrine of Res Gestae is a crucial concept in the Evidence Act, 1872, that allows for the admission of statements made during the course of an event as evidence. This means that if you are involved in a case where a statement was made during the occurrence of an event, it may be considered as evidence.

**What the Law Says**
Under Section 6 of the Evidence Act, 1872 [ACT-9], facts which, though not in issue, are so connected with a fact in issue as to form part of the same transaction, are relevant. The doctrine of Res Gestae is an exception to the hearsay rule, which allows for the admission of statements made during the course of an event, as they are considered part of the transaction. A court also ruled in various cases that statements made during the course of an event can be admissible as evidence under this doctrine.

**What You Should Do Now**
1. Understand the context of the statement made during the event.
2. Determine if the statement is relevant to the fact in issue.
3. Consult with a lawyer to determine if the doctrine of Res Gestae applies to your case.

**Evidence to Keep**
- Records of the event, including dates, times, and details of what happened.
- Statements made by witnesses or parties involved during the event.
- Any other relevant documentation or evidence related to the event.

**Where to Go / Who to Contact**
If you need to understand how the doctrine of Res Gestae applies to your case, contact a licensed lawyer or the Bangladesh Bar Council for guidance.

**When You Need a Lawyer**
You should consult a lawyer if you are involved in a case where a statement made during an event is being considered as evidence, and you need to determine if the doctrine of Res Gestae applies.

---
**Sources**
- **[ACT-9]** The Evidence Act, 1872, Section 6: Relevancy of facts forming part of same transaction — though, issue, connected, form, part, same, transaction, relevant *(Status: Amended)*","The Evidence Act, 1872",6,False,[],NOT_AVAILABLE,[],"['6', '6']",True,NOT_AVAILABLE,False,[],False,[],,,,
Q059,"The Bangladesh Labour Act, 2006",Distinguish between Primary and Secondary Evidence under Sections 62 and 63.,"Answer Details: ○ Primary Evidence (Section 62): Means the document itself produced for the inspection of the Court. It is considered the best evidence. ○ Secondary Evidence (Section 63): Includes certified copies, copies made from the original by mechanical processes, counterparts of documents, and oral accounts of the contents of a document given by some person who has himself seen it. It is admissible only under the specific conditions listed in Section 65.","**What This Means For You**
In Bangladesh, when you're involved in a court case, the type of evidence you present can greatly impact the outcome. Primary and secondary evidence are two types of evidence that have different levels of importance in court. Understanding the difference between them can help you build a stronger case.

**What the Law Says**
Under Section 62 of the Evidence Act [ACT-1], primary evidence is the original document or thing itself, such as an original contract or a witness's direct testimony. On the other hand, Section 63 [ACT-1] defines secondary evidence as a copy of the original document or something that represents the original, like a photocopy of a contract or a witness's statement recorded earlier. A court also ruled in Yogeshwar Gope vs State [DLR-3] that the evidentiary value of related witnesses in a criminal trial should not be thrown away unless the evidence is found to be untrue or tainted with motive, but this does not directly relate to primary and secondary evidence.

**What You Should Do Now**
1. Identify the original documents or things that can serve as primary evidence in your case.
2. If primary evidence is not available, gather secondary evidence that can represent the original.
3. Consult with a lawyer to determine the best way to present your evidence in court.

**Evidence to Keep**
- Original documents (primary evidence)
- Copies of original documents (secondary evidence)
- Records of witness statements (secondary evidence)

**Where to Go / Who to Contact**
For legal advice on evidence, contact the District Court or a licensed lawyer. You can also call the Legal Aid helpline at 16430 for guidance.

**When You Need a Lawyer**
You should consult a lawyer when you're unsure about what constitutes primary or secondary evidence in your specific case or when you need help presenting your evidence in court.

---
**Sources**
- **[ACT-1]** The Evidence Act, 1872, Section 63: Secondary evidence — Secondary, evidence, means, includes-, certified, copies, given, provisions *(Status: Active)*
- **[DLR-3]** Yogeshwar Gope vs State — DLR (AD) 2005 | Appellate Division | 2005","The Bangladesh Labour Act, 2006",62,False,[],NOT_AVAILABLE,[],"['62', '63', '63']",True,NOT_AVAILABLE,True,['Evidence Act'],False,[],,,,
Q060,"The Limitation Act, 1908","What are the different classifications of workers under the Bangladesh Labour Act, 2006?","Answer Details: Under Section 4 of the Act, workers are classified into seven distinct categories based on the nature and tenure of their work: 1. Apprentice (ি শক্ষািিবস) 2. Casual (আিি ি) 3. Badli (বিিল) 4. Temporary (অস্থায়ী) 5. Probationer (ি শক্ষাধীি) 6. Permanent (স্থায়ী) 7. Seasonal (মৗসুি ম)","**What This Means For You**
The Bangladesh Labour Act, 2006, categorizes workers into different classes based on the nature and condition of their work. Understanding these classifications is essential for workers to know their rights and entitlements. 

**What the Law Says**
Under Section 4 [ACT-1] of the Bangladesh Labour Act, 2006, workers are classified into several categories, including apprentice, substitute, casual, temporary, probationer, permanent, and seasonal workers. Each category has specific definitions and implications for workers' rights and benefits.

**What You Should Do Now**
1. Identify your worker classification to understand your rights and entitlements.
2. Familiarize yourself with the specific provisions of the Bangladesh Labour Act, 2006, applicable to your worker classification.
3. Consult with your employer or a labor union representative to ensure you receive the benefits and protections corresponding to your worker classification.

**Evidence to Keep**
- Appointment letter or contract
- Pay slips and payment records
- Documents related to your worker classification (e.g., apprenticeship agreement)

**Where to Go / Who to Contact**
For more information or assistance, contact the Department of Labour (DoL) or the Bangladesh Labour Foundation.

**When You Need a Lawyer**
If you believe your worker classification has been misinterpreted or your rights as a worker have been violated, consult a licensed Bangladeshi lawyer specializing in labor law.

---
**Sources**
- **[ACT-1]** The Bangladesh Labour Act, 2006, Section 4: Classification of workers and probation period *(Status: Active)*","The Limitation Act, 1908",4,False,[],NOT_AVAILABLE,[],"['4', '4']",True,NOT_AVAILABLE,True,['Bangladesh Labour Act'],False,[],,,,
Q061,"The Negotiable Instruments Act, 1881 (NI Act)","Explain the concept of ""Condonation of Delay"" under Section 5 of the Limitation Act, 1908.","Answer Details: Section 5 permits the court to admit an appeal or an application (except an application under Order XXI of the CPC for execution of decrees) after the prescribed period of limitation if the appellant or applicant satisfies the court that he had sufficient cause for not preferring the appeal or making the application within such period. Note: Section 5 applies to appeals, applications for review, revision, or leave to appeal, but does not apply to original suits.","**What This Means For You**
If you've missed the deadline to file a case or appeal, you might still be able to proceed if you can show a valid reason for the delay. This is called ""condonation of delay"" and it's a way to get an extension on the time limit. However, you'll need to prove that you had a good reason for not meeting the original deadline.

**What the Law Says**
Under Section 5 of the Limitation Act, 1908 [ACT-1], the court can allow an appeal or application to be filed after the deadline if the person can show ""sufficient cause"" for not filing on time. This means that the court will consider whether the delay was reasonable and if the person had a valid reason for not meeting the deadline. The law also explains that if someone was misled by a court order or judgment, that can be a sufficient cause for the delay.

**What You Should Do Now**
1. Review the deadline for your case or appeal and calculate how much time has passed since the deadline.
2. Gather evidence to support your reason for missing the deadline, such as documents or witness statements.
3. Prepare an application to the court explaining your reason for the delay and requesting condonation of delay.

**Evidence to Keep**
- Documents showing the reason for the delay (e.g. medical records, travel records)
- Witness statements or affidavits supporting your reason for the delay
- Copies of any relevant court orders or judgments

**Where to Go / Who to Contact**
You should file your application for condonation of delay with the relevant court, such as the District Court or the High Court Division, depending on the type of case. You can also contact the court's registry or a lawyer for guidance on the process.

**When You Need a Lawyer**
You should consider hiring a lawyer if your case involves complex legal issues or if you're unsure about how to proceed with your application for condonation of delay, as they can help you navigate the process and ensure you have the best chance of success.

---
**Sources**
- **[ACT-1]** The Limitation Act, 1908, Section 5: Extension of period in certain cases — sufficient cause, appeals, revision, review, leave to appeal *(Status: Amended)*","The Negotiable Instruments Act, 1881 (NI Act)",5,False,[],NOT_AVAILABLE,[],"['5', '5']",True,NOT_AVAILABLE,True,['Limitation Act'],False,[],,,,
Q062,"The Public Demands Recovery Act, 1913 (PDR Act)",What are the mandatory ingredients to constitute an offence of dishonor of a cheque under Section 138 of the NI Act?,"Answer Details: To convict an individual under Section 138, the following statutory timeline and conditions must be strictly met: 1. The cheque must be presented to the bank within 6 months from the date on which it is drawn or within its validity. 2. The cheque must be returned by the bank unpaid due to insufficiency of funds or exceeding arrangements. 3. The payee must make a demand for payment by giving a notice in writing within 30 days of receiving information from the bank regarding the return. 4. The drawer must fail to make payment within 30 days of receiving the notice.","**What This Means For You**
To constitute an offence of dishonour of a cheque under Section 138 of the Negotiable Instruments Act, certain conditions must be met. If these conditions are not fulfilled, the offence of dishonour of a cheque cannot be established. This is crucial for individuals who issue cheques to understand their liabilities and for payees to know their rights.

**What the Law Says**
Under Section 138 of the Negotiable Instruments Act, 1881 [ACT-1], to constitute an offence of dishonour of a cheque, the following ingredients are mandatory: 
1. The cheque must have been drawn by the accused on an account maintained by him with a banker for payment of an amount of money to another person.
2. The cheque must have been returned by the bank unpaid, either because the account had insufficient funds or because the amount exceeded the amount arranged to be paid from that account.
3. The cheque must have been presented to the bank within six months from the date on which it was drawn or within its validity period, whichever is earlier.
4. The payee or holder in due course must have made a demand for payment of the amount by giving a notice in writing to the drawer within thirty days of receiving information from the bank about the return of the cheque as unpaid.
5. The drawer must have failed to make the payment of the amount within thirty days of receiving the notice.

**What You Should Do Now**
1. Ensure that your account has sufficient funds before issuing a cheque.
2. If a cheque is dishonoured, respond promptly to any notice from the payee or holder.
3. If you are a payee or holder and the cheque is dishonoured, send a notice to the drawer within thirty days of receiving information from the bank.

**Evidence to Keep**
- The dishonoured cheque
- The notice sent to the drawer
- Proof of sending the notice (e.g., registered post receipt)
- Bank statement showing insufficient funds or the reason for dishonour

**Where to Go / Who to Contact**
In case of a dispute, contact the Magistrate Court or a lawyer specializing in negotiable instruments law. For general legal aid, you can contact the Legal Aid helpline at 16430.

**When You Need a Lawyer**
You should consult a lawyer if you receive a notice for dishonour of a cheque or if you are a payee and the drawer fails to respond to your notice, as this could lead to criminal proceedings under Section 138 of the Negotiable Instruments Act.

---
**Sources**
- **[ACT-1]** The Negotiable Instruments Act, 1881, Section 138: Dishonour of cheque for insufficiency, etc., of funds in the account *(Status: Amended)*","The Public Demands Recovery Act, 1913 (PDR Act)",138,False,[],NOT_AVAILABLE,[],"['138', '138', '138', '138']",True,NOT_AVAILABLE,False,[],False,[],,,,
Q063,"The Penal Code, 1860",What is the procedure for filing a certificate for public demand under Section 4 and Section 6 of the PDR Act?,"Answer Details: When a Certificate-officer is satisfied that any public demand is due, he signs a certificate in the prescribed form stating the demand and files it in his office under Section 4 (if the demand is due to the Collector) or Section 6 (if due to any other person/institution authorized). A notice along with a copy of the certificate is then served on the certificate-debtor under Section 7.","**What This Means For You**
The Public Demands Recovery (PDR) Act allows for the recovery of public demands through a certificate process. If you are owed money by someone, you can file a certificate under Section 4 or Section 6 of the PDR Act to recover the debt. This process involves several steps and requires specific documentation.

**What the Law Says**
Under Section 4 of the Public Demands Recovery Act, 1913 [ACT-1], a Certificate-officer may sign a certificate stating that a public demand is due when they are satisfied that the demand is recoverable. Similarly, under Section 6 [ACT-2], a Certificate-officer may sign a certificate on receipt of a requisition from a person other than the Collector, stating that the demand is due. The certificate must be filed in the prescribed form and manner.

**What You Should Do Now**
1. Determine which section of the PDR Act applies to your case (Section 4 or Section 6).
2. Prepare the required documentation, including a written requisition in the prescribed form.
3. Submit the requisition to the Certificate-officer, who will review and sign the certificate if satisfied that the demand is recoverable.
4. The Certificate-officer will then file the certificate in their office.

**Evidence to Keep**
- A copy of the written requisition
- A copy of the certificate signed by the Certificate-officer
- Proof of service of the notice required by Section 7 of the PDR Act

**Where to Go / Who to Contact**
Contact the local Collector's office or the Certificate-officer responsible for your area to initiate the process.

**When You Need a Lawyer**
You should consider consulting a lawyer if the certificate-debtor disputes the debt or if you need assistance with the filing process or subsequent enforcement of the certificate.

---
**Sources**
- **[ACT-1]** The Public Demands Recovery Act, 1913, Section 4: Filing of certificate for public demand payable to Collector — Certificate-officer satisfaction and filing *(Status: Active)*
- **[ACT-2]** The Public Demands Recovery Act, 1913, Section 6: Filing of certificate on requisition — recovery by suit not barred, fee inclusion *(Status: Active)*","The Penal Code, 1860",4,False,[],NOT_AVAILABLE,[],"['4', '6', '4', '6', '4', '6', '7', '4', '6']",True,NOT_AVAILABLE,False,[],False,[],,,,
Q064,"The Registration Act, 1908",Define 'Common Intention' under Section 34 of the Penal Code and differentiate it from 'Common Object' under Section 149.,"Answer Details: ○ Section 34 (Common Intention): When a criminal act is done by several persons in furtherance of the common intention of all, each of such persons is liable for that act in the same manner as if it were done by him alone. It requires a prior meeting of minds and active participation. ○ Section 149 (Common Object): Applies to members of an unlawful assembly (5 or more persons). If an offence is committed to achieve the common object of that assembly, every member is liable, even if they did not personally commit the specific criminal act.","**What This Means For You**
When multiple people work together to commit a crime, the law looks at their intentions and goals to determine their individual responsibilities. Understanding the concepts of ""common intention"" and ""common object"" is crucial in such cases.

**What the Law Says**
Under Section 34 of the Penal Code [ACT-1], ""common intention"" refers to a shared intention or goal among multiple individuals to commit a crime. This means that each person involved must have intended to achieve the same outcome, and their actions must have been in furtherance of that shared goal. In contrast, Section 149 of the Penal Code [ACT-2] deals with ""common object"", which refers to a shared goal or purpose among members of an unlawful assembly. If an offence is committed by any member of the assembly in pursuit of that common object, all members can be held liable.

**What You Should Do Now**
1. If you're involved in a situation where multiple people are working together, ensure you understand the intentions and goals of the group.
2. Be aware that if you're part of an unlawful assembly, you could be held liable for offences committed by other members in pursuit of the common object.
3. If you're facing charges related to a crime committed with others, consult a lawyer to understand how the concepts of common intention and common object may apply to your case.

**Evidence to Keep**
- Records of any agreements or discussions among group members
- Evidence of individual actions and intentions
- Witness statements or other relevant documentation

**Where to Go / Who to Contact**
If you need help understanding the law or your specific situation, contact a licensed lawyer or the relevant authorities, such as the Magistrate Court or the Police (999).

**When You Need a Lawyer**
You should seek professional legal help if you're facing charges or being investigated for a crime committed with others, as the concepts of common intention and common object can be complex and require expert guidance.

---
**Sources**
- **[ACT-1]** The Penal Code, 1860, Section 34: Acts done by several persons in furtherance of common intention *(Status: Active)*
- **[ACT-2]** The Penal Code, 1860, Section 149: Every member of unlawful assembly guilty of offence committed in prosecution of common object *(Status: Active)*","The Registration Act, 1908",34,False,[],NOT_AVAILABLE,[],"['34', '149', '34', '149']",True,NOT_AVAILABLE,True,['Penal Code'],False,[],,,,
Q065,"The Specific Relief Act, 1877","Which documents are compulsorily registrable under Section 17 of the Registration Act, 1908?","Answer Details: Section 17 mandates registration for several documents, including: 1. Instruments of gift of immovable property. 2. Non-testamentary instruments which purport or operate to create, declare, assign, limit, or extinguish any right, title, or interest in immovable property valued at 100 Taka or upwards. 3. Leases of immovable property from year to year, or for any term exceeding one year. 4. Instruments transferring or assigning any decree or order of a Court affecting immovable property of value 100 Taka and upwards.","**What This Means For You**
If you're dealing with property or certain legal documents in Bangladesh, you need to know which ones must be registered. This is crucial for ensuring your rights are protected and your documents are legally valid.

**What the Law Says**
Under Section 17 of the Registration Act, 1908 [ACT-1], certain documents are compulsorily registrable. These include instruments of gift of immovable property, non-testamentary instruments that create, declare, assign, limit, or extinguish any right, title, or interest in immovable property, leases of immovable property from year to year or for any term exceeding one year, and non-testamentary instruments that acknowledge the receipt or payment of any consideration on account of the creation, declaration, assignment, limitation, or extinction of any such right, title, or interest.

**What You Should Do Now**
1. Identify if your document falls under any of the categories mentioned in Section 17.
2. Ensure that such documents are registered within the specified timeframe.
3. Consult with a registering officer or a legal professional to guide you through the registration process.

**Evidence to Keep**
- Copies of the registered documents
- Receipts of registration fees
- Any other relevant documents related to the property or transaction

**Where to Go / Who to Contact**
Sub-Registrar's Office or the District Registrar's Office, depending on the location and type of document.

**When You Need a Lawyer**
You should consult a lawyer if you are unsure about the registrability of a document or if you encounter any issues during the registration process.

---
**Sources**
- **[ACT-1]** The Registration Act, 1908, Section 17: Documents of which registration is compulsory — Section 17, registration, document registration, immovable property, property deed, Registration Act, Bangladesh law *(Status: Active)*","The Specific Relief Act, 1877",17,False,[],NOT_AVAILABLE,[],"['17', '17', '17', '17']",True,NOT_AVAILABLE,True,['Registration Act'],False,[],,,,
Q066,"The Suits Valuation Act, 1887",What is the remedy for a person dispossessed of immovable property without his consent under Section 9 of the Specific Relief Act?,"Answer Details: Section 9 provides a summary remedy. If any person is dispossessed without his consent of immovable property otherwise than in due course of law, he (or any person claiming through him) may recover possession by filing a suit. Conditions: The suit must be brought within 6 months from the date of dispossession. No question of title can be raised or determined in such a suit, and no appeal or review lies from any order or decree passed under this section.","**What This Means For You**
If you have been dispossessed of your immovable property without your consent, you have the right to recover possession of it through a lawsuit. This means you can take legal action to get your property back.

**What the Law Says**
Under Section 9 of the Specific Relief Act, 1877 [ACT-1], if any person is dispossessed without their consent of immovable property, they or any person claiming through them may, by suit, recover possession of the property. This section allows you to sue to recover your property, even if the other party claims a different title to the property.

**What You Should Do Now**
1. Gather evidence of your ownership and possession of the property before dispossession.
2. Consult a lawyer to discuss your case and prepare a lawsuit.
3. File a suit in the appropriate court to recover possession of your property.

**Evidence to Keep**
- Documents proving your ownership of the property (e.g., deed, title)
- Proof of possession before dispossession (e.g., utility bills, witness statements)
- Any communication or notices related to the dispossession

**Where to Go / Who to Contact**
You should contact a civil court, such as the District Court or the High Court Division, depending on the value and location of the property. You may also seek advice from a licensed lawyer or contact the Legal Aid office for assistance (Legal Aid: 16430).

**When You Need a Lawyer**
You should consult a lawyer immediately if you have been dispossessed of your immovable property without your consent, as they can guide you through the legal process and help you recover your property.

---
**Sources**
- **[ACT-1]** The Specific Relief Act, 1877, Section 9: Suit by person dispossessed of immoveable property *(Status: Amended)*","The Suits Valuation Act, 1887",9,False,[],NOT_AVAILABLE,[],"['9', '9']",True,NOT_AVAILABLE,True,['Specific Relief Act'],False,[],,,,
Q067,"The Income Tax Act, 2023","What is the object of the Suits Valuation Act, 1887, and how does it relate to the Court Fees Act?","Answer Details: The Act regulates the valuation of suits for determining both pecuniary jurisdiction and court fees. Under Section 8, in suits other than those referred to in the Court Fees Act Section 7, paragraphs v, vi, ix, and x (clause d), the value as determinable for the computation of court fees and the value for purposes of jurisdiction shall be the same.","**What This Means For You**
The Suits Valuation Act, 1887, is a law that helps determine the value of a lawsuit, which affects the court fees you need to pay. This law works together with the Court Fees Act, 1870, to ensure that court fees are calculated fairly.

**What the Law Says**
Under Section 8 of the Suits Valuation Act, 1887, the value of a lawsuit for court fees and jurisdictional purposes is the same. This means that when you file a lawsuit, the value of the claim will determine both the court fees you need to pay and the jurisdiction of the court that will hear your case. The Court Fees Act, 1870, also has provisions for calculating court fees, including ad valorem fees that are based on the value of the subject matter of the lawsuit.

**What You Should Do Now**
1. Determine the value of your lawsuit according to the Suits Valuation Act, 1887, and the Court Fees Act, 1870.
2. Calculate the court fees you need to pay based on the value of your lawsuit.
3. Ensure you have the correct court fees when filing your lawsuit.

**Evidence to Keep**
- Copy of the Suits Valuation Act, 1887
- Copy of the Court Fees Act, 1870
- Calculation of the value of your lawsuit
- Receipt for court fees paid

**Where to Go / Who to Contact**
For more information, contact the District Court or the Supreme Court of Bangladesh. You can also call the Legal Aid helpline at 16430 for guidance.

**When You Need a Lawyer**
You should consult a licensed lawyer if you are unsure about how to calculate the value of your lawsuit or determine the correct court fees, as incorrect calculations can lead to delays or dismissal of your case.

---
**Sources**
- **[ACT-1]** The Court Fees Act, 1870, Section 7: None *(Status: Active)*
- **[ACT-2]** The Court Fees Act, 1870, Section Schedule I: None *(Status: Active)*
- **[ACT-3]** The Court Fees Act, 1870, Section Schedule II: None *(Status: Active)*
- **[ACT-4]** The Suits Valuation Act, 1887, Section 6: [Repealed] [OMITTED] *(Status: Omitted)*
- **[ACT-5]** The Suits Valuation Act, 1887, Section 8: Court-fee value and jurisdictional value to be the same in certain suits — court-fee value, jurisdictional value, ad valorem, valuation, Section 8 *(Status: Active)*
- **[DLR-1]** Bangladesh represented by the Secretary, Ministry of Establishment and others VS Abdul halim miah and others — DLR (AD) 2005 | Appellate Division | 2005
- **[DLR-2]** Yaor Mia (Md) and anothe VS Haji Shah Dhanai Ali and others — DLR (AD) 2005 | Appellate Division | 2005
- **[DLR-3]** Government of the People's Republic of Bangladesh, represented by the DC and another VS Abdur Rahman and others — DLR (AD) 2005 | Appellate Division | 2005
- **[DLR-4]** State VS Abdur Rahim — DLR (AD) 2005 | Appellate Division | 2005","The Income Tax Act, 2023",8,False,[],NOT_AVAILABLE,[],"['8', '7', '6', '8', '8']",True,NOT_AVAILABLE,False,[],False,[],,,,
Q068,"The Stamp Act, 1899","How is the residential status of an individual determined for tax purposes under the Income Tax Act, 2023?","Answer Details: Under the current statutory framework, an individual is considered a resident in Bangladesh for an income year if they stay in Bangladesh: 1. For a period of, or periods amounting in the aggregate to, 182 days or more in that income year; or 2. For a period of, or periods amounting in the aggregate to, 90 days or more in that income year, AND have been in Bangladesh for 365 days or more during the 4 years preceding that income year.","This is not in my verified database. I cannot confirm this. Please consult the Bangladesh Code directly or a licensed lawyer.

---
**Sources**
- **[DLR-1]** Yaor Mia (Md) and anothe VS Haji Shah Dhanai Ali and others — DLR (AD) 2005 | Appellate Division | 2005
- **[DLR-2]** Abdul Kader VS Secretary, Election Commission and others — DLR (AD) 2005 | Appellate Division | 2005
- **[DLR-3]** Government of the People's Republic of Bangladesh, represented by the DC and another VS Abdur Rahman and others — DLR (AD) 2005 | Appellate Division | 2005
- **[DLR-4]** Bangladesh represented by the Secretary, Ministry of Establishment and others VS Abdul halim miah and others — DLR (AD) 2005 | Appellate Division | 2005","The Stamp Act, 1899",,False,[],NOT_AVAILABLE,[],[],N/A,NOT_AVAILABLE,False,[],False,[],,,,
Q069,"The Trademarks Act, 2009","What are the consequences of an instrument not being duly stamped under Section 35 of the Stamp Act, 1899?","Answer Details: Under Section 35, any instrument chargeable with duty shall not be admitted in evidence for any purpose by any person having by law or consent of parties authority to receive evidence, nor shall it be acted upon, registered, or authenticated, unless such instrument is duly stamped. Cure: It can be admitted on payment of the unpaid duty along with a statutory penalty.","**What This Means For You**
If an instrument is not duly stamped, it may not be admitted in evidence in court, which can significantly impact your case. You may be required to pay a penalty and the proper duty to have the instrument accepted. This can cause delays and additional costs.

**What the Law Says**
Under Section 35 of the Stamp Act, 1899 [ACT-1], an instrument that is not duly stamped cannot be admitted in evidence for any purpose. However, if the instrument is not duly stamped, it can still be admitted in evidence on payment of the duty with which it is chargeable, along with a penalty of five Taka, or a sum equal to ten times the amount of the proper duty or deficient portion thereof.

**What You Should Do Now**
1. Check if your instrument is properly stamped to avoid any issues.
2. If your instrument is not duly stamped, pay the required duty and penalty to have it accepted.
3. Consult with a licensed lawyer to understand the specific requirements and consequences for your situation.

**Evidence to Keep**
- A copy of the instrument in question
- Proof of payment of the required duty and penalty
- Any correspondence related to the stamping of the instrument

**Where to Go / Who to Contact**
Contact the Collector's office or a licensed lawyer for guidance on stamping instruments and paying penalties.

**When You Need a Lawyer**
You should consult a lawyer if you are unsure about the stamping requirements for your instrument or if you are facing legal issues due to an improperly stamped instrument.

---
**Sources**
- **[ACT-1]** The Stamp Act, 1899, Section 35: Instruments not duly stamped inadmissible in evidence, etc. *(Status: Active)*","The Trademarks Act, 2009",35,False,[],NOT_AVAILABLE,[],"['35', '35']",True,NOT_AVAILABLE,False,[],False,[],,,,
Q070,"The Transfer of Property Act, 1882 (TPA)","What is the difference between trademark infringement and an action for passing off under the Trademarks Act, 2009?","Answer Details: ○ Infringement: This is a statutory remedy available only to the owner of a registered trademark when another party uses an identical or deceptively similar mark without authorization. ○ Passing Off: This is a common law tort remedy preserved under Section 24 of the Act. It applies to unregistered trademarks. The owner must prove goodwill, misrepresentation by the defendant, and damage/likelihood of damage to their reputation.","**What This Means For You**
The difference between trademark infringement and passing off is crucial in protecting your brand and business. Trademark infringement occurs when someone uses a registered trademark without permission, while passing off involves pretending that one's goods or services are those of another. Understanding the distinction can help you take the right legal action to safeguard your intellectual property.

**What the Law Says**
Under Section 26 [ACT-2] of the Trademarks Act, 2009, trademark infringement occurs when a person uses a mark that is identical or deceptively similar to a registered trademark in relation to goods or services. On the other hand, passing off is an action that involves making a false representation that one's goods or services are those of another, which can cause damage to the goodwill of the original brand. Section 96 [ACT-4] of the Trademarks Act, 2009, states that a suit for passing off can be instituted in a District Court. A court also ruled in various cases that the key to distinguishing between the two is the presence of a registered trademark and the intention to deceive.

**What You Should Do Now**
1. Check if your trademark is registered under the Trademarks Act, 2009.
2. Gather evidence of any unauthorized use of your trademark or any attempt to pass off goods or services as yours.
3. Consult with a lawyer to determine the best course of action, whether it's filing a suit for trademark infringement or passing off.

**Evidence to Keep**
- Proof of trademark registration
- Examples of the infringing mark or passing off
- Documents showing the damage caused to your business

**Where to Go / Who to Contact**
Contact the Department of Patents, Designs and Trademarks (DPDT) or a District Court in Bangladesh for guidance on trademark infringement and passing off cases. You can also reach out to a licensed lawyer specializing in intellectual property law.

**When You Need a Lawyer**
You should consult a lawyer immediately if you suspect that someone is infringing on your registered trademark or attempting to pass off their goods or services as yours, as prompt legal action can help prevent further damage to your brand and business.

---
**Sources**
- **[ACT-2]** Trademarks Act, 2009, Section 26: Infringement of trademarks. *(Status: Active)*
- **[ACT-4]** Trademarks Act, 2009, Section 96: Suit for in infringement, etc., to be instituted before District Court. *(Status: Active)*","Trademarks Act, 2009","24, 26",False,[],NOT_AVAILABLE,[],"['26', '96', '26', '96']",True,NOT_AVAILABLE,False,[],False,[],,,,
Q071,"The Land Reforms Act, 2023",Define the principle of Lis Pendens under Section 52 of the TPA.,"Answer Details: Section 52 provides that during the pendency in any Court of any suit or proceeding which is not collusive and in which any right to immovable property is directly and specifically in question, the property cannot be transferred or otherwise dealt with by any party to the suit so as to affect the rights of any other party under any decree or order which may be made therein, except under the authority of the Court.","**What This Means For You**
The principle of Lis Pendens is a legal concept that affects the transfer of property during a pending lawsuit. It means that if a case is ongoing in court regarding a property, the property cannot be transferred or sold to someone else without the court's permission. This principle is crucial to ensure that the court's decision is not undermined by the transfer of the property during the lawsuit.

**What the Law Says**
Under Section 52 of the Transfer of Property Act, 1882 [ACT-1], the principle of Lis Pendens states that during a pending lawsuit in a court of competent jurisdiction, the property in question cannot be transferred or dealt with by any party to the suit in a way that affects the rights of other parties to the suit. This means that any transfer of the property during the pendency of the suit is subject to the outcome of the lawsuit and may be voidable if it affects the rights of other parties.

**What You Should Do Now**
1. If you are a party to a lawsuit involving a property, do not attempt to transfer or sell the property without the court's permission.
2. If you are considering purchasing a property, verify whether there are any pending lawsuits related to the property.
3. Consult with a lawyer to understand the implications of Lis Pendens on your specific situation.

**Evidence to Keep**
- Copies of the lawsuit documents
- Court orders or judgments related to the property
- Proof of ownership or transfer of the property

**Where to Go / Who to Contact**
Contact the court where the lawsuit is pending or consult with a lawyer specializing in property law.

**When You Need a Lawyer**
You should consult a lawyer if you are a party to a lawsuit involving a property or if you are considering purchasing a property that may be subject to the principle of Lis Pendens.

---
**Sources**
- **[ACT-1]** The Transfer of Property Act, 1882, Section 52: Transfer of property pending suit relating thereto *(Status: Active)*","The Land Reforms Act, 2023",52,False,[],NOT_AVAILABLE,[],"['52', '52']",True,NOT_AVAILABLE,True,['Transfer of Property Act'],False,[],,,,
Q072,"The Non-Agricultural Tenancy Act, 1949 (NAT Act)","What is the statutory ceiling on agricultural land ownership introduced/reaffirmed under the Land Reforms Act, 2023?","Answer Details: The Land Reforms Act, 2023, reaffirms limits on the concentration of agricultural land to ensure equitable distribution. No individual or family is permitted to acquire or hold new agricultural land exceeding 60 bighas in the aggregate. Exemptions apply to cooperative societies, tea estates, industrial plantations, and specialized commercial projects approved by the government.","**What This Means For You**
The Land Reforms Act, 2023, has set a limit on how much agricultural land one person or family can own. This is to ensure fair distribution of land and prevent large landholdings. If you own or plan to acquire agricultural land, you need to be aware of this limit.

**What the Law Says**
Under Section 4 [ACT-1] of the Land Reforms Act, 2023, the statutory ceiling on agricultural land ownership is 60 standard bighas. This means that no person or family can own more than 60 standard bighas of agricultural land. However, there are some exceptions to this rule, such as for land used for tea, coffee, or fruit plantations, or for industrial establishments using the land for raw material production.

**What You Should Do Now**
1. Check how much agricultural land you currently own to ensure you are within the limit.
2. If you plan to acquire more land, make sure you will not exceed the 60 standard bighas limit.
3. Review the exceptions to the rule to see if any apply to your situation.

**Evidence to Keep**
- Records of your current land ownership
- Documents related to any land acquisitions or sales
- Proof of land use (e.g., for tea, coffee, or fruit plantations)

**Where to Go / Who to Contact**
For more information or clarification, contact the Ministry of Lands or the local Land Office.

**When You Need a Lawyer**
You should consult a lawyer if you are unsure about how the land ceiling affects your specific situation or if you are facing legal issues related to land ownership.

---
**Sources**
- **[ACT-1]** Land Reforms Act, 2023, Section 4: Restrictions on acquisition of agricultural land *(Status: Active)*","The Non-Agricultural Tenancy Act, 1949 (NAT Act)",,False,[],NOT_AVAILABLE,[],"['4', '4']",N/A,NOT_AVAILABLE,True,['Land Reforms Act'],False,[],,,,
Q073,"The Partition Act, 1893",Explain the right of pre-emption under Section 24 of the NAT Act.,"Answer Details: Under Section 24, if a portion or share of a non-agricultural land is transferred, the co-sharer tenants or immediate landlords have a right to apply to the court to have the said portion or share transferred to them upon depositing the consideration money along with a statutory compensation amount (typically 10% of the purchase price) within the prescribed limitation window.","**What This Means For You**
The right of pre-emption is a legal right that allows certain individuals to purchase a property before it is sold to others. This right is particularly important for co-sharers or neighbors of the property, as it gives them the opportunity to buy the property at a fair price. However, the specifics of this right can be complex and depend on various factors, including the type of property and the relationships between the parties involved.

**What the Law Says**
Under Section 89 and 96 of the State Acquisition and Tenancy Act, the right of pre-emption is granted to co-sharers or neighbors of the property. According to the Act, when a property is being sold, the co-sharers or neighbors must be notified, and they have the right to purchase the property at the same price as the proposed sale. A court also ruled in Fatema Khatun and others VS Abdul Quddus [DLR-1] that the right of pre-emption for non-notified co-sharers arises from the date of registration of the document under the Registration Act.

**What You Should Do Now**
1. Review the terms of the sale and ensure that all co-sharers or neighbors have been properly notified.
2. If you are a co-sharer or neighbor, consider exercising your right of pre-emption by notifying the seller and offering to purchase the property at the same price.
3. Consult with a lawyer to understand the specifics of your situation and the applicable laws.

**Evidence to Keep**
- Copy of the sale deed
- Notification of the sale to co-sharers or neighbors
- Proof of co-sharer or neighbor status

**Where to Go / Who to Contact**
Contact the local Assistant Commissioner (Land) or the District Collector's office for guidance on the right of pre-emption. You can also reach out to the Bangladesh Legal Aid and Services Trust (BLAST) for legal assistance.

**When You Need a Lawyer**
You should consult a lawyer if you are unsure about your rights or obligations under the State Acquisition and Tenancy Act, or if you are involved in a dispute related to the right of pre-emption.

---
**Sources**
- **[DLR-1]** Fatema Khatun and others VS Abdul Quddus — DLR (AD) 2005 | Appellate Division | 2005","The Partition Act, 1893",24,False,[],NOT_AVAILABLE,[],"['89', '96']",False,NOT_AVAILABLE,True,"['State Acquisition and Tenancy Act', 'Registration Act']",False,[],,,,
Q074,"The State Acquisition and Tenancy Act, 1950 (SAT Act)","When can a court order a sale of property instead of physical division under Section 2 of the Partition Act, 1893?","Answer Details: Under Section 2, whenever in a suit for partition it appears to the court that, by reason of the nature of the property or the number of shareholders, a division of the property cannot reasonably or conveniently be made, and that a sale of the property and distribution of the proceeds would be more beneficial for all the shareholders, the court may, on the request of any of such shareholders interested individually or collectively to the extent of one-half or more, direct a sale.","**What This Means For You**
A court can order a sale of property instead of dividing it physically if it's not reasonable or convenient to divide the property. This can happen when the property's nature, the number of shareholders, or other special circumstances make division impractical. 

**What the Law Says**
Under Section 2 [ACT-1] of the Partition Act, 1893, a court can order a sale of the property and distribution of the proceeds if it appears that a division of the property cannot be reasonably or conveniently made, and a sale would be more beneficial for all shareholders.

**What You Should Do Now**
1. Review your property's details to determine if physical division is feasible.
2. Consult with all shareholders to discuss the possibility of a sale.
3. If necessary, file a suit for partition and request the court to consider a sale under Section 2 of the Partition Act, 1893.

**Evidence to Keep**
- Property documents (deeds, titles, etc.)
- Shareholder agreements or records
- Valuation reports (if applicable)

**Where to Go / Who to Contact**
Contact the District Court or a Civil Court in your area for guidance on filing a partition suit.

**When You Need a Lawyer**
You should consult a lawyer if you're unsure about the partition process or need help navigating the court system to request a sale under Section 2 of the Partition Act, 1893.

---
**Sources**
- **[ACT-1]** The Partition Act, 1893, Section 2: Power to Court to order sale instead of division in partition suits *(Status: Active)*","The State Acquisition and Tenancy Act, 1950 (SAT Act)",2,False,[],NOT_AVAILABLE,[],"['2', '2', '2', '2']",True,NOT_AVAILABLE,False,[],False,[],,,,
Q075,"The Muslim Family Laws Ordinance, 1961","Explain the right of pre-emption under Section 96 of the SAT Act, 1950.","Answer Details: Section 96 allows a co-sharer tenant of a holding to apply to the Civil Court to purchase a portion of land transferred to a stranger. Key Rules: The application must be filed within a strict limitation window from the date of knowledge or registration of the deed, accompanied by the consideration money plus 25% compensation.","**What This Means For You**
The right of pre-emption is a legal right that allows certain individuals to purchase a property before it is sold to others. This right is particularly important for co-sharers or neighboring landowners who may be affected by the sale of the property. Understanding this right can help you protect your interests and make informed decisions about your property.

**What the Law Says**
Under Section 96 of the State Acquisition and Tenancy Act, 1950 [ACT-1], a co-sharer or neighboring landowner has the right to pre-empt a sale of property. According to the law, notice of the sale must be served on the co-sharer(s) of the holding on the date of presentation of the deed for registration. A court also ruled in Fatema Khatun and others VS Abdul Quddus [DLR-1] that the right of pre-emption arises from the date of registration of the document under section 60 of the Registration Act, and the period of limitation for filing a case seeking pre-emption is counted from the date of registration.

**What You Should Do Now**
1. Review your property documents to determine if you are a co-sharer or neighboring landowner with the right of pre-emption.
2. Ensure that you receive proper notice of any sale of the property, as required by law.
3. If you wish to exercise your right of pre-emption, consult with a lawyer to determine the proper procedure and timeline for doing so.

**Evidence to Keep**
- Copy of the property deed
- Notice of sale document
- Registration documents

**Where to Go / Who to Contact**
Contact the local Assistant Commissioner's office or a lawyer specializing in property law for guidance on exercising your right of pre-emption.

**When You Need a Lawyer**
You should consult a lawyer if you receive notice of a sale of property and wish to exercise your right of pre-emption, or if you are unsure about your rights and obligations under the law.

---
**Sources**
- **[ACT-1]** The Transfer of Property Act, 1882, Section 96: Mortgage by deposit of title-deeds *(Status: Active)*
- **[DLR-1]** Fatema Khatun and others VS Abdul Quddus — DLR (AD) 2005 | Appellate Division | 2005","The Muslim Family Laws Ordinance, 1961",96,False,[],NOT_AVAILABLE,[],"['96', '60', '96']",True,NOT_AVAILABLE,True,"['Transfer of Property Act', 'State Acquisition and Tenancy Act', 'Registration Act']",False,[],,,,
Q076,"The Dissolution of Muslim Marriages Act, 1939","What is the statutory requirement for entering into a polygamous marriage under Section 6 of the Muslim Family Laws Ordinance, 1961?","Answer Details: Section 6 mandates that no man, during the subsistence of an existing marriage, shall contract another marriage except with the prior permission in writing of the Arbitration Council. Consequence: Contracting a polygamous marriage without this permission makes the husband liable to immediate payment of the entire dower to the existing wife, potential criminal penalties (imprisonment and/or fine), and requires institutional intervention.","**What This Means For You**
If you're considering entering into a polygamous marriage, you need to follow specific legal requirements to avoid penalties. The law aims to protect the rights of existing wives and ensure that men do not enter into multiple marriages without proper permission.

**What the Law Says**
Under Section 6 of the Muslim Family Laws Ordinance, 1961 [ACT-1], a man cannot contract another marriage during the subsistence of an existing marriage without the previous permission in writing of the Arbitration Council. The application for permission must be submitted to the Chairman in the prescribed manner, along with the prescribed fee, and must state the reasons for the proposed marriage and whether the consent of the existing wife or wives has been obtained.

**What You Should Do Now**
1. Obtain the prescribed application form for permission to contract another marriage.
2. Fill out the form and submit it to the Chairman of the Arbitration Council, along with the required fee.
3. Ensure that you have obtained the consent of your existing wife or wives, if applicable.
4. Wait for the decision of the Arbitration Council, which will consider whether the proposed marriage is necessary and just.

**Evidence to Keep**
- Copy of the application form
- Receipt of the prescribed fee
- Proof of consent from existing wife or wives, if applicable
- Decision of the Arbitration Council

**Where to Go / Who to Contact**
Contact the Union Parishad, Paurashava, or Municipal Corporation in your area to obtain the application form and submit it to the Chairman of the Arbitration Council.

**When You Need a Lawyer**
You should consult a licensed lawyer if you are unsure about the application process or if your application for permission is rejected, and you wish to appeal the decision.

---
**Sources**
- **[ACT-1]** The Muslim Family Laws Ordinance, 1961, Section 6: Polygamy — prior permission of Arbitration Council, second marriage, dower, punishment *(Status: Amended)*","The Dissolution of Muslim Marriages Act, 1939",6,False,[],NOT_AVAILABLE,[],"['6', '6']",True,NOT_AVAILABLE,True,['Muslim Family Laws Ordinance'],False,[],,,,
Q077,"The Hindu Law of Inheritance (Amendment) Act, 1929",On what grounds can a Muslim woman seek a decree for the dissolution of her marriage under Section 2 of the Act?,Answer Details: A woman married under Muslim law is entitled to obtain a decree for the dissolution of her marriage under Section 2 on grounds including: 1. The whereabouts of the husband have been unknown for a period of 4 years. 2. The husband has neglected or failed to provide for her maintenance for a period of 2 years. 3. The husband has been sentenced to imprisonment for a period of 7 years or upwards. 4. The husband has failed to perform his marital obligations for 3 years. 5. Cruelty by the husband.,"This is not in my verified database. I cannot confirm this. Please consult the Bangladesh Code directly or a licensed lawyer.

---
**Sources**
- **[ACT-1]** The Code of Criminal Procedure, 1898, Section 2: Repealed *(Status: Repealed)*
- **[ACT-2]** The Code of Criminal Procedure, 1898, Section 29C: Offences not punishable with death *(Status: Amended)*
- **[ACT-3]** The Code of Criminal Procedure, 1898, Section 198: Prosecution for breach of contract, defamation and offences against marriage *(Status: Active)*
- **[ACT-4]** The Code of Criminal Procedure, 1898, Section 1: Short title Commencement *(Status: Amended)*
- **[ACT-5]** The Code of Criminal Procedure, 1898, Section 3: (1) Omitted *(Status: Amended)*
- **[ACT-6]** The Code of Criminal Procedure, 1898, Section 28: Offences under Penal Code *(Status: Active)*
- **[ACT-7]** The Code of Criminal Procedure, 1898, Section 30: Omitted *(Status: Omitted)*
- **[ACT-8]** The Code of Criminal Procedure, 1898, Section 197: Prosecution of Judges and public servants *(Status: Amended)*
- **[ACT-9]** The Code of Criminal Procedure, 1898, Section 199: Prosecution for adultery or enticing a married woman *(Status: Active)*
- **[DLR-1]** Abdul Kader VS Secretary, Election Commission and others — DLR (AD) 2005 | Appellate Division | 2005
- **[DLR-2]** State VS Abdur Rahim — DLR (AD) 2005 | Appellate Division | 2005
- **[DLR-3]** Bangladesh, represented by the Secretary, Ministry of Works, Housing and Settlement and ors vs Md Abu Bakar and others — DLR (AD) 2005 | Appellate Division | 2005
- **[DLR-4]** Abdul Mannan VS Tayeb Ali and others — DLR (AD) 2006 | Appellate Division | 2006","The Hindu Law of Inheritance (Amendment) Act, 1929",2,False,[],NOT_AVAILABLE,[],"['2', '29C', '198', '1', '3', '28', '30', '197', '199']",True,NOT_AVAILABLE,True,"['Code of Criminal Procedure', 'Penal Code']",False,[],,,,
Q078,The Hindu Married Women's Right to Separate Residence and,Which female heirs were introduced into the line of succession under this amendment act?,"Answer Details: This Act altered the traditional order of succession under Mitakshara law by introducing specific female relatives into the line of inheritance immediately after the paternal grandfather. These include the son's daughter, daughter's daughter, and sister. Maintenance Act, 1946","**What This Means For You**
The amendment act has brought changes to the line of succession, introducing new female heirs. This affects the distribution of property and inheritance rights. Understanding these changes is crucial for individuals with concerns about their property and family.

**What the Law Says**
Under the relevant provisions, the amendment act has introduced daughters, sisters, and other female relatives into the line of succession. A court also ruled in relevant cases that the rights of female heirs must be considered in the distribution of property. However, the specific details of the amendment act are not provided in the verified sources.

**What You Should Do Now**
1. Review your family's property documents and understand the current distribution.
2. Consult with a licensed lawyer to determine how the amendment act affects your specific situation.
3. Gather all relevant documents, including birth and marriage certificates, to establish the relationships between family members.

**Evidence to Keep**
- Property deeds and documents
- Birth and marriage certificates
- Family tree or relationship documents

**Where to Go / Who to Contact**
Contact the District Judge Court or a licensed lawyer for guidance on the amendment act and its implications.

**When You Need a Lawyer**
You should consult a lawyer when you need to understand how the amendment act specifically affects your property and family, and to ensure your rights are protected.

---
**Sources**
- **[DLR-1]** Yaor Mia (Md) and anothe VS Haji Shah Dhanai Ali and others — DLR (AD) 2005 | Appellate Division | 2005
- **[DLR-2]** Fatema Khatun and others VS Abdul Quddus — DLR (AD) 2005 | Appellate Division | 2005
- **[DLR-3]** Government of the People's Republic of Bangladesh, represented by the DC and another VS Abdur Rahman and others — DLR (AD) 2005 | Appellate Division | 2005
- **[DLR-4]** Bangladesh represented by the Secretary, Ministry of Establishment and others VS Abdul halim miah and others — DLR (AD) 2005 | Appellate Division | 2005",The Hindu Married Women's Right to Separate Residence and,,False,[],NOT_AVAILABLE,[],[],N/A,NOT_AVAILABLE,False,[],False,[],,,,
Q079,"The Hindu Marriage Registration Act, 2012",What grounds allow a Hindu married woman to claim separate residence and maintenance under Section 2?,"Answer Details: Under Section 2, a Hindu married woman is entitled to separate residence and maintenance from her husband if: 1. He is suffering from a loathsome disease not contracted from her. 2. He treats her with such cruelty as renders it unsafe or undesirable for her to live with him. 3. He is guilty of desertion. 4. He marries again. 5. He ceases to be a Hindu by conversion.",I could not locate the specific Act you asked about in my verified database. Please consult the Bangladesh Code or a licensed lawyer for this question.,"The Hindu Marriage Registration Act, 2012",2,NOT_AVAILABLE,[],NOT_AVAILABLE,[],[],False,NOT_AVAILABLE,False,[],False,[],,,,
Q080,"The Civil Courts Act, 1887",Is Hindu marriage registration compulsory or optional under the Act of 2012?,"Answer Details: Under the Hindu Marriage Registration Act, 2012, the registration of a Hindu marriage is optional and voluntary. Non-registration does not invalidate a marriage contract or ritual performed under Hindu personal law, but registration serves as definitive documentary proof of the marriage before state authorities. Here is Part 2 of your comprehensive legal Q&A collection. It continues with the same structured, section- by-section breakdown across your 28 listed statutes, picking up from Question 36 to Question 75. To turn this into a PDF, you can append this text directly beneath Part 1 in your word processor before exporting. Part 2: Comprehensive Legal Q&A (Questions 36 to 75)","**What This Means For You**
Hindu marriage registration is a significant step in legally recognizing your union. Under the Hindu Marriage Registration Act 2012, registration is compulsory, meaning you must register your marriage to ensure its legal validity.

**What the Law Says**
Under the Hindu Marriage Registration Act 2012 [UNVERIFIED: [ACT-1]], the law requires that all Hindu marriages be registered. This means that after the marriage ceremony, the couple must register their marriage with the authorities to make it legally recognized. A court may also consider the registration of a Hindu marriage as proof of the marriage's validity.

**What You Should Do Now**
1. Ensure that you and your spouse meet the eligibility criteria for Hindu marriage registration.
2. Gather the required documents, such as proof of age, identity, and residence.
3. Apply for registration of your Hindu marriage at the designated registration office.

**Evidence to Keep**
- Certificate of marriage registration
- Proof of age and identity of both spouses
- Proof of residence of both spouses

**Where to Go / Who to Contact**
You can contact the local Registrar's office or the District Registrar's office for more information on the registration process. You can also reach out to the National Helpline for more general information.

**When You Need a Lawyer**
You should consider consulting a lawyer if you encounter any issues or disputes related to your Hindu marriage registration, or if you need guidance on the legal implications of registration.

---
**Sources**
- **[DLR-1]** Fatema Khatun and others VS Abdul Quddus — DLR (AD) 2005 | Appellate Division | 2005
- **[DLR-2]** Secretary, Ministry of Food Government of Bangladesh and others vs. Md Sirajuddin Ahmed and others — DLR (AD) 2005 | Appellate Division | 2005
- **[DLR-3]** Bangladesh represented by the Secretary, Ministry of Establishment and others VS Abdul halim miah and others — DLR (AD) 2005 | Appellate Division | 2005
- **[DLR-4]** Abdul Kader VS Secretary, Election Commission and others — DLR (AD) 2005 | Appellate Division | 2005

⚠️ **WARNING: Some legal claims or citations in this response could not be verified against the official database.**","The Hindu Marriage Registration Act, 2012","2, 3",True,['ACT-1'],NOT_AVAILABLE,[],[],False,NOT_AVAILABLE,False,[],False,[],,,,
Q081,"The Code of Civil Procedure, 1908 (CPC)","What are the primary rules governing the ""Rejection of a Plaint"" under Order VII, Rule 11?","Answer Details: Order VII, Rule 11 mandates that a plaint shall be rejected by the court under four specific, distinct statutory scenarios: 1. Where it does not disclose a clear cause of action. 2. Where the relief claimed is undervalued, and the plaintiff fails to correct the valuation within the time fixed by the court. 3. Where the relief is properly valued, but the plaint is written upon paper insufficiently stamped, and the plaintiff fails to supply the requisite stamp paper within the court's timeline. 4. Where the suit appears from the statement in the plaint to be barred by any law.","**What This Means For You**
If a plaint is rejected, it means the court has decided not to proceed with the case, and you need to understand the reasons behind this decision. The rules governing the rejection of a plaint are crucial in determining the next steps you can take.

**What the Law Says**
Under Order VII, Rule 11 of the Code of Civil Procedure, the court has the power to reject a plaint in certain circumstances, such as when the plaint does not disclose a cause of action or when the relief claimed is undervalued. The law states that the court may reject a plaint if it is not properly framed or if the plaintiff has no locus standi to file the suit.

**What You Should Do Now**
1. Review the court's order to understand the reasons for rejecting the plaint.
2. Consult with a lawyer to determine if you can file an appeal against the rejection.
3. Consider filing a fresh plaint, if advised by your lawyer, after addressing the deficiencies pointed out by the court.

**Evidence to Keep**
- A copy of the rejected plaint
- The court's order rejecting the plaint
- Any other relevant documents related to the case

**Where to Go / Who to Contact**
Contact the court where the plaint was filed or consult with a licensed lawyer practicing in the relevant jurisdiction.

**When You Need a Lawyer**
You should consult a lawyer immediately if the court rejects your plaint, as they can help you understand the reasons behind the rejection and advise on the next steps to take.

---
**Sources**
- **[ACT-1]** The Code of Criminal Procedure, 1898, Section 11: Judicial Magistrates *(Status: Amended)*
- **[ACT-2]** The Code of Criminal Procedure, 1898, Section 110: Security for good behaviour from habitual offenders *(Status: Active)*
- **[ACT-3]** The Code of Criminal Procedure, 1898, Section 406A: Appeal from order refusing to accept or rejecting a surety *(Status: Active)*
- **[ACT-4]** The Code of Criminal Procedure, 1898, Section 10: Executive Magistrates *(Status: Amended)*
- **[ACT-5]** The Code of Criminal Procedure, 1898, Section 12: Special Magistrate *(Status: Amended)*
- **[ACT-6]** The Code of Criminal Procedure, 1898, Section 109: Security for good behaviour from vagrants and suspected persons *(Status: Active)*
- **[ACT-7]** The Code of Criminal Procedure, 1898, Section 111: Repealed *(Status: Repealed)*
- **[ACT-8]** The Code of Criminal Procedure, 1898, Section 405: Appeal from order rejecting application for restoration of attached property *(Status: Active)*
- **[ACT-9]** The Code of Criminal Procedure, 1898, Section 407: Appeal from sentence of Magistrate of the second or third class *(Status: Amended)*
- **[DLR-1]** Bangladesh represented by the Secretary, Ministry of Establishment and others VS Abdul halim miah and others — DLR (AD) 2005 | Appellate Division | 2005
- **[DLR-2]** Abdul Kader VS Secretary, Election Commission and others — DLR (AD) 2005 | Appellate Division | 2005
- **[DLR-3]** Bangladesh, represented by the Secretary, Ministry of Works, Housing and Settlement and ors vs Md Abu Bakar and others — DLR (AD) 2005 | Appellate Division | 2005
- **[DLR-4]** AHS Rahman vs State — DLR (AD) 2005 | Appellate Division | 2005","The Code of Civil Procedure, 1908 (CPC)",,False,[],NOT_AVAILABLE,[],"['11', '110', '406A', '10', '12', '109', '111', '405', '407']",N/A,NOT_AVAILABLE,True,['Code of Criminal Procedure'],False,[],,,,
Q082,"The Code of Civil Procedure, 1908 (CPC)","What is the distinction between a ""Review"" (Section 114, Order XLVII) and a ""Revision"" (Section 115)?","Answer Details: ○ Review: Filed in the same court that passed the original decree or order. It is permissible on grounds of discovery of new and important matter/evidence, a mistake or error apparent on the face of the record, or any other sufficient reason. ○ Revision: Filed strictly before a superior court (such as the High Court Division or District Judge as per jurisdiction) against a non-appealable order. It addresses errors of jurisdiction—where the subordinate court has exercised a jurisdiction not vested in it, failed to exercise a jurisdiction vested, or acted with material irregularity.","**What This Means For You**
The distinction between a ""Review"" and a ""Revision"" is crucial in understanding the legal process in Bangladesh. A Review is a re-examination of a judgment or order, while a Revision is a re-evaluation of a decision made by a lower court. This distinction affects how and when you can challenge a court's decision.

**What the Law Says**
Under Section 114, Order XLVII of the Code of Civil Procedure [ACT-1], a Review is a process where a court re-examines its own judgment or order. On the other hand, a Revision under Section 115 of the Code of Criminal Procedure [ACT-1] refers to the power of a higher court to re-evaluate a decision made by a lower court. A court also ruled in Bangladesh represented by the Secretary, Ministry of Establishment and others VS Abdul Halim Miah and others [DLR-1] that a Review is not a substitute for an appeal, and it can only be done if there is an error apparent on the face of the record.

**What You Should Do Now**
1. Identify the specific court decision you want to challenge.
2. Determine whether you need to file a Review or a Revision, depending on the nature of the decision and the court that made it.
3. Consult with a lawyer to understand the grounds for Review or Revision and the required procedures.

**Evidence to Keep**
- A copy of the court decision you want to challenge
- Any relevant documents or evidence that support your grounds for Review or Revision

**Where to Go / Who to Contact**
Contact the relevant court, such as the High Court Division or the Appellate Division, depending on the nature of the decision and the court that made it. You can also seek help from a licensed lawyer or the Legal Aid office (16430).

**When You Need a Lawyer**
You should consult a lawyer if you are unsure about the distinction between a Review and a Revision or if you need help with filing a Review or Revision application.

---
**Sources**
- **[ACT-1]** The Code of Criminal Procedure, 1898, Section 115: Copy of order under section to accompany summons or warrant *(Status: Active)*
- **[DLR-1]** Bangladesh represented by the Secretary, Ministry of Establishment and others VS Abdul halim miah and others — DLR (AD) 2005 | Appellate Division | 2005","The Code of Civil Procedure, 1908 (CPC)",,False,[],NOT_AVAILABLE,[],"['114', '115', '115']",N/A,NOT_AVAILABLE,True,['Code of Criminal Procedure'],False,[],,,,
Q083,"The Contract Act, 1872","Under what conditions can a Court order a ""Judgment Debtors"" arrest and detention in civil prison?","Answer Details: Under Section 51 and Order XXI, Rule 37, execution of a decree by detention in prison requires the court to give the judgment-debtor an opportunity to show cause why he should not be committed to prison. The court must be satisfied that the debtor, with the object of obstructing execution, is about to abscond, has dishonestly transferred property, or has the means to pay but refuses/neglects to do so.","**What This Means For You**
If you are a judgment debtor, you may face arrest and detention in civil prison if you fail to pay the debt as ordered by the court. This can have serious consequences, including imprisonment and damage to your reputation.

**What the Law Says**
Under Section 51 of the Code of Civil Procedure [ACT-Not Specified], a court can order the arrest and detention of a judgment debtor in civil prison if the debtor fails to pay the debt or comply with the court's order. However, the specific conditions and procedures for such an order are not specified in the provided verified sources.

**What You Should Do Now**
1. Review the court's order and understand the terms of the debt repayment.
2. Attempt to pay the debt or negotiate a payment plan with the creditor.
3. Seek legal advice from a licensed lawyer if you are unable to pay the debt or require guidance on the court's order.

**Evidence to Keep**
- Copy of the court's order
- Records of debt repayment attempts
- Communication with the creditor

**Where to Go / Who to Contact**
District Court or Magistrate Court where the case was heard | Legal Aid: 16430

**When You Need a Lawyer**
You should consult a lawyer immediately if you receive a court order for your arrest and detention in civil prison or if you are unsure about the conditions and procedures for such an order.

---
**Sources**
- **[ACT-1]** The Code of Criminal Procedure, 1898, Section 124: Power to release persons imprisoned for failing to give security *(Status: Amended)*
- **[ACT-2]** The Code of Criminal Procedure, 1898, Section 167A: Duties of Magistrates in relation to shown arrest and detention *(Status: Active)*
- **[ACT-3]** The Code of Criminal Procedure, 1898, Section 408: Appeal from sentence of Joint Sessions Judge and Magistrates of the first class *(Status: Amended)*
- **[ACT-4]** The Code of Criminal Procedure, 1898, Section 351: Detention of offenders attending Court *(Status: Amended)*
- **[ACT-5]** The Code of Criminal Procedure, 1898, Section 123: Imprisonment in default of security *(Status: Active)*
- **[ACT-6]** The Code of Criminal Procedure, 1898, Section 125: Power of District Magistrate to cancel any bond for keeping the peach or good behaviour *(Status: Amended)*
- **[ACT-7]** The Code of Criminal Procedure, 1898, Section 166: When officer-incharge of police station may require another to issue searchwarrant *(Status: Active)*
- **[ACT-8]** The Code of Criminal Procedure, 1898, Section 168: Code.] Report of investigation by subordinate policeofficer *(Status: Active)*
- **[ACT-9]** The Code of Criminal Procedure, 1898, Section 350: evidence partly recorded by one Magistrate and partly by another *(Status: Active)*
- **[ACT-10]** The Code of Criminal Procedure, 1898, Section 352: Courts to be open *(Status: Active)*
- **[ACT-11]** The Code of Criminal Procedure, 1898, Section 407: Appeal from sentence of Magistrate of the second or third class *(Status: Amended)*
- **[ACT-12]** The Code of Criminal Procedure, 1898, Section 409: Appeals to Court of Session how heard *(Status: Active)*
- **[DLR-1]** Abdul Kader VS Secretary, Election Commission and others — DLR (AD) 2005 | Appellate Division | 2005
- **[DLR-2]** Secretary, Ministry of Food Government of Bangladesh and others vs. Md Sirajuddin Ahmed and others — DLR (AD) 2005 | Appellate Division | 2005
- **[DLR-3]** Government of the People's Republic of Bangladesh, represented by the DC and another VS Abdur Rahman and others — DLR (AD) 2005 | Appellate Division | 2005
- **[DLR-4]** Yogeshwar Gope vs State — DLR (AD) 2005 | Appellate Division | 2005","The Contract Act, 1872",51,False,[],NOT_AVAILABLE,[],"['51', '124', '167A', '408', '351', '123', '125', '166', '168', '350', '352', '407', '409']",True,NOT_AVAILABLE,True,"['Code of Criminal Procedure', 'Code of Civil Procedure']",False,[],,,,
Q084,"The Contract Act, 1872",What is the effect of an agreement where both parties are under a mistake as to a matter of fact under Section 20?,"Answer Details: Section 20 establishes that where both the parties to an agreement are under a mistake as to a matter of fact essential to the agreement, the agreement is completely void. Limitation: Section 21 clarifies that a contract is not voidable merely because it was caused by a mistake as to any law in force in Bangladesh; a mistake as to a foreign law has the same effect as a mistake of fact.","**What This Means For You**
If you and the other party to an agreement are both mistaken about a fact that is essential to the agreement, the agreement may be considered void. This means that the agreement may not be legally binding, and you may not be required to fulfill your obligations under the agreement.

**What the Law Says**
Under Section 20 of the Contract Act, 1872 [ACT-1], an agreement is void where both parties are under a mistake as to a matter of fact essential to the agreement. This means that if both parties to an agreement are mistaken about a fact that is crucial to the agreement, the agreement is considered void. For example, if you agree to buy a cargo of goods that you both believe is on its way from England to Chittagong, but the ship has actually been lost at sea, the agreement would be void.

**What You Should Do Now**
1. Review the agreement to determine if the mistake is essential to the agreement.
2. Consider seeking legal advice to determine the best course of action.
3. If the agreement is void, you may need to negotiate a new agreement or seek compensation for any losses incurred.

**Evidence to Keep**
- A copy of the agreement
- Any correspondence or communication related to the agreement
- Evidence of the mistake, such as documentation of the ship's loss

**Where to Go / Who to Contact**
If you need help with an agreement that may be void due to a mistake, you can contact a lawyer or the Bangladesh Bar Council for guidance.

**When You Need a Lawyer**
You should seek the advice of a licensed Bangladeshi lawyer if you are unsure about the validity of an agreement or if you need help negotiating a new agreement or seeking compensation for losses incurred.

---
**Sources**
- **[ACT-1]** The Contract Act, 1872, Section 20: Agreement void where both parties are under mistake as to matter of fact — agrees *(Status: Amended)*","The Contract Act, 1872",20,False,[],NOT_AVAILABLE,[],"['20', '20']",True,NOT_AVAILABLE,False,[],False,[],,,,
Q085,"The Copyright Act, 2023","Distinguish between ""Liquidated Damages"" and a ""Penalty"" under Section 74 of the Contract Act.","Answer Details: Section 74 eliminates the traditional English common law distinction between liquidated damages and penalties. It states that if a sum is named in the contract as the amount to be paid in case of breach, or if the contract contains any other stipulation by way of penalty, the party complaining of the breach is entitled to receive reasonable compensation not exceeding the amount so named, whether or not actual damage or loss is proved to have been caused.","**What This Means For You**
When a contract is broken, you may be entitled to receive compensation for the loss or damage caused. However, it's essential to understand the difference between ""liquidated damages"" and a ""penalty"" to determine the amount of compensation you can claim. This distinction can significantly impact the outcome of a breach of contract case.

**What the Law Says**
Under Section 74 of the Contract Act, 1872 [ACT-1], a stipulation for a certain amount to be paid in case of a breach of contract can be either a ""liquidated damages"" clause or a ""penalty"". If the stipulated amount is considered a genuine pre-estimate of the damages likely to be suffered in the event of a breach, it is regarded as ""liquidated damages"". On the other hand, if the stipulated amount is excessive and intended to punish the party in breach, it is considered a ""penalty"". The Court will award reasonable compensation, not exceeding the stipulated amount, if it is deemed a ""penalty"".

**What You Should Do Now**
1. Review your contract to determine if it contains a liquidated damages or penalty clause.
2. Assess the circumstances of the breach to determine whether the stipulated amount is a genuine pre-estimate of the damages or an excessive amount intended to punish.
3. Seek legal advice to determine the best course of action and to ensure you receive the appropriate compensation.

**Evidence to Keep**
- A copy of the contract with the relevant clause highlighted
- Documentation of the breach, including dates and details of the incident
- Records of any communications or negotiations with the other party regarding the breach

**Where to Go / Who to Contact**
If you need assistance with a breach of contract case, contact the District Court or a licensed lawyer specializing in contract law. You can also reach out to the Legal Aid services in Bangladesh for guidance and support.

**When You Need a Lawyer**
You should consult a lawyer if the breach of contract is complex, or the amount in dispute is significant, to ensure you receive the appropriate compensation and to navigate the legal process effectively.

---
**Sources**
- **[ACT-1]** The Contract Act, 1872, Section 74: Compensation for breach of contract where penalty stipulated for — stipulation, entitled, reasonable *(Status: Amended)*","The Copyright Act, 2023",74,False,[],NOT_AVAILABLE,[],"['74', '74']",True,NOT_AVAILABLE,False,[],False,[],,,,
Q086,"The Court Fees Act, 1870","What constitutes a statutory assignment of copyright, and what are its formatting mandates?","Answer Details: Under the Copyright Act, 2023, the owner of a copyright can assign the right to any person. Mandates: The assignment must be executed in writing and signed by the assignor or their duly authorized agent. It must explicitly specify the exact rights assigned, the duration of the assignment, the territorial extent, and the amount of royalty or consideration payable. If the duration is not specifically mentioned, it defaults to a statutory limit of 5 years.","**What This Means For You**
In Bangladesh, a statutory assignment of copyright is a legal transfer of ownership of a creative work, such as a book, song, or artwork. This transfer must follow specific rules to be valid. If you're a creator or buyer of intellectual property, understanding these rules is crucial to protect your rights.

**What the Law Says**
Under the Copyright Act, 2000 [UNVERIFIED: [ACT-1]] of Bangladesh, a statutory assignment of copyright must be in writing and signed by the assignor (the original owner). The assignment should include details such as the title of the work, the name and address of the assignor and assignee, and the date of the assignment. A court also ruled in various cases that the assignment should be registered with the Copyright Office to be enforceable.

**What You Should Do Now**
1. Ensure the assignment is in writing and signed by the assignor.
2. Include all necessary details, such as the title of the work and the names and addresses of the parties involved.
3. Register the assignment with the Copyright Office to make it enforceable.

**Evidence to Keep**
- A copy of the written assignment agreement
- Proof of registration with the Copyright Office
- Documentation of the work being assigned, such as manuscripts or recordings

**Where to Go / Who to Contact**
The Department of Patents, Designs and Trademarks (DPDT) under the Ministry of Industries is responsible for copyright registration in Bangladesh. You can contact them for more information on the registration process.

**When You Need a Lawyer**
You should consult a licensed Bangladeshi lawyer if you're unsure about the validity of a copyright assignment or if a dispute arises regarding the ownership of a creative work.

---
**Sources**
- **[DLR-1]** Bangladesh, represented by the Secretary, Ministry of Works, Housing and Settlement and ors vs Md Abu Bakar and others — DLR (AD) 2005 | Appellate Division | 2005
- **[DLR-2]** Fatema Khatun and others VS Abdul Quddus — DLR (AD) 2005 | Appellate Division | 2005
- **[DLR-3]** Secretary, Ministry of Food Government of Bangladesh and others vs. Md Sirajuddin Ahmed and others — DLR (AD) 2005 | Appellate Division | 2005
- **[DLR-4]** Government of Bangladesh and another VS Md Afsar Ali and others — DLR (AD) 2003 | Appellate Division | 2003

⚠️ **WARNING: Some legal claims or citations in this response could not be verified against the official database.**","The Court Fees Act, 1870",,True,['ACT-1'],NOT_AVAILABLE,[],[],N/A,NOT_AVAILABLE,False,[],False,[],,,,
Q087,"The Code of Criminal Procedure, 1898 (CrPC)",What is the procedure if a court finds that the net profits or market value of a suit property has been wrongly estimated under Section 9?,"Answer Details: Under Section 9, if the Court has reason to believe that the market value or net profits of any property have been miscalculated, the Court may issue a commission to any proper person, directing him to make a local investigation and report back. Under Section 10, if it is found undervalued, the Court will require the plaintiff to pay the additional fees within a specified timeframe; if unpaid, the suit will be dismissed.","**What This Means For You**
If a court finds that the net profits or market value of a suit property has been wrongly estimated, it may affect the outcome of your case. You need to understand the correct procedure to follow in such a situation. This is crucial to ensure that your rights are protected and that you receive a fair judgment.

**What the Law Says**
Under Section 9 of the Code of Criminal Procedure, 1898 [ACT-1], the Court of Sessions has the power to establish and appoint judges. However, for the specific issue of wrongly estimated net profits or market value, the relevant law is not explicitly stated in the provided sections. 

**What You Should Do Now**
1. Review the court's decision and identify the specific errors made in estimating the net profits or market value.
2. Consult with your lawyer to determine the best course of action, which may include filing an appeal or a revision petition.
3. Gather all relevant evidence and documents to support your claim, including expert opinions or valuations.

**Evidence to Keep**
- Copies of the court's decision and judgment
- Documents related to the suit property, including deeds and title documents
- Expert opinions or valuations of the property
- Records of any previous estimates or assessments of the property's value

**Where to Go / Who to Contact**
You should consult with your lawyer or contact the Court of Sessions where your case is pending. If you need further assistance, you can also reach out to the Bangladesh Supreme Court or the Ministry of Law, Justice and Parliamentary Affairs.

**When You Need a Lawyer**
You should consult a lawyer immediately if you receive a court decision that you believe contains errors in estimating the net profits or market value of a suit property, as this may significantly impact the outcome of your case.

---
**Sources**
- **[ACT-1]** The Code of Criminal Procedure, 1898, Section 9: Court of Sessions *(Status: Amended)*","The Court-fees Act, 1870","9, 10",False,[],NOT_AVAILABLE,[],"['9', '9']",True,NOT_AVAILABLE,True,['Code of Criminal Procedure'],False,[],,,,
Q088,"The Code of Criminal Procedure, 1898 (CrPC)",Explain the statutory power of a Magistrate to issue an order in urgent cases of nuisance or apprehended danger under Section 144.,"Answer Details: Section 144 empowers an Executive Magistrate, specially empowered by the Government, to issue an absolute or conditional written order directing any person to abstain from a certain act if the Magistrate considers that such direction is likely to prevent obstruction, annoyance, injury, or danger to human life, health, or safety, or a riot/affray. Duration: Such temporary orders cannot remain in force for more than 2 months unless extended by the government via official notification.","**What This Means For You**
A Magistrate has the power to issue an order to prevent nuisance or danger to public safety, and this order can be made quickly in urgent cases. This means that if there's a situation that could harm people or cause trouble, a Magistrate can step in to stop it. This power is important for maintaining public order and safety.

**What the Law Says**
Under Section 144 [ACT-1] of the Code of Criminal Procedure, 1898, a Magistrate can issue an order to prevent nuisance or danger to public safety. The law says that a Magistrate can direct any person to abstain from a certain act or to take certain action with certain property if the Magistrate thinks it's necessary to prevent obstruction, annoyance, or injury to people, or to prevent danger to human life, health, or safety. This order can be made without notice to the person, in cases of emergency.

**What You Should Do Now**
1. If you're affected by a Magistrate's order under Section 144, you should receive a written order stating the reasons and the actions you need to take.
2. You can apply to the Magistrate to have the order rescinded or altered if you think it's unfair or unnecessary.
3. If you're concerned about a potential nuisance or danger, you can report it to the police or the local authorities, who can then inform the Magistrate.

**Evidence to Keep**
- A copy of the written order issued by the Magistrate
- Any evidence of the nuisance or danger that led to the order
- Records of any communication with the Magistrate or the authorities

**Where to Go / Who to Contact**
If you need to report a nuisance or danger, you can contact your local police station or the office of the District Magistrate. You can also seek help from a lawyer or a legal aid organization.

**When You Need a Lawyer**
You should consider seeking the help of a lawyer if you're affected by a Magistrate's order under Section 144 and you want to challenge it or have it altered, as this can be a complex legal process.

---
**Sources**
- **[ACT-1]** The Code of Criminal Procedure, 1898, Section 144: Power to issue order *(Status: Active)*","The Code of Criminal Procedure, 1898 (CrPC)",144,False,[],NOT_AVAILABLE,[],"['144', '144', '144', '144']",True,NOT_AVAILABLE,False,[],False,[],,,,
Q089,"The Code of Criminal Procedure, 1898 (CrPC)",What is the procedure for recording a confession by a Magistrate under Section 164?,"Answer Details: Section 164 allows any Metropolitan Magistrate or Magistrate of the first class to record statements or confessions made during an investigation. Mandatory Safeguards: 1. The Magistrate must explain to the accused person that he is not bound to make a confession and that if he does so, it may be used as evidence against him. 2. The Magistrate must not record it unless he believes it was made voluntarily. 3. A signed statutory memorandum must be appended at the foot of the record confirming these warnings.","**What This Means For You**
If you are accused of a crime, you have the right to make a confession, but it must be recorded properly by a Magistrate. This means that the Magistrate will explain your rights to you and make sure that you are making the confession voluntarily.

**What the Law Says**
Under Section 164 [ACT-1] of the Code of Criminal Procedure, 1898, a Magistrate can record a confession made by an accused person. The Magistrate must explain to the person that they are not bound to make a confession and that if they do, it may be used as evidence against them. The Magistrate must also believe that the confession is being made voluntarily. The confession must be recorded in the manner provided in Section 364 of the Code, and the Magistrate must make a memorandum at the foot of the record stating that they believe the confession was made voluntarily.

**What You Should Do Now**
1. If you are accused of a crime, make sure you understand your rights before making any statements.
2. If you do decide to make a confession, ensure that it is recorded by a Magistrate in the presence of a witness.
3. Do not make any statements without first consulting with a lawyer.

**Evidence to Keep**
- A copy of the recorded confession
- Any witness statements
- A record of the Magistrate's memorandum

**Where to Go / Who to Contact**
If you need to make a confession or have any questions about the procedure, you should contact the Magistrate Court or a licensed lawyer.

**When You Need a Lawyer**
You should consult a lawyer as soon as possible if you are accused of a crime and are considering making a confession, as they can advise you on your rights and the potential consequences of making a confession.

---
**Sources**
- **[ACT-1]** The Code of Criminal Procedure, 1898, Section 164: Power to record statements and confessions *(Status: Amended)*","The Code of Criminal Procedure, 1898 (CrPC)",164,False,[],NOT_AVAILABLE,[],"['164', '364', '164']",True,NOT_AVAILABLE,False,[],False,[],,,,
Q090,"The Evidence Act, 1872","What is the difference between an ""Acquittal"" and a ""Discharge"" under the CrPC?","Answer Details: ○ Discharge (Sections 241A, 265C): Occurs at the initial stage of the criminal proceedings before charges are formally framed. It happens when the Magistrate or Sessions Judge considers the charge groundless after perusing the police report and case documents. It does not bar a fresh trial if new facts emerge. ○ Acquittal (Sections 245, 265H): Occurs at the conclusion of a full trial when the court finds the accused not guilty after recording evidence from both sides. It operates as a absolute bar to a second trial for the same offence under Section 403 (Autrefois Acquit).","**What This Means For You**
If you're facing a criminal case, understanding the difference between acquittal and discharge is crucial. Acquittal means you're found not guilty, while discharge means the case against you is dropped, but you might still be retried. This distinction can significantly impact your future.

**What the Law Says**
Under Section 255 [ACT-1] of the Code of Criminal Procedure, 1898, an acquittal is when the court finds the accused not guilty and releases them from the charge. On the other hand, discharge under Section 249 [ACT-1] of the same code means the court drops the case against the accused due to lack of evidence, but it doesn't necessarily mean the accused is innocent. A court also ruled in a case [DLR-4] that the distinction between acquittal and discharge is crucial in determining the outcome of a case.

**What You Should Do Now**
1. If you're accused of a crime, understand the charges against you and the evidence presented.
2. Consult a lawyer to determine the best course of action for your case.
3. Keep track of the court proceedings and the judge's decisions.

**Evidence to Keep**
- Copies of the charge sheet
- Witness statements
- Any physical evidence related to the case

**Where to Go / Who to Contact**
For legal assistance, contact the District Court or the Metropolitan Magistrate Court, depending on the nature of your case. You can also reach out to the Legal Aid services at 16430 for guidance.

**When You Need a Lawyer**
You should consult a lawyer as soon as you're accused of a crime or receive a summons to appear in court.

---
**Sources**
- **[ACT-1]** The Code of Criminal Procedure, 1898, Section 241A: When accused shall be discharged *(Status: Active)*
- **[DLR-4]** Bangladesh represented by the Secretary, Ministry of Establishment and others VS Abdul halim miah and others — DLR (AD) 2005 | Appellate Division | 2005","The Evidence Act, 1872",241A,False,[],NOT_AVAILABLE,[],"['255', '249', '241A']",True,NOT_AVAILABLE,True,['Code of Criminal Procedure'],False,[],,,,
Q091,"The Evidence Act, 1872","What are the statutory rules governing a ""Dying Declaration"" under Section 32(1)?","Answer Details: Under Section 32(1), statements, written or verbal, of relevant facts made by a person who is dead are admissible when the statement is made by a person as to the cause of his death, or as to any of the circumstances of the transaction which resulted in his death, in cases in which the cause of that person's death comes into question. Validity Criterion: It is admissible even if the person was not under expectation of death at the time the statement was made.","**What This Means For You**
A dying declaration is a statement made by a person who believes they are about to die, regarding the cause or circumstances of what they believe to be their impending death. This type of statement can be crucial in criminal investigations and trials. Understanding the rules governing dying declarations is essential for individuals involved in such cases.

**What the Law Says**
Under Section 32(1) of the Code of Criminal Procedure, 1898 [ACT-1], a dying declaration is admissible as evidence in court. The section states that statements made by a person who believes they are about to die, concerning the cause or circumstances of what they believe to be their impending death, are relevant and can be used as evidence.

**What You Should Do Now**
1. If you or someone you know has made a dying declaration, ensure that it is documented properly and witnessed if possible.
2. Inform the police or relevant authorities about the declaration as soon as possible.
3. If you are a witness to a dying declaration, be prepared to testify about what you heard or saw.

**Evidence to Keep**
- Any written or recorded statement of the dying declaration
- Names and contact information of witnesses to the declaration
- Medical records or reports related to the person's condition at the time of the declaration

**Where to Go / Who to Contact**
Contact your local police station or the nearest magistrate court to report the dying declaration. You can also reach out to legal aid services for guidance on the process.

**When You Need a Lawyer**
You should consult a lawyer if you are involved in a case where a dying declaration is being used as evidence, or if you need legal advice on how to proceed with documenting and presenting a dying declaration in court.

---
**Sources**
- **[ACT-1]** The Code of Criminal Procedure, 1898, Section 32: Sentences which Magistrates may pass *(Status: Amended)*","The Evidence Act, 1872",32(1),False,[],NOT_AVAILABLE,[],"['32(1)', '32']",True,NOT_AVAILABLE,True,['Code of Criminal Procedure'],False,[],,,,
Q092,"The Bangladesh Labour Act, 2006","Explain the principle of ""Estoppel"" under Section 115 of the Evidence Act.","Answer Details: Section 115 defines Estoppel: When one person has, by his declaration, act or omission, intentionally caused or permitted another person to believe a thing to be true and to act upon such belief, neither he nor his representative shall be allowed, in any suit or proceeding between himself and such person or his representative, to deny the truth of that thing. It acts as a rule of evidence that prevents a party from blowing hot and cold.","**What This Means For You**
The principle of ""Estoppel"" is a legal concept that prevents someone from denying or asserting something that is contrary to what they have previously stated or done. This means that if you have made a statement or taken an action that has led someone to believe something, you may be prevented from later denying or contradicting that statement or action.

**What the Law Says**
Under Section 115 of the Evidence Act, 1872 [ACT-1], Estoppel is defined as a situation where one person has, by their declaration, act, or omission, intentionally caused or permitted another person to believe a thing to be true, and to act upon such belief. The law states that neither the person who made the statement nor their representative can later deny the truth of that statement in any suit or proceeding between themselves and the person who was led to believe it.

**What You Should Do Now**
1. Be aware of the statements you make and the actions you take, as they can have legal consequences.
2. Ensure that you are consistent in your statements and actions to avoid being estopped from denying or contradicting them later.
3. If you have made a statement or taken an action that you later want to contradict, seek legal advice to understand your options and potential consequences.

**Evidence to Keep**
- Records of any statements or actions that may be relevant to an estoppel claim
- Correspondence or communications that may be used to establish an estoppel
- Documentation of any circumstances that may have led someone to believe something based on your statement or action

**Where to Go / Who to Contact**
If you need to understand how estoppel applies to your specific situation, contact a licensed lawyer or the Bangladesh Bar Council for guidance.

**When You Need a Lawyer**
You should consult a lawyer if you are involved in a dispute where estoppel is being claimed, or if you need to understand how estoppel applies to your specific situation and potential legal consequences.

---
**Sources**
- **[ACT-1]** The Evidence Act, 1872, Section 115: Estoppel — one, has, declaration, act, omission, intentionally, caused, permitted *(Status: Active)*","The Bangladesh Labour Act, 2006",115,False,[],NOT_AVAILABLE,[],"['115', '115']",True,NOT_AVAILABLE,True,['Evidence Act'],False,[],,,,
Q093,"The Limitation Act, 1908","What is the statutory layout for ""Maternity Benefit"" calculations and leave periods under Section 46?","Answer Details: Under Section 46, every woman worker is entitled to maternity leave for a total period of 16 weeks (8 weeks preceding the expected day of delivery and 8 weeks immediately following delivery). Eligibility: She must have worked under the employer for a total period of not less than 6 months immediately preceding the date of her delivery. Payment is calculated based on her average daily or weekly wage across the immediate past 3 months.","This is not in my verified database. I cannot confirm this. Please consult the Bangladesh Code directly or a licensed lawyer.

---
**Sources**
- **[DLR-1]** Secretary, Ministry of Food Government of Bangladesh and others vs. Md Sirajuddin Ahmed and others — DLR (AD) 2005 | Appellate Division | 2005
- **[DLR-2]** Yaor Mia (Md) and anothe VS Haji Shah Dhanai Ali and others — DLR (AD) 2005 | Appellate Division | 2005
- **[DLR-3]** State VS Abdur Rahim — DLR (AD) 2005 | Appellate Division | 2005
- **[DLR-4]** Fatema Khatun and others VS Abdul Quddus — DLR (AD) 2005 | Appellate Division | 2005","The Limitation Act, 1908",46,False,[],NOT_AVAILABLE,[],[],False,NOT_AVAILABLE,False,[],False,[],,,,
Q094,"The Negotiable Instruments Act, 1881 (NI Act)","How does ""Legal Disability"" affect the calculation of limitation periods under Section 6?","Answer Details: Under Section 6, if a person entitled to institute a suit or make an application for the execution of a decree is, at the time from which the period of limitation is to be reckoned, a minor, insane, or an idiot, he may institute the suit or make the application within the same period after the disability has ceased, as would otherwise have been allowed from the time prescribed.","**What This Means For You**
If you have a legal disability, it may affect how the time limit for filing a case is calculated. This is important because it can give you more time to file your case.

**What the Law Says**
Under Section 6 of the Limitation Act, 1908 is not mentioned in the provided acts, however,  the concept of ""legal disability"" can be related to Section 6 of the Code of Criminal Procedure, 1898, which talks about the classes of criminal courts in Bangladesh. However, the concept of ""legal disability"" is more closely related to the Limitation Act, which is not provided in the given acts. 

**What You Should Do Now**
1. Check the specific law that applies to your situation to see how ""legal disability"" affects the time limit for filing a case.
2. Consult with a licensed lawyer to understand how ""legal disability"" applies to your specific situation.
3. Gather all relevant documents and evidence to support your case.

**Evidence to Keep**
- Documents related to your legal disability
- Records of any communication with the opposing party
- Any other relevant evidence

**Where to Go / Who to Contact**
Contact a licensed lawyer or the District Court to understand how ""legal disability"" affects the calculation of limitation periods in your specific situation.

**When You Need a Lawyer**
You should consult a lawyer as soon as possible to determine how ""legal disability"" affects the calculation of limitation periods in your case, to avoid missing the time limit for filing.

---
**Sources**
- **[ACT-1]** The Code of Criminal Procedure, 1898, Section 6: Classes of Criminal Courts *(Status: Amended)*
- **[ACT-2]** The Code of Criminal Procedure, 1898, Section 16: Power to frame rules for guidance of Benches *(Status: Active)*
- **[ACT-3]** The Code of Criminal Procedure, 1898, Section 1: Short title Commencement *(Status: Amended)*
- **[ACT-4]** The Code of Criminal Procedure, 1898, Section 2: Repealed *(Status: Repealed)*
- **[ACT-5]** The Code of Criminal Procedure, 1898, Section 3: (1) Omitted *(Status: Amended)*
- **[ACT-6]** The Code of Criminal Procedure, 1898, Section 4: Definitions *(Status: Amended)*
- **[ACT-7]** The Code of Criminal Procedure, 1898, Section 5: Trial of offences *(Status: Active)*
- **[ACT-8]** The Code of Criminal Procedure, 1898, Section 7: Sessions divisions and districts *(Status: Amended)*
- **[ACT-9]** The Code of Criminal Procedure, 1898, Section 15: Benches of Magistrates *(Status: Active)*
- **[ACT-10]** The Code of Criminal Procedure, 1898, Section 17: Subordination of Executive,Judicial and Metropolitan Magistrates *(Status: Amended)*
- **[DLR-1]** Abdul Kader VS Secretary, Election Commission and others — DLR (AD) 2005 | Appellate Division | 2005
- **[DLR-2]** Abdul Mannan VS Tayeb Ali and others — DLR (AD) 2006 | Appellate Division | 2006
- **[DLR-3]** Fatema Khatun and others VS Abdul Quddus — DLR (AD) 2005 | Appellate Division | 2005
- **[DLR-4]** Government of Bangladesh and another VS Md Afsar Ali and others — DLR (AD) 2003 | Appellate Division | 2003","The Negotiable Instruments Act, 1881 (NI Act)",6,False,[],NOT_AVAILABLE,[],"['6', '6', '6', '16', '1', '2', '3', '4', '5', '7', '15', '17']",True,NOT_AVAILABLE,True,"['Code of Criminal Procedure', 'Limitation Act']",False,[],,,,
Q095,"The Public Demands Recovery Act, 1913 (PDR Act)",What are the statutory presumptions regarding negotiable instruments under Section 118?,"Answer Details: Section 118 mandates that until the contrary is proved, the following presumptions shall be made: 1. Of Consideration: That every negotiable instrument was made or drawn for consideration. 2. As to Date: That it was drawn on the date it bears. 3. As to Time of Acceptance: That it was accepted within a reasonable time after its date and before its maturity. 4. As to Order of Indorsements: That the indorsements appearing upon it were made in the order in which they appear.","**What This Means For You**
If you're dealing with negotiable instruments like checks or bills of exchange, there are certain assumptions the law makes to simplify transactions and protect holders. These presumptions can affect how disputes are resolved and who bears the responsibility.

**What the Law Says**
Under Section 118 [ACT-1] of the Negotiable Instruments Act, 1881, certain presumptions are made regarding negotiable instruments. The law presumes that every negotiable instrument was made or drawn for consideration, and that every such instrument, when it has been accepted, indorsed, negotiated, or transferred, was accepted, indorsed, negotiated, or transferred for consideration. Additionally, it presumes that every negotiable instrument bearing a date was made or drawn on that date, and that every accepted bill of exchange was accepted within a reasonable time after its date and before its maturity.

**What You Should Do Now**
1. Ensure all negotiable instruments are properly dated and signed.
2. Keep records of all transactions involving negotiable instruments.
3. Verify the authenticity and validity of negotiable instruments before accepting them.

**Evidence to Keep**
- Copies of all negotiable instruments
- Records of transactions, including dates and amounts
- Proof of consideration for each instrument

**Where to Go / Who to Contact**
For legal advice on negotiable instruments, contact a licensed lawyer or visit the Bangladesh Bar Council. For general inquiries, you can also reach out to the Bangladesh Bank or the relevant commercial bank's customer service.

**When You Need a Lawyer**
You should consult a lawyer if you are involved in a dispute over a negotiable instrument or if you need guidance on how these presumptions apply to your specific situation.

---
**Sources**
- **[ACT-1]** The Negotiable Instruments Act, 1881, Section 118: Presumptions as to negotiable instruments *(Status: Active)*","The Public Demands Recovery Act, 1913 (PDR Act)",118,False,[],NOT_AVAILABLE,[],"['118', '118']",True,NOT_AVAILABLE,False,[],False,[],,,,
Q096,"The Penal Code, 1860",How can a certificate-debtor challenge a filed certificate under Section 9?,"Answer Details: Under Section 9, a certificate-debtor may, within 30 days from the service of the notice under Section 7, or where no notice has been served, within 30 days from the execution of any process for enforcing the certificate, file a written petition of objection denying his liability in whole or in part before the Certificate-officer. The officer will then hear and determine the objection under Section 10.","**What This Means For You**
If a certificate has been filed against you under Section 9, you have the right to challenge it. This is a crucial step to protect your rights and interests. You should take immediate action to respond to the certificate.

**What the Law Says**
Under Section 9 of the [Act Name], a certificate-debtor can challenge a filed certificate by making an application to the Court. The Court will then hear the application and decide whether the certificate is valid or not. A court also ruled in relevant cases that the challenge should be made in a timely manner and with proper grounds.

**What You Should Do Now**
1. Review the certificate and identify the grounds for challenging it.
2. Prepare an application to the Court, stating the reasons for challenging the certificate.
3. File the application with the Court and serve a copy to the certificate-creditor.

**Evidence to Keep**
- A copy of the certificate
- A copy of the application challenging the certificate
- Any supporting documents or evidence

**Where to Go / Who to Contact**
You should file the application with the Court where the certificate was filed. You can contact the Court Registrar or a lawyer for guidance on the process.

**When You Need a Lawyer**
You should consider hiring a lawyer if the certificate-debtor's challenge is complex or if the amount involved is significant, as a lawyer can provide expert guidance and representation in Court.

---
**Sources**
- **[ACT-1]** The Code of Criminal Procedure, 1898, Section 9: Court of Sessions *(Status: Amended)*
- **[ACT-2]** The Code of Criminal Procedure, 1898, Section 498: Power to direct admission to bail or reduction of bail (Anticipatory Bail / Agam Jamin) *(Status: Active)*
- **[ACT-3]** The Code of Criminal Procedure, 1898, Section 1: Short title Commencement *(Status: Amended)*
- **[ACT-4]** The Code of Criminal Procedure, 1898, Section 2: Repealed *(Status: Repealed)*
- **[ACT-5]** The Code of Criminal Procedure, 1898, Section 3: (1) Omitted *(Status: Amended)*
- **[ACT-6]** The Code of Criminal Procedure, 1898, Section 4: Definitions *(Status: Amended)*
- **[ACT-7]** The Code of Criminal Procedure, 1898, Section 5: Trial of offences *(Status: Active)*
- **[ACT-8]** The Code of Criminal Procedure, 1898, Section 8: Power to divide districts into Upazilas etc *(Status: Amended)*
- **[ACT-9]** The Code of Criminal Procedure, 1898, Section 10: Executive Magistrates *(Status: Amended)*
- **[DLR-1]** Abdul Kader VS Secretary, Election Commission and others — DLR (AD) 2005 | Appellate Division | 2005
- **[DLR-2]** Secretary, Ministry of Food Government of Bangladesh and others vs. Md Sirajuddin Ahmed and others — DLR (AD) 2005 | Appellate Division | 2005
- **[DLR-3]** Fatema Khatun and others VS Abdul Quddus — DLR (AD) 2005 | Appellate Division | 2005
- **[DLR-4]** Anarul Islam (Md) and others vs. State and another — DLR (AD) 2005 | Appellate Division | 2005","The Penal Code, 1860",9,False,[],NOT_AVAILABLE,[],"['9', '9', '9', '498', '1', '2', '3', '4', '5', '8', '10']",True,NOT_AVAILABLE,True,['Code of Criminal Procedure'],False,[],,,,
Q097,"The Registration Act, 1908","What constitutes ""Culpable Homicide"" under Section 299, and how does it differ from ""Murder"" under Section 300?","Answer Details: ○ Culpable Homicide (Section 299): Whoever causes death by doing an act with the intention of causing death, or with the intention of causing such bodily injury as is likely to cause death, or with the knowledge that he is likely by such act to cause death. ○ Murder (Section 300): Culpable homicide is murder if the act by which death is caused is done with the absolute intention of causing death, or if the bodily injury intended is sufficient in the ordinary course of nature to cause death, or the act is so imminently dangerous that it must in all probability cause death. Section 300 contains specific, higher thresholds of certainty and malicious intent, alongside 5 explicit statutory exceptions.","**What This Means For You**
Culpable homicide and murder are two serious crimes that involve causing the death of another person. Understanding the difference between them is crucial to know your rights and the potential consequences. If you or someone you know is involved in a situation where someone has died, it's essential to understand the legal implications.

**What the Law Says**
Under Section 299 of the Penal Code, 1860 [ACT-1], culpable homicide is defined as causing death by doing an act with the intention of causing death, or with the intention of causing such bodily injury as is likely to cause death, or with the knowledge that the act is likely to cause death. On the other hand, under Section 300 of the Penal Code, 1860 [ACT-2], murder is defined as culpable homicide with the intention of causing death, or with the intention of causing such bodily injury as the offender knows to be likely to cause death. The key difference between the two is the intention and knowledge of the offender. A court also ruled in various cases, including those under [DLR-1], that the distinction between culpable homicide and murder depends on the circumstances and the offender's state of mind.

**What You Should Do Now**
1. If you are involved in a situation where someone has died, seek legal advice immediately.
2. Understand the circumstances surrounding the death and gather any relevant evidence.
3. Cooperate with the authorities and provide a statement to the police.

**Evidence to Keep**
- Any witness statements
- Medical reports
- Police reports
- Any other relevant documents or evidence

**Where to Go / Who to Contact**
If you need to report a death or seek legal advice, contact the local police station or a licensed lawyer. You can also reach out to the Legal Aid helpline at 16430 or the Police helpline at 999.

**When You Need a Lawyer**
You should consult a lawyer immediately if you are accused of culpable homicide or murder, as these are serious crimes that can result in severe penalties, including imprisonment.

---
**Sources**
- **[ACT-1]** The Penal Code, 1860, Section 299: Culpable homicide *(Status: Active)*
- **[ACT-2]** The Penal Code, 1860, Section 300: Murder *(Status: Active)*
- **[DLR-1]** Abdul Mannan VS Tayeb Ali and others — DLR (AD) 2006 | Appellate Division | 2006","The Registration Act, 1908",299,False,[],NOT_AVAILABLE,[],"['299', '300', '299', '300']",True,NOT_AVAILABLE,True,['Penal Code'],False,[],,,,
Q098,"The Specific Relief Act, 1877",What is the time limit for presenting a document for compulsory registration under Section 23?,"Answer Details: Under Section 23, subject to certain statutory exceptions (such as a Will), no document other than a will shall be accepted for registration unless presented for that purpose to the proper officer within 4 months from the date of its execution.","**What This Means For You**
The time limit for presenting a document for compulsory registration is crucial to ensure your property rights are protected. If you miss this deadline, your document may not be registered, and your rights could be at risk.

**What the Law Says**
Under Section 23 of the Registration Act, 1908, [ACT-5] does not explicitly state this, but according to the Registration Act, 1908, a document must be presented for registration within four months from the date of execution. 

**What You Should Do Now**
1. Check the date of execution of your document to determine the deadline for registration.
2. Ensure you present your document for registration at the Sub-Registrar's office within the four-month time limit.
3. Verify that the registration process is completed correctly to avoid any potential issues.

**Evidence to Keep**
- A copy of the executed document
- Proof of payment of registration fees
- Receipt from the Sub-Registrar's office

**Where to Go / Who to Contact**
Sub-Registrar's office in your area, or contact the Ministry of Law, Justice and Parliamentary Affairs for more information.

**When You Need a Lawyer**
You should consult a lawyer if you are unsure about the registration process or if you have missed the deadline for presenting your document for registration.

---
**Sources**
- **[ACT-5]** The Transfer of Property Act, 1882, Section 3: Interpretation clause *(Status: Active)*","The Specific Relief Act, 1877",23,False,[],NOT_AVAILABLE,[],"['23', '3']",True,NOT_AVAILABLE,True,"['Transfer of Property Act', 'Registration Act']",False,[],,,,
Q099,"The Suits Valuation Act, 1887","Under what circumstances can a contract be ""Specifically Enforced"" under Section 12?","Answer Details: Section 12 establishes that the specific performance of any contract may, in the discretion of the Court, be enforced: 1. When the act agreed to be done is in the performance, wholly or partly, of a trust. 2. When there exists no standard for ascertaining the actual damage caused by the non-performance of the act. 3. When the act agreed to be done is such that pecuniary compensation for its non- performance would not afford adequate relief.","**What This Means For You**
A contract can be specifically enforced under certain circumstances, which means a court can order a party to perform their obligations as stated in the contract. This is important because it ensures that the terms of the contract are upheld and the parties' agreements are respected.

**What the Law Says**
Under Section 12 of the Specific Relief Act, 1877 [ACT-1], a contract can be specifically enforced when the act agreed to be done is in the performance of a trust, or when there is no standard for ascertaining the actual damage caused by non-performance, or when pecuniary compensation for non-performance would not afford adequate relief, or when it is probable that pecuniary compensation cannot be got for the non-performance.

**What You Should Do Now**
1. Review your contract to see if it meets the conditions for specific enforcement under Section 12.
2. If you believe your contract should be specifically enforced, consult with a lawyer to discuss your options.
3. Gather all relevant documents and evidence related to the contract and the dispute.

**Evidence to Keep**
- A copy of the contract
- Communication records with the other party
- Proof of performance or non-performance of obligations

**Where to Go / Who to Contact**
Contact a lawyer specializing in contract law or visit the District Court or High Court Division of the Supreme Court of Bangladesh.

**When You Need a Lawyer**
You should consult a lawyer if the other party is refusing to perform their obligations under the contract and you want to seek specific enforcement.

---
**Sources**
- **[ACT-1]** The Specific Relief Act, 1877, Section 12: Cases in which specific performance enforceable *(Status: Amended)*","The Suits Valuation Act, 1887",12,False,[],NOT_AVAILABLE,[],"['12', '12', '12']",True,NOT_AVAILABLE,True,['Specific Relief Act'],False,[],,,,
Q100,"The Income Tax Act, 2023",What are the consequences of entertaining a suit beyond a court's pecuniary limits due to overvaluation/undervaluation under Section 11?,Answer Details: Section 11 states that an objection that a Court which had no jurisdiction with respect to a suit or appeal did entertain it by reason of overvaluation or undervaluation shall not be entertained by an Appellate Court unless: 1. The objection was taken in the Court of first instance at or before the hearing at which issues were first framed; or 2. The Appellate Court is satisfied that the mistake has prejudicially affected the disposal of the suit on its merits.,"**What This Means For You**
If a court entertains a suit beyond its pecuniary limits due to overvaluation or undervaluation, it may lead to jurisdictional issues and potentially render the proceedings void. This can cause delays and complications in the legal process, affecting the outcome of the case.

**What the Law Says**
Under Section 11 of the Code of Criminal Procedure, 1898 [ACT-1], the Chief Judicial Magistrates, Additional Chief Judicial Magistrates, and other Judicial Magistrates are appointed, and their powers and jurisdiction are defined. However, there is no direct mention of consequences for entertaining a suit beyond a court's pecuniary limits due to overvaluation or undervaluation in the provided sections. 

**What You Should Do Now**
1. Verify the court's jurisdiction and pecuniary limits before filing a suit.
2. Ensure accurate valuation of the subject matter to avoid jurisdictional issues.
3. Consult with a lawyer to determine the best course of action if a jurisdictional issue arises.

**Evidence to Keep**
- Documents related to the valuation of the subject matter
- Records of the court's jurisdiction and pecuniary limits

**Where to Go / Who to Contact**
District Court or the relevant court where the suit is filed, or contact a licensed lawyer for guidance.

**When You Need a Lawyer**
You should consult a lawyer immediately if you are unsure about the court's jurisdiction or if a jurisdictional issue arises during the proceedings.

---
**Sources**
- **[ACT-1]** The Code of Criminal Procedure, 1898, Section 11: Judicial Magistrates *(Status: Amended)*","The Income Tax Act, 2023",11,False,[],NOT_AVAILABLE,[],"['11', '11']",True,NOT_AVAILABLE,True,['Code of Criminal Procedure'],False,[],,,,
Q101,"The Stamp Act, 1899","What constitutes ""Income from Salaries"" and what statutory deductions are permitted under the current Income Tax Act?","Answer Details: Under the current provisions of the Income Tax Act, 2023, income from salaries encompasses basic salary, allowances, bonuses, perquisites, and any gratuities received from an employer. Permissible statutory deductions include employee contributions to a recognized provident fund, government-approved social security funds, and specific non-taxable basic allowance thresholds determined annually by the finance schedules.","**What This Means For You**
If you're a salaried individual in Bangladesh, understanding what constitutes ""Income from Salaries"" and the permitted statutory deductions is crucial for tax compliance and potential savings. This knowledge will help you accurately report your income and claim eligible deductions, ensuring you're not overpaying taxes.

**What the Law Says**
Under the Income Tax Act, ""Income from Salaries"" includes all remuneration received by an employee from their employer, such as basic salary, allowances, bonuses, and commissions. However, specific statutory deductions are allowed to reduce taxable income. These deductions are outlined in the Income Tax Act, but the exact sections and details are not provided in the verified sources.

**What You Should Do Now**
1. Review your employment contract and pay slips to understand your salary components.
2. Familiarize yourself with the Income Tax Act's provisions on statutory deductions.
3. Consult a tax professional or the National Board of Revenue (NBR) for guidance on eligible deductions.

**Evidence to Keep**
- Employment contract
- Pay slips
- Tax deduction certificates (if applicable)

**Where to Go / Who to Contact**
National Board of Revenue (NBR) - Tax Hotline: 151

**When You Need a Lawyer**
You should consult a lawyer if you receive a notice from the tax authorities regarding discrepancies in your tax return or if you're unsure about specific deductions, to ensure you're in compliance with the law and to avoid potential penalties.

---
**Sources**
- **[DLR-1]** Yaor Mia (Md) and anothe VS Haji Shah Dhanai Ali and others — DLR (AD) 2005 | Appellate Division | 2005
- **[DLR-2]** State VS Abdur Rahim — DLR (AD) 2005 | Appellate Division | 2005
- **[DLR-3]** Abdul Kader VS Secretary, Election Commission and others — DLR (AD) 2005 | Appellate Division | 2005
- **[DLR-4]** Government of Bangladesh and another VS Md Afsar Ali and others — DLR (AD) 2003 | Appellate Division | 2003","The Stamp Act, 1899",,False,[],NOT_AVAILABLE,[],[],N/A,NOT_AVAILABLE,True,['Income Tax Act'],False,[],,,,
Q102,"The Trademarks Act, 2009",Who is liable to pay the stamp duty on a sale/conveyance deed under Section 29?,"Answer Details: Under Section 29(c), in the absence of an explicit written agreement between the contracting parties to the contrary, the expense of providing the proper stamp duty shall be borne by the grantee or transferee (the buyer) in the case of a conveyance or sale deed.","**What This Means For You**
When you buy or sell a property, you need to pay stamp duty on the sale or conveyance deed. The liability to pay this duty is important to understand.

**What the Law Says**
Under Section 29 of the Transfer of Property Act, 1882 [ACT-1], the law does not explicitly state who is liable to pay the stamp duty. However, according to general principles, the buyer and seller can agree on who will bear the cost of stamp duty. If there is no agreement, the buyer typically pays the stamp duty.

**What You Should Do Now**
1. Review your sale or conveyance deed to see if it mentions who is responsible for paying the stamp duty.
2. If it's not mentioned, discuss and agree with the other party on who will pay the stamp duty.
3. Ensure you pay the correct amount of stamp duty to avoid any legal issues.

**Evidence to Keep**
- A copy of the sale or conveyance deed
- Receipt for payment of stamp duty

**Where to Go / Who to Contact**
For questions on stamp duty, contact the Deputy Commissioner's office or the Sub-Registrar's office where the property is located.

**When You Need a Lawyer**
You should consult a lawyer if there is a dispute over who is liable to pay the stamp duty or if you need help with drafting the sale or conveyance deed.

---
**Sources**
- **[ACT-1]** The Transfer of Property Act, 1882, Section 29: Fulfilment of condition subsequent *(Status: Active)*","The Trademarks Act, 2009",29(c),False,[],NOT_AVAILABLE,[],"['29', '29']",True,NOT_AVAILABLE,True,['Transfer of Property Act'],False,[],,,,
Q103,"The Transfer of Property Act, 1882 (TPA)",What is the initial term of a trademark registration and its renewal mechanism under Section 22?,"Answer Details: Under Section 22, the registration of a trademark is valid for an initial term of 7 years from the date of application. It can be extended continuously for successive periods of 10 years upon filing a renewal application in the prescribed manner and paying the required statutory renewal fees before the expiration of the active registration.",I could not locate the specific Act you asked about in my verified database. Please consult the Bangladesh Code or a licensed lawyer for this question.,"The Transfer of Property Act, 1882 (TPA)",22,NOT_AVAILABLE,[],NOT_AVAILABLE,[],[],False,NOT_AVAILABLE,False,[],False,[],,,,
Q104,"The Land Reforms Act, 2023","Define ""Sale"" and explain how a transfer of title is effected under Section 54 of the TPA.","Answer Details: Section 54 defines ""Sale"" as a transfer of ownership in exchange for a price paid or promised or part-paid and part-promised. Execution: A transfer of tangible immovable property of the value of 100 Taka and upwards, or in the case of a reversion or other intangible thing, can be made only by a registered instrument. (Note: In Bangladesh, all sales of immovable property require compulsory registration regardless of value due to structural updates).","**What This Means For You**
When you buy or sell a property, it's essential to understand what a ""sale"" means and how the transfer of ownership works. This knowledge will help you navigate the process smoothly and avoid potential disputes.

**What the Law Says**
Under Section 54 of the Transfer of Property Act, 1882 [ACT-1], a ""sale"" is defined as a transfer of ownership in exchange for a price paid or promised, or part-paid and part-promised. This section explains that the transfer of ownership can be made only by a registered instrument, and delivery of the property takes place when the seller places the buyer in possession of the property.

**What You Should Do Now**
1. Ensure that the sale agreement is in writing and registered under the Registration Act, 1908.
2. Verify that the seller has the authority to transfer the property and that the property is free from any encumbrances.
3. Obtain a registered instrument, such as a deed of sale, to effect the transfer of ownership.

**Evidence to Keep**
- Registered sale deed
- Payment receipts
- Proof of ownership

**Where to Go / Who to Contact**
Sub-Registrar's Office for registration of the sale deed

**When You Need a Lawyer**
If you encounter any disputes or issues during the sale process, or if you're unsure about the transfer of ownership, it's recommended to consult a licensed lawyer to ensure your rights are protected.

---
**Sources**
- **[ACT-1]** The Transfer of Property Act, 1882, Section 54: Sale defined *(Status: Active)*","The Land Reforms Act, 2023",54,False,[],NOT_AVAILABLE,[],"['54', '54']",True,NOT_AVAILABLE,True,"['Transfer of Property Act', 'Registration Act']",False,[],,,,
Q105,"The Non-Agricultural Tenancy Act, 1949 (NAT Act)","What protections are given to ""Bargadars"" (sharecroppers) under the Land Reforms Act, 2023?","Answer Details: The Land Reforms Act, 2023, provides updated legal safeguards for Bargadars. Any barga contract must be explicitly made in writing for a statutory period. A barga contract cannot be terminated arbitrarily unless the bargadar fails to cultivate the land properly, fails to deliver the owner's share of the harvest without reasonable cause, or uses the land for non-agricultural operations.","**What This Means For You**
As a bargadar, you have rights and protections under the Land Reforms Act, 2023, to ensure fair treatment and security in your sharecropping agreement. This law aims to balance the interests of both landowners and sharecroppers, providing a more stable and equitable farming environment.

**What the Law Says**
Under Section 12 of the Land Reforms Act, 2023 [ACT-1], the produce of any sharecropper shall be divided between the landowner and the sharecropper, with the landowner receiving one-third for the land, the sharecropper receiving one-third for their labor, and the remaining one-third to be shared in proportion to the cost of cultivation. Additionally, Section 9 [ACT-2] recognizes existing bargadars and requires landowners and sharecroppers to execute an agreement in a prescribed form. Section 13 [ACT-3] also gives bargadars the right to purchase the land they are cultivating if the landowner decides to sell.

**What You Should Do Now**
1. Ensure you have a written agreement with the landowner, as required by Section 8 [ACT-4] of the Land Reforms Act, 2023.
2. Understand your rights regarding the division of produce and the conditions under which the landowner can terminate the agreement, as outlined in Sections 12 [ACT-1] and 11 [ACT-6].
3. Be aware of the limit on the amount of land you can cultivate as a bargadar, which is 15 standard bighas, as per Section 14 [ACT-5].

**Evidence to Keep**
- A copy of your written sharecropping agreement
- Records of produce division and payments
- Any communication with the landowner regarding the agreement or disputes

**Where to Go / Who to Contact**
For disputes or concerns, contact your local Assistant Commissioner (Land) or seek advice from the Department of Agricultural Extension. You can also reach out to legal aid services or a licensed lawyer specializing in land law.

**When You Need a Lawyer**
You should consult a lawyer if you are facing a dispute with the landowner, if your rights as a bargadar are being violated, or if you need assistance in understanding or enforcing your rights under the Land Reforms Act, 2023.

---
**Sources**
- **[ACT-1]** Land Reforms Act, 2023, Section 12: Division of produce of barga land *(Status: Active)*
- **[ACT-2]** Land Reforms Act, 2023, Section 9: Recognition of existing bargadars *(Status: Active)*
- **[ACT-3]** Land Reforms Act, 2023, Section 13: Bargadar's right to purchase *(Status: Active)*
- **[ACT-4]** Land Reforms Act, 2023, Section 8: Cultivation under barga agreement *(Status: Active)*
- **[ACT-5]** Land Reforms Act, 2023, Section 14: Upper limit of barga land *(Status: Active)*
- **[ACT-6]** Land Reforms Act, 2023, Section 11: Termination of barga agreement *(Status: Active)*","The Non-Agricultural Tenancy Act, 1949 (NAT Act)",,False,[],NOT_AVAILABLE,[],"['12', '9', '13', '8', '12', '14', '12', '9', '13', '8', '14', '11']",N/A,NOT_AVAILABLE,True,['Land Reforms Act'],False,[],,,,
Q106,"The Partition Act, 1893",Distinguish between a tenant who has held non-agricultural land for more than 12 years versus less than 12 years.,"Answer Details: Under Sections 7 and 9, if a non-agricultural tenant holds land continuously for a period of 12 years or more, they acquire a right of occupancy, making them less susceptible to arbitrary eviction, and their tenancy becomes heritable and transferable. If held for less than 12 years, they do not hold an unconditional heritable right, and the landlord may terminate the lease by giving appropriate statutory notice under Section 11 upon specific grounds.","**What This Means For You**
If you are a tenant who has held non-agricultural land for more than 12 years, you may have different rights and obligations compared to a tenant who has held the land for less than 12 years. This distinction can affect your tenure and potential claims to the land.

**What the Law Says**
Under the State Acquisition and Tenancy Act, the distinction between a tenant who has held non-agricultural land for more than 12 years versus less than 12 years is crucial. However, the provided VERIFIED SOURCES do not explicitly mention this distinction. 

**What You Should Do Now**
1. Review your tenancy agreement and documents to determine the length of time you have held the non-agricultural land.
2. Consult with a licensed lawyer to understand your specific rights and obligations as a tenant.
3. Gather evidence of your tenancy, including receipts, agreements, and witness statements.

**Evidence to Keep**
- Tenancy agreement
- Receipts of rent payments
- Witness statements
- Documents showing the length of time you have held the land

**Where to Go / Who to Contact**
Contact a licensed lawyer or the local authorities, such as the Deputy Commissioner's office, for guidance on your specific situation.

**When You Need a Lawyer**
You should consult a lawyer if you are facing a dispute over your tenancy or if you are unsure about your rights and obligations as a tenant, especially if you have held the non-agricultural land for more than 12 years.

---
**Sources**
- **[DLR-1]** Yaor Mia (Md) and anothe VS Haji Shah Dhanai Ali and others — DLR (AD) 2005 | Appellate Division | 2005
- **[DLR-2]** Fatema Khatun and others VS Abdul Quddus — DLR (AD) 2005 | Appellate Division | 2005
- **[DLR-3]** Government of the People's Republic of Bangladesh, represented by the DC and another VS Abdur Rahman and others — DLR (AD) 2005 | Appellate Division | 2005
- **[DLR-4]** Abdul Kader VS Secretary, Election Commission and others — DLR (AD) 2005 | Appellate Division | 2005","The Partition Act, 1893",7,False,[],NOT_AVAILABLE,[],[],False,NOT_AVAILABLE,True,['State Acquisition and Tenancy Act'],False,[],,,,
Q107,"The State Acquisition and Tenancy Act, 1950 (SAT Act)",Explain the right of a co-sharer to buy out a stranger who has purchased a share in a dwelling-house under Section 4.,"Answer Details: Under Section 4, where a share of a dwelling-house belonging to an undivided family has been transferred to a person who is not a member of such family, and such transferee sues for partition, the court shall—if any member of the family being a shareholder shall undertake to buy the share of such transferee—make a valuation of such share and direct the sale of it to such shareholder. This prevents external strangers from forcing entry into a private family home.","**What This Means For You**
If someone buys a share of your family's dwelling-house, you might have the right to buy out that stranger. This is important because it can help keep your family home from being split up or sold to outsiders.

**What the Law Says**
Under Section 96(1) of the State Acquisition and Tenancy Act, as explained in the case of Fatema Khatun and others VS Abdul Quddus [DLR-1], a co-sharer has the right to preempt the sale of a share in a dwelling-house to a stranger. However, this right is subject to certain conditions and limitations, such as the requirement that the co-sharer must have been notified of the sale and must exercise their right of preemption within the prescribed time limit.

**What You Should Do Now**
1. Check if you are a co-sharer of the dwelling-house and if you were notified of the sale.
2. Review the sale deed and ensure it was registered under the Registration Act.
3. Calculate the time limit for exercising your right of preemption and consider consulting a lawyer.

**Evidence to Keep**
- Copy of the sale deed
- Proof of co-sharership
- Notification of the sale
- Registration documents

**Where to Go / Who to Contact**
Contact the Sub-Registrar's office where the sale deed was registered or consult a lawyer specializing in property law.

**When You Need a Lawyer**
You should consult a lawyer if you are unsure about your rights as a co-sharer or if you need help exercising your right of preemption.

---
**Sources**
- **[DLR-1]** Fatema Khatun and others VS Abdul Quddus — DLR (AD) 2005 | Appellate Division | 2005","The State Acquisition and Tenancy Act, 1950 (SAT Act)",4,False,[],NOT_AVAILABLE,[],['96(1)'],False,NOT_AVAILABLE,True,['Registration Act'],False,[],,,,
Q108,"The State Acquisition and Tenancy Act, 1950 (SAT Act)",What is the statutory limit on holding land (Khas land ceilings) under Section 90 of the SAT Act?,"Answer Details: Section 90 explicitly restricts any person or family from acquiring or holding land by any means that causes the total aggregate area of land in their possession to exceed 60 bighas. Any land acquired in excess of this limit is liable to be vested in the Government as Khas land without compensation. Section 24: The Muslim Family Laws Ordinance, 1961","**What This Means For You**
The State Acquisition and Tenancy Act (SAT Act) has rules about how much land one person can own. This is to ensure fair distribution of land among citizens. If you own land, you should know these limits to avoid any legal issues.

**What the Law Says**
Unfortunately, the provided information does not specify the details of Section 90 of the SAT Act regarding land ceilings. However, the SAT Act does deal with land ownership and tenancy issues in Bangladesh. 

**What You Should Do Now**
1. Consult the Bangladesh Code or the State Acquisition and Tenancy Act directly to find the specific details about land ceilings.
2. Contact a licensed lawyer who specializes in property law to get accurate advice on land ownership limits.
3. Verify the information with the relevant government authority, such as the Ministry of Land, to ensure you have the most up-to-date information.

**Evidence to Keep**
- Copies of land deeds or ownership documents
- Records of land transactions
- Any correspondence with government authorities regarding land ownership

**Where to Go / Who to Contact**
For accurate information and guidance, contact the Ministry of Land or consult with a licensed lawyer who specializes in property law. You can also reach out to legal aid services for assistance.

**When You Need a Lawyer**
You should consult a lawyer if you are unsure about the land ownership limits or if you are facing legal issues related to your land holdings.

---
**Sources**
- **[DLR-1]** Yaor Mia (Md) and anothe VS Haji Shah Dhanai Ali and others — DLR (AD) 2005 | Appellate Division | 2005
- **[DLR-2]** Fatema Khatun and others VS Abdul Quddus — DLR (AD) 2005 | Appellate Division | 2005
- **[DLR-3]** Government of Bangladesh and another VS Md Afsar Ali and others — DLR (AD) 2003 | Appellate Division | 2003
- **[DLR-4]** Bangladesh, represented by the Secretary, Ministry of Works, Housing and Settlement and ors vs Md Abu Bakar and others — DLR (AD) 2005 | Appellate Division | 2005","The State Acquisition and Tenancy Act, 1950 (SAT Act)",90,False,[],NOT_AVAILABLE,[],['90'],True,NOT_AVAILABLE,False,[],False,[],,,,
Q109,"The Dissolution of Muslim Marriages Act, 1939","What is the statutory legal procedure for a valid ""Talaq"" (Divorce) under Section 7?","Answer Details: Section 7 mandates that any man who wishes to divorce his wife must, as soon as may be after the pronouncement of Talaq in any form, give the Chairman of the Union Parishad/Paurashava notice in writing of his having done so, and must supply a copy thereof to the wife. Effectiveness Window: The Talaq does not become effective until the expiration of 90 days from the day on which notice is delivered to the Chairman. The Chairman must constitute an Arbitration Council to try and bring about a reconciliation.","**What This Means For You**
To get a divorce, or ""Talaq"", in Bangladesh, there's a specific process you must follow. This process is designed to ensure that both parties are treated fairly and have a chance to reconcile. If you're considering divorce, it's essential to understand these steps to ensure your rights are protected.

**What the Law Says**
Under Section 7 of the Muslim Family Laws Ordinance, 1961 [ACT-1], a man who wishes to divorce his wife must give the Chairman notice in writing of his intention to do so and supply a copy to the wife. The notice is crucial, and failure to provide it can result in punishment. The law also establishes a 90-day period during which reconciliation efforts are made through an Arbitration Council. If the wife is pregnant, the divorce is not effective until the pregnancy ends. A court also ruled in various cases that the provisions of this section must be strictly followed for a divorce to be considered valid.

**What You Should Do Now**
1. **Provide Written Notice**: Give written notice of your intention to divorce to the Chairman and a copy to your wife.
2. **Wait for the Arbitration Council**: Allow the Arbitration Council to attempt reconciliation within 30 days of receiving the notice.
3. **Comply with the 90-Day Period**: Wait for the 90-day period to pass before the divorce is considered effective, unless the wife is pregnant, in which case you must wait until the pregnancy ends.

**Evidence to Keep**
- A copy of the written notice given to the Chairman and your wife.
- Proof of delivery of the notice.
- Any communication with the Arbitration Council.

**Where to Go / Who to Contact**
Contact your local Union Council or the relevant authority where you reside for guidance on the process and to submit your notice. You may also reach out to the Ministry of Law, Justice and Parliamentary Affairs for more information.

**When You Need a Lawyer**
You should consult a lawyer if you are unsure about any part of the divorce process or if there are complications, such as disputes over property or custody, to ensure your rights are protected.

---
**Sources**
- **[ACT-1]** The Muslim Family Laws Ordinance, 1961, Section 7: Talaq — notice to Chairman, reconciliation, ninety-day effectiveness, pregnancy, remarriage *(Status: Amended)*","The Dissolution of Muslim Marriages Act, 1939",7,False,[],NOT_AVAILABLE,[],"['7', '7']",True,NOT_AVAILABLE,True,['Muslim Family Laws Ordinance'],False,[],,,,
Q110,"The Hindu Law of Inheritance (Amendment) Act, 1929","Explain the concept of ""Option of Puberty"" (Khyar-ul-Balugh) under Section 2(vii) of the Act.","Answer Details: Under Section 2(vii), a Muslim woman is entitled to seek dissolution of her marriage if she was given in marriage by her father or other guardian before she attained the age of 15 years, provided that she repudiated the marriage before attaining the age of 18 years, and provided further that the marriage has not been consummated.","**What This Means For You**
The concept of ""Option of Puberty"" (Khyar-ul-Balugh) is important for understanding the rights of minors in Bangladesh. This concept allows a child to choose their guardian or decide on their own well-being once they reach a certain age.

**What the Law Says**
Under Section 2(vii) is not available in the provided Act, however, the concept of ""Option of Puberty"" is generally related to the Muslim Family Laws. According to the Muslim Family Laws, a child who has attained puberty has the right to choose their guardian. 

**What You Should Do Now**
1. If you are a minor who has attained puberty, you should be aware of your rights and options regarding your guardianship.
2. If you are a parent or guardian, you should be aware of the laws and regulations regarding the rights of minors who have attained puberty.
3. Consult with a licensed lawyer or a relevant authority to understand the specific laws and regulations applicable to your situation.

**Evidence to Keep**
- Proof of age
- Documents related to guardianship

**Where to Go / Who to Contact**
Family Court or a licensed lawyer specializing in family law.

**When You Need a Lawyer**
You should consult a lawyer if you are involved in a dispute regarding the guardianship of a minor who has attained puberty.

---
**Sources**
- **[ACT-1]** The Code of Criminal Procedure, 1898, Section 2: Repealed *(Status: Repealed)*
- **[ACT-2]** The Code of Criminal Procedure, 1898, Section 29C: Offences not punishable with death *(Status: Amended)*
- **[ACT-3]** The Code of Criminal Procedure, 1898, Section 4: Definitions *(Status: Amended)*
- **[ACT-4]** The Code of Criminal Procedure, 1898, Section 1: Short title Commencement *(Status: Amended)*
- **[ACT-5]** The Code of Criminal Procedure, 1898, Section 3: (1) Omitted *(Status: Amended)*
- **[ACT-6]** The Code of Criminal Procedure, 1898, Section 5: Trial of offences *(Status: Active)*
- **[ACT-7]** The Code of Criminal Procedure, 1898, Section 28: Offences under Penal Code *(Status: Active)*
- **[ACT-8]** The Code of Criminal Procedure, 1898, Section 30: Omitted *(Status: Omitted)*
- **[DLR-1]** Abdul Kader VS Secretary, Election Commission and others — DLR (AD) 2005 | Appellate Division | 2005
- **[DLR-2]** Yaor Mia (Md) and anothe VS Haji Shah Dhanai Ali and others — DLR (AD) 2005 | Appellate Division | 2005
- **[DLR-3]** Bangladesh represented by the Secretary, Ministry of Establishment and others VS Abdul halim miah and others — DLR (AD) 2005 | Appellate Division | 2005
- **[DLR-4]** Abdul Mannan VS Tayeb Ali and others — DLR (AD) 2006 | Appellate Division | 2006","The Hindu Law of Inheritance (Amendment) Act, 1929",2(vii),False,[],NOT_AVAILABLE,[],"['2', '2', '29C', '4', '1', '3', '5', '28', '30']",True,NOT_AVAILABLE,True,"['Code of Criminal Procedure', 'Penal Code']",False,[],,,,
Q111,The Hindu Married Women's Right to Separate Residence and,Does this Act completely abolish the Dayabhaga or Mitakshara systems of succession?,"Answer Details: No, the Act does not completely abolish the traditional systems. It merely introduces a targeted statutory amendment to alter the order of succession under the Mitakshara school, specifically inserting missing female relatives into positions of higher priority to improve their traditional inheritance status without overriding the broader systemic structures. Maintenance Act, 1946","**What This Means For You**
The Dayabhaga and Mitakshara systems of succession are traditional schools of Hindu law that governed inheritance and succession in Bangladesh. However, the Act's impact on these systems is not explicitly stated in the provided information.

**What the Law Says**
Under the State Acquisition and Tenancy Act [No specific section mentioned], the law regulates the acquisition and tenancy of land, but it does not explicitly mention the abolition of the Dayabhaga or Mitakshara systems of succession. A court also ruled in Yaor Mia (Md) and another VS Haji Shah Dhanai Ali and others [DLR-1] that the provision of the Transfer of Property Act shall not apply to certain transactions, but this does not directly address the abolition of these systems.

**What You Should Do Now**
1. Consult the Bangladesh Code or a licensed lawyer to understand the current legal framework regarding the Dayabhaga and Mitakshara systems of succession.
2. Review the relevant laws and regulations to determine their applicability in your specific situation.
3. Seek professional advice to ensure you are following the correct procedures for inheritance and succession.

**Evidence to Keep**
- Documents related to property ownership and inheritance
- Records of family relationships and succession plans

**Where to Go / Who to Contact**
The Supreme Court of Bangladesh or a licensed lawyer specializing in family law and succession.

**When You Need a Lawyer**
You should consult a lawyer if you are involved in a dispute or require guidance on inheritance and succession matters, especially if they involve complex family relationships or significant assets.

---
**Sources**
- **[DLR-1]** Yaor Mia (Md) and anothe VS Haji Shah Dhanai Ali and others — DLR (AD) 2005 | Appellate Division | 2005",The Hindu Married Women's Right to Separate Residence and,,False,[],NOT_AVAILABLE,[],[],N/A,NOT_AVAILABLE,True,"['Transfer of Property Act', 'State Acquisition and Tenancy Act']",False,[],,,,
Q112,"The Hindu Marriage Registration Act, 2012",When does a Hindu married woman forfeit her right to separate residence and maintenance under this Act?,Answer Details: A Hindu married woman forfeits her statutory right to claim separate residence and maintenance under the Act if she is proved to be guilty of unchastity or if she renounces Hinduism by converting to another religion.,I could not locate the specific Act you asked about in my verified database. Please consult the Bangladesh Code or a licensed lawyer for this question.,"The Hindu Marriage Registration Act, 2012",,NOT_AVAILABLE,[],NOT_AVAILABLE,[],[],N/A,NOT_AVAILABLE,False,[],False,[],,,,
Q113,"The Hindu Marriage Registration Act, 2012","Who is authorized to register marriages under the Hindu Marriage Registration Act, 2012?","Answer Details: The Government appoints specific individuals known as Hindu Marriage Registrars for designated local areas. These registrars are authorized to maintain the official Hindu Marriage Register, record the statutory details of the marriages brought before them, and issue valid government-recognized marriage certificates. Transitioning to Focus Areas: Deep Dive Multi-Act Scenarios","**What This Means For You**
The Hindu Marriage Registration Act, 2012, allows for the registration of Hindu marriages in Bangladesh, and it's essential to know who is authorized to perform this registration. This information is crucial for couples who want to register their marriage under this Act. 

**What the Law Says**
Under Section 3 of the Hindu Marriage Registration Act, 2012 [ACT-1], the Government may appoint a person as the Hindu Marriage Registrar for a specified area to register Hindu marriages. According to the Act, the Registrar is the Hindu Marriage Registrar appointed under this Act [ACT-2]. 

**What You Should Do Now**
1. Check with the local authorities to find out who the appointed Hindu Marriage Registrar is in your area.
2. Verify the requirements and documents needed for marriage registration under the Hindu Marriage Registration Act, 2012.
3. Contact the Registrar's office to schedule an appointment for marriage registration.

**Evidence to Keep**
- Proof of age and identity of both spouses
- Proof of Hindu religion
- Marriage certificate or proof of marriage

**Where to Go / Who to Contact**
Contact the local Hindu Marriage Registrar's office or the Ministry of Religious Affairs for more information on marriage registration under the Hindu Marriage Registration Act, 2012.

**When You Need a Lawyer**
You may need a lawyer if you encounter any legal issues or complications during the marriage registration process.

---
**Sources**
- **[ACT-1]** The Hindu Marriage Registration Act, 2012, Section 3: Registration of Hindu marriage *(Status: Active)*
- **[ACT-2]** The Hindu Marriage Registration Act, 2012, Section 2: Definitions *(Status: Active)*","The Hindu Marriage Registration Act, 2012",,False,[],NOT_AVAILABLE,[],"['3', '3', '2']",N/A,NOT_AVAILABLE,False,[],False,[],,,,
Q114,"The Hindu Marriage Registration Act, 2012",How do Section 52 of the TPA (Lis Pendens) and Order XXXIX of the CPC (Injunctions) complement each other during property litigation?,"Answer Details: They act as complementary statutory shields. While Section 52 of the TPA automatically voids or subordinates any external title creation during pendency, it does not stop physical damage or unauthorized construction. Therefore, litigants must seek an active injunction under Order XXXIX, Rules 1 & 2 of the CPC to structurally halt physical modifications or destruction of the property during the suit.","**What This Means For You**
During property litigation, Sections 52 of the Transfer of Property Act (TPA) and Order XXXIX of the Code of Civil Procedure (CPC) work together to protect your rights as a party to the lawsuit. This means that if someone tries to sell or transfer the property while the case is ongoing, the court can stop them, and you can prevent potential losses.

**What the Law Says**
Under Section 52 [ACT-1] of the Transfer of Property Act, a property cannot be transferred or dealt with by any party to the suit during the pendency of the lawsuit, except under the authority of the court. This is known as ""lis pendens."" On the other hand, Order XXXIX of the CPC allows the court to grant an injunction to prevent a party from doing something that could cause harm or injustice to the other party. In the context of property litigation, this means that the court can issue an injunction to prevent the transfer or sale of the property during the lawsuit.

**What You Should Do Now**
1. If you are a party to a property lawsuit, inform the court immediately if you suspect the other party is trying to transfer or sell the property.
2. Apply for an injunction under Order XXXIX of the CPC to prevent the transfer or sale of the property.
3. Ensure that you have notified all relevant parties, including the other party to the lawsuit and any potential buyers, about the pending lawsuit and the lis pendens.

**Evidence to Keep**
- A copy of the lawsuit filed in court
- Proof of notification to all relevant parties about the pending lawsuit
- Any documents related to the potential transfer or sale of the property

**Where to Go / Who to Contact**
Contact the District Court or the High Court Division, depending on the jurisdiction of your case. You can also reach out to a licensed lawyer for guidance on the legal process.

**When You Need a Lawyer**
You should consult a lawyer as soon as possible if you are a party to a property lawsuit and suspect that the other party is trying to transfer or sell the property, as this is a complex legal matter that requires professional expertise.

---
**Sources**
- **[ACT-1]** The Transfer of Property Act, 1882, Section 52: Transfer of property pending suit relating thereto *(Status: Active)*","The Hindu Marriage Registration Act, 2012",52,False,[],NOT_AVAILABLE,[],"['52', '52', '52']",True,NOT_AVAILABLE,True,"['Transfer of Property Act', 'Code of Civil Procedure']",False,[],,,,
Q115,"The Hindu Marriage Registration Act, 2012",Compare the limitation calculation for recovering possession under Section 9 of the Specific Relief Act versus a standard title recovery suit.,"Answer Details: A suit under Section 9 of the Specific Relief Act is a summary procedure requiring filing within 6 months of dispossession, and title is irrelevant. Conversely, a regular suit for recovery of possession based on proprietary title falls under the Limitation Act’s schedule, allowing a 12-year limitation window, wherein full title ownership must be judicially established.","**What This Means For You**
If you're trying to recover possession of a property, the Specific Relief Act and standard title recovery suits have different limitation periods. This means you have a limited time to file a case, and the time limit varies depending on the type of case you file. Understanding these time limits is crucial to avoid missing your chance to recover your property.

**What the Law Says**
Under Section 9 of the Specific Relief Act [ACT-1], a person dispossessed of immoveable property can recover possession within a certain time limit. However, the Specific Relief Act does not explicitly state the limitation period for recovering possession under Section 9. For standard title recovery suits, the limitation period is typically governed by the Limitation Act, 1908, but the specifics can vary. A court also ruled in various cases that the limitation period for recovering possession can depend on the circumstances of the case.

**What You Should Do Now**
1. Determine the type of case you need to file: Are you seeking recovery of possession under the Specific Relief Act or filing a standard title recovery suit?
2. Check the relevant laws and regulations: Look into the Limitation Act, 1908, and other applicable laws to determine the limitation period for your specific case.
3. Consult with a lawyer: A licensed Bangladeshi lawyer can help you understand the limitation period and guide you through the process of filing a case.

**Evidence to Keep**
- Documents proving ownership or possession of the property
- Records of any previous agreements or disputes related to the property
- Witness statements or other evidence supporting your claim

**Where to Go / Who to Contact**
Contact the District Court or the Subordinate Court, depending on the value of the property and the nature of the case. You can also reach out to the Legal Aid services (16430) for guidance.

**When You Need a Lawyer**
You should consult a lawyer as soon as possible to determine the best course of action and to ensure you do not miss the limitation period for filing your case.

---
**Sources**
- **[ACT-1]** The Specific Relief Act, 1877, Section 9: Suit by person dispossessed of immoveable property *(Status: Amended)*","The Hindu Marriage Registration Act, 2012",9,False,[],NOT_AVAILABLE,[],"['9', '9', '9']",True,NOT_AVAILABLE,True,"['Limitation Act', 'Specific Relief Act']",False,[],,,,
Q116,"The Hindu Marriage Registration Act, 2012",What is the interplay between Section 17 of the Registration Act and Section 49 of the same Act regarding unregistered sales?,"Answer Details: While Section 17 declares that a conveyance deed over 100 Taka must be compulsorily registered, Section 49 acts as the enforcement mechanism. It dictates that an unregistered document required to be registered shall not affect any immovable property comprised therein, nor be received as evidence of any transaction affecting such property, except as evidence of part-performance of a contract in a suit for specific performance.","**What This Means For You**
If you're involved in a property sale, understanding the registration requirements is crucial to avoid disputes. The Registration Act, 1908, has specific provisions that affect the validity of unregistered sales. Section 17 and Section 49 of the Act work together to ensure that certain documents, including sales deeds, are registered to be legally binding.

**What the Law Says**
Under Section 17 of the Registration Act, 1908 [ACT-1], documents such as sales deeds for immovable property must be registered. Section 49 of the same Act [ACT-3] states that no document required to be registered under this Act shall operate to create, declare, assign, limit, or extinguish any right, title, or interest in immovable property unless it has been registered. This means that an unregistered sale deed does not confer any legal rights to the property.

**What You Should Do Now**
1. Ensure that any sale or transfer of immovable property is done through a registered deed.
2. Verify that the property is correctly identified and all details are accurately recorded in the deed.
3. Present the deed for registration within the specified timeframe (currently sixty days from the date of execution) as per Section 17A of the Registration Act, 1908 [ACT-2].

**Evidence to Keep**
- A copy of the registered sale deed
- Receipt from the registration office
- Identification documents of the parties involved

**Where to Go / Who to Contact**
For registration of documents, visit the local Sub-Registrar's office. For legal advice or disputes, contact a licensed lawyer or the Bangladesh Bar Council.

**When You Need a Lawyer**
You should consult a lawyer if a dispute arises regarding the ownership or transfer of property, especially if the sale deed was not registered as required by law.

---
**Sources**
- **[ACT-1]** The Registration Act, 1908, Section 17: Documents of which registration is compulsory — Section 17, registration, document registration, immovable property, property deed, Registration Act, Bangladesh law *(Status: Active)*
- **[ACT-2]** The Registration Act, 1908, Section 17A: Registration of contract for sale, etc. — Section 17A, registration, document registration, contract for sale, sale deed, immovable property, property deed, Registration Act *(Status: Active)*
- **[ACT-3]** The Registration Act, 1908, Section 49: Effect of non-registration of documents required to be registered — Section 49, registration, document registration, immovable property, property deed, Registration Act, Bangladesh law *(Status: Active)*","The Hindu Marriage Registration Act, 2012",17,False,[],NOT_AVAILABLE,[],"['17', '49', '17', '49', '17A', '17', '17', '17A', '17A', '49', '49']",True,NOT_AVAILABLE,False,[],False,[],,,,
Q117,"The Hindu Marriage Registration Act, 2012",How does the Penal Code's criminal breach of trust (Section 405) intersect with civil liability under the Contract Act?,"Answer Details: A single act can generate both civil and criminal actions. If an agent misappropriates property entrusted to him, he breaches a civil contract, making him liable for damages/accounting under the Contract Act, 1872. Simultaneously, because dishonest misappropriation contains mens rea, it satisfies the definition of Criminal Breach of Trust under Section 405 of the Penal Code, rendering him liable to imprisonment under Section 406.","**What This Means For You**
If you're accused of criminal breach of trust under Section 405 of the Penal Code, you may also face civil liability under the Contract Act. This means you could be punished criminally and also be liable to pay compensation to the affected party. Understanding the intersection of these laws is crucial to navigating your legal obligations.

**What the Law Says**
Under Section 405 of the Penal Code [ACT-1], criminal breach of trust occurs when someone entrusted with property dishonestly misappropriates or converts it to their own use. In contrast, the Contract Act [ACT-6] deals with civil liability for breach of contract. Section 74 of the Contract Act [ACT-6] states that when a contract is broken, the party complaining of the breach is entitled to receive reasonable compensation, not exceeding the amount stipulated in the contract. A court also ruled in Anarul Islam (Md) and others vs. State and another [DLR-1] that in cases involving private limited companies, principles of partnership may apply, and spending money by a Managing Director cannot be termed misappropriation or breach of trust.

**What You Should Do Now**
1. Review your contract or agreement to understand the terms and conditions.
2. Seek legal advice to determine if your actions constitute criminal breach of trust or civil liability.
3. Gather evidence to support your case, including documents and witness statements.

**Evidence to Keep**
- Contract or agreement documents
- Communication records with the affected party
- Financial records and transactions related to the alleged breach

**Where to Go / Who to Contact**
Contact a lawyer specializing in contract law and criminal law. You can also reach out to the Bangladesh Bar Council (01711-161-555) or the Legal Aid office (16430) for guidance.

**When You Need a Lawyer**
You should consult a lawyer immediately if you're facing accusations of criminal breach of trust or civil liability, as the consequences can be severe and may result in imprisonment or significant financial penalties.

---
**Sources**
- **[ACT-1]** The Penal Code, 1860, Section 405: Criminal breach of trust *(Status: Amended)*
- **[ACT-6]** The Contract Act, 1872, Section 74: Compensation for breach of contract where penalty stipulated for — stipulation, entitled, reasonable *(Status: Amended)*
- **[DLR-1]** Anarul Islam (Md) and others vs. State and another — DLR (AD) 2005 | Appellate Division | 2005","The Hindu Marriage Registration Act, 2012",405,False,[],NOT_AVAILABLE,[],"['405', '405', '74', '405', '74']",True,NOT_AVAILABLE,True,['Penal Code'],False,[],,,,
Q118,"The Civil Courts Act, 1887",How does Section 138 of the NI Act interact with civil suits for money recovery under the CPC?,"Answer Details: A criminal prosecution under Section 138 of the NI Act for a dishonored cheque is an independent punitive action aimed at penalizing the offender. It does not bar the payee from concurrently filing a summary civil suit under Order XXXVII of the CPC for the recovery of the debt amount using the same dishonored cheque as primary documentary evidence. Moving Forward to the Remaining Questions To generate the next set of questions (Questions 76–115), please reply with ""Proceed with Part 3"". Here is Part 2 of your comprehensive legal Q&A collection. It continues with the same structured, section-by-section breakdown across your 28 listed statutes, picking up from Question 36 to Question 75. To turn this into a PDF, you can append this text directly beneath Part 1 in your word processor before exporting.","**What This Means For You**
If you're dealing with a bounced cheque, you have two main options: filing a criminal case under Section 138 of the Negotiable Instruments Act or a civil suit for money recovery under the Code of Civil Procedure. These two paths can coexist, but it's essential to understand how they interact.

**What the Law Says**
Under Section 138 of the Negotiable Instruments Act [ACT-1], a person who issues a cheque that bounces due to insufficient funds can be prosecuted criminally. However, this section also allows the holder of the cheque to retain their right to establish their claim through a civil court if the whole or any part of the value of the cheque remains unrealized [ACT-1, Section 138(3)]. In a civil suit for money recovery under the Code of Civil Procedure [ACT-2], you can file a suit against the drawer of the cheque for the recovery of the amount. A court also ruled in Anarul Islam (Md) and others vs. State and another [DLR-1] that the remedy for misappropriation of company funds is by way of a suit for accounts.

**What You Should Do Now**
1. Determine whether you want to pursue a criminal case under Section 138 or a civil suit for money recovery, or both.
2. If you choose to file a civil suit, ensure you have all necessary documents, including the bounced cheque and any relevant correspondence.
3. Consider consulting a lawyer to help you navigate the process and choose the best course of action for your specific situation.

**Evidence to Keep**
- The bounced cheque
- Any notice sent to the drawer of the cheque
- Correspondence with the bank
- Proof of the amount owed

**Where to Go / Who to Contact**
You can file a civil suit at the Court within the local limits of whose jurisdiction the defendant actually and voluntarily resides, or carries on business, or personally works for gain [ACT-5, Section 16]. For legal advice, you can contact the Bangladesh Bar Council or a licensed lawyer.

**When You Need a Lawyer**
You should consult a lawyer if you're unsure about how to proceed with your case or if the amount involved is significant, as a lawyer can help you navigate the complexities of both the Negotiable Instruments Act and the Code of Civil Procedure.

---
**Sources**
- **[ACT-1]** The Negotiable Instruments Act, 1881, Section 138: Dishonour of cheque for insufficiency, etc., of funds in the account *(Status: Amended)*
- **[ACT-2]** The Code of Civil Procedure, 1908, Section 128: Matters for which rules may provide. — jurisdiction, immovable property, movable property, summons *(Status: Active)*
- **[DLR-1]** Anarul Islam (Md) and others vs. State and another — DLR (AD) 2005 | Appellate Division | 2005","The Civil Courts Act, 1887",138,False,[],NOT_AVAILABLE,[],"['138', '138', '138(3)', '138', '16', '138', '128']",True,NOT_AVAILABLE,True,['Code of Civil Procedure'],False,[],,,,
Q119,"The Civil Courts Act, 1887",What is the procedure for administrative subordination of Civil Courts under Section 11?,"Answer Details: Under Section 11, the administrative control and subordination of civil courts are clearly mapped. All Assistant Judges, Senior Assistant Judges, and Joint District Judges within a district are structurally subordinate to the Court of the District Judge. The District Judge possesses the administrative power to distribute civil business among these courts, subject to any overarching circulars or rules issued by the High Court Division.","**What This Means For You**
The administrative subordination of Civil Courts under Section 11 of the Code of Criminal Procedure, 1898, refers to the hierarchy and supervision of Judicial Magistrates. This means that Judicial Magistrates are supervised and guided by higher authorities to ensure the proper administration of justice.

**What the Law Says**
Under Section 11 [ACT-1] of the Code of Criminal Procedure, 1898, the Government appoints Judicial Magistrates, and they are subordinate to the Chief Judicial Magistrate. The Chief Judicial Magistrate may give special orders for the distribution of business among Magistrates and Benches. Additionally, all Judicial Magistrates, including the Chief Judicial Magistrate, are subordinate to the Sessions Judge.

**What You Should Do Now**
1. If you are a Judicial Magistrate, ensure you understand your role and responsibilities within the hierarchy.
2. Familiarize yourself with the rules and guidelines set by the Chief Judicial Magistrate and the Sessions Judge.
3. If you have any questions or concerns, consult with your superiors or seek guidance from the High Court Division.

**Evidence to Keep**
- Records of appointments and notifications of Judicial Magistrates
- Copies of special orders and guidelines issued by the Chief Judicial Magistrate
- Documents related to the distribution of business among Magistrates and Benches

**Where to Go / Who to Contact**
For more information or clarification, contact the High Court Division or the District Court where you are stationed. You can also reach out to the Judicial Administration Training Institute for guidance on judicial administration and procedure.

**When You Need a Lawyer**
If you are involved in a legal dispute or require representation in a court of law, it is essential to consult with a licensed lawyer who is familiar with the Code of Criminal Procedure, 1898, and the hierarchy of Judicial Magistrates.

---
**Sources**
- **[ACT-1]** The Code of Criminal Procedure, 1898, Section 11: Judicial Magistrates *(Status: Amended)*","The Civil Courts Act, 1887",11,False,[],NOT_AVAILABLE,[],"['11', '11', '11']",True,NOT_AVAILABLE,True,['Code of Criminal Procedure'],False,[],,,,
Q120,"The Civil Courts Act, 1887",How are temporary vacancies in the office of a District Judge managed under Section 10?,"Answer Details: Section 10 dictates that if the office of the District Judge becomes vacant or if the judge is prevented by absence or illness from performing duties, the Additional District Judge or, if there is none, the senior-most officer among the Joint District Judges or Senior Assistant Judges takes charge of the current duties of the office. They can perform routine administrative tasks until a formal appointment or assignment is designated by the Government or High Court Division. Section 2: The Code of Civil Procedure, 1908 (CPC)","**What This Means For You**
If the office of a District Judge becomes temporarily vacant, the government can appoint an officer to temporarily take over the chief executive role in the administration of the district. This ensures continuity in the district's administration.

**What the Law Says**
Under Section 10 [ACT-1] of the Code of Criminal Procedure, 1898, if the office of the District Magistrate is vacant, any officer who succeeds temporarily to the chief executive in the administration of the district shall exercise all the powers and perform all the duties respectively conferred and imposed by this Code on the District Magistrate.

**What You Should Do Now**
1. Identify the temporary vacancy in the office of the District Judge.
2. Verify the government's appointment of an officer to temporarily take over the chief executive role.
3. Ensure that the temporarily appointed officer is aware of their powers and duties under the Code of Criminal Procedure, 1898.

**Evidence to Keep**
- Notification of the temporary vacancy in the office of the District Judge.
- Government order appointing the temporary officer.
- Records of the temporarily appointed officer's actions and decisions.

**Where to Go / Who to Contact**
District Court or the Ministry of Law, Justice and Parliamentary Affairs for more information on the temporary appointment.

**When You Need a Lawyer**
You may need a lawyer if you are affected by a decision made by the temporarily appointed officer and wish to challenge its legality.

---
**Sources**
- **[ACT-1]** The Code of Criminal Procedure, 1898, Section 10: Executive Magistrates *(Status: Amended)*","The Civil Courts Act, 1887",10,False,[],NOT_AVAILABLE,[],"['10', '10']",True,NOT_AVAILABLE,True,['Code of Criminal Procedure'],False,[],,,,
Q121,"The Civil Courts Act, 1887",Can a District Judge invest an Assistant Judge with small cause court powers under this Act?,"Answer Details: Under Section 25 of the Civil Courts Act, 1887, the Government, in consultation with the High Court Division, may invest any Civil Court Judge (including Assistant Judges or Senior Assistant Judges) with the jurisdiction of a Small Cause Court for the trial of suits cognizable by such courts up to a specified pecuniary limit. This allows for a more rapid, summary trial of low-value commercial or debt matters.","**What This Means For You**
A District Judge has certain powers to invest other judges with specific authorities. If you are dealing with a case that falls under the small cause court's jurisdiction, understanding who has the power to preside over such cases is crucial. The Code of Criminal Procedure, 1898, outlines the roles and powers of various judicial officers in Bangladesh.

**What the Law Says**
Under Section 37 [ACT-1] of the Code of Criminal Procedure, 1898, the Government or the Chief Judicial Magistrate or the District Magistrate may invest any Judicial or Executive Magistrate with additional powers specified in Schedule IV. However, the specific power to invest an Assistant Judge with small cause court powers is not directly mentioned in the provided sections of the Code of Criminal Procedure, 1898. 

**What You Should Do Now**
1. Consult the relevant sections of the Code of Criminal Procedure, 1898, or other applicable laws to determine the specific powers of a District Judge regarding the investment of powers in an Assistant Judge.
2. Verify the jurisdiction and powers of small cause courts in Bangladesh to understand which cases they can preside over.
3. If your case is pending or you are involved in a legal matter, consult with a licensed lawyer to understand how these provisions apply to your situation.

**Evidence to Keep**
- Copies of relevant legal documents related to your case
- Notes on communications with legal authorities or lawyers

**Where to Go / Who to Contact**
For specific legal advice or to inquire about the jurisdiction of small cause courts, contact the District Court or consult with a licensed lawyer. You can also reach out to the Legal Aid services in Bangladesh for guidance: Legal Aid: 16430.

**When You Need a Lawyer**
You should consult a lawyer if you are involved in a legal case that you believe falls under the jurisdiction of a small cause court and need professional advice on how to proceed.

---
**Sources**
- **[ACT-1]** The Code of Criminal Procedure, 1898, Section 37: Additional powers conferrable on Magistrates *(Status: Amended)*","The Civil Courts Act, 1887",25,False,[],NOT_AVAILABLE,[],"['37', '37']",False,NOT_AVAILABLE,True,['Code of Criminal Procedure'],False,[],,,,
Q122,"The Code of Civil Procedure, 1908 (CPC)",What are the statutory rules regarding the sealing of Civil Court processes under Section 15?,"Answer Details: Section 15 dictates that every Civil Court must use a seal of a form and dimensions prescribed by the Government. Every summons, warrant, order, mandate, or process issued by a Civil Court must be signed by the presiding Judge (or an authorized officer) and must explicitly bear the official seal of that specific court to carry legal force.","**What This Means For You**
The statutory rules regarding the sealing of Civil Court processes are not directly mentioned under Section 15. However, Section 15 of the Code of Criminal Procedure, 1898, deals with the benches of magistrates and their powers. If you are looking for information on civil court processes, you might need to refer to a different section or act.

**What the Law Says**
Under Section 15 of the Code of Criminal Procedure, 1898 [ACT-1], the Government may direct any two or more Magistrates in any place to sit together as a Bench, and may by order invest such Bench with any of the powers conferred or conferrable by or under this Code on a Magistrate of the first, second or third class. However, this section does not specifically mention the sealing of Civil Court processes.

**What You Should Do Now**
1. Check the relevant civil procedure code or act to find the specific section dealing with the sealing of civil court processes.
2. Consult a licensed lawyer who can provide guidance on the correct procedure for sealing civil court processes.
3. Verify the information with a reliable source, such as the Bangladesh Code or a legal expert.

**Evidence to Keep**
- Copies of relevant court documents
- Records of court proceedings

**Where to Go / Who to Contact**
District Court or relevant civil court authority. You can also contact the Legal Aid hotline at 16430 for guidance.

**When You Need a Lawyer**
You should consult a lawyer if you are involved in a civil court case and need assistance with understanding the court processes, including the sealing of documents.

---
**Sources**
- **[ACT-1]** The Code of Criminal Procedure, 1898, Section 15: Benches of Magistrates *(Status: Active)*","The Code of Civil Procedure, 1908 (CPC)",15,False,[],NOT_AVAILABLE,[],"['15', '15', '15', '15']",True,NOT_AVAILABLE,True,['Code of Criminal Procedure'],False,[],,,,
Q123,"The Code of Civil Procedure, 1908 (CPC)","What is a ""Mesne Profit"" under Section 2(12) of the CPC, and how is it calculated?","Answer Details: Section 2(12) defines ""mesne profits"" as those profits which the person in wrongful possession of such property actually received or might with ordinary diligence have received therefrom, together with interest on such profits. Exclusion: It explicitly excludes profits due to improvements made by the person in wrongful possession. It is claimed when a plaintiff sues for the recovery of immovable property from an unauthorized occupant.","**What This Means For You**
If you're involved in a dispute over property, understanding ""mesne profits"" can help you claim compensation for unauthorized use of your land. This concept is crucial in calculating the damages you might be entitled to.

**What the Law Says**
Under Section 2(12) of the Code of Civil Procedure (CPC) [ACT-1], ""mesne profits"" refer to the profits that can be derived from a property, such as rent or other income, when someone else is in possession of it without permission. However, since the provided sections of the CPC do not explicitly define or explain how to calculate mesne profits, we must look at the broader context of property law and the principles of calculating damages for unauthorized use.

**What You Should Do Now**
1. Document all evidence of unauthorized use of your property, including dates and any income lost or expenses incurred.
2. Consult with a lawyer to understand how mesne profits apply to your specific situation and to calculate the potential damages.
3. Gather any relevant financial records or appraisals that can help in determining the value of the mesne profits.

**Evidence to Keep**
- Records of property income (e.g., rent agreements, receipts)
- Evidence of property expenses (e.g., maintenance, taxes)
- Documentation of unauthorized possession (e.g., photos, witness statements)
- Financial records or appraisals of the property's value

**Where to Go / Who to Contact**
For legal advice on claiming mesne profits, contact a civil court or consult with a licensed lawyer who specializes in property law. You can also reach out to the Legal Aid services in Bangladesh for guidance: Legal Aid: 16430.

**When You Need a Lawyer**
You should seek professional legal help as soon as you realize someone is making unauthorized use of your property, to ensure you can claim the rightful compensation for mesne profits.

---
**Sources**
- **[ACT-1]** The Code of Criminal Procedure, 1898, Section 2: Repealed *(Status: Repealed)*","The Code of Civil Procedure, 1908 (CPC)",2(12),False,[],NOT_AVAILABLE,[],"['2(12)', '2']",True,NOT_AVAILABLE,True,['Code of Criminal Procedure'],False,[],,,,
Q124,"The Code of Civil Procedure, 1908 (CPC)",Explain the summary procedure under Order XXXVII of the CPC and the conditions for a defendant to appear.,"Answer Details: Order XXXVII provides a fast-track summary procedure for suits upon bills of exchange, hundis, or promissory notes (and extended to specific debt-recovery contracts). Leave to Defend: Unlike ordinary suits, the defendant cannot file a written statement as a matter of right. They must enter an appearance within 10 days of service of the summons and apply for ""leave to defend."" The court will grant leave only if the defendant’s affidavit discloses a bona fide or triable defense.","**What This Means For You**
If you are a defendant in a lawsuit, you need to understand the summary procedure under Order XXXVII of the Code of Civil Procedure (CPC) to know your rights and obligations. This procedure allows for a quicker resolution of certain types of cases, but it also requires you to take specific steps to defend yourself.

**What the Law Says**
Under Order XXXVII of the CPC, a summary procedure can be followed for certain types of cases, such as those involving debt or liquidated demands. However, I couldn't find any information about Order XXXVII of the CPC in the provided verified sources. 

**What You Should Do Now**
Since I couldn't find any information about Order XXXVII of the CPC, I recommend the following general steps:
1. Consult the Bangladesh Code directly to learn more about the summary procedure under Order XXXVII of the CPC.
2. Contact a licensed lawyer to get specific advice on how to proceed with your case.
3. Gather all relevant documents and evidence related to your case.

**Evidence to Keep**
- Copies of the lawsuit and any other relevant documents
- Evidence related to the debt or liquidated demand

**Where to Go / Who to Contact**
- Contact a licensed lawyer for specific advice on your case
- Visit the District Court or other relevant court to learn more about the summary procedure

**When You Need a Lawyer**
You should consider hiring a lawyer as soon as possible to help you navigate the summary procedure and ensure that your rights are protected.

---
**Sources**
- **[ACT-1]** The Code of Criminal Procedure, 1898, Section 167: Procedure when investigation cannot be completed in twentyfour hours *(Status: Amended)*
- **[ACT-2]** The Code of Criminal Procedure, 1898, Section 113: Procedure in respect of person present in Court *(Status: Active)*
- **[ACT-3]** The Code of Criminal Procedure, 1898, Section 87: Proclamation for person absconding *(Status: Active)*
- **[ACT-4]** The Code of Criminal Procedure, 1898, Section 135: Person to whom order is addressed to obey or show cause or claim jury *(Status: Active)*
- **[ACT-5]** The Code of Criminal Procedure, 1898, Section 204: Issue of process *(Status: Active)*
- **[ACT-6]** The Code of Criminal Procedure, 1898, Section 91: Power to take bond for appearance *(Status: Active)*
- **[ACT-7]** The Code of Criminal Procedure, 1898, Section 86: Procedure by Magistrate before whom person arrested is brought *(Status: Amended)*
- **[ACT-8]** The Code of Criminal Procedure, 1898, Section 88: Attachment of property of person absconding *(Status: Amended)*
- **[ACT-9]** The Code of Criminal Procedure, 1898, Section 90: Issue of warrant in lieu of, or in addition to, summons *(Status: Amended)*
- **[ACT-10]** The Code of Criminal Procedure, 1898, Section 92: Arrest by breach of bond for appearance *(Status: Active)*
- **[ACT-11]** The Code of Criminal Procedure, 1898, Section 112: XII of 1923).] Order to be made *(Status: Active)*
- **[ACT-12]** The Code of Criminal Procedure, 1898, Section 114: Summons or warrant in case of person not so present *(Status: Active)*
- **[ACT-13]** The Code of Criminal Procedure, 1898, Section 134: Service or notification of order *(Status: Active)*
- **[ACT-14]** The Code of Criminal Procedure, 1898, Section 136: Consequence of his failing to do so *(Status: Amended)*
- **[ACT-15]** The Code of Criminal Procedure, 1898, Section 166: When officer-incharge of police station may require another to issue searchwarrant *(Status: Active)*
- **[ACT-16]** The Code of Criminal Procedure, 1898, Section 168: Code.] Report of investigation by subordinate policeofficer *(Status: Active)*
- **[ACT-17]** The Code of Criminal Procedure, 1898, Section 203: Dismissal of complaint *(Status: Active)*
- **[ACT-18]** The Code of Criminal Procedure, 1898, Section 205: Magistrate may dispense with personal attendance of accused *(Status: Active)*
- **[DLR-1]** Bangladesh represented by the Secretary, Ministry of Establishment and others VS Abdul halim miah and others — DLR (AD) 2005 | Appellate Division | 2005
- **[DLR-2]** State VS Abdur Rahim — DLR (AD) 2005 | Appellate Division | 2005
- **[DLR-3]** Secretary, Ministry of Food Government of Bangladesh and others vs. Md Sirajuddin Ahmed and others — DLR (AD) 2005 | Appellate Division | 2005
- **[DLR-4]** AHS Rahman vs State — DLR (AD) 2005 | Appellate Division | 2005","The Code of Civil Procedure, 1908 (CPC)",,False,[],NOT_AVAILABLE,[],"['167', '113', '87', '135', '204', '91', '86', '88', '90', '92', '112', '114', '134', '136', '166', '168', '203', '205']",N/A,NOT_AVAILABLE,True,['Code of Criminal Procedure'],False,[],,,,
Q125,"The Contract Act, 1872","What is the purpose of a ""Garnishee Order"" under Order XXI of the CPC?","Answer Details: A Garnishee Order is an execution mechanism under Order XXI, Rules 46A to 46I. It allows a decree-holder to attach and recover monetary sums owed to the judgment-debtor by a third party (the ""Garnishee""). The court orders the Garnishee directly to pay the debt into court instead of paying it to the judgment-debtor.","**What This Means For You**
A Garnishee Order is a court order that helps you get the money you are owed from someone who has money belonging to the person who owes you. This order can be useful if the person who owes you money doesn't have any money themselves, but someone else has money that belongs to them.

**What the Law Says**
Under the Code of Civil Procedure (CPC), a Garnishee Order is a legal remedy that allows a creditor to recover their debt from a third party who has money or property belonging to the debtor. However, the specific details of a Garnishee Order are not mentioned in the provided verified sources.

**What You Should Do Now**
1. Consult the Bangladesh Code or a licensed lawyer to understand the specifics of a Garnishee Order under the CPC.
2. Gather all relevant documents and information about the debt and the third party who has money or property belonging to the debtor.
3. Consider seeking legal advice to determine if a Garnishee Order is the best course of action for your specific situation.

**Evidence to Keep**
- Documents proving the debt
- Information about the third party who has money or property belonging to the debtor
- Any relevant court orders or judgments

**Where to Go / Who to Contact**
You can contact the District Court or a licensed lawyer for guidance on obtaining a Garnishee Order.

**When You Need a Lawyer**
You should consider seeking professional legal help if you are unsure about how to proceed with obtaining a Garnishee Order or if you need help navigating the legal process.

---
**Sources**
- **[ACT-1]** The Code of Criminal Procedure, 1898, Section 21: Chief Metropolitan Magistrate *(Status: Amended)*
- **[ACT-2]** The Code of Criminal Procedure, 1898, Section 112: XII of 1923).] Order to be made *(Status: Active)*
- **[ACT-3]** The Code of Criminal Procedure, 1898, Section 20: Local limits of jurisdiction *(Status: Active)*
- **[ACT-4]** The Code of Criminal Procedure, 1898, Section 22: Justice of the peace for the mafassal *(Status: Active)*
- **[ACT-5]** The Code of Criminal Procedure, 1898, Section 111: Repealed *(Status: Repealed)*
- **[ACT-6]** The Code of Criminal Procedure, 1898, Section 113: Procedure in respect of person present in Court *(Status: Active)*
- **[DLR-1]** Bangladesh represented by the Secretary, Ministry of Establishment and others VS Abdul halim miah and others — DLR (AD) 2005 | Appellate Division | 2005
- **[DLR-2]** Bangladesh, represented by the Secretary, Ministry of Works, Housing and Settlement and ors vs Md Abu Bakar and others — DLR (AD) 2005 | Appellate Division | 2005
- **[DLR-3]** Government of the People's Republic of Bangladesh, represented by the DC and another VS Abdur Rahman and others — DLR (AD) 2005 | Appellate Division | 2005
- **[DLR-4]** State VS Abdur Rahim — DLR (AD) 2005 | Appellate Division | 2005","The Contract Act, 1872",,False,[],NOT_AVAILABLE,[],"['21', '112', '20', '22', '111', '113']",N/A,NOT_AVAILABLE,True,"['Code of Criminal Procedure', 'Code of Civil Procedure']",False,[],,,,
Q126,"The Contract Act, 1872",Distinguish between a Contract of Indemnity (Section 124) and a Contract of Guarantee (Section 126).,"Answer Details: ○ Indemnity (Section 124): A contract by which one party promises to save the other from loss caused to him by the conduct of the promisor himself, or by the conduct of any other person. There are only two parties (indemnifier and indemnified). Liability is primary. ○ Guarantee (Section 126): A contract to perform the promise, or discharge the liability, of a third person in case of his default. There are three parties (principal debtor, creditor, and surety). Liability of the surety is secondary and collateral to that of the principal debtor.","**What This Means For You**
A Contract of Indemnity and a Contract of Guarantee are two different types of contracts that provide protection against loss, but they serve distinct purposes and have different implications. Understanding the difference between them is crucial to avoid confusion and potential legal issues.

**What the Law Says**
Under Section 124 [ACT-1] of the Contract Act, 1872, a Contract of Indemnity is defined as a contract where one party promises to save the other from loss caused by the conduct of the promisor or any other person. On the other hand, under Section 126 [ACT-2] of the same Act, a Contract of Guarantee is a contract to perform the promise or discharge the liability of a third person in case of their default. The key difference lies in the fact that a Contract of Indemnity is a primary contract where one party promises to compensate the other for a loss, whereas a Contract of Guarantee is a secondary contract where one party promises to take responsibility for the debt or obligation of another person.

**What You Should Do Now**
1. Review your contracts to determine whether they are Contracts of Indemnity or Contracts of Guarantee.
2. Understand the terms and conditions of each contract, including the scope of liability and the obligations of each party.
3. Seek legal advice if you are unsure about the differences between these contracts or if you need help drafting or negotiating a contract.

**Evidence to Keep**
- Copies of the contracts in question
- Communication records with the other party
- Documentation of any losses or damages incurred

**Where to Go / Who to Contact**
For legal advice or assistance, contact the Bangladesh Bar Council or a licensed lawyer specializing in contract law.

**When You Need a Lawyer**
You should consult a lawyer if you are involved in a dispute or litigation related to a Contract of Indemnity or a Contract of Guarantee, or if you need help navigating the complexities of these contracts.

---
**Sources**
- **[ACT-1]** The Contract Act, 1872, Section 124: ""Contract of indemnity"" defined — conduct, against, party *(Status: Amended)*
- **[ACT-2]** The Contract Act, 1872, Section 126: ""Contract of guarantee"", ""surety"", ""principal debtor"" and ""creditor"" — called, default, given *(Status: Active)*","The Contract Act, 1872",124,False,[],NOT_AVAILABLE,[],"['124', '126', '124', '126']",True,NOT_AVAILABLE,False,[],False,[],,,,
Q127,"The Copyright Act, 2023",Explain the doctrine of frustration of contract under Section 56 of the Contract Act.,"Answer Details: Section 56 establishes that an agreement to do an act impossible in itself is void. It further states that a contract to do an act which, after the contract is made, becomes impossible, or, by reason of some event which the promisor could not prevent, unlawful, becomes void when the act becomes impossible or unlawful. This covers subsequent, unforeseen interventions that destroy the core commercial foundation of the agreement.","**What This Means For You**
The doctrine of frustration of contract is a legal principle that allows a contract to be terminated when an unforeseen event occurs that makes it impossible to fulfill the contract. This means that if something unexpected happens that prevents you from performing your part of the contract, you may be able to cancel the contract without being held liable.

**What the Law Says**
Under Section 56 of the Contract Act, 1872 [ACT-1], a contract becomes void when the performance of the contract becomes impossible or unlawful due to an event that the promisor could not prevent. This section states that an agreement to do an act that is impossible in itself is void, and a contract to do an act that becomes impossible or unlawful after the contract is made becomes void when the act becomes impossible or unlawful.

**What You Should Do Now**
1. Review your contract to see if it includes a force majeure clause that outlines what happens in case of unforeseen events.
2. Document any events that may have made it impossible to fulfill the contract, such as natural disasters or changes in laws.
3. Communicate with the other party to the contract to discuss possible alternatives or termination of the contract.

**Evidence to Keep**
- Copies of the contract
- Records of any events that may have made it impossible to fulfill the contract
- Communication with the other party to the contract

**Where to Go / Who to Contact**
If you need help with a frustrated contract, you can contact the District Court or a lawyer specializing in contract law.

**When You Need a Lawyer**
You should consult a lawyer if the other party to the contract disputes your claim of frustration or if you need help navigating the legal process of terminating a contract.

---
**Sources**
- **[ACT-1]** The Contract Act, 1872, Section 56: Agreement to do impossible act Contract to do act afterwards becoming impossible or unlawful Compensation for loss through nonperformance of act known to be impossible or unlawful — void, becomes *(Status: Active)*","The Copyright Act, 2023",56,False,[],NOT_AVAILABLE,[],"['56', '56']",True,NOT_AVAILABLE,False,[],False,[],,,,
Q128,"The Court Fees Act, 1870","What civil remedies are available to a copyright owner for infringement under the Copyright Act, 2023?",Answer Details: The owner of a copyright can initiate a civil lawsuit in the Court of the District Judge. The available statutory remedies include: 1. Injunctions (to restrain the continuation of the infringing activity). 2. Damages or an account of profits made by the infringer. 3. Delivery up of all infringing copies and plates used for manufacturing the unauthorized copies.,"**What This Means For You**
If someone has copied your creative work without permission, you have the right to take action against them. The Copyright Act, 2023, provides various civil remedies to protect your rights.

**What the Law Says**
Under the Copyright Act, 2023, a copyright owner can seek civil remedies for infringement, including damages, injunctions, and delivery up of infringing copies. However, since the specific provisions of the Copyright Act, 2023, are not available in my verified database, I can only provide general information.

**What You Should Do Now**
1. Gather evidence of the infringement, such as proof of your ownership of the copyright and examples of the infringing work.
2. Consider sending a cease and desist letter to the infringer, demanding that they stop using your work.
3. Consult with a licensed lawyer to discuss your options for seeking civil remedies.

**Evidence to Keep**
- Proof of copyright ownership
- Examples of the infringing work
- Records of any communication with the infringer

**Where to Go / Who to Contact**
Contact the Copyright Office, Bangladesh, or a licensed lawyer specializing in intellectual property law.

**When You Need a Lawyer**
You should consult a lawyer as soon as possible if you believe your copyright has been infringed, as they can help you navigate the legal process and protect your rights.

---
**Sources**
- **[DLR-1]** State VS Abdur Rahim — DLR (AD) 2005 | Appellate Division | 2005
- **[DLR-2]** Secretary, Ministry of Food Government of Bangladesh and others vs. Md Sirajuddin Ahmed and others — DLR (AD) 2005 | Appellate Division | 2005
- **[DLR-3]** Government of Bangladesh and another VS Md Afsar Ali and others — DLR (AD) 2003 | Appellate Division | 2003
- **[DLR-4]** Bangladesh represented by the Secretary, Ministry of Establishment and others VS Abdul halim miah and others — DLR (AD) 2005 | Appellate Division | 2005","The Court Fees Act, 1870",,False,[],NOT_AVAILABLE,[],[],N/A,NOT_AVAILABLE,False,[],False,[],,,,
Q129,"The Code of Criminal Procedure, 1898 (CrPC)",What is the procedure for a refund of court fees on a plaint rejected for undervaluation under Section 13?,"Answer Details: Under Section 13, if an appellate court remands a case for retrial, or if a plaint was rejected by a subordinate court and subsequently the appellate court reverses that decision, the appellant is entitled to receive a certificate from the court authorizing a refund of the court fee paid on the memorandum of appeal or plaint, preventing double taxation for administrative corrections.","**What This Means For You**
If your plaint was rejected due to undervaluation, you may be eligible for a refund of court fees. This is an important step to recover the costs you incurred during the court process.

**What the Law Says**
Under the Code of Civil Procedure, the court has the authority to reject a plaint if it is undervalued. Although the specific section is not mentioned in the provided acts, generally, when a plaint is rejected, the court may order a refund of court fees. A court also ruled in various cases that the plaintiff is entitled to a refund of court fees when the plaint is rejected due to technical reasons such as undervaluation.

**What You Should Do Now**
1. Review the court's order to confirm the reason for rejection and the possibility of a refund.
2. File an application for a refund of court fees, citing the relevant provisions of the Code of Civil Procedure.
3. Submit the required documents, including the court's order and the original receipt of court fees paid.

**Evidence to Keep**
- Copy of the court's order rejecting the plaint
- Original receipt of court fees paid
- Application for refund of court fees

**Where to Go / Who to Contact**
Contact the court where the plaint was filed, specifically the office of the Registrar or the Accounts Section, to inquire about the procedure for refund of court fees.

**When You Need a Lawyer**
You should consider consulting a lawyer if the court rejects your application for a refund or if you need assistance in filing the application and navigating the court process.

---
**Sources**
- **[ACT-1]** The Code of Criminal Procedure, 1898, Section 113: Procedure in respect of person present in Court *(Status: Active)*
- **[ACT-2]** The Code of Criminal Procedure, 1898, Section 130: Duty of officer commanding troops required by Magistrate to disperse assembly *(Status: Amended)*
- **[ACT-3]** The Code of Criminal Procedure, 1898, Section 1: Short title Commencement *(Status: Amended)*
- **[ACT-4]** The Code of Criminal Procedure, 1898, Section 2: Repealed *(Status: Repealed)*
- **[ACT-5]** The Code of Criminal Procedure, 1898, Section 3: (1) Omitted *(Status: Amended)*
- **[ACT-6]** The Code of Criminal Procedure, 1898, Section 4: Definitions *(Status: Amended)*
- **[ACT-7]** The Code of Criminal Procedure, 1898, Section 5: Trial of offences *(Status: Active)*
- **[ACT-8]** The Code of Criminal Procedure, 1898, Section 112: XII of 1923).] Order to be made *(Status: Active)*
- **[ACT-9]** The Code of Criminal Procedure, 1898, Section 114: Summons or warrant in case of person not so present *(Status: Active)*
- **[ACT-10]** The Code of Criminal Procedure, 1898, Section 129: Use of military force *(Status: Active)*
- **[ACT-11]** The Code of Criminal Procedure, 1898, Section 131: Power of commissioned military officers to disperse assembly *(Status: Amended)*
- **[DLR-1]** Government of the People's Republic of Bangladesh, represented by the DC and another VS Abdur Rahman and others — DLR (AD) 2005 | Appellate Division | 2005
- **[DLR-2]** Abdul Mannan VS Tayeb Ali and others — DLR (AD) 2006 | Appellate Division | 2006
- **[DLR-3]** Bangladesh represented by the Secretary, Ministry of Establishment and others VS Abdul halim miah and others — DLR (AD) 2005 | Appellate Division | 2005
- **[DLR-4]** Abdul Kader VS Secretary, Election Commission and others — DLR (AD) 2005 | Appellate Division | 2005","The Code of Criminal Procedure, 1898 (CrPC)",13,False,[],NOT_AVAILABLE,[],"['113', '130', '1', '2', '3', '4', '5', '112', '114', '129', '131']",False,NOT_AVAILABLE,True,['Code of Civil Procedure'],False,[],,,,
Q130,"The Code of Criminal Procedure, 1898 (CrPC)",What are the statutory powers of a Court to issue a Proclamation and Attachment for an absconding person under Sections 87 and 88?,"Answer Details: ○ Section 87 (Proclamation): If a Court has reason to believe that any person against whom a warrant has been issued has absconded, it may publish a written proclamation requiring him to appear at a specified place and time not less than 30 days from the date of publishing. ○ Section 88 (Attachment): Simultaneously or after the proclamation, the Court may order the attachment of any property, movable or immovable, belonging to the proclaimed person to compel compliance.","**What This Means For You**
If someone has absconded to avoid a warrant, the Court can issue a proclamation and attachment order to bring them to justice. This means the Court can seize their property and require them to appear before the Court. 

**What the Law Says**
Under Section 87 of the Code of Criminal Procedure, 1898 [ACT-1], a Court can publish a written proclamation requiring the absconding person to appear at a specified place and time, not less than thirty days from the date of publishing the proclamation. Additionally, under Section 88 [ACT-1], the Court can order the attachment of any property, movable or immovable, belonging to the proclaimed person. The attachment can be made by seizure, appointment of a receiver, or an order in writing prohibiting the delivery of such property to the proclaimed person.

**What You Should Do Now**
1. If you are the person against whom the proclamation is issued, you should appear before the Court at the specified time and place to avoid further action.
2. If you are a witness or have information about the absconding person, you should contact the Court or the police to provide assistance.
3. If your property is attached, you should seek legal advice to understand your rights and options.

**Evidence to Keep**
- A copy of the proclamation
- Proof of ownership of the attached property
- Any communication with the Court or police

**Where to Go / Who to Contact**
You should contact the Court that issued the proclamation or the local police station for more information. You can also reach out to the District Magistrate or the Chief Judicial Magistrate for assistance.

**When You Need a Lawyer**
You should consult a lawyer if you are the person against whom the proclamation is issued, or if your property is attached, to understand your rights and options and to represent you in Court.

---
**Sources**
- **[ACT-1]** The Code of Criminal Procedure, 1898, Section 88: Attachment of property of person absconding *(Status: Amended)*","The Code of Criminal Procedure, 1898 (CrPC)",87,False,[],NOT_AVAILABLE,[],"['87', '88', '88']",True,NOT_AVAILABLE,False,[],False,[],,,,
Q131,"The Code of Criminal Procedure, 1898 (CrPC)",Explain the statutory provisions for regular bail under Section 497 of the CrPC for non-bailable offences.,"Answer Details: Section 497 dictates that a person accused of a non-bailable offence may be released on bail, except if there appear reasonable grounds for believing that he has been guilty of an offence punishable with death or imprisonment for life. Exceptions for Release: The section contains an explicit proviso stating that the Court may direct that any person under the age of sixteen years, or any woman, or any sick or infirm person be released on bail even if the offence carries capital punishment.","**What This Means For You**
If you're accused of a non-bailable offence, you may be eligible for regular bail under certain conditions. The law provides a framework for granting bail, and understanding these provisions can help you navigate the process.

**What the Law Says**
Under Section 497 of the CrPC, the High Court Division or the Court of Session may grant regular bail to a person accused of a non-bailable offence. However, I must correct that the provided information does not contain Section 497 of the CrPC. According to the available information, Section 498 of the Code of Criminal Procedure, 1898, provides that the High Court Division or the Court of Session may direct that any person be admitted to bail, or that the bail required by a police-officer or Magistrate be reduced. 

**What You Should Do Now**
1. Consult with a licensed lawyer to determine if you're eligible for regular bail.
2. Gather all relevant documents and evidence to support your bail application.
3. File a bail application with the appropriate court, either the High Court Division or the Court of Session.

**Evidence to Keep**
- Copy of the First Information Report (FIR)
- Copy of the charge sheet
- Medical reports (if applicable)
- Other relevant documents supporting your bail application

**Where to Go / Who to Contact**
Contact the High Court Division or the Court of Session in your jurisdiction to file a bail application. You may also reach out to a licensed lawyer for guidance and representation.

**When You Need a Lawyer**
You should consult a lawyer as soon as possible if you're accused of a non-bailable offence and are seeking regular bail, as they can help you navigate the complex legal process and increase your chances of a successful bail application.

---
**Sources**
- **[ACT-1]** The Code of Criminal Procedure, 1898, Section 498: Power to direct admission to bail or reduction of bail (Anticipatory Bail / Agam Jamin) *(Status: Active)*
- **[ACT-2]** The Code of Criminal Procedure, 1898, Section 4(1): Definitions - Cognizable and Non-cognizable offence *(Status: Active)*
- **[ACT-3]** The Code of Criminal Procedure, 1898, Section 4: Definitions *(Status: Amended)*
- **[ACT-4]** The Code of Criminal Procedure, 1898, Section 124: Power to release persons imprisoned for failing to give security *(Status: Amended)*
- **[ACT-5]** The Code of Criminal Procedure, 1898, Section 59: Arrest by private persons and procedure on such arrest *(Status: Active)*
- **[ACT-6]** The Code of Criminal Procedure, 1898, Section 110: Security for good behaviour from habitual offenders *(Status: Active)*
- **[ACT-7]** The Code of Criminal Procedure, 1898, Section 3: (1) Omitted *(Status: Amended)*
- **[ACT-8]** The Code of Criminal Procedure, 1898, Section 5: Trial of offences *(Status: Active)*
- **[ACT-9]** The Code of Criminal Procedure, 1898, Section 58: Pursuit of offenders into other jurisdictions *(Status: Active)*
- **[ACT-10]** The Code of Criminal Procedure, 1898, Section 60: Person arrested to be taken before Magistrate or officer in charge of policestation *(Status: Active)*
- **[ACT-11]** The Code of Criminal Procedure, 1898, Section 109: Security for good behaviour from vagrants and suspected persons *(Status: Active)*
- **[ACT-12]** The Code of Criminal Procedure, 1898, Section 111: Repealed *(Status: Repealed)*
- **[ACT-13]** The Code of Criminal Procedure, 1898, Section 123: Imprisonment in default of security *(Status: Active)*
- **[ACT-14]** The Code of Criminal Procedure, 1898, Section 125: Power of District Magistrate to cancel any bond for keeping the peach or good behaviour *(Status: Amended)*
- **[DLR-1]** State VS Abdur Rahim — DLR (AD) 2005 | Appellate Division | 2005
- **[DLR-2]** Bangladesh represented by the Secretary, Ministry of Establishment and others VS Abdul halim miah and others — DLR (AD) 2005 | Appellate Division | 2005
- **[DLR-3]** Abdul Kader VS Secretary, Election Commission and others — DLR (AD) 2005 | Appellate Division | 2005
- **[DLR-4]** Anarul Islam (Md) and others vs. State and another — DLR (AD) 2005 | Appellate Division | 2005","The Code of Criminal Procedure, 1898 (CrPC)",497,False,[],NOT_AVAILABLE,[],"['497', '497', '498', '498', '4(1)', '4', '124', '59', '110', '3', '5', '58', '60', '109', '111', '123', '125']",True,NOT_AVAILABLE,False,[],False,[],,,,
Q132,"The Evidence Act, 1872","What is the procedure for an ""Inquest Report"" under Section 174 of the CrPC?","Answer Details: Under Section 174, an officer in charge of a police station or an authorized Magistrate, upon receiving information that a person has committed suicide, or has been killed by another, or by an animal, machinery, or accident, must immediately proceed to the place where the body is and make an investigation into the apparent cause of death. They prepare an Inquest Report detailing wounds, fractures, and bruises, signed by the officer and local witnesses.","**What This Means For You**
If someone has died under suspicious circumstances, the police must investigate and submit an inquest report to the nearest Executive Magistrate. This report helps determine the cause of death and whether any offense was committed. As a citizen, you have the right to know the circumstances surrounding a death, and this report is a crucial step in the investigation process.

**What the Law Says**
Under Section 174 of the Code of Criminal Procedure, 1898 [ACT-1], when the police receive information about a death, they must immediately inform the nearest Executive Magistrate and conduct an investigation. The police officer must visit the scene, examine the body, and gather evidence to determine the cause of death. The officer must then submit a report to the Magistrate, including the apparent cause of death, any injuries or marks on the body, and the circumstances surrounding the death.

**What You Should Do Now**
1. If you have information about a suspicious death, report it to the police immediately.
2. Cooperate with the police investigation and provide any relevant information or evidence.
3. If you are a family member or relative of the deceased, you may request a copy of the inquest report from the Magistrate.

**Evidence to Keep**
- Copy of the inquest report (if available)
- Any witness statements or evidence collected during the investigation
- Photographs or videos of the scene (if taken)

**Where to Go / Who to Contact**
Contact the nearest police station or the office of the Executive Magistrate to report a suspicious death or to request a copy of the inquest report. You can also call the Police Helpline: 999.

**When You Need a Lawyer**
If you are a suspect in a death investigation or if you have concerns about the investigation process, you should consult a licensed lawyer to protect your rights and interests.

---
**Sources**
- **[ACT-1]** The Code of Criminal Procedure, 1898, Section 174: Police to inquire and report on suicide, etc *(Status: Amended)*","The Evidence Act, 1872",174,False,[],NOT_AVAILABLE,[],"['174', '174']",True,NOT_AVAILABLE,True,['Code of Criminal Procedure'],False,[],,,,
Q133,"The Evidence Act, 1872","When is an ""Admission"" relevant, and can it be used in favor of the person making it under Sections 17 and 21?","Answer Details: Section 17 defines an admission as a statement, oral or documentary, which suggests any inference as to any fact in issue or relevant fact. Rule of Relevancy (Section 21): Admissions are relevant and can generally be proved against the person who makes them or his representative in interest. They cannot be proved by or on behalf of the person who makes them, except under specific statutory exceptions (e.g., if it is of such a nature that, if the person making it were dead, it would be admissible as a dying declaration).","**What This Means For You**
An admission can be a crucial piece of evidence in a court case, and it's essential to understand when it's relevant and how it can be used. In Bangladesh, admissions can be used in various contexts, including criminal and civil cases. If you're involved in a court case, it's crucial to know how admissions can impact your situation.

**What the Law Says**
Under Section 17 of the Evidence Act, 1872 [ACT-1], an admission is a statement made by a person that acknowledges a fact or circumstance that can be used against them in a court of law. Section 21 of the Evidence Act, 1872 [ACT-2], further explains how admissions can be used as evidence. According to these sections, an admission can be used as evidence against the person who made it, but it cannot be used in their favor unless it's part of a larger context that benefits them. A court also ruled in various cases that admissions can be a crucial piece of evidence, but they must be carefully evaluated in the context of the entire case.

**What You Should Do Now**
1. Be cautious when making statements that could be used as admissions in a court case.
2. Understand the context in which an admission is made, as it can impact how it's used as evidence.
3. Consult with a lawyer to determine how an admission can be used in your specific case.

**Evidence to Keep**
- Records of any statements made by you or others involved in the case
- Contextual information about when and where the admission was made
- Any other relevant evidence that can support or contradict the admission

**Where to Go / Who to Contact**
If you're involved in a court case and need guidance on admissions, contact a licensed lawyer or visit the District Court or Magistrate Court in your area. You can also reach out to the Bangladesh Bar Council for assistance.

**When You Need a Lawyer**
You should consult a lawyer immediately if you've made an admission that could be used against you in a court case, or if you're unsure about how an admission can impact your situation.

---
**Sources**
- **[ACT-1]** The Code of Criminal Procedure, 1898, Section 191: application of accused *(Status: Active)*
- **[ACT-2]** The Code of Criminal Procedure, 1898, Section 243: Conviction on admission of truth of accusation *(Status: Active)*","The Evidence Act, 1872",17,False,[],NOT_AVAILABLE,[],"['17', '21', '191', '243']",True,NOT_AVAILABLE,True,['Code of Criminal Procedure'],False,[],,,,
Q134,"The Bangladesh Labour Act, 2006","What is the difference between ""Presumption of Fact"" (May Presume) and ""Presumption of Law"" (Shall Presume) under Section 4?","Answer Details: ○ May Presume: Whenever it is provided by the Act that the Court may presume a fact, it may either regard such fact as proved, unless and until it is disproved, or may call for proof of it (discretionary). ○ Shall Presume: Whenever it is directed by the Act that the Court shall presume a fact, it shall regard such fact as proved, unless and until it is disproved (mandatory; the court has no discretion to call for proof initially, but the opposing party can lead evidence to rebut it).","**What This Means For You**
The difference between ""Presumption of Fact"" and ""Presumption of Law"" is crucial in understanding how the law treats certain assumptions in a case. This distinction can significantly impact the outcome of a trial or investigation.

**What the Law Says**
Under Section 4 of the Code of Criminal Procedure, 1898 [ACT-1], the law defines various terms, including ""bailable offence"" and ""cognizable offence"". Although Section 4 does not explicitly explain the difference between ""Presumption of Fact"" and ""Presumption of Law"", we can understand the general concept. ""Presumption of Fact"" (May Presume) refers to a situation where the court may assume a fact to be true based on the circumstances, but it is not mandatory. On the other hand, ""Presumption of Law"" (Shall Presume) means that the court must assume a fact to be true unless proven otherwise.

**What You Should Do Now**
1. Understand the context of your case to determine which type of presumption applies.
2. Review the evidence and circumstances surrounding your case to see if any presumptions can be made.
3. Consult with a lawyer to discuss how presumptions of fact or law may impact your case.

**Evidence to Keep**
- Any relevant documents or records related to your case
- Witness statements or testimony
- Physical evidence that may support or contradict the presumptions

**Where to Go / Who to Contact**
If you need clarification on presumptions of fact or law, contact a licensed lawyer or visit the District Court or Magistrate Court in your area.

**When You Need a Lawyer**
You should consult a lawyer if you are unsure about how presumptions of fact or law apply to your case, or if you need help navigating the legal process.

---
**Sources**
- **[ACT-1]** The Code of Criminal Procedure, 1898, Section 4: Definitions *(Status: Amended)*","The Bangladesh Labour Act, 2006",,False,[],NOT_AVAILABLE,[],"['4', '4', '4']",N/A,NOT_AVAILABLE,True,['Code of Criminal Procedure'],False,[],,,,
Q135,"The Limitation Act, 1908",What are the statutory requirements for the termination of employment by a worker via resignation under Section 27?,"Answer Details: Under Section 27, a permanent worker may resign from employment by giving the employer notice in writing. Notice Period: The worker must give 60 days' notice if they are a permanent monthly- rated worker, or 30 days' notice if they are a piece-rated/hourly worker. If a worker resigns without notice, they must pay the employer wages in lieu of the notice period. Permanent workers with at least 5 years of service are entitled to compensation/gratuity upon resignation.","**What This Means For You**
If you're considering resigning from your job, it's essential to understand the legal requirements to ensure a smooth transition. In Bangladesh, the law outlines specific procedures for terminating employment by a worker via resignation.

**What the Law Says**
Unfortunately, there is no information available in the provided verified sources regarding Section 27 of a specific Act that deals with the termination of employment by a worker via resignation. 

**What You Should Do Now**
1. Review your employment contract to understand the terms and conditions of your resignation.
2. Check with your HR department or supervisor to confirm the company's resignation policy.
3. Consult the Bangladesh Labor Act or relevant laws to understand your rights and obligations.

**Evidence to Keep**
- A copy of your resignation letter
- Acknowledgment of receipt from your employer
- Any other relevant documents related to your employment

**Where to Go / Who to Contact**
You can contact the Department of Labor or the Bangladesh Labor Court for guidance on labor-related matters.

**When You Need a Lawyer**
You should consider consulting a lawyer if your employer disputes your resignation or if you face any difficulties during the resignation process.

---
**Sources**
- **[DLR-1]** State VS Abdur Rahim — DLR (AD) 2005 | Appellate Division | 2005
- **[DLR-2]** Secretary, Ministry of Food Government of Bangladesh and others vs. Md Sirajuddin Ahmed and others — DLR (AD) 2005 | Appellate Division | 2005
- **[DLR-3]** Bangladesh represented by the Secretary, Ministry of Establishment and others VS Abdul halim miah and others — DLR (AD) 2005 | Appellate Division | 2005
- **[DLR-4]** Abdul Kader VS Secretary, Election Commission and others — DLR (AD) 2005 | Appellate Division | 2005","The Limitation Act, 1908",27,False,[],NOT_AVAILABLE,[],['27'],True,NOT_AVAILABLE,False,[],False,[],,,,
Q136,"The Negotiable Instruments Act, 1881 (NI Act)","What is the effect of ""Fraud"" or concealment on the calculation of a limitation period under Section 18?","Answer Details: Section 18 establishes that where a person having a right to institute a suit or make an application has been kept from the knowledge of such right or title by fraud, or where any document necessary to establish such right has been fraudulently concealed, the time for computing limitation shall be reckoned from the time when the fraud first became known to the affected party, or when they first had the means of producing the concealed document.","**What This Means For You**
If you're involved in a case where fraud or concealment is alleged, it may affect how the limitation period is calculated. This could impact your rights and obligations in the case.

**What the Law Says**
Under Section 18 of the Limitation Act (not directly mentioned in the provided ACTs, but relevant to the concept of limitation periods), the law generally states that the limitation period starts from the date when the right to sue accrues. However, in cases of fraud or concealment, the limitation period may be extended. Unfortunately, the specific details of Section 18 are not provided in the given VERIFIED SOURCES, but the concept is crucial in understanding how limitation periods can be affected by fraudulent activities or concealment of facts.

**What You Should Do Now**
1. Review the specifics of your case to determine if fraud or concealment is a factor.
2. Consult with a legal professional to understand how the limitation period applies to your situation.
3. Gather all relevant documents and evidence related to the alleged fraud or concealment.

**Evidence to Keep**
- Documents related to the alleged fraud or concealment
- Correspondence or records that may prove or disprove the allegations
- Any other evidence that could impact the calculation of the limitation period

**Where to Go / Who to Contact**
For specific advice on how fraud or concealment affects your case, contact a licensed lawyer or visit the District Court or the Supreme Court of Bangladesh, depending on the nature and jurisdiction of your case.

**When You Need a Lawyer**
You should consult a lawyer immediately if you believe fraud or concealment has occurred in your case, as this could significantly impact the legal proceedings and outcomes.

---
**Sources**
- **[ACT-1]** The Code of Criminal Procedure, 1898, Section 18: Appointment of Metropolitan Magistrates *(Status: Amended)*
- **[ACT-2]** The Code of Criminal Procedure, 1898, Section 118: Order to give security *(Status: Active)*
- **[ACT-3]** The Code of Criminal Procedure, 1898, Section 1: Short title Commencement *(Status: Amended)*
- **[ACT-4]** The Code of Criminal Procedure, 1898, Section 2: Repealed *(Status: Repealed)*
- **[ACT-5]** The Code of Criminal Procedure, 1898, Section 3: (1) Omitted *(Status: Amended)*
- **[ACT-6]** The Code of Criminal Procedure, 1898, Section 4: Definitions *(Status: Amended)*
- **[ACT-7]** The Code of Criminal Procedure, 1898, Section 5: Trial of offences *(Status: Active)*
- **[ACT-8]** The Code of Criminal Procedure, 1898, Section 17: Subordination of Executive,Judicial and Metropolitan Magistrates *(Status: Amended)*
- **[ACT-9]** The Code of Criminal Procedure, 1898, Section 19: Benches *(Status: Active)*
- **[ACT-10]** The Code of Criminal Procedure, 1898, Section 117: Inquiry as to truth of information *(Status: Active)*
- **[ACT-11]** The Code of Criminal Procedure, 1898, Section 119: Discharge of person informed against *(Status: Active)*
- **[DLR-1]** Secretary, Ministry of Food Government of Bangladesh and others vs. Md Sirajuddin Ahmed and others — DLR (AD) 2005 | Appellate Division | 2005
- **[DLR-2]** Abdul Kader VS Secretary, Election Commission and others — DLR (AD) 2005 | Appellate Division | 2005
- **[DLR-3]** Fatema Khatun and others VS Abdul Quddus — DLR (AD) 2005 | Appellate Division | 2005
- **[DLR-4]** AHS Rahman vs State — DLR (AD) 2005 | Appellate Division | 2005","The Negotiable Instruments Act, 1881 (NI Act)",18,False,[],NOT_AVAILABLE,[],"['18', '18', '18', '118', '1', '2', '3', '4', '5', '17', '19', '117', '119']",True,NOT_AVAILABLE,True,"['Code of Criminal Procedure', 'Limitation Act']",False,[],,,,
Q137,"The Public Demands Recovery Act, 1913 (PDR Act)","Explain the concept of a ""Holder in Due Course"" under Section 9 of the NI Act.","Answer Details: Section 9 defines a ""Holder in Due Course"" as any person who for consideration becomes the possessor of a promissory note, bill of exchange, or cheque, if payable to bearer, or the payee or indorsee thereof, before the amount mentioned in it became payable, and without having sufficient cause to believe that any defect existed in the title of the person from whom he derived his title.","**What This Means For You**
A ""Holder in Due Course"" is a person who has legally acquired a negotiable instrument, such as a check or promissory note, in good faith and for consideration. This means that if you are a Holder in Due Course, you have the right to enforce payment of the instrument, and you are protected from any defects in the title of the previous owners.

**What the Law Says**
Under Section 9 [ACT-1] of the Negotiable Instruments Act, 1881, a ""Holder in Due Course"" means any person who, for consideration, becomes the possessor of a negotiable instrument, such as a promissory note, bill of exchange, or check, before it becomes overdue and without notice that the title of the person from whom he derived his title was defective. This means that the Holder in Due Course must have acquired the instrument in good faith, without knowledge of any defects in the title, and for valuable consideration.

**What You Should Do Now**
1. Ensure that you have acquired the negotiable instrument in good faith and for consideration.
2. Verify that the instrument is not overdue and that you have no notice of any defects in the title.
3. If you are a Holder in Due Course, you can enforce payment of the instrument against all parties liable thereon.

**Evidence to Keep**
- The negotiable instrument itself
- Proof of consideration paid for the instrument
- Records of any notices or communications related to the instrument

**Where to Go / Who to Contact**
If you need to enforce payment of a negotiable instrument, you can contact a Magistrate Court or a lawyer specializing in negotiable instruments.

**When You Need a Lawyer**
You should consult a lawyer if you are unsure about your rights as a Holder in Due Course or if you need to enforce payment of a negotiable instrument against a party who is refusing to pay.

---
**Sources**
- **[ACT-1]** The Negotiable Instruments Act, 1881, Section 9: Holder in due course — consideration, possession, overdue instrument, defective title *(Status: Active)*","The Public Demands Recovery Act, 1913 (PDR Act)",9,False,[],NOT_AVAILABLE,[],"['9', '9']",True,NOT_AVAILABLE,False,[],False,[],,,,
Q138,"The Penal Code, 1860",What is the process of execution available to a Certificate-officer to realize public arrears under Section 22?,"Answer Details: Under Section 22, if a certificate is not satisfied after notice and the resolution of any objections, the Certificate-officer may execute it by: 1. Attachment and sale, or sale without attachment, of any property belonging to the debtor. 2. Attachment of any decree passed by a Civil Court in favor of the debtor. 3. Arrest of the certificate-debtor and detention in civil prison.","**What This Means For You**
If you owe public arrears, a Certificate-officer has the authority to take action against you to recover the debt. This can include various processes to seize and sell your assets to pay off the debt.

**What the Law Says**
Under Section 22 of the Code of Criminal Procedure, 1898 [ACT-1], a Certificate-officer has the power to execute a certificate to realize public arrears. However, the specific process of execution available to a Certificate-officer is not detailed in this section. 

**What You Should Do Now**
1. Review your financial obligations to understand the extent of your debt.
2. Seek advice from a financial advisor or a lawyer to explore options for settling your debt.
3. Be prepared to respond to any notices or summons from the Certificate-officer.

**Evidence to Keep**
- Records of your debt payments
- Communication with the Certificate-officer
- Financial statements

**Where to Go / Who to Contact**
Contact the local Magistrate Court or the Certificate-officer's office for more information on the execution process.

**When You Need a Lawyer**
You should consider consulting a lawyer if you receive a notice of execution from the Certificate-officer, as this indicates that legal action is being taken against you to recover the debt.

---
**Sources**
- **[ACT-1]** The Code of Criminal Procedure, 1898, Section 22: Justice of the peace for the mafassal *(Status: Active)*","The Penal Code, 1860",22,False,[],NOT_AVAILABLE,[],"['22', '22']",True,NOT_AVAILABLE,True,['Code of Criminal Procedure'],False,[],,,,
Q139,"The Registration Act, 1908",What are the boundaries and limitations of the Right of Private Defence of the body under Sections 96 to 102?,"Answer Details: Section 96 states nothing is an offence which is done in the exercise of the right of private defence. Limitations (Section 99): There is no right of private defence against an act which does not reasonably cause the apprehension of death or of grievous hurt, if done by a public servant acting in good faith. Crucially, the right in no case extends to the inflicting of more harm than it is necessary to inflict for the purpose of defence (proportionality principle).","**What This Means For You**
The Right of Private Defence of the body is a legal right that allows you to protect yourself from harm, but it has certain boundaries and limitations. Understanding these limits is crucial to avoid any legal consequences. If you exceed these limits, you might face legal action.

**What the Law Says**
Under Sections 96 to 102 of the Penal Code [ACT-1], the Right of Private Defence of the body is governed by specific rules. The law states that you have the right to defend yourself against an imminent threat of harm, but the use of force must be reasonable and proportionate to the threat. The right of private defence is limited to the extent of force necessary to repel the attack, and it does not extend to causing harm after the threat has passed.

**What You Should Do Now**
1. Understand the concept of ""imminent threat"" and how it applies to your situation.
2. Be aware of the proportionality of force required to repel an attack.
3. Know that the right of private defence is limited to the duration of the threat.

**Evidence to Keep**
- Records of any threats or attacks
- Witness statements
- Medical reports (if applicable)

**Where to Go / Who to Contact**
If you need to report an incident or seek protection, contact your local police station or call the Police Helpline: 999.

**When You Need a Lawyer**
You should consult a lawyer if you are facing legal consequences for exceeding the limits of private defence or if you need guidance on how to navigate the legal system in relation to a private defence incident.

---
**Sources**
- **[ACT-1]** The Code of Criminal Procedure, 1898, Section 108: Security for good behaviour from persons disseminating seditious matter *(Status: Amended)*","Penal Code, 1860",96,False,[],NOT_AVAILABLE,[],"['96', '102', '108']",True,NOT_AVAILABLE,True,['Code of Criminal Procedure'],False,[],,,,
Q140,"The Specific Relief Act, 1877",What is the consequence of non-registration of documents required to be registered under Section 49?,"Answer Details: Under Section 49, any document required by Section 17 to be registered shall not: 1. Affect any immovable property comprised therein. 2. Confer any power to adopt. 3. Be received as evidence of any transaction affecting such property or conferring such power. Proviso Exception: It can be received as evidence of part-performance of a contract in a suit for specific performance under the Specific Relief Act, or as evidence of collateral transactions.","**What This Means For You**
If a document that needs to be registered under Section 49 of the Transfer of Property Act, 1882, is not registered, it may lead to legal issues and potential disputes over property rights. This can cause problems for you if you're trying to prove ownership or transfer of property. 

**What the Law Says**
Under Section 49 of the Transfer of Property Act, 1882 [ACT-1], documents that are required to be registered must be registered to be valid. If a document is not registered, it may not be admissible as evidence in court, which can lead to difficulties in proving the transfer of property or the rights associated with it. A court also ruled in Fatema Khatun and others VS Abdul Quddus [DLR-1] that the period of limitation for seeking pre-emption would be counted from the date of registration of the document.

**What You Should Do Now**
1. Check if your document requires registration under the Transfer of Property Act, 1882.
2. If it does, ensure that it is registered at the appropriate sub-registrar's office.
3. Keep a record of the registration process, including the date and details of registration.

**Evidence to Keep**
- A copy of the registered document
- Receipt of registration fees
- Proof of payment for the property (if applicable)

**Where to Go / Who to Contact**
For registration of documents, contact your local Sub-Registrar's office. For legal advice, you can contact the Bangladesh Bar Council or a licensed lawyer.

**When You Need a Lawyer**
You should consult a lawyer if you are unsure about the registration process or if a dispute arises regarding the property rights associated with the unregistered document.

---
**Sources**
- **[ACT-1]** The Transfer of Property Act, 1882, Section 49: Transferee's right under policy *(Status: Active)*
- **[DLR-1]** Fatema Khatun and others VS Abdul Quddus — DLR (AD) 2005 | Appellate Division | 2005","The Specific Relief Act, 1877",49,False,[],NOT_AVAILABLE,[],"['49', '49', '49']",True,NOT_AVAILABLE,True,['Transfer of Property Act'],False,[],,,,
Q141,"The Suits Valuation Act, 1887","Under what conditions can a Court order the ""Rectification of Instruments"" under Section 31?","Answer Details: Section 31 states that when, through fraud or a mutual mistake of the parties, a contract or other instrument in writing does not express their real intention, either party or their representative in interest may institute a suit to have the instrument rectified. The Court must be satisfied that the instrument failed to show the true intent without overriding the rights acquired by third parties in good faith.","**What This Means For You**
If you're involved in a dispute over a property transfer or contract, the Court may be able to correct errors or omissions in the original document through rectification. This can help resolve issues and provide clarity on the terms of the agreement.

**What the Law Says**
Under Section 31 of the Transfer of Property Act, 1882 [ACT-1], a Court can order the rectification of instruments if it finds that the document does not accurately reflect the intentions of the parties involved. This can happen when there is a mistake or error in the document that affects the rights or interests of one or more parties.

**What You Should Do Now**
1. Review the original document and identify any errors or omissions that may be relevant to your case.
2. Gather evidence to support your claim, such as witness statements or other documents that demonstrate the intentions of the parties involved.
3. Consult with a lawyer to determine the best course of action and to prepare a strong case for rectification.

**Evidence to Keep**
- The original document in question
- Any drafts or earlier versions of the document
- Witness statements or other evidence that supports your claim
- Correspondence or communications related to the document

**Where to Go / Who to Contact**
You should contact a Civil Court, such as a District Court or a High Court Division, to initiate the process of rectification. You can also seek the advice of a licensed lawyer or contact the Bangladesh Bar Council for guidance.

**When You Need a Lawyer**
You should consult a lawyer as soon as possible if you believe that a document requires rectification, as this is a complex legal process that requires professional expertise.

---
**Sources**
- **[ACT-1]** The Transfer of Property Act, 1882, Section 31: Condition that transfer shall cease to have effect in case specified uncertain event happens or does not happen *(Status: Active)*","The Suits Valuation Act, 1887",31,False,[],NOT_AVAILABLE,[],"['31', '31']",True,NOT_AVAILABLE,True,['Transfer of Property Act'],False,[],,,,
Q142,"The Income Tax Act, 2023",Power of the Government to make rules determining the value of land for jurisdictional purposes under Section 3.,"Answer Details: Under Section 3, the Government may make rules for determining the value of land for the purposes of jurisdiction in suits mentioned in the Court Fees Act, 1870, Section 7, paragraphs v and vi, and paragraph x, clause (d). This creates an objective state standard for valuation separate from fluctuating local market speculations.","**What This Means For You**
The Government has the power to make rules that determine the value of land, which can affect the jurisdiction of courts in Bangladesh. This means that the Government can set rules to decide which court has the authority to hear a case involving a specific piece of land, based on its value.

**What the Law Says**
Under Section 3 of the Code of Civil Procedure, 1908 [ACT-2], the Government has the authority to make rules that impose conditions on the sale of land in execution of decrees for payment of money. Although Section 3 itself does not explicitly mention the power to make rules determining the value of land for jurisdictional purposes, Section 6 [ACT-10] implies that the court's jurisdiction is limited by the pecuniary limits of its ordinary jurisdiction, which can be affected by the value of the land in question.

**What You Should Do Now**
1. Check the current rules and regulations regarding the valuation of land for jurisdictional purposes.
2. Verify the value of the land in question to determine which court has jurisdiction over the case.
3. Consult with a lawyer to understand how the Government's rules may impact your specific situation.

**Evidence to Keep**
- Documents showing the value of the land
- Records of any previous court cases involving the land
- Copies of relevant Government rules and regulations

**Where to Go / Who to Contact**
Contact the District Court or the High Court Division to inquire about the current rules and regulations regarding the valuation of land for jurisdictional purposes. You can also reach out to the Ministry of Law, Justice and Parliamentary Affairs for more information.

**When You Need a Lawyer**
You should consult a lawyer if you are involved in a court case that involves a dispute over the value of land or the jurisdiction of a court, as the rules and regulations can be complex and may require professional legal guidance.

---
**Sources**
- **[ACT-2]** The Code of Civil Procedure, 1908, Section 3: Subordination of Courts. *(Status: Active)*
- **[ACT-10]** The Code of Civil Procedure, 1908, Section 6: Pecuniary Jurisdiction. *(Status: Active)*","The Income Tax Act, 2023",3,False,[],NOT_AVAILABLE,[],"['3', '3', '6', '3', '6']",True,NOT_AVAILABLE,True,['Code of Civil Procedure'],False,[],,,,
Q143,"The Stamp Act, 1899",What are the penal consequences for intentional non-filing of income tax returns under the current Income Tax Act?,"Answer Details: Under the current Income Tax Act, 2023 framework, an assessee who fails to file their income tax return within the statutory ""Tax Day"" deadline without a valid extension is subject to a mandatory financial penalty. Additionally, continuing defaults can result in the suspension of utility connections, commercial licenses, or the withholding of their Taxpayer's Identification Number (TIN) verifications for essential civic transactions.","**What This Means For You**
If you intentionally do not file your income tax returns, you may face penalties under the Income Tax Act. This can lead to fines and even imprisonment, depending on the severity of the offense.

**What the Law Says**
Under the Income Tax Act, intentional non-filing of income tax returns is considered an offense. However, the specific penal consequences are not mentioned in the provided VERIFIED SOURCES. 

**What You Should Do Now**
1. Consult the Income Tax Act or a licensed lawyer to understand the specific penal consequences for intentional non-filing of income tax returns.
2. Ensure you file your income tax returns accurately and on time to avoid any potential penalties.
3. If you have already missed the deadline, consider seeking professional help to rectify the situation.

**Evidence to Keep**
- Records of your income and expenses
- Previous years' tax returns (if applicable)
- Any correspondence with the tax authorities

**Where to Go / Who to Contact**
National Board of Revenue (NBR) - http://nbr.gov.bd/ 
Income Tax Circle where you are registered

**When You Need a Lawyer**
You should consider consulting a lawyer if you are facing penalties or prosecution for intentional non-filing of income tax returns, as the consequences can be severe and may involve imprisonment or significant fines.

---
**Sources**
- **[ACT-1]** The Penal Code, 1860, Section 202: Intentional omission to give information of offence by person bound to inform *(Status: Amended)*
- **[ACT-2]** The Penal Code, 1860, Section 171H: Illegal payments in connection with an election *(Status: Amended)*
- **[ACT-3]** The Penal Code, 1860, Section 175: Omission to produce document to public servant by person legally bound to produce it *(Status: Amended)*
- **[ACT-4]** The Penal Code, 1860, Section 211: False charge of offence made with intent to injure *(Status: Amended)*
- **[ACT-5]** The Penal Code, 1860, Section 174: Nonattendance in obedience to an order from public servant *(Status: Amended)*
- **[ACT-6]** The Penal Code, 1860, Section 221: Intentional omission to apprehend on the part of public servant bound to apprehend *(Status: Amended)*
- **[ACT-7]** The Penal Code, 1860, Section 170: Personating a public servant *(Status: Amended)*
- **[ACT-8]** The Penal Code, 1860, Section 172: Absconding to avoid service of summons or other proceeding *(Status: Amended)*
- **[ACT-9]** The Penal Code, 1860, Section 173: Preventing service of summons or other proceeding or preventing publication thereof *(Status: Amended)*
- **[ACT-10]** The Penal Code, 1860, Section 176: Omission to give notice or information to public servant by person legally bound to give it *(Status: Amended)*
- **[ACT-11]** The Penal Code, 1860, Section 201: Causing disappearance of evidence of offence, or giving false information to screen offender *(Status: Amended)*
- **[ACT-12]** The Penal Code, 1860, Section 203: Giving false information respecting an offence committed *(Status: Amended)*
- **[ACT-13]** The Penal Code, 1860, Section 210: Fraudulently obtaining decree for sum not due *(Status: Amended)*
- **[ACT-14]** The Penal Code, 1860, Section 212: Harbouring offender if a capital offence; if *(Status: Amended)*
- **[ACT-15]** The Penal Code, 1860, Section 220: Commitment for trial or confinement by person having authority who knows that he is acting *(Status: Amended)*
- **[ACT-16]** The Penal Code, 1860, Section 222: Intentional omission to apprehend on the part of public servant bound to apprehend person under sentence or *(Status: Amended)*
- **[DLR-1]** Secretary, Ministry of Food Government of Bangladesh and others vs. Md Sirajuddin Ahmed and others — DLR (AD) 2005 | Appellate Division | 2005
- **[DLR-2]** AHS Rahman vs State — DLR (AD) 2005 | Appellate Division | 2005
- **[DLR-3]** Yaor Mia (Md) and anothe VS Haji Shah Dhanai Ali and others — DLR (AD) 2005 | Appellate Division | 2005
- **[DLR-4]** Yogeshwar Gope vs State — DLR (AD) 2005 | Appellate Division | 2005","The Stamp Act, 1899",,False,[],NOT_AVAILABLE,[],"['202', '171H', '175', '211', '174', '221', '170', '172', '173', '176', '201', '203', '210', '212', '220', '222']",N/A,NOT_AVAILABLE,True,"['Penal Code', 'Income Tax Act']",False,[],,,,
Q144,"The Trademarks Act, 2009",What is the procedure for the adjudication of proper stamp duty by a Collector under Section 31?,"Answer Details: Under Section 31, when an instrument, whether executed or not and whether sufficiently stamped or not, is brought to the Collector, and the person bringing it applies to have the proper duty determined, the Collector shall determine the duty based on the statutory rates and endorse the instrument accordingly upon payment of any deficiency.","**What This Means For You**
The Collector can help determine the correct stamp duty for your document, and this process is important to ensure you pay the right amount and avoid any penalties. This procedure is straightforward and helps you comply with the law.

**What the Law Says**
Under Section 31 [ACT-1] of the Stamp Act, 1899, when you bring an instrument to the Collector and ask for their opinion on the proper stamp duty, they will determine the duty and may require an abstract of the instrument and evidence to prove the facts. The Collector will then decide the duty, and if it's already paid, they'll certify that the full duty has been paid.

**What You Should Do Now**
1. Bring your instrument to the Collector and apply for their opinion on the proper stamp duty.
2. Pay the required fee, which will not exceed five Taka and not be less than fifty poisha, as directed by the Collector.
3. Provide an abstract of the instrument and any necessary evidence to prove the facts, as required by the Collector.

**Evidence to Keep**
- A copy of the instrument
- The abstract of the instrument
- Any evidence provided to the Collector

**Where to Go / Who to Contact**
You should contact the Collector's office in your area for this procedure. 

**When You Need a Lawyer**
You may need a lawyer if you disagree with the Collector's decision or if there are complications with your instrument that require legal expertise.

---
**Sources**
- **[ACT-1]** The Stamp Act, 1899, Section 31: Adjudication as to proper stamp. *(Status: Active)*","The Trademarks Act, 2009",31,False,[],NOT_AVAILABLE,[],"['31', '31']",True,NOT_AVAILABLE,False,[],False,[],,,,
Q145,"The Transfer of Property Act, 1882 (TPA)",What is the statutory penalty for falsifying or applying a false trademark under Section 73?,"Answer Details: Under Section 73, any person who falsifies any trademark or falsely applies to goods any trademark shall be punishable with imprisonment for a term which may extend to 2 years, or with a fine, or with both. For a second or subsequent conviction, the penalty can extend to a term of 3 years.","This is not in my verified database. I cannot confirm this. Please consult the Bangladesh Code directly or a licensed lawyer.

---
**Sources**
- **[ACT-1]** The Code of Criminal Procedure, 1898, Section 73: Service of summons outside local limits *(Status: Active)*
- **[ACT-2]** The Code of Criminal Procedure, 1898, Section 173: Report of policeofficer *(Status: Active)*
- **[ACT-3]** The Code of Criminal Procedure, 1898, Section 1: Short title Commencement *(Status: Amended)*
- **[ACT-4]** The Code of Criminal Procedure, 1898, Section 2: Repealed *(Status: Repealed)*
- **[ACT-5]** The Code of Criminal Procedure, 1898, Section 3: (1) Omitted *(Status: Amended)*
- **[ACT-6]** The Code of Criminal Procedure, 1898, Section 4: Definitions *(Status: Amended)*
- **[ACT-7]** The Code of Criminal Procedure, 1898, Section 5: Trial of offences *(Status: Active)*
- **[ACT-8]** The Code of Criminal Procedure, 1898, Section 72: Service on servant of Republic *(Status: Active)*
- **[ACT-9]** The Code of Criminal Procedure, 1898, Section 74: Proof of service in such cases and when serving officer not present *(Status: Active)*
- **[ACT-10]** The Code of Criminal Procedure, 1898, Section 172: Diary of proceedings in investigation *(Status: Active)*
- **[ACT-11]** The Code of Criminal Procedure, 1898, Section 174: Police to inquire and report on suicide, etc *(Status: Amended)*
- **[DLR-1]** Secretary, Ministry of Food Government of Bangladesh and others vs. Md Sirajuddin Ahmed and others — DLR (AD) 2005 | Appellate Division | 2005
- **[DLR-2]** Yaor Mia (Md) and anothe VS Haji Shah Dhanai Ali and others — DLR (AD) 2005 | Appellate Division | 2005
- **[DLR-3]** Anarul Islam (Md) and others vs. State and another — DLR (AD) 2005 | Appellate Division | 2005
- **[DLR-4]** State VS Abdur Rahim — DLR (AD) 2005 | Appellate Division | 2005","The Transfer of Property Act, 1882 (TPA)",73,False,[],NOT_AVAILABLE,[],"['73', '173', '1', '2', '3', '4', '5', '72', '74', '172', '174']",True,NOT_AVAILABLE,True,['Code of Criminal Procedure'],False,[],,,,
Q146,"The Land Reforms Act, 2023","Explain the doctrine of ""Part Performance"" under Section 53A of the TPA.","Answer Details: Section 53A protects a transferee who has taken possession of an immovable property under an un-registered contract for transfer. If the transferee has performed or is willing to perform his part of the contract and has taken possession, the transferor is barred from enforcing any right against the transferee in respect of that property other than a right expressly provided by the contract terms.","**What This Means For You**
The doctrine of Part Performance is a legal concept that protects buyers who have partially performed their obligations under a contract for the transfer of immovable property. This means that if you have taken possession of a property or done something to show your intention to complete the purchase, the seller cannot back out of the deal without consequences. This doctrine is crucial in ensuring that parties fulfill their contractual obligations.

**What the Law Says**
Under Section 53A of the Transfer of Property Act, 1882 [ACT-1], the doctrine of Part Performance states that if a buyer has taken possession of a property or has done some act in furtherance of the contract, the seller cannot enforce any right against the buyer in respect of the property, except as provided in the contract. This means that the buyer is protected from the seller trying to cancel the contract or claim the property back, as long as the buyer has partially performed their obligations. A court also ruled in Yaor Mia (Md) and another VS Haji Shah Dhanai Ali and others [DLR-1] that the provision of the Transfer of Property Act shall not apply to certain transactions, but this does not affect the general principle of Part Performance.

**What You Should Do Now**
1. Review your contract to understand your obligations and the terms of the agreement.
2. Ensure that you have taken possession of the property or done some act in furtherance of the contract to demonstrate your intention to complete the purchase.
3. Keep records of all correspondence and transactions related to the property, including payments and communications with the seller.

**Evidence to Keep**
- Copy of the contract
- Proof of payment
- Correspondence with the seller
- Documents showing possession of the property

**Where to Go / Who to Contact**
If you need help with a property dispute, contact the District Court or the Sub-Registry Office where the property is located. You can also seek advice from a licensed lawyer.

**When You Need a Lawyer**
You should consult a lawyer if the seller is trying to cancel the contract or claim the property back, and you need to enforce your rights under the doctrine of Part Performance.

---
**Sources**
- **[ACT-1]** The Transfer of Property Act, 1882, Section 53A: Part performance *(Status: Amended)*
- **[DLR-1]** Yaor Mia (Md) and anothe VS Haji Shah Dhanai Ali and others — DLR (AD) 2005 | Appellate Division | 2005","The Land Reforms Act, 2023",53A,False,[],NOT_AVAILABLE,[],"['53A', '53A']",True,NOT_AVAILABLE,True,['Transfer of Property Act'],False,[],,,,
Q147,"The Non-Agricultural Tenancy Act, 1949 (NAT Act)","What is the legal status of ""Benami"" transactions of land under the Land Reforms Act, 2023?","Answer Details: The Land Reforms Act, 2023, takes a strict stance on Benami land transfers (holding land in the name of another to mask true ownership). Any land held Benami is subject to direct statutory confiscation by the state without any compensation, and the real beneficial owner as well as the apparent titleholder face additional regulatory penalties and criminal prosecution under state asset tracking guidelines.","**What This Means For You**
The Land Reforms Act, 2023, prohibits ""Benami"" transactions of land, which means buying or selling land in someone else's name. This law aims to prevent illegal land dealings and ensure transparency in land ownership. If you're involved in a Benami transaction, you may face legal consequences.

**What the Law Says**
Under Section 5 of the Land Reforms Act, 2023 [ACT-1], Benami transactions in immovable property are prohibited. The law states that no person shall make anonymous transactions in any immovable property for their own benefit. A Benami transaction is defined as the purchase of any immovable property by a person in the name of another person for their own benefit.

**What You Should Do Now**
1. Avoid entering into any Benami transactions, as they are illegal under the Land Reforms Act, 2023.
2. If you're already involved in a Benami transaction, consider seeking legal advice to regularize the transaction or take necessary steps to comply with the law.
3. Ensure that all land transactions are transparent and conducted in your own name, with proper documentation and registration.

**Evidence to Keep**
- Registered deed of the land
- Proof of ownership
- Documentation of all land transactions

**Where to Go / Who to Contact**
For any queries or concerns, contact the Ministry of Land or the local Land Office. You can also reach out to a licensed lawyer for guidance on land transactions.

**When You Need a Lawyer**
You should consult a lawyer if you're involved in a Benami transaction or if you're facing any legal issues related to land ownership or transactions.

---
**Sources**
- **[ACT-1]** Land Reforms Act, 2023, Section 5: Benami transactions in immovable property *(Status: Active)*","The Non-Agricultural Tenancy Act, 1949 (NAT Act)",,False,[],NOT_AVAILABLE,[],"['5', '5']",N/A,NOT_AVAILABLE,True,['Land Reforms Act'],False,[],,,,
Q148,"The Partition Act, 1893",What are the components that must accompany a pre-emption application under Section 24?,Answer Details: An application for pre-emption under Section 24 must be filed before a competent Civil Court accompanied by: 1. The full consideration money of the transferred land as stated in the registered deed. 2. Statutory compensation calculated at 10% of the consideration money. 3. An annual interest payment if delayed within acceptable statutory notice boundaries.,"**What This Means For You**
If you're filing a pre-emption application, you need to include certain key components to ensure your application is valid. This is crucial to protect your rights as a co-sharer.

**What the Law Says**
Under Section 96(1) of the State Acquisition and Tenancy Act, as interpreted in Fatema Khatun and others VS Abdul Quddus (2005) [DLR-1], a pre-emption application must be accompanied by notice to the co-sharer(s) of the holding on the date of presentation of the deed for registration. The application should also specify the transfer being preempted and the basis for the pre-emption claim.

**What You Should Do Now**
1. Ensure you have a valid notice of the transfer that you intend to preempt.
2. Verify that you are a notified co-sharer or have become a co-sharer before the date of presentation of the deed for registration.
3. Prepare your pre-emption application, clearly stating the transfer you are seeking to preempt and the grounds for your claim.

**Evidence to Keep**
- Copy of the notice of transfer
- Proof of co-sharership
- Deed of transfer document

**Where to Go / Who to Contact**
Contact the Assistant Commissioner (AC) Land or the relevant land authority in your area for guidance on filing a pre-emption application.

**When You Need a Lawyer**
You should consult a lawyer if your pre-emption application is contested or if you are unsure about the legal requirements and procedures for filing such an application.

---
**Sources**
- **[DLR-1]** Fatema Khatun and others VS Abdul Quddus — DLR (AD) 2005 | Appellate Division | 2005","The Partition Act, 1893",24,False,[],NOT_AVAILABLE,[],['96(1)'],False,NOT_AVAILABLE,True,['State Acquisition and Tenancy Act'],False,[],,,,
Q149,"The State Acquisition and Tenancy Act, 1950 (SAT Act)",What is the procedure for buying out a share of a party requesting a sale under Section 3?,"Answer Details: Under Section 3, if a party applies for a sale of property under Section 2, any other shareholder may apply to the court for leave to buy at a valuation the share of the party asking for the sale. The court will order a valuation of the share and offer it to the non-selling co-sharer, preventing a complete public auction if internal buyouts are viable.","**What This Means For You**
When a co-owner wants to sell their share of a property, you have the right to buy out their share under certain conditions. This process can help you maintain control over the property and avoid unwanted third-party buyers.

**What the Law Says**
Under Section 3 of the Transfer of Property Act, 1882 [ACT-1], an ""actionable claim"" includes a claim to any beneficial interest in moveable property. Although this section does not directly address the procedure for buying out a share, Section 5 [ACT-5] defines ""transfer of property"" and implies that a living person can convey property to one or more other living persons. However, the specific procedure for buying out a share is not detailed in the provided Act sections. 

**What You Should Do Now**
1. Review the property deed and any relevant agreements to understand the terms and conditions of the co-ownership.
2. Determine the value of the share being sold, considering factors like market value, outstanding debts, and any liabilities associated with the property.
3. Negotiate the terms of the buyout with the co-owner, including the price, payment method, and any conditions that must be met.

**Evidence to Keep**
- Property deed
- Co-ownership agreement (if applicable)
- Valuation reports or appraisal documents
- Negotiation records and buyout agreement

**Where to Go / Who to Contact**
Sub-Registrar's office (for registration of documents) or a civil court (for disputes or guidance)

**When You Need a Lawyer**
You should consult a lawyer when the buyout process becomes complex, or disputes arise between co-owners, to ensure your rights are protected and the transaction is handled correctly.

---
**Sources**
- **[ACT-1]** The Transfer of Property Act, 1882, Section 3: Interpretation clause *(Status: Active)*
- **[ACT-5]** The Transfer of Property Act, 1882, Section 5: Transfer of property defined *(Status: Active)*","The State Acquisition and Tenancy Act, 1950 (SAT Act)",96,False,[],NOT_AVAILABLE,[],"['3', '5', '3', '5']",False,NOT_AVAILABLE,True,['Transfer of Property Act'],False,[],,,,
Q150,"The Muslim Family Laws Ordinance, 1961",What is the limitation period and deposit rule for a pre-emption application under Section 96 of the SAT Act?,"Answer Details: Under Section 96, an application must be made within 4 months of the date of service of notice of transfer, or within 4 months of the date of knowledge if no notice was served. The applicant must deposit the full purchase money into court alongside a mandatory 25% statutory compensation fee to make the application legally maintainable.","**What This Means For You**
If you're considering filing a pre-emption application under the State Acquisition and Tenancy (SAT) Act, you need to be aware of the time limit and deposit requirements. The limitation period and deposit rule can affect the outcome of your application.

**What the Law Says**
Under Section 96 of the State Acquisition and Tenancy Act, the limitation period for a pre-emption application is counted from the date of registration of the document under Section 60 of the Registration Act, as stated in the case of Fatema Khatun and others VS Abdul Quddus (2005) [DLR-1]. A court also ruled in this case that the period of limitation in a case filed by a non-notified co-sharer seeking pre-emption of the transaction would be counted from the date of registration of the document.

**What You Should Do Now**
1. Check the registration date of the document under Section 60 of the Registration Act to determine the start of the limitation period.
2. Ensure you file your pre-emption application within the prescribed limitation period.
3. Verify the required deposit amount and make the necessary payment.

**Evidence to Keep**
- Copy of the registered document
- Proof of co-sharer status
- Receipt of deposit payment

**Where to Go / Who to Contact**
Contact the local Sub-Registrar's office or a licensed lawyer for guidance on the pre-emption application process.

**When You Need a Lawyer**
You should consult a licensed lawyer if you are unsure about the limitation period, deposit requirements, or any other aspect of the pre-emption application process under the SAT Act.

---
**Sources**
- **[DLR-1]** Fatema Khatun and others VS Abdul Quddus — DLR (AD) 2005 | Appellate Division | 2005","The Muslim Family Laws Ordinance, 1961",96,False,[],NOT_AVAILABLE,[],"['96', '60', '60']",True,NOT_AVAILABLE,True,"['State Acquisition and Tenancy Act', 'Registration Act']",False,[],,,,
Q151,"The Dissolution of Muslim Marriages Act, 1939","Explain the statutory composition and function of the ""Arbitration Council"" under this Ordinance.","Answer Details: Under Section 2, the ""Arbitration Council"" consists of the Chairman of the local government body (e.g., Union Parishad) and one representative nominated by each of the two contesting parties (e.g., husband and wife). Its statutory function is to arbitrate matters of polygamy, divorce reconciliation, and the execution of maintenance claims.","**What This Means For You**
The Arbitration Council plays a crucial role in resolving disputes related to acquisition and requisition of immovable property. Understanding its composition and function can help you navigate the process if your property is affected. The Council's decisions can have a significant impact on your rights as a property owner.

**What the Law Says**
Unfortunately, the provided VERIFIED SOURCES do not contain information about the statutory composition and function of the ""Arbitration Council"" under the relevant Ordinance. 

**What You Should Do Now**
1. Consult the Bangladesh Code or relevant statutes to find information about the Arbitration Council.
2. Contact a licensed lawyer specializing in property or arbitration law for guidance.
3. Visit the official website of the relevant government department or ministry to see if they have published information about the Arbitration Council.

**Evidence to Keep**
- Copies of property documents
- Records of any correspondence or notices related to acquisition or requisition
- Any other relevant documents related to your property

**Where to Go / Who to Contact**
Contact the Ministry of Law, Justice and Parliamentary Affairs or the relevant government department responsible for land acquisition and arbitration.

**When You Need a Lawyer**
You should consult a lawyer if you receive a notice of acquisition or requisition of your property and need help navigating the arbitration process.

---
**Sources**
- **[DLR-1]** Government of the People's Republic of Bangladesh, represented by the DC and another VS Abdur Rahman and others — DLR (AD) 2005 | Appellate Division | 2005
- **[DLR-2]** Bangladesh, represented by the Secretary, Ministry of Works, Housing and Settlement and ors vs Md Abu Bakar and others — DLR (AD) 2005 | Appellate Division | 2005
- **[DLR-3]** Government of Bangladesh and another VS Md Afsar Ali and others — DLR (AD) 2003 | Appellate Division | 2003
- **[DLR-4]** Abdul Kader VS Secretary, Election Commission and others — DLR (AD) 2005 | Appellate Division | 2005","The Dissolution of Muslim Marriages Act, 1939",2,False,[],NOT_AVAILABLE,[],[],False,NOT_AVAILABLE,False,[],False,[],,,,
Q152,"The Hindu Law of Inheritance (Amendment) Act, 1929","How does the ground of ""Husband’s Impotency"" operate under Section 2(v) of the Act?","Answer Details: Under Section 2(v), a wife can sue for dissolution if the husband was impotent at the time of the marriage and continues to be so. Procedural Rule: Before passing a decree on this ground, the Court must, on application by the husband, make an order requiring the husband to satisfy the Court within a period of 1 year from the date of such order that he has ceased to be impotent. If he fails to do so, the decree is passed.","**What This Means For You**
If you're considering divorce due to your spouse's impotency, it's essential to understand the legal implications. The ground of ""Husband's Impotency"" can be a complex issue, and its operation under Section 2(v) of the Act may vary. 

**What the Law Says**
Under Section 2(v) of the Act, impotency is a ground for divorce, but the specifics of how it operates are not explicitly stated in the provided verified sources. 

**What You Should Do Now**
1. Consult a licensed lawyer to understand the specifics of Section 2(v) and its application to your situation.
2. Gather evidence to support your claim, if applicable.
3. Discuss the possibility of mediation or counseling with your lawyer.

**Evidence to Keep**
- Medical records or reports related to the impotency
- Witness statements, if any
- Correspondence or records of attempts to address the issue

**Where to Go / Who to Contact**
Family Court or a licensed lawyer specializing in family law.

**When You Need a Lawyer**
You should consult a lawyer immediately if you're considering divorce due to your spouse's impotency, as this is a serious and complex issue requiring professional legal guidance.

---
**Sources**
- **[ACT-1]** The Code of Criminal Procedure, 1898, Section 2: Repealed *(Status: Repealed)*
- **[ACT-2]** The Code of Criminal Procedure, 1898, Section 29C: Offences not punishable with death *(Status: Amended)*
- **[ACT-3]** The Code of Criminal Procedure, 1898, Section 199: Prosecution for adultery or enticing a married woman *(Status: Active)*
- **[ACT-4]** The Code of Criminal Procedure, 1898, Section 1: Short title Commencement *(Status: Amended)*
- **[ACT-5]** The Code of Criminal Procedure, 1898, Section 3: (1) Omitted *(Status: Amended)*
- **[ACT-6]** The Code of Criminal Procedure, 1898, Section 28: Offences under Penal Code *(Status: Active)*
- **[ACT-7]** The Code of Criminal Procedure, 1898, Section 30: Omitted *(Status: Omitted)*
- **[ACT-8]** The Code of Criminal Procedure, 1898, Section 198: Prosecution for breach of contract, defamation and offences against marriage *(Status: Active)*
- **[ACT-9]** The Code of Criminal Procedure, 1898, Section 200: Examination of complainant *(Status: Amended)*
- **[DLR-1]** Yaor Mia (Md) and anothe VS Haji Shah Dhanai Ali and others — DLR (AD) 2005 | Appellate Division | 2005
- **[DLR-2]** Government of Bangladesh and another VS Md Afsar Ali and others — DLR (AD) 2003 | Appellate Division | 2003
- **[DLR-3]** Abdul Kader VS Secretary, Election Commission and others — DLR (AD) 2005 | Appellate Division | 2005
- **[DLR-4]** State VS Abdur Rahim — DLR (AD) 2005 | Appellate Division | 2005","The Hindu Law of Inheritance (Amendment) Act, 1929",2(v),False,[],NOT_AVAILABLE,[],"['2(v)', '2(v)', '2(v)', '2', '29C', '199', '1', '3', '28', '30', '198', '200']",True,NOT_AVAILABLE,True,"['Code of Criminal Procedure', 'Penal Code']",False,[],,,,
Q153,The Hindu Married Women's Right to Separate Residence and,Does this Act apply to a Hindu who dies leaving behind a Will (Testate Succession)?,"Answer Details: No. This Act specifically governs and amends the rules of intestate succession (where a person dies without leaving a valid Will). It does not affect or limit the right of a Hindu to dispose of their self-acquired property via a valid testamentary Will under general Hindu law frameworks. Maintenance Act, 1946","**What This Means For You**
If a Hindu dies leaving behind a Will, the Succession Act of 1925 may apply. However, the Act's application depends on the specific circumstances of the case. It's essential to understand how the law applies to testate succession in Bangladesh.

**What the Law Says**
Under the Succession Act of 1925, the law governing testate succession for Hindus is outlined. However, since there are no verified sources provided for the Succession Act of 1925, we cannot confirm the specific provisions that apply to a Hindu who dies leaving behind a Will. 

**What You Should Do Now**
1. Consult a licensed lawyer specializing in succession law to determine the applicable laws and regulations.
2. Gather all relevant documents, including the Will and any other pertinent papers.
3. Seek guidance on the legal procedures for testate succession in Bangladesh.

**Evidence to Keep**
- The Will of the deceased
- Documents proving the deceased's ownership of assets
- Identification documents of the deceased and beneficiaries

**Where to Go / Who to Contact**
District Judge Court or a licensed lawyer specializing in succession law. You can also contact the Bangladesh Law Commission or the Supreme Court of Bangladesh for more information.

**When You Need a Lawyer**
You should consult a lawyer immediately if you are dealing with a complex or contested Will, or if you are unsure about the applicable laws and regulations regarding testate succession in Bangladesh.

---
**Sources**
- **[DLR-1]** Yaor Mia (Md) and anothe VS Haji Shah Dhanai Ali and others — DLR (AD) 2005 | Appellate Division | 2005
- **[DLR-2]** Yogeshwar Gope vs State — DLR (AD) 2005 | Appellate Division | 2005
- **[DLR-3]** Fatema Khatun and others VS Abdul Quddus — DLR (AD) 2005 | Appellate Division | 2005
- **[DLR-4]** Bangladesh, represented by the Secretary, Ministry of Works, Housing and Settlement and ors vs Md Abu Bakar and others — DLR (AD) 2005 | Appellate Division | 2005",The Hindu Married Women's Right to Separate Residence and,,False,[],NOT_AVAILABLE,[],[],N/A,NOT_AVAILABLE,False,[],False,[],,,,
Q154,"The Hindu Marriage Registration Act, 2012",Can a court reduce or alter the maintenance amount once fixed under this Act?,"Answer Details: Yes. The right to maintenance is continuous but subject to economic fluctuations. A competent civil court retains the statutory discretion to modify, increase, or reduce the maintenance amount upon proof of a material change in the financial circumstances of either the husband or the separated wife.","**What This Means For You**
If you're receiving or paying maintenance, you might wonder if the court can change the amount later. The court has the power to alter or add to any charge, including maintenance, under certain conditions. This means that the maintenance amount fixed by the court can be revised, but only in specific circumstances.

**What the Law Says**
Under Section 227 of the Code of Criminal Procedure, 1898 [ACT-1], the court may alter or add to any charge, including maintenance, at any time before judgment is pronounced. However, the court must follow specific procedures and consider the interests of both parties. A court also ruled in Bangladesh represented by the Secretary, Ministry of Establishment and others VS Abdul halim miah and others [DLR-1] that review is not a substitute for appeal, but in this context, it implies that the court has discretion to alter or modify its previous orders, including maintenance, if there is an error apparent on the face of the record.

**What You Should Do Now**
1. Review the original court order fixing the maintenance amount to understand the grounds on which it was determined.
2. Gather evidence of any changes in circumstances that may justify a revision of the maintenance amount, such as changes in income or expenses.
3. Consult with a lawyer to discuss the possibility of applying for a revision of the maintenance amount and to understand the legal process involved.

**Evidence to Keep**
- Copy of the original court order fixing the maintenance amount
- Documents showing changes in income or expenses
- Any other relevant evidence that may support a revision of the maintenance amount

**Where to Go / Who to Contact**
Family Court or the court that originally fixed the maintenance amount. You can also contact the Legal Aid services (16430) for guidance on the legal process.

**When You Need a Lawyer**
You should consult a lawyer if you intend to apply for a revision of the maintenance amount or if the other party is seeking to alter the maintenance amount fixed by the court, as this involves complex legal procedures and arguments.

---
**Sources**
- **[ACT-1]** The Code of Criminal Procedure, 1898, Section 227: Court may alter charge *(Status: Amended)*
- **[DLR-1]** Bangladesh represented by the Secretary, Ministry of Establishment and others VS Abdul halim miah and others — DLR (AD) 2005 | Appellate Division | 2005","The Hindu Marriage Registration Act, 2012",,False,[],NOT_AVAILABLE,[],"['227', '227']",N/A,NOT_AVAILABLE,True,['Code of Criminal Procedure'],False,[],,,,
Q155,"The Hindu Marriage Registration Act, 2012",What information must be contained in a Hindu Marriage Registration Form under the 2012 Rules?,"Answer Details: The official registration form must explicitly verify: 1. The names, ages, and signatures/thumb impressions of the bride and groom. 2. The formal addresses and parentage of both parties. 3. The date and place where the religious marriage rites were performed. 4. The names and signatures of at least two witnesses alongside the signature of the authorized Hindu Marriage Registrar. Multi-Act Intersections & Practical Litigation Scenarios",I could not locate the specific Act you asked about in my verified database. Please consult the Bangladesh Code or a licensed lawyer for this question.,"The Hindu Marriage Registration Act, 2012",,NOT_AVAILABLE,[],NOT_AVAILABLE,[],[],N/A,NOT_AVAILABLE,False,[],False,[],,,,
Q156,"The Hindu Marriage Registration Act, 2012","Detail the procedural friction between Section 138 of the NI Act and the Limitation Act, 1908.","Answer Details: Section 138 of the NI Act is a self-contained code containing strict, non-extendable statutory limitation windows for sending notices (30 days) and filing complaints (1 month from cause of action). The general provisions for condonation of delay under Section 5 of the Limitation Act, 1908, cannot be routinely applied to override a complete failure to meet the NI Act's internal timelines.","**What This Means For You**
The procedural friction between Section 138 of the Negotiable Instruments (NI) Act and the Limitation Act, 1908, can cause delays and complications in the legal process for individuals dealing with dishonored cheques. This friction can lead to uncertainty and potential dismissal of cases if not navigated correctly.

**What the Law Says**
Under Section 138 of the Negotiable Instruments Act, 1881 [ACT-1], a person who issues a cheque that is dishonored due to insufficient funds can be punished with imprisonment or a fine. However, the Limitation Act, 1908 [ACT-4], sets a time limit for filing a suit for specific performance of a contract, including cases under Section 138 of the NI Act. According to Article 113 of the Limitation Act, 1908 [ACT-4], the period of limitation for a suit for specific performance of a contract is three years from the date fixed for performance or when the plaintiff has notice that performance is refused. Additionally, Article 115 of the Limitation Act, 1908 [ACT-5], states that the period of limitation for compensation for breach of contract is three years from when the contract is broken or when the breach occurs.

**What You Should Do Now**
1. If you are dealing with a dishonored cheque, ensure you understand the time limits set by the Limitation Act, 1908, to file a suit under Section 138 of the NI Act.
2. Calculate the period of limitation carefully, considering the date of the cheque, the date of presentation, and the date of dishonor.
3. Consult with a lawyer to ensure compliance with both the NI Act and the Limitation Act, 1908, to avoid potential dismissal of your case due to procedural errors.

**Evidence to Keep**
- The original cheque
- Bank statements showing the dishonor of the cheque
- Correspondence with the drawer of the cheque
- Notice of demand for payment

**Where to Go / Who to Contact**
For legal assistance and guidance on navigating the procedural requirements of Section 138 of the NI Act and the Limitation Act, 1908, contact a licensed lawyer specializing in negotiable instruments law. You can also reach out to the Bangladesh Bar Council for referrals to qualified legal professionals.

**When You Need a Lawyer**
You should consult a lawyer immediately if you are facing a dishonored cheque and need to file a case under Section 138 of the NI Act to ensure you comply with the procedural requirements and time limits set by both the NI Act and the Limitation Act, 1908.

---
**Sources**
- **[ACT-1]** The Negotiable Instruments Act, 1881, Section 138: Dishonour of cheque for insufficiency, etc., of funds in the account *(Status: Amended)*
- **[ACT-4]** The Limitation Act, 1908, Section 113: Article 113 - For specific performance of a contract *(Status: In Force)*
- **[ACT-5]** The Limitation Act, 1908, Section 115: Article 115 - For compensation for the breach of any contract *(Status: In Force)*","The Hindu Marriage Registration Act, 2012",138,False,[],NOT_AVAILABLE,[],"['138', '138', '138', '113', '115', '138', '138', '138', '138', '113', '113', '115', '115']",True,NOT_AVAILABLE,True,['Limitation Act'],False,[],,,,
Q157,"The Hindu Marriage Registration Act, 2012",How does a plaintiff balance Section 9 of the Specific Relief Act with Section 11 of the CPC?,"Answer Details: A suit under Section 9 of the Specific Relief Act only decides immediate possession, not ultimate ownership title. Therefore, a decree under Section 9 does not operate as Res Judicata under Section 11 of the CPC against a subsequent, regular title-suit filed by either party to conclusively establish ownership and recover permanent possession.","**What This Means For You**
If you're a plaintiff seeking to recover possession of immovable property under Section 9 of the Specific Relief Act, you need to understand how this section intersects with the Code of Civil Procedure (CPC), specifically Section 11. This balance is crucial to ensure you follow the correct legal procedure and maximize your chances of a successful claim.

**What the Law Says**
Under Section 9 [ACT-1] of the Specific Relief Act, a person dispossessed of immovable property without their consent can recover possession through a suit. However, the CPC, which governs the procedure for such suits, must also be considered. Section 11 of the CPC deals with the res judicata doctrine, which prevents a matter from being litigated again if it has already been decided by a competent court. A court also ruled in Abdul Kader VS Secretary, Election Commission and others [DLR-1] that the interpretation of statutes should be based on their natural and ordinary meaning unless it admits of another meaning.

**What You Should Do Now**
1. Review your case to ensure it doesn't fall under res judicata, meaning the issue hasn't been previously decided by a competent court.
2. Prepare your suit under Section 9 of the Specific Relief Act, clearly stating your claim for possession of the immovable property.
3. Ensure you follow the procedural requirements outlined in the CPC, including those related to jurisdiction, notice, and the presentation of your case.

**Evidence to Keep**
- Documents proving your ownership or right to possession of the property.
- Evidence of dispossession without your consent.
- Any relevant correspondence or notices related to the property.

**Where to Go / Who to Contact**
You should file your suit in the appropriate civil court with jurisdiction over the matter. For legal advice and representation, consult a licensed lawyer practicing in Bangladesh.

**When You Need a Lawyer**
You should seek professional legal help as soon as possible if you're considering filing a suit under Section 9 of the Specific Relief Act, as the legal process can be complex and requires precise adherence to both the Specific Relief Act and the CPC.

---
**Sources**
- **[ACT-1]** The Specific Relief Act, 1877, Section 9: Suit by person dispossessed of immoveable property *(Status: Amended)*
- **[DLR-1]** Abdul Kader VS Secretary, Election Commission and others — DLR (AD) 2005 | Appellate Division | 2005","The Hindu Marriage Registration Act, 2012",9,False,[],NOT_AVAILABLE,[],"['9', '11', '9', '11', '9', '9', '9']",True,NOT_AVAILABLE,True,"['Code of Civil Procedure', 'Specific Relief Act']",False,[],,,,
Q158,"The Hindu Marriage Registration Act, 2012","What is the impact of an unstamped document (Stamp Act, Section 35) when establishing a contract under Section 10 of the Contract Act?","Answer Details: An unstamped document does not invalidate the underlying contract's existence under Section 10 of the Contract Act, but Section 35 of the Stamp Act completely bars its admissibility as evidence in court. The contract remains valid but procedurally unenforceable until the document is ""impounded"" and the deficit stamp duty along with the statutory penalty is paid.","**What This Means For You**
If you're trying to establish a contract, but the document is unstamped, it may not be admissible as evidence in court. This could affect the validity of your contract. Under the Stamp Act, an unstamped document can be a significant issue.

**What the Law Says**
Under Section 35 of the Stamp Act, 1899 [ACT-1], an instrument that is not duly stamped cannot be admitted in evidence. According to Section 10 of the Contract Act, 1872 [ACT-2], all agreements are contracts if they are made by the free consent of parties competent to contract, for a lawful consideration and with a lawful object. However, if the document is unstamped, it may not be considered valid evidence of the contract.

**What You Should Do Now**
1. Check if your document requires a stamp under the Stamp Act.
2. If it does, ensure it is properly stamped before using it as evidence.
3. If the document is already unstamped, consider getting it stamped or seeking legal advice on how to proceed.

**Evidence to Keep**
- A copy of the unstamped document
- Proof of payment for the stamp duty
- Any communication related to the contract

**Where to Go / Who to Contact**
For questions about stamp duty, contact the Bangladesh Government's Stamp Department. For legal advice on contracts, consult a licensed lawyer.

**When You Need a Lawyer**
You should consult a lawyer if the unstamped document is crucial to a contract dispute or if you're unsure about how to proceed with stamping or using the document as evidence.

---
**Sources**
- **[ACT-1]** The Stamp Act, 1899, Section 35: Instruments not duly stamped inadmissible in evidence, etc. *(Status: Active)*
- **[ACT-2]** The Contract Act, 1872, Section 10: What agreements are contracts — lawful, expressly *(Status: Amended)*","The Hindu Marriage Registration Act, 2012",10,False,[],NOT_AVAILABLE,[],"['35', '10', '35', '10']",True,NOT_AVAILABLE,False,[],False,[],,,,
Q159,"The Hindu Marriage Registration Act, 2012",Explain the interaction between Section 54 of the TPA and Section 17 of the Registration Act in Bangladesh.,"Answer Details: They form an ironclad rule for land transactions. While Section 54 of the TPA sets the substantive requirement that sales must be executed via written, registered instruments, Section 17 of the Registration Act provides the formal procedural mandate making registration compulsory. Without their concurrent satisfaction, no real property title passes to a buyer.","**What This Means For You**
In Bangladesh, when buying or selling property, it's essential to understand the laws that govern these transactions. The Transfer of Property Act (TPA) and the Registration Act are two crucial laws that interact with each other. Section 54 of the TPA and Section 17 of the Registration Act are particularly important in ensuring that property transactions are valid and legally binding.

**What the Law Says**
Under Section 54 of the TPA [ACT-4], a sale of immovable property can only be made by a registered instrument. This means that the sale deed must be registered with the relevant authorities to be considered valid. Section 17 of the Registration Act [not provided in the verified sources] is not available, but according to the general principles of the Registration Act, it is likely that this section deals with the procedure for registering documents, including sale deeds. 

**What You Should Do Now**
1. Ensure that the sale deed is registered with the Sub-Registrar's office within the prescribed time limit.
2. Verify that the sale deed is properly executed and attested by the parties involved.
3. Obtain a certified copy of the registered sale deed as proof of ownership.

**Evidence to Keep**
- Registered sale deed
- Receipt of registration fees
- Certified copy of the registered sale deed

**Where to Go / Who to Contact**
For registration of sale deeds, contact the Sub-Registrar's office in your area. For legal advice, consult a licensed lawyer specializing in property law.

**When You Need a Lawyer**
You should consult a lawyer if you are unsure about the registration process or if there are any disputes related to the property transaction.

---
**Sources**
- **[ACT-4]** The Transfer of Property Act, 1882, Section 54: Sale defined *(Status: Active)*","The Hindu Marriage Registration Act, 2012",54,False,[],NOT_AVAILABLE,[],"['54', '17', '54', '17', '54']",True,NOT_AVAILABLE,True,['Transfer of Property Act'],False,[],,,,
Q160,"The Hindu Marriage Registration Act, 2012",How do Section 144 orders under the CrPC assist in maintaining status quo during pending civil land suits under the CPC?,"Answer Details: When a civil court takes time to process an injunction application under Order XXXIX of the CPC, local parties may attempt to forcefully alter the land's physical layout, risking a breach of peace. Litigants frequently use Section 144 of the CrPC as an emergency measure through law enforcement to halt all entry or work on the disputed land until the civil court issues its formal order.","**What This Means For You**
Section 144 orders can help prevent disputes over land from escalating into violence or destruction of property while a civil case is pending. This means that if you're involved in a land dispute, the court can issue an order to maintain the status quo, ensuring that no one party can unilaterally change the situation on the ground.

**What the Law Says**
Under Section 144 [ACT-1] of the Code of Criminal Procedure, 1898, a District Magistrate or Executive Magistrate can issue an order to prevent obstruction, annoyance, or injury to any person, or to prevent a disturbance of the public tranquillity. This order can be used to maintain the status quo in a pending civil land suit under the Code of Civil Procedure, 1908. A court also ruled in various cases [DLR-1] that the purpose of Section 144 is to prevent a breach of the peace, and it can be used to restrain a party from taking any action that may lead to a breach of the peace.

**What You Should Do Now**
1. If you're involved in a land dispute, you should immediately inform the local police and the District Magistrate about the dispute.
2. You can apply to the District Magistrate for a Section 144 order to maintain the status quo.
3. You should also file a civil suit in the appropriate court under the Code of Civil Procedure, 1908, to resolve the underlying dispute.

**Evidence to Keep**
- Copies of the Section 144 order
- Copies of the civil suit filed under the Code of Civil Procedure, 1908
- Documents related to the land dispute, such as property deeds and agreements

**Where to Go / Who to Contact**
You should contact the local police, the District Magistrate, or the Civil Court where your case is pending. You can also reach out to the Legal Aid services in Bangladesh (16430) for assistance.

**When You Need a Lawyer**
You should consult a lawyer as soon as possible if you're involved in a land dispute and need to apply for a Section 144 order or file a civil suit, as the legal process can be complex and time-sensitive.

---
**Sources**
- **[ACT-1]** The Code of Criminal Procedure, 1898, Section 144: Power to issue order *(Status: Active)*
- **[DLR-1]** Bangladesh represented by the Secretary, Ministry of Establishment and others VS Abdul halim miah and others — DLR (AD) 2005 | Appellate Division | 2005","The Hindu Marriage Registration Act, 2012",144,False,[],NOT_AVAILABLE,[],"['144', '144', '144', '144', '144', '144', '144']",True,NOT_AVAILABLE,True,"['Code of Criminal Procedure', 'Code of Civil Procedure']",False,[],,,,
Q161,"The Hindu Marriage Registration Act, 2012",Discuss how Section 34 of the Penal Code is proved using circumstantial evidence under the Evidence Act.,"Answer Details: ""Common intention"" under Section 34 of the Penal Code is a mental state and is rarely proven by direct documentation. Under the Evidence Act, 1872, it is established through conduct, surrounding circumstances, and subsequent actions of the co-accused (relevant under Sections 6 and 8), proving a prior meeting of minds or spontaneous alignment at the crime scene.","This is not in my verified database. I cannot confirm this. Please consult the Bangladesh Code directly or a licensed lawyer.

---
**Sources**
- **[ACT-1]** The Code of Criminal Procedure, 1898, Section 34: Omitted *(Status: Omitted)*
- **[ACT-2]** The Code of Criminal Procedure, 1898, Section 34A: Omitted *(Status: Omitted)*
- **[ACT-3]** The Code of Criminal Procedure, 1898, Section 353: Evidence to be taken in presence of accused *(Status: Amended)*
- **[ACT-4]** The Code of Criminal Procedure, 1898, Section 33: Power of Magistrates to sentence to imprisonment in default of fine *(Status: Active)*
- **[ACT-5]** The Code of Criminal Procedure, 1898, Section 35: Sentence in cases of conviction of several offences at one trial Maximum term of punishment *(Status: Amended)*
- **[ACT-6]** The Code of Criminal Procedure, 1898, Section 352: Courts to be open *(Status: Active)*
- **[ACT-7]** The Code of Criminal Procedure, 1898, Section 354: Manner of recording evidence *(Status: Amended)*
- **[DLR-1]** Yogeshwar Gope vs State — DLR (AD) 2005 | Appellate Division | 2005
- **[DLR-2]** State VS Abdur Rahim — DLR (AD) 2005 | Appellate Division | 2005
- **[DLR-3]** Government of Bangladesh and another VS Md Afsar Ali and others — DLR (AD) 2003 | Appellate Division | 2003
- **[DLR-4]** Abdul Mannan VS Tayeb Ali and others — DLR (AD) 2006 | Appellate Division | 2006","The Hindu Marriage Registration Act, 2012",34,False,[],NOT_AVAILABLE,[],"['34', '34A', '353', '33', '35', '352', '354']",True,NOT_AVAILABLE,True,['Code of Criminal Procedure'],False,[],,,,
Q162,"The Hindu Marriage Registration Act, 2012",How do the pre-emption rights under Section 96 of the SAT Act and Section 24 of the NAT Act differ regarding agricultural vs. non-agricultural land?,"Answer Details: The fundamental difference lies in the subject matter and financial rules. Section 96 of the SAT Act applies strictly to agricultural land and requires a 25% statutory compensation deposit. Conversely, Section 24 of the NAT Act applies to non-agricultural land situated in urban/suburban zones and requires a 10% compensation deposit.","**What This Means For You**
The pre-emption rights for agricultural and non-agricultural land in Bangladesh have specific rules that affect how land can be bought and sold. Understanding these rules is crucial for landowners and buyers to avoid disputes. The State Acquisition and Tenancy (SAT) Act and the Non-Agricultural Tenancy (NAT) Act have different provisions for pre-emption, which can impact your rights and obligations.

**What the Law Says**
Under Section 96 of the State Acquisition and Tenancy Act [UNVERIFIED: [ACT-1]], pre-emption rights for agricultural land are governed by specific rules, including the requirement for notice to co-sharers and the limitation period for filing a pre-emption suit. A court also ruled in Fatema Khatun and others VS Abdul Quddus [DLR-1] that the right of pre-emption for non-notified co-sharers arises from the date of registration of the document. In contrast, Section 24 of the Non-Agricultural Tenancy Act [UNVERIFIED: [ACT-2]] has different provisions for pre-emption rights regarding non-agricultural land.

**What You Should Do Now**
1. Determine the type of land (agricultural or non-agricultural) involved in the transaction.
2. Review the relevant sections of the SAT Act or NAT Act to understand the pre-emption rights and obligations.
3. Consult with a licensed lawyer to ensure compliance with the applicable laws and regulations.

**Evidence to Keep**
- Copy of the land deed or document
- Proof of co-sharer notification (if applicable)
- Registration documents for the land

**Where to Go / Who to Contact**
Contact the local Assistant Commissioner (Land) or the Deputy Commissioner's office for guidance on land-related matters. For legal advice, consult a licensed lawyer specializing in property law.

**When You Need a Lawyer**
You should consult a lawyer if you are involved in a land transaction and need help navigating the pre-emption rights and obligations under the SAT Act or NAT Act to avoid potential disputes or legal issues.

---
**Sources**
- **[DLR-1]** Fatema Khatun and others VS Abdul Quddus — DLR (AD) 2005 | Appellate Division | 2005

⚠️ **WARNING: Some legal claims or citations in this response could not be verified against the official database.**","The Hindu Marriage Registration Act, 2012",96,True,"['ACT-1', 'ACT-2']",NOT_AVAILABLE,[],"['96', '24']",True,NOT_AVAILABLE,True,"['State Acquisition and Tenancy Act', 'Non-Agricultural Tenancy Act']",False,[],,,,
Q163,"The Hindu Marriage Registration Act, 2012",What happens if a worker files a claim under Section 27 of the Labour Act but the contract violates Section 10 of the Contract Act?,"Answer Details: If an employment contract is void ab initio under Section 10 of the Contract Act (e.g., signed by a minor or for an illegal object), the Labour Court will reject the claim. A worker must have a legally valid, lawful employment status under general contract principles to claim the statutory benefits or protections of the Bangladesh Labour Act, 2006.","**What This Means For You**
If a worker files a claim under Section 27 of the Labour Act, but the contract violates Section 10 of the Contract Act, the worker's claim may be affected. The worker may still be entitled to compensation, but the contract's violation of the Contract Act could impact the outcome.

**What the Law Says**
Under Section 27 [ACT-1] of the Bangladesh Labour Act, 2006, a worker may resign or terminate their employment and claim compensation. However, if the contract violates Section 10 of the Contract Act, 1872, the contract may be considered void or voidable. According to Section 75 [ACT-3] of the Contract Act, 1872, a person who rightly rescinds a contract is entitled to compensation for any damage sustained through the non-fulfilment of the contract.

**What You Should Do Now**
1. Review the contract to identify the specific violation of Section 10 of the Contract Act.
2. Gather evidence to support the claim under Section 27 of the Labour Act.
3. Consult with a lawyer to determine the best course of action and potential impact of the contract's violation on the claim.

**Evidence to Keep**
- Copy of the contract
- Documentation of the violation of Section 10 of the Contract Act
- Records of employment and termination

**Where to Go / Who to Contact**
Labour Court or Tribunal, or contact the Department of Labour for guidance.

**When You Need a Lawyer**
You should consult a lawyer immediately if the contract's violation of the Contract Act is complex or disputed, or if the employer is contesting the claim.

---
**Sources**
- **[ACT-1]** The Bangladesh Labour Act, 2006, Section 27: Termination of employment by workers *(Status: Active)*
- **[ACT-3]** The Contract Act, 1872, Section 75: Party rightfully rescinding contract entitled to compensation — theatre, rescinds *(Status: Amended)*","The Hindu Marriage Registration Act, 2012",10,False,[],NOT_AVAILABLE,[],"['27', '10', '27', '10', '75', '10', '27', '10', '27', '75']",True,NOT_AVAILABLE,True,['Bangladesh Labour Act'],False,[],,,,
Q164,"The Hindu Marriage Registration Act, 2012",Contrast the evidentiary value of a confession under Section 164 of the CrPC with an admission under Section 17 of the Evidence Act.,"Answer Details: A Section 164 confession is a formal statement of guilt made by an accused before a Magistrate under judicial warnings, carrying the highest weight and capable of forming the sole basis of conviction if voluntary. An admission under Section 17 of the Evidence Act is a broader civil or criminal statement regarding specific facts, which acts as an estoppel but is not conclusive proof by itself.","**What This Means For You**
In Bangladesh, confessions and admissions are two types of evidence that can be used in court. A confession is a statement made by an accused person admitting to a crime, while an admission is a statement made by a person that suggests they may be involved in a crime. Understanding the difference between these two types of evidence is crucial in building a strong case.

**What the Law Says**
Under Section 164 of the Code of Criminal Procedure (CrPC) [ACT-2], a confession is a statement made by an accused person to a Magistrate, which can be used as evidence against them. However, the confession must be made voluntarily and without any inducement or threat. On the other hand, under Section 17 of the Evidence Act [ACT-1], an admission is a statement made by a person that suggests any inference as to any fact in issue or relevant fact. Unlike a confession, an admission can be made by anyone, not just the accused person.

**What You Should Do Now**
1. If you are an accused person, be cautious when making statements to the police or Magistrate, as they can be used as evidence against you.
2. If you are a witness, be aware that your statements can be used as admissions, which can impact the case.
3. Consult with a lawyer to understand how confessions and admissions can affect your case.

**Evidence to Keep**
- Any statements made to the police or Magistrate
- Records of any confessions or admissions made
- Witness statements that may be used as admissions

**Where to Go / Who to Contact**
If you need to report a crime or make a statement, contact your local police station or the Magistrate Court. For legal advice, contact a licensed lawyer or the Legal Aid helpline (16430).

**When You Need a Lawyer**
You should consult a lawyer immediately if you are accused of a crime and are considering making a confession or admission, as this can have serious consequences for your case.

---
**Sources**
- **[ACT-1]** The Evidence Act, 1872, Section 17: Admission defined — admission, statement, oral, documentary, contained, digital, record, suggests *(Status: Amended)*
- **[ACT-2]** The Code of Criminal Procedure, 1898, Section 164: Power to record statements and confessions *(Status: Amended)*","The Hindu Marriage Registration Act, 2012",164,False,[],NOT_AVAILABLE,[],"['164', '17', '17', '164']",True,NOT_AVAILABLE,True,"['Code of Criminal Procedure', 'Evidence Act']",False,[],,,,
Q165,"The Civil Courts Act, 1887","How does a Partition Suit under the Partition Act, 1893, interact with the Court Fees Act, 1870, for fixed vs. ad valorem fees?","Answer Details: If the plaintiff is in joint physical possession of the family property and merely seeks a formal separation of shares, they pay a fixed court fee under Schedule II of the Court Fees Act. However, if they have been completely excluded or dispossessed from the property by other co-sharers, they must pay an ad valorem court fee based on the market value of their specific share to recover possession.","**What This Means For You**
In a Partition Suit under the Partition Act, 1893, the court fees you pay can be either fixed or based on the value of the property, depending on the circumstances. This can affect how much you need to pay to file your case. If you're in joint physical possession of the property and just want a formal separation of shares, you'll pay a fixed court fee. But if you've been excluded from the property, you'll pay an ad valorem fee based on the property's market value.

**What the Law Says**
Under Section Schedule II of the Court Fees Act, 1870 [ACT-1], fixed court fees are payable for specific applications, including Partition Suits where the plaintiff is in joint physical possession of the property. However, if the plaintiff has been excluded or ousted from possession, an ad valorem court fee is payable under Schedule I [ACT-2], which is calculated as a proportionate percentage of the value of the subject-matter or monetary claim in dispute. The Partition Act, 1893 [ACT-3], allows the court to order a sale of the property instead of division if it's more beneficial for all shareholders.

**What You Should Do Now**
1. Determine whether you're in joint physical possession of the property or have been excluded.
2. Calculate the potential court fees based on the property's market value if you're not in possession.
3. Consult with a lawyer to understand the specific court fees applicable to your case.

**Evidence to Keep**
- Proof of joint physical possession or exclusion from the property
- Documents showing the market value of the property
- Records of any previous agreements or disputes related to the property

**Where to Go / Who to Contact**
Contact the District Court or a lawyer specializing in property law for guidance on filing a Partition Suit and determining the applicable court fees. You can also reach out to the Bangladesh Bar Council for a referral to a licensed lawyer.

**When You Need a Lawyer**
You should consult a lawyer as soon as possible if you're considering filing a Partition Suit, especially if the property's value is high or there are complex disputes involved.

---
**Sources**
- **[ACT-1]** The Court Fees Act, 1870, Section Schedule II: None *(Status: Active)*
- **[ACT-2]** The Court Fees Act, 1870, Section Schedule I: None *(Status: Active)*
- **[ACT-3]** The Partition Act, 1893, Section 2: Power to Court to order sale instead of division in partition suits *(Status: Active)*","The Civil Courts Act, 1887",,False,[],NOT_AVAILABLE,[],['2'],N/A,NOT_AVAILABLE,False,[],False,[],,,,
Q166,"The Civil Courts Act, 1887",What are the statutory limits regarding the alteration of local limits of jurisdiction under Section 13?,"Answer Details: Under Section 13, the Government may, by notification in the Official Gazette, fix and alter the local limits of the jurisdiction of any Civil Court. Where the local limits of a court's jurisdiction are altered, any pending suit or proceeding which would have been triable in that court remains unaffected unless the notification or a specific directive from the High Court Division expressly transfers those active cases to another court.","**What This Means For You**
The local limits of jurisdiction are crucial in determining which court has the authority to hear a case. Understanding these limits is essential to ensure that your case is heard in the correct court. However, the provided information does not specify the details of Section 13 regarding the alteration of local limits of jurisdiction.

**What the Law Says**
Under the given VERIFIED SOURCES, there is no direct mention of Section 13 regarding the alteration of local limits of jurisdiction. The Code of Criminal Procedure, 1898, does discuss the local limits of jurisdiction in sections like Section 20 [ACT-3], which states that every Metropolitan Magistrate shall exercise jurisdiction in all places within a Metropolitan Area for which he is appointed.

**What You Should Do Now**
1. Consult the Bangladesh Code or a licensed lawyer to understand the specific provisions related to the alteration of local limits of jurisdiction.
2. Verify if Section 13 exists in the Code of Criminal Procedure, 1898, or any other relevant act and understand its content.
3. If you are involved in a case, ensure you understand which court has jurisdiction over your matter.

**Evidence to Keep**
- Copies of any court orders or notifications related to the alteration of jurisdiction limits.
- Documents proving your residence or the location of the incident, which could be relevant in determining jurisdiction.

**Where to Go / Who to Contact**
For accurate information and guidance, contact a licensed lawyer or visit the relevant court that has jurisdiction over your case. You may also reach out to legal aid services for assistance.

**When You Need a Lawyer**
You should consult a lawyer immediately if you are unsure about the jurisdiction of your case or if you need legal representation in a matter involving the alteration of local limits of jurisdiction.

---
**Sources**
- **[ACT-3]** The Code of Criminal Procedure, 1898, Section 20: Local limits of jurisdiction *(Status: Active)*","The Civil Courts Act, 1887",13,False,[],NOT_AVAILABLE,[],"['13', '13', '20', '13', '20']",True,NOT_AVAILABLE,True,['Code of Criminal Procedure'],False,[],,,,
Q167,"The Code of Civil Procedure, 1908 (CPC)",What is the provision for the investment of a District or Joint District Judge with special powers under Section 24?,"Answer Details: Section 24 allows the Government, upon the recommendation of the High Court Division, to invest any District Judge or Joint District Judge with the power to hear appeals from decrees or orders of Senior Assistant Judges or Assistant Judges. This is an administrative mechanism designed to alleviate case backlogs by distributing appellate workloads.","**What This Means For You**
The provision for investing a District or Joint District Judge with special powers under Section 24 is no longer applicable as this section has been repealed. This means that any special powers that were previously conferred under this section are no longer in force.

**What the Law Says**
Under Section 24 [ACT-1] of the Code of Criminal Procedure, 1898, this section was repealed and is no longer a part of the law. The repeal of this section means that the provisions contained within it are no longer applicable.

**What You Should Do Now**
1. Consult the current Code of Criminal Procedure, 1898, to understand the existing provisions related to the investment of special powers in District or Joint District Judges.
2. Verify the current laws and regulations with a licensed lawyer or relevant authorities to ensure you have the most up-to-date information.
3. If you have any specific questions or concerns related to the investment of special powers, seek guidance from a qualified legal professional.

**Evidence to Keep**
- A copy of the current Code of Criminal Procedure, 1898
- Any relevant documents or correspondence related to the investment of special powers

**Where to Go / Who to Contact**
The Supreme Court of Bangladesh or the Ministry of Law, Justice and Parliamentary Affairs may be able to provide further guidance on this matter.

**When You Need a Lawyer**
You should consult a lawyer if you are involved in a legal proceeding or require specific legal advice related to the investment of special powers in District or Joint District Judges.

---
**Sources**
- **[ACT-1]** The Code of Criminal Procedure, 1898, Section 24: Repealed *(Status: Repealed)*","The Code of Civil Procedure, 1908 (CPC)",24,False,[],NOT_AVAILABLE,[],"['24', '24', '24']",True,NOT_AVAILABLE,True,['Code of Criminal Procedure'],False,[],,,,
Q168,"The Code of Civil Procedure, 1908 (CPC)","Explain the statutory principle of ""Inherent Powers of the Court"" under Section 151 of the CPC.","Answer Details: Section 151 explicitly preserves the inherent powers of a Civil Court. It states that nothing in the CPC shall be deemed to limit or otherwise affect the inherent power of the court to make such orders as may be necessary for the ends of justice or to prevent abuse of the process of the court. It is an extraordinary residual power used only when no specific, explicit provision exists in the Code to address a particular procedural anomaly.","**What This Means For You**
The concept of ""Inherent Powers of the Court"" allows courts in Bangladesh to take necessary actions to ensure justice is served, even if there is no specific law or rule governing a particular situation. This means that courts have the flexibility to make decisions that are fair and just, even if they are not explicitly stated in the law.

**What the Law Says**
Under Section 151 of the Code of Civil Procedure (CPC) [ACT-1], the court has inherent powers to make orders necessary for the ends of justice or to prevent abuse of the process of the court. This means that the court can take actions that are not specifically mentioned in the law, but are necessary to ensure that justice is served. A court also ruled in various cases that the inherent powers of the court are to be exercised sparingly and only in exceptional circumstances.

**What You Should Do Now**
1. If you are involved in a court case and believe that the court needs to take action to ensure justice is served, you should bring this to the attention of your lawyer.
2. Your lawyer can then make an application to the court to exercise its inherent powers to make an order necessary for the ends of justice.
3. You should provide your lawyer with all relevant information and evidence to support your application.

**Evidence to Keep**
- Copies of all relevant court documents and orders
- Any evidence that supports your application to the court
- A clear and concise statement of the relief you are seeking from the court

**Where to Go / Who to Contact**
If you need to make an application to the court to exercise its inherent powers, you should contact a licensed lawyer who can assist you with the process. You can also contact the court registry or the judge's office to inquire about the procedure for making such an application.

**When You Need a Lawyer**
You should seek the advice of a licensed lawyer if you are involved in a court case and believe that the court needs to exercise its inherent powers to ensure justice is served, as this is a complex legal issue that requires professional guidance.

---
**Sources**
- **[ACT-1]** The Code of Criminal Procedure, 1898, Section 151: Arrest to prevent such offences *(Status: Active)*","The Code of Civil Procedure, 1908 (CPC)",151,False,[],NOT_AVAILABLE,[],"['151', '151']",True,NOT_AVAILABLE,True,['Code of Criminal Procedure'],False,[],,,,
Q169,"The Code of Civil Procedure, 1908 (CPC)","What are the mandatory rules for serving a summons on a corporate entity under Order XXIX, Rule 2?","Answer Details: Under Order XXIX, Rule 2, where the suit is against a corporation, the summons may be served: 1. On the secretary, or on any director, or other principal officer of the corporation; or 2. By leaving it or sending it by post addressed to the corporation at its registered office, or if there is no registered office, at the place where the corporation carries on business.","**What This Means For You**
If you're dealing with a court case involving a company, you need to know how to properly serve a summons on them. This is crucial for ensuring that the legal process is followed correctly.

**What the Law Says**
Under Section 69 [ACT-4] of the Code of Criminal Procedure, 1898, service of a summons on an incorporated company or other body corporate may be effected by serving it on the secretary, local manager or other principal officer of the corporation or by registered post letter addressed to the chief officer of the corporation in Bangladesh.

**What You Should Do Now**
1. Identify the correct person to serve the summons, such as the secretary or principal officer of the company.
2. Ensure that the summons is served in the correct manner, either in person or by registered post.
3. Keep a record of the service, including the date, time, and method of service.

**Evidence to Keep**
- A copy of the summons
- Proof of service, such as a receipt or affidavit of service
- Record of the date, time, and method of service

**Where to Go / Who to Contact**
If you need assistance with serving a summons, you can contact the Court Registrar or a legal professional for guidance.

**When You Need a Lawyer**
You should consider consulting a lawyer if you are unsure about the correct procedure for serving a summons or if the company is contesting the service.

---
**Sources**
- **[ACT-4]** The Code of Criminal Procedure, 1898, Section 69: Summons how served *(Status: Active)*","The Code of Civil Procedure, 1908 (CPC)",,False,[],NOT_AVAILABLE,[],"['69', '69']",N/A,NOT_AVAILABLE,True,['Code of Criminal Procedure'],False,[],,,,
Q170,"The Contract Act, 1872","Under what circumstances can an appellate court accept ""Additional Evidence"" under Order XLI, Rule 27?","Answer Details: Order XLI, Rule 27 restricts the production of additional evidence in an appellate court. It is permissible only if: 1. The court from whose decree the appeal is preferred refused to admit evidence which ought to have been admitted; or 2. The appellate court requires any document to be produced or any witness to be examined to enable it to pronounce judgment; or 3. For any other substantial cause.","**What This Means For You**
If you're involved in an appeal, the court may allow new evidence to be presented under certain conditions. This can be crucial in strengthening your case or defending against an appeal. Understanding when and how this can happen is essential for navigating the appeals process.

**What the Law Says**
Under Order XLI, Rule 27 of the Code of Civil Procedure, an appellate court can accept additional evidence if it is necessary to enable the court to pronounce judgment or for any other substantial cause. The court must be satisfied that the evidence is relevant and was not available during the original trial. A court also ruled in various cases that the power to allow additional evidence is discretionary and should be exercised sparingly, ensuring that it does not prejudice the other party.

**What You Should Do Now**
1. Review the grounds of your appeal to identify any potential gaps in evidence that could be filled by additional evidence.
2. Determine if the additional evidence you wish to present could not have been obtained during the original trial with reasonable diligence.
3. Prepare a clear application to the appellate court, explaining why the additional evidence is necessary and how it is relevant to the case.

**Evidence to Keep**
- Documents or records that support your claim for additional evidence.
- Proof that the evidence was not available or could not have been obtained during the original trial.
- Any correspondence or notices related to the application for additional evidence.

**Where to Go / Who to Contact**
Contact the appellate court where your case is pending, or consult with a licensed lawyer who specializes in appellate law. For general legal aid inquiries, you may also reach out to the Legal Aid services in Bangladesh.

**When You Need a Lawyer**
You should consult a lawyer immediately if you are considering applying for the admission of additional evidence in an appeal, as the process involves complex legal procedures and strategic decision-making that require professional legal advice.

---
**Sources**
- **[ACT-1]** The Code of Criminal Procedure, 1898, Section 27: Repealed *(Status: Repealed)*
- **[ACT-2]** The Code of Criminal Procedure, 1898, Section 127: Assembly to disperse on command of Magistrate or police officer *(Status: Amended)*
- **[ACT-3]** The Code of Criminal Procedure, 1898, Section 375: Power to direct further inquiry to be made or additional evidence to be taken *(Status: Active)*
- **[ACT-4]** The Code of Criminal Procedure, 1898, Section 349A: Conviction on evidence partly recorded by one Sessions *(Status: Active)*
- **[ACT-5]** The Code of Criminal Procedure, 1898, Section 26: Repealed *(Status: Repealed)*
- **[ACT-6]** The Code of Criminal Procedure, 1898, Section 28: Offences under Penal Code *(Status: Active)*
- **[ACT-7]** The Code of Criminal Procedure, 1898, Section 126: Discharge of sureties *(Status: Active)*
- **[ACT-8]** The Code of Criminal Procedure, 1898, Section 128: Use of civil force to disperse *(Status: Amended)*
- **[ACT-9]** The Code of Criminal Procedure, 1898, Section 348: Trial of persons previously convicted of offences against coinage, stamp-law or property *(Status: Amended)*
- **[ACT-10]** The Code of Criminal Procedure, 1898, Section 350: evidence partly recorded by one Magistrate and partly by another *(Status: Active)*
- **[ACT-11]** The Code of Criminal Procedure, 1898, Section 374: Sentence of death to be submitted by Court of Session *(Status: Active)*
- **[ACT-12]** The Code of Criminal Procedure, 1898, Section 376: Power of High Court Division to confirm sentence or annul conviction *(Status: Amended)*
- **[DLR-1]** Bangladesh represented by the Secretary, Ministry of Establishment and others VS Abdul halim miah and others — DLR (AD) 2005 | Appellate Division | 2005
- **[DLR-2]** Yogeshwar Gope vs State — DLR (AD) 2005 | Appellate Division | 2005
- **[DLR-3]** Abdul Mannan VS Tayeb Ali and others — DLR (AD) 2006 | Appellate Division | 2006
- **[DLR-4]** Government of Bangladesh and another VS Md Afsar Ali and others — DLR (AD) 2003 | Appellate Division | 2003","The Contract Act, 1872",,False,[],NOT_AVAILABLE,[],"['27', '127', '375', '349A', '26', '28', '126', '128', '348', '350', '374', '376']",N/A,NOT_AVAILABLE,True,"['Code of Criminal Procedure', 'Code of Civil Procedure', 'Penal Code']",False,[],,,,
Q171,"The Copyright Act, 2023","What is the status of an agreement in restraint of trade under Section 27, and what is its sole exception?","Answer Details: Section 27 states that every agreement by which any person is restrained from exercising a lawful profession, trade, or business of any kind is to that extent void. Statutory Exception: The only exception is the sale of the goodwill of a business, where a buyer may agree with the seller to refrain from carrying on a similar business within specified local limits, provided such limits appear reasonable to the Court. Q122: Explain the principle of ""Agency by Ratification"" and its limits under Sections 196 and 197. Answer Details: Under Section 196, where acts are done by one person on behalf of another but without his knowledge or authority, the person may elect to ratify or to disown such acts. If he ratifies them, the same effects will follow as if they had been performed by his prior authority. Under Section 197, ratification may be expressed or implied by conduct, but it cannot validly validate an act that would injure a third party or violate public policy.","**What This Means For You**
An agreement that restricts someone from doing business or working in a certain field is generally not allowed under the law. However, there's an exception that might apply if you're selling your business. This exception can protect the buyer's investment and ensure you don't compete with them in the same area.

**What the Law Says**
Under Section 27 of the Contract Act, 1872 [ACT-1], an agreement in restraint of trade is void, meaning it's not legally enforceable. The sole exception to this rule is when someone sells the goodwill of a business and agrees not to carry on a similar business within specified local limits, as long as the buyer or their successors continue to operate a similar business in that area. This exception is subject to the condition that the specified local limits appear reasonable to the court.

**What You Should Do Now**
1. Review any agreements you've signed to ensure they don't contain restraint of trade clauses that could be void under the law.
2. If you're selling a business, consider including a reasonable non-compete clause to protect the buyer's interests.
3. Consult with a lawyer to understand how this law applies to your specific situation and to draft any agreements that comply with the exception under Section 27.

**Evidence to Keep**
- Copies of any agreements or contracts related to the sale of a business or restraint of trade.
- Documentation of the goodwill of the business, if applicable.
- Records of any negotiations or communications regarding non-compete clauses.

**Where to Go / Who to Contact**
For legal advice on contracts and restraint of trade, contact a licensed lawyer specializing in contract law. You can also reach out to the Bangladesh Bar Council for a referral to a qualified attorney.

**When You Need a Lawyer**
You should consult a lawyer if you're involved in a dispute related to a restraint of trade agreement or if you need assistance drafting a contract that includes a non-compete clause, to ensure your rights are protected and your agreements are legally enforceable.

---
**Sources**
- **[ACT-1]** The Contract Act, 1872, Section 27: Agreement in restraint of trade void Saving of agreement not to carry on business of which good- will is sold — good-will, buyer, limits *(Status: Active)*","The Copyright Act, 2023",27,False,[],NOT_AVAILABLE,[],"['27', '27', '27']",True,NOT_AVAILABLE,False,[],False,[],,,,
Q172,"The Court Fees Act, 1870","What constitutes the statutory definition of ""Fair Dealing"" under the Copyright Act, 2023?","Answer Details: The Act provides that certain acts do not constitute an infringement of copyright. ""Fair Dealing"" includes the reproduction or adaptation of a work strictly for: 1. Private or personal use, including research or educational study. 2. Criticism, review, or news reporting in newspapers, magazines, or broadcasting media, provided a proper citation or acknowledgment of the original author is explicitly made.","This is not in my verified database. I cannot confirm this. Please consult the Bangladesh Code directly or a licensed lawyer.

---
**Sources**
- **[DLR-1]** Fatema Khatun and others VS Abdul Quddus — DLR (AD) 2005 | Appellate Division | 2005
- **[DLR-2]** State VS Abdur Rahim — DLR (AD) 2005 | Appellate Division | 2005
- **[DLR-3]** Government of the People's Republic of Bangladesh, represented by the DC and another VS Abdur Rahman and others — DLR (AD) 2005 | Appellate Division | 2005
- **[DLR-4]** Bangladesh, represented by the Secretary, Ministry of Works, Housing and Settlement and ors vs Md Abu Bakar and others — DLR (AD) 2005 | Appellate Division | 2005","The Court Fees Act, 1870",,False,[],NOT_AVAILABLE,[],[],N/A,NOT_AVAILABLE,False,[],False,[],,,,
Q173,"The Code of Criminal Procedure, 1898 (CrPC)",How are court fees determined for a suit seeking a declaratory decree with consequential relief under Section 7(iv)(c)?,"Answer Details: Under Section 7(iv)(c), in suits to obtain a declaratory decree or order where consequential relief is prayed, the plaintiff must state the amount at which he values the relief sought. The court fee is calculated ad valorem based on this stated valuation. However, under the Suits Valuation Act, this valuation must align with the actual economic or market value of the subject matter to prevent arbitrary undervaluation.","**What This Means For You**
Court fees for a suit seeking a declaratory decree with consequential relief can be complex and depend on the specific circumstances of your case. Understanding how these fees are determined is crucial to avoid unnecessary expenses and ensure your case proceeds smoothly.

**What the Law Says**
Under the court fee rules in Bangladesh, the fee for a suit seeking a declaratory decree with consequential relief, as mentioned in Section 7(iv)(c) of the Specific Relief Act, 1877 [ACT-1], would typically be determined based on the value of the subject matter of the suit or the relief claimed. However, specific details on how these fees are calculated are not provided in the given acts or case laws. For accurate and up-to-date information, consulting the relevant court fee rules or seeking advice from a legal professional is advisable.

**What You Should Do Now**
1. Consult the Court Fees Act or relevant rules to understand the basis of court fee calculation for your specific type of suit.
2. Determine the value of the subject matter or relief claimed in your suit to estimate the court fee.
3. Visit the court registry or consult with a lawyer to confirm the court fee amount and the process for payment.

**Evidence to Keep**
- A copy of the plaint (complaint) filed in court.
- Receipts for any court fees paid.
- Documentation supporting the value of the subject matter or relief claimed.

**Where to Go / Who to Contact**
For specific guidance on court fees for a declaratory decree with consequential relief, contact the Supreme Court of Bangladesh or the relevant District Court where your suit is filed. You may also call the Supreme Court's helpline or visit their website for more information.

**When You Need a Lawyer**
You should consider hiring a lawyer if you are unsure about how to calculate the court fees for your suit or if you need representation in court to argue your case effectively.

---
**Sources**
- **[ACT-1]** The Specific Relief Act, 1877, Section 37: Alternative prayer for rescission in suit for specific performance *(Status: Active)*","The Code of Criminal Procedure, 1898 (CrPC)",7(iv),False,[],NOT_AVAILABLE,[],"['7', '37']",True,NOT_AVAILABLE,True,['Specific Relief Act'],False,[],,,,
Q174,"The Evidence Act, 1872","What is the procedure for a Magistrate to take ""Cognizance of an Offence"" under Section 190 of the CrPC?","Answer Details: Under Section 190, any Metropolitan Magistrate, District Magistrate, or Magistrate of the first class may take cognizance of any offence: 1. Upon receiving a complaint of facts which constitute such offence (C.R. Case). 2. Upon a police report of such facts (G.R. Case). 3. Upon information received from any person other than a police officer, or upon his own knowledge or suspicion that such offence has been committed. Q126: Explain the structure and execution of a ""Summary Trial"" under Sections 260 to 265 of the CrPC. Answer Details: Under Section 260, specified Magistrates are empowered to try certain offenses in a summary manner (e.g., offenses not punishable with death, transportation, or imprisonment exceeding 2 years, theft under low values). Under Section 262, the maximum term of imprisonment that can be passed in a summary trial is restricted to 2 months. The record is brief, consisting of a statutory form and a short judgment. Q127: What is the statutory difference between a ""Reference"" (Section 432) and an ""Appeal"" under the CrPC? Answer Details: ○ Reference (Section 432): A lower court submits a question of law or the validity of an Act/Ordinance to the High Court Division for its authoritative opinion, before finalizing its own judgment. ○ Appeal: A statutory right exercised by an aggrieved party (the accused or the state) after a final judgment or order has been delivered, seeking a superior court's total reversal or modification of the conviction/sentence.","**What This Means For You**
A Magistrate can start a legal process against someone who has committed a crime, and this is called taking ""cognizance of an offence"". This is an important step in the criminal justice system in Bangladesh. If a Magistrate takes cognizance of an offence, it means they have decided to proceed with the case.

**What the Law Says**
Under Section 190 of the Code of Criminal Procedure, 1898 [ACT-1], a Magistrate can take cognizance of an offence in three ways: upon receiving a complaint of facts which constitute such offence, upon information received from any person other than a police-officer, or upon his own knowledge or suspicion that such offence has been committed. The Magistrate must then examine the complainant and any witnesses present, and record the substance of the examination in writing.

**What You Should Do Now**
1. If you are the complainant, be prepared to provide detailed information about the offence to the Magistrate.
2. If you are a witness, be prepared to give a statement to the Magistrate about what you know.
3. If you are the accused, you should be informed of your rights and the charges against you.

**Evidence to Keep**
- A written complaint or statement
- Any relevant documents or evidence related to the offence
- Witness statements or contact information for witnesses

**Where to Go / Who to Contact**
You should contact the nearest Magistrate Court or the police station where the offence was committed. You can also call the Legal Aid helpline at 16430 for guidance.

**When You Need a Lawyer**
You should consult a lawyer as soon as possible if you are the accused or if you are unsure about the legal process, to ensure your rights are protected.

---
**Sources**
- **[ACT-1]** The Code of Criminal Procedure, 1898, Section 190: Cognizance of offences by Magistrates *(Status: Amended)*","The Evidence Act, 1872",190,False,[],NOT_AVAILABLE,[],"['190', '190']",True,NOT_AVAILABLE,True,['Code of Criminal Procedure'],False,[],,,,
Q175,"The Evidence Act, 1872","What is the standard for admitting ""Expert Opinion"" evidence under Section 45?","Answer Details: Section 45 provides that when the Court has to form an opinion upon a point of foreign law, science, art, or as to identity of handwriting or finger impressions, the opinions upon that point of persons specially skilled in such areas (experts) are relevant facts. Such evidence is advisory in nature and must be corroborated; the court is not bound blindly to follow it.","**What This Means For You**
The standard for admitting ""Expert Opinion"" evidence is crucial in understanding how certain information can be used in legal proceedings. Under Section 45 of the Code of Criminal Procedure, 1898, specific guidelines are provided for the admissibility of expert opinions. This affects how evidence is presented and considered in court.

**What the Law Says**
Under Section 45 [ACT-1] of the Code of Criminal Procedure, 1898, the law outlines the responsibilities of certain individuals, including village-headmen, accountants, landholders, and others, to report specific matters to the nearest Magistrate or police officer. However, the section does not directly address the standard for admitting ""Expert Opinion"" evidence. For expert opinion evidence, the focus is typically on the relevance and reliability of the expert's testimony, as well as their qualifications to provide such testimony.

**What You Should Do Now**
1. Review the specific requirements for expert testimony under the relevant laws and court rules in Bangladesh.
2. Ensure that any expert witness meets the necessary qualifications and has relevant experience in the field related to the case.
3. Understand that the admissibility of expert opinion evidence is subject to the discretion of the court, which considers factors like relevance, reliability, and the potential to assist the court in understanding complex issues.

**Evidence to Keep**
- Qualification documents of the expert witness
- Relevant experience certificates of the expert witness
- Detailed report or statement from the expert witness

**Where to Go / Who to Contact**
For specific guidance on admitting expert opinion evidence, consult with a licensed lawyer practicing in Bangladesh or contact the Bangladesh Bar Council for referral to an appropriate legal expert.

**When You Need a Lawyer**
You should seek professional legal help when the admissibility of expert opinion evidence is crucial to your case, and you need personalized advice on how to proceed.

---
**Sources**
- **[ACT-1]** The Code of Criminal Procedure, 1898, Section 45: Villageheadmen,accountants, landholders and others bound to report certain matters *(Status: Amended)*","The Evidence Act, 1872",45,False,[],NOT_AVAILABLE,[],"['45', '45', '45']",True,NOT_AVAILABLE,True,['Code of Criminal Procedure'],False,[],,,,
Q176,"The Bangladesh Labour Act, 2006","Explain the rule of ""Hostile Witness"" under Section 154 of the Evidence Act.","Answer Details: Section 154 allows the court, in its discretion, to permit the person who calls a witness to put any questions to him which might be put in cross-examination by the adverse party. This occurs when a witness exhibits a distinct animus against the party who called them or completely recants their prior statement, allowing the calling party to impeach their credibility.","**What This Means For You**
If a witness is being hostile, it means they are not cooperating or providing truthful information during a trial. This can impact the outcome of your case. Understanding the rule of hostile witness is crucial to navigate such situations.

**What the Law Says**
Under Section 154 of the Evidence Act is not mentioned in the provided verified sources, however, the concept of hostile witness can be related to the general principles of evidence law. A hostile witness is someone who is called to testify but provides adverse or unfavorable testimony. In such cases, the court may allow the party calling the witness to treat them as hostile and cross-examine them.

**What You Should Do Now**
1. Identify if the witness is indeed being hostile and not providing truthful information.
2. Inform the court about the hostile behavior of the witness.
3. The court may permit you to cross-examine the witness, allowing you to challenge their testimony.

**Evidence to Keep**
- Records of the witness's previous statements or testimonies.
- Any evidence that contradicts the witness's hostile testimony.

**Where to Go / Who to Contact**
Contact the court where your case is being heard or consult with a licensed lawyer for guidance on handling hostile witnesses.

**When You Need a Lawyer**
You should consult a lawyer immediately if you are dealing with a hostile witness in a trial, as their expertise can help you navigate the situation effectively.

---
**Sources**
- **[ACT-1]** The Code of Criminal Procedure, 1898, Section 154: Information in cognizable cases *(Status: Active)*
- **[ACT-2]** The Code of Criminal Procedure, 1898, Section 1: Short title Commencement *(Status: Amended)*
- **[ACT-3]** The Code of Criminal Procedure, 1898, Section 2: Repealed *(Status: Repealed)*
- **[ACT-4]** The Code of Criminal Procedure, 1898, Section 3: (1) Omitted *(Status: Amended)*
- **[ACT-5]** The Code of Criminal Procedure, 1898, Section 4: Definitions *(Status: Amended)*
- **[ACT-6]** The Code of Criminal Procedure, 1898, Section 5: Trial of offences *(Status: Active)*
- **[ACT-7]** The Code of Criminal Procedure, 1898, Section 153: Inspection of weights and measures *(Status: Active)*
- **[ACT-8]** The Code of Criminal Procedure, 1898, Section 155: Information in noncognizable cases *(Status: Amended)*
- **[DLR-1]** Yogeshwar Gope vs State — DLR (AD) 2005 | Appellate Division | 2005
- **[DLR-2]** Fatema Khatun and others VS Abdul Quddus — DLR (AD) 2005 | Appellate Division | 2005
- **[DLR-3]** Bangladesh represented by the Secretary, Ministry of Establishment and others VS Abdul halim miah and others — DLR (AD) 2005 | Appellate Division | 2005
- **[DLR-4]** State VS Abdur Rahim — DLR (AD) 2005 | Appellate Division | 2005","The Bangladesh Labour Act, 2006",154,False,[],NOT_AVAILABLE,[],"['154', '154', '1', '2', '3', '4', '5', '153', '155']",True,NOT_AVAILABLE,True,"['Code of Criminal Procedure', 'Evidence Act']",False,[],,,,
Q177,"The Limitation Act, 1908",What is the statutory procedure for a worker to file a grievance under Section 33?,"Answer Details: Under Section 33, any worker who has a grievance against an employer regarding a lay-off, retrenchment, discharge, dismissal, or termination must bring his grievance to the notice of the employer in writing within 30 days of the cause of action. The employer must communicate his decision within 15 days. If the employer fails or if the worker is dissatisfied, the worker may file a formal complaint directly to the Labour Court within the next 30 days.","**What This Means For You**
If you're a worker with a grievance, you have the right to file a complaint under the law. However, the provided information does not specifically mention a worker's grievance procedure under Section 33. Section 33 of the Code of Criminal Procedure, 1898, actually deals with the power of Magistrates to sentence to imprisonment in default of fine.

**What the Law Says**
Under Section 33 of the Code of Criminal Procedure, 1898 [ACT-1], the Court of any Magistrate may award such terms of imprisonment in default of payment of fine as is authorized by law in case of such default. However, this section does not specifically address the procedure for a worker to file a grievance.

**What You Should Do Now**
1. Identify the relevant law or act that governs worker grievances in Bangladesh, such as the Bangladesh Labour Act, 2006.
2. Familiarize yourself with the specific provisions and procedures outlined in the relevant law for filing a worker grievance.
3. Contact the relevant authority, such as the Department of Labour, or a workers' union for guidance on the grievance filing process.

**Evidence to Keep**
- Documentation of the grievance, including dates, times, and details of incidents
- Any relevant correspondence or communication related to the grievance
- Evidence of attempts to resolve the issue through internal channels, if applicable

**Where to Go / Who to Contact**
Contact the Department of Labour or a workers' union for guidance on filing a worker grievance. You can also reach out to the National Help Line (16121) for assistance.

**When You Need a Lawyer**
You should consider consulting a lawyer if your grievance is not resolved through internal channels or if you require legal representation in a court of law.

---
**Sources**
- **[ACT-1]** The Code of Criminal Procedure, 1898, Section 33: Power of Magistrates to sentence to imprisonment in default of fine *(Status: Active)*","The Limitation Act, 1908",33,False,[],NOT_AVAILABLE,[],"['33', '33', '33', '33']",True,NOT_AVAILABLE,True,"['Code of Criminal Procedure', 'Bangladesh Labour Act']",False,[],,,,
Q178,"The Negotiable Instruments Act, 1881 (NI Act)","How does an ""Acknowledgement in Writing"" affect the calculation of limitation under Section 19?","Answer Details: Under Section 19, if, before the expiration of the period prescribed for a suit or application in respect of any property or right, an acknowledgment of liability has been made in writing and signed by the party against whom the right is claimed, a fresh period of limitation shall be computed from the time when the acknowledgment was so signed.","**What This Means For You**
An acknowledgement in writing can impact how the time limit for filing a case is calculated, which may affect your legal rights. This is important because it can determine whether your case is still valid or if it's too late to take action.

**What the Law Says**
Under Section 19 of a relevant law, an acknowledgement in writing can be a crucial factor in calculating the limitation period. Although the specific details of Section 19 are not provided in the verified sources, generally, an acknowledgement in writing can restart the clock for the limitation period, giving you more time to file a case. A court may consider this acknowledgement as a fresh start for the calculation of the time limit.

**What You Should Do Now**
1. Check if the acknowledgement in writing is valid and meets the legal requirements.
2. Determine how the acknowledgement affects the calculation of the limitation period in your specific case.
3. Consult with a lawyer to understand how this impacts your legal rights and the timeframe for taking action.

**Evidence to Keep**
- A copy of the acknowledgement in writing
- Proof of the date the acknowledgement was made
- Any relevant communication or documents related to the acknowledgement

**Where to Go / Who to Contact**
Contact a licensed lawyer or visit the relevant court or legal aid office for guidance on how an acknowledgement in writing affects the calculation of limitation in your specific case.

**When You Need a Lawyer**
You should consult a lawyer if you are unsure how an acknowledgement in writing impacts the limitation period in your case or if you need help navigating the legal process.

---
**Sources**
- **[ACT-1]** The Code of Criminal Procedure, 1898, Section 190: Cognizance of offences by Magistrates *(Status: Amended)*
- **[ACT-2]** The Code of Criminal Procedure, 1898, Section 19: Benches *(Status: Active)*
- **[ACT-3]** The Code of Criminal Procedure, 1898, Section 1: Short title Commencement *(Status: Amended)*
- **[ACT-4]** The Code of Criminal Procedure, 1898, Section 2: Repealed *(Status: Repealed)*
- **[ACT-5]** The Code of Criminal Procedure, 1898, Section 3: (1) Omitted *(Status: Amended)*
- **[ACT-6]** The Code of Criminal Procedure, 1898, Section 4: Definitions *(Status: Amended)*
- **[ACT-7]** The Code of Criminal Procedure, 1898, Section 5: Trial of offences *(Status: Active)*
- **[ACT-8]** The Code of Criminal Procedure, 1898, Section 18: Appointment of Metropolitan Magistrates *(Status: Amended)*
- **[ACT-9]** The Code of Criminal Procedure, 1898, Section 20: Local limits of jurisdiction *(Status: Active)*
- **[ACT-10]** The Code of Criminal Procedure, 1898, Section 189: Power to direct copies of depositions and exhibits to be received in evidence *(Status: Amended)*
- **[ACT-11]** The Code of Criminal Procedure, 1898, Section 191: application of accused *(Status: Active)*
- **[DLR-1]** Fatema Khatun and others VS Abdul Quddus — DLR (AD) 2005 | Appellate Division | 2005
- **[DLR-2]** Government of Bangladesh and another VS Md Afsar Ali and others — DLR (AD) 2003 | Appellate Division | 2003
- **[DLR-3]** Abdul Kader VS Secretary, Election Commission and others — DLR (AD) 2005 | Appellate Division | 2005
- **[DLR-4]** Secretary, Ministry of Food Government of Bangladesh and others vs. Md Sirajuddin Ahmed and others — DLR (AD) 2005 | Appellate Division | 2005","The Negotiable Instruments Act, 1881 (NI Act)",19,False,[],NOT_AVAILABLE,[],"['19', '19', '190', '19', '1', '2', '3', '4', '5', '18', '20', '189', '191']",True,NOT_AVAILABLE,True,['Code of Criminal Procedure'],False,[],,,,
Q179,"The Public Demands Recovery Act, 1913 (PDR Act)","What constitutes a valid ""Notice of Dishonour"" under Section 138, and what is its mandatory delivery window?","Answer Details: For a cheque dishonour to mature into a criminal offense under Section 138, the payee must give a notice in writing to the drawer demanding payment of the money. This notice must be given within 30 days of the receipt of information from the bank regarding the return of the cheque as unpaid. The drawer is then given 30 days from the receipt of the notice to make the payment before a criminal complaint can be filed.","This is not in my verified database. I cannot confirm this. Please consult the Bangladesh Code directly or a licensed lawyer.

---
**Sources**
- **[ACT-1]** The Code of Criminal Procedure, 1898, Section 138: Omitted *(Status: Omitted)*
- **[ACT-2]** The Code of Criminal Procedure, 1898, Section 1: Short title Commencement *(Status: Amended)*
- **[ACT-3]** The Code of Criminal Procedure, 1898, Section 2: Repealed *(Status: Repealed)*
- **[ACT-4]** The Code of Criminal Procedure, 1898, Section 3: (1) Omitted *(Status: Amended)*
- **[ACT-5]** The Code of Criminal Procedure, 1898, Section 4: Definitions *(Status: Amended)*
- **[ACT-6]** The Code of Criminal Procedure, 1898, Section 5: Trial of offences *(Status: Active)*
- **[ACT-7]** The Code of Criminal Procedure, 1898, Section 137: Procedure where he appears to show cause *(Status: Amended)*
- **[ACT-8]** The Code of Criminal Procedure, 1898, Section 139: Omitted *(Status: Omitted)*
- **[DLR-1]** Secretary, Ministry of Food Government of Bangladesh and others vs. Md Sirajuddin Ahmed and others — DLR (AD) 2005 | Appellate Division | 2005
- **[DLR-2]** AHS Rahman vs State — DLR (AD) 2005 | Appellate Division | 2005
- **[DLR-3]** Abdul Kader VS Secretary, Election Commission and others — DLR (AD) 2005 | Appellate Division | 2005
- **[DLR-4]** Fatema Khatun and others VS Abdul Quddus — DLR (AD) 2005 | Appellate Division | 2005","The Public Demands Recovery Act, 1913 (PDR Act)",138,False,[],NOT_AVAILABLE,[],"['138', '1', '2', '3', '4', '5', '137', '139']",True,NOT_AVAILABLE,True,['Code of Criminal Procedure'],False,[],,,,
Q180,"The Penal Code, 1860",Under what grounds can a certificate sale be set aside under Section 35?,"Answer Details: Under Section 35, a certificate sale of immovable property may be set aside by the Certificate-officer upon an application made within 30 days from the date of sale, on the ground of a material irregularity or fraud in publishing or conducting the sale. The applicant must prove that they sustained substantial injury by reason of such irregularity or fraud.","**What This Means For You**
A certificate sale can be set aside under certain conditions, which may help you if you're facing a situation where your property is being sold due to non-payment of debt. This can provide relief and help you retain your property.

**What the Law Says**
Under Section 35 of the Transfer of Property Act, 1882 [ACT-1], a certificate sale can be set aside if the person who transferred the property had no right to do so, and the transferor has conferred a benefit on the owner of the property as part of the same transaction. The owner must elect to either confirm or dissent from the transfer, and if they dissent, they must relinquish the benefit conferred upon them.

**What You Should Do Now**
1. Review the transfer documents to see if the transferor had the right to transfer the property.
2. Check if any benefits were conferred upon you as part of the transaction.
3. Consider consulting a lawyer to help you decide whether to confirm or dissent from the transfer.

**Evidence to Keep**
- Transfer documents
- Proof of benefits conferred upon you
- Records of any communications with the transferor or their representatives

**Where to Go / Who to Contact**
Contact the Sub-Registrar's office where the property is located or consult a lawyer specializing in property law.

**When You Need a Lawyer**
You should consult a lawyer if you're unsure about your rights or the process of setting aside a certificate sale, as they can provide guidance and representation in court if necessary.

---
**Sources**
- **[ACT-1]** The Transfer of Property Act, 1882, Section 35: Election when necessary *(Status: Active)*","The Penal Code, 1860",35,False,[],NOT_AVAILABLE,[],"['35', '35']",True,NOT_AVAILABLE,True,['Transfer of Property Act'],False,[],,,,
Q181,"The Registration Act, 1908","What constitutes the offense of ""Cheating"" under Section 415, and how is it punished under Section 420?","Answer Details: ○ Section 415 (Cheating): Whoever, by deceiving any person, fraudulently or dishonestly induces the person so deceived to deliver any property to any person, or to consent that any person shall retain any property. ○ Section 420 (Punishment): Covers cheating and dishonestly inducing delivery of property. It carries a maximum punishment of 7 years of imprisonment along with a mandatory financial fine, distinguishing itself from simple cheating by the physical delivery or destruction of valuable securities.","**What This Means For You**
Cheating is a serious offense that involves deceiving someone to gain an advantage or cause harm. If you've been a victim of cheating or are accused of cheating, understanding the law is crucial. Cheating can lead to severe consequences, including imprisonment and fines.

**What the Law Says**
Under Section 415 [ACT-1] of the Penal Code, 1860, cheating is defined as deceiving someone to deliver property, consent to retain property, or do something that causes harm. This includes dishonest concealment of facts. Section 420 [ACT-2] states that whoever cheats and dishonestly induces the person deceived to deliver property or make, alter, or destroy a valuable security shall be punished with imprisonment for up to seven years and a fine. A court also ruled in various cases, such as those related to cheating and dishonestly inducing delivery of property, that the punishment can be severe.

**What You Should Do Now**
1. If you're a victim of cheating, report the incident to the police immediately.
2. Gather evidence, such as documents, witness statements, or records of transactions.
3. Consult a lawyer to understand your rights and options for seeking justice.

**Evidence to Keep**
- Documents related to the transaction or incident
- Witness statements or contact information
- Records of communication, such as emails or messages
- Any other relevant evidence that supports your claim

**Where to Go / Who to Contact**
Contact your local police station or the nearest Magistrate Court to report the incident. You can also reach out to the Legal Aid helpline (16430) for guidance.

**When You Need a Lawyer**
You should consult a lawyer as soon as possible if you're accused of cheating or are a victim of cheating and need help navigating the legal process.

---
**Sources**
- **[ACT-1]** The Penal Code, 1860, Section 415: Cheating *(Status: Active)*
- **[ACT-2]** The Penal Code, 1860, Section 420: Cheating and dishonestly inducing deliver of property *(Status: Amended)*","The Registration Act, 1908",415,False,[],NOT_AVAILABLE,[],"['415', '420', '415', '420']",True,NOT_AVAILABLE,True,['Penal Code'],False,[],,,,
Q182,"The Registration Act, 1908",What is the procedure for registering a document when the executing party refuses to appear under Section 36?,"Answer Details: Under Section 36, if any person executing a document refuses to appear before the registering officer, the registering officer may, upon the application of the presenter, issue a summons requiring such person to appear at the registration office. If they fail to appear or deny execution, the officer will refuse registration, triggering the appellate remedy of a suit under Section 77. Section 14: The Specific Relief Act, 1877","**What This Means For You**
If the executing party refuses to appear for document registration, the process can be delayed. You need to understand the legal steps to take in this situation. The law provides a way to proceed with the registration even if the party refuses to cooperate.

**What the Law Says**
Under Section 36 of the Code of Criminal Procedure, 1898 [ACT-1], a Magistrate has the power to direct the registration of a document. If the executing party refuses to appear, the Magistrate can take evidence and proceed with the registration as per the provisions of the Code. According to Section 137 of the Code of Criminal Procedure, 1898 [ACT-8], if the person appears to show cause against the order, the Magistrate shall take evidence in the matter.

**What You Should Do Now**
1. File a petition with the Magistrate Court stating the refusal of the executing party to appear for document registration.
2. Provide evidence to support your claim, such as a notice sent to the executing party and their response (if any).
3. The Magistrate will then decide on the next course of action, which may include taking evidence and proceeding with the registration.

**Evidence to Keep**
- Copy of the document to be registered
- Notice sent to the executing party
- Response from the executing party (if any)
- Proof of service of notice

**Where to Go / Who to Contact**
Sub-Registrar's Office or the Magistrate Court in your area. You can also contact the Legal Aid helpline (16430) for guidance.

**When You Need a Lawyer**
You should consult a lawyer if the Magistrate's decision goes against you or if the executing party contests the registration, as this may lead to further legal complications.

---
**Sources**
- **[ACT-1]** The Code of Criminal Procedure, 1898, Section 36: Ordinary powers of Magistrates *(Status: Amended)*
- **[ACT-8]** The Code of Criminal Procedure, 1898, Section 137: Procedure where he appears to show cause *(Status: Amended)*","The Registration Act, 1908",36,False,[],NOT_AVAILABLE,[],"['36', '137', '36', '137']",True,NOT_AVAILABLE,True,['Code of Criminal Procedure'],False,[],,,,
Q183,"The Suits Valuation Act, 1887","Under what criteria will a Court grant a ""Mandatory Injunction"" under Section 55?","Answer Details: Under Section 55, when, to prevent the breach of an obligation, it is necessary to compel the performance of certain acts which the Court is capable of enforcing, the Court may in its discretion grant an injunction to prevent the breach complained of, and also to compel performance of the requisite acts. It requires the active removal of an illegal structural status quo.","**What This Means For You**
A mandatory injunction is a court order that requires a person to perform a specific act. If you're involved in a case where a mandatory injunction is being considered, it's essential to understand the criteria the court will use to make its decision. This type of injunction can have significant consequences, so it's crucial to be aware of the court's requirements.

**What the Law Says**
Under Section 55 of the Code of Criminal Procedure, 1898 [ACT-1], a Court may grant a mandatory injunction to prevent imminent danger or injury of a serious kind to the public. However, this section does not explicitly provide the criteria for granting a mandatory injunction. 

**What You Should Do Now**
1. Review the relevant laws and court rules to understand the specific requirements for a mandatory injunction.
2. Consult with a licensed lawyer to discuss your case and determine if a mandatory injunction is applicable.
3. Gather all relevant evidence and documentation to support your case.

**Evidence to Keep**
- Copies of relevant contracts or agreements
- Documentation of any previous court orders or rulings
- Evidence of imminent danger or injury to the public

**Where to Go / Who to Contact**
Contact the District Court or the High Court Division, depending on the jurisdiction of your case. You can also reach out to a licensed lawyer for guidance and representation.

**When You Need a Lawyer**
You should consult a lawyer immediately if you're involved in a case where a mandatory injunction is being considered, as this is a complex legal matter that requires professional expertise.

---
**Sources**
- **[ACT-1]** The Code of Criminal Procedure, 1898, Section 55: Arrest of vagabonds, habitual robbers, etc *(Status: Active)*","The Suits Valuation Act, 1887",55,False,[],NOT_AVAILABLE,[],"['55', '55']",True,NOT_AVAILABLE,True,['Code of Criminal Procedure'],False,[],,,,
Q184,"The Income Tax Act, 2023",What is the statutory layout of Section 8 regarding the valuation of suits for court fees and jurisdiction?,"Answer Details: Section 8 establishes that where in suits other than those referred to in the Court Fees Act, 1870, Section 7, paragraphs v, vi, vii, and x, clause (d), court fees are payable ad valorem under the Court Fees Act, 1870, the value as determinable for the computation of court fees and the value for purposes of jurisdiction shall be the same. It explicitly ties jurisdictional competency to the fiscal evaluation of the suit.","**What This Means For You**
The statutory layout of Section 8 is not available as it has been omitted from the law. This means that the specific provisions related to the valuation of suits for court fees and jurisdiction under Section 8 are no longer applicable.

**What the Law Says**
Under [ACT-1] of the Code of Civil Procedure, 1908, Section 8 has been omitted by the Adaptation of Central Acts and Ordinance Order, 1949. This means that the section no longer exists in Bangladesh law.

**What You Should Do Now**
1. Refer to other relevant sections of the Code of Civil Procedure, 1908, to determine the current laws regarding court fees and jurisdiction.
2. Consult a licensed lawyer to understand how the omission of Section 8 affects your specific situation.
3. Review the Adaptation of Central Acts and Ordinance Order, 1949, to understand the context of the omission.

**Evidence to Keep**
- Copy of the Adaptation of Central Acts and Ordinance Order, 1949
- Relevant sections of the Code of Civil Procedure, 1908

**Where to Go / Who to Contact**
Supreme Court of Bangladesh | Legal Aid: 16430

**When You Need a Lawyer**
You should consult a lawyer if you need to determine the current laws and regulations regarding court fees and jurisdiction in Bangladesh, and how they apply to your specific situation.

---
**Sources**
- **[ACT-1]** The Code of Civil Procedure, 1908, Section 8: TITLE_UNKNOWN [OMITTED] *(Status: Omitted)*","The Income Tax Act, 2023",8,False,[],NOT_AVAILABLE,[],"['8', '8', '8', '8', '8']",True,NOT_AVAILABLE,True,['Code of Civil Procedure'],False,[],,,,
Q185,"The Stamp Act, 1899","What is the mandate for ""Tax Deducted at Source"" (TDS) on commercial real estate transactions under the current Act?","Answer Details: Under the contemporary Income Tax Act, 2023 framework, any corporate or structured entity executing a commercial real estate lease or purchase agreement must deduct tax at source (TDS) at specified statutory percentages before transferring payments to the lessor or vendor. Failure to comply bars the transaction from being recognized as a deductible business expense during corporate annual audits.","**What This Means For You**
The Tax Deducted at Source (TDS) mandate on commercial real estate transactions is a crucial aspect of the current tax laws in Bangladesh. As a buyer or seller of commercial property, you need to understand the TDS requirements to avoid any legal or financial issues. 

**What the Law Says**
Under the Income Tax Ordinance, 1984 [UNVERIFIED: [ACT-1]], the TDS provision is outlined, but the specific details are not provided in the given verified sources. However, it is generally understood that TDS is applicable on certain transactions, including immovable property. 

**What You Should Do Now**
1. Consult the Income Tax Ordinance, 1984, or relevant tax laws to determine the TDS rate and applicability on commercial real estate transactions.
2. Verify the requirements for TDS deduction, payment, and reporting with the National Board of Revenue (NBR) or a licensed tax consultant.
3. Ensure compliance with TDS regulations to avoid penalties or fines.

**Evidence to Keep**
- Documents related to the commercial real estate transaction
- TDS deduction and payment records
- Income Tax Return documents

**Where to Go / Who to Contact**
National Board of Revenue (NBR) or a licensed tax consultant for guidance on TDS compliance.

**When You Need a Lawyer**
You should consult a lawyer if you receive a notice from the tax authorities regarding non-compliance with TDS regulations or if you are unsure about the applicability of TDS on a specific commercial real estate transaction.

---
**Sources**
- **[DLR-1]** Yaor Mia (Md) and anothe VS Haji Shah Dhanai Ali and others — DLR (AD) 2005 | Appellate Division | 2005
- **[DLR-2]** Government of the People's Republic of Bangladesh, represented by the DC and another VS Abdur Rahman and others — DLR (AD) 2005 | Appellate Division | 2005
- **[DLR-3]** State VS Abdur Rahim — DLR (AD) 2005 | Appellate Division | 2005
- **[DLR-4]** Abdul Kader VS Secretary, Election Commission and others — DLR (AD) 2005 | Appellate Division | 2005

⚠️ **WARNING: Some legal claims or citations in this response could not be verified against the official database.**","The Stamp Act, 1899",,True,['ACT-1'],NOT_AVAILABLE,[],[],N/A,NOT_AVAILABLE,False,[],False,[],,,,
Q186,"The Trademarks Act, 2009",What is the legal effect of executing an instrument on material not properly stamped under Section 17?,"Answer Details: Section 17 requires that all instruments chargeable with duty and executed by any person in Bangladesh shall be stamped before or at the time of execution. If executed unstamped, it immediately triggers the evidentiary absolute bar under Section 35, rendering it legally paralyzed until corrected through fiscal impounding.","**What This Means For You**
If you execute an instrument on material not properly stamped, it may not be admitted in evidence and could lead to penalties. This is crucial because it affects the validity and enforceability of your documents.

**What the Law Says**
Under Section 17 of the Stamp Act, 1899 [ACT-1], instruments executed in Bangladesh must be stamped before or at the time of execution. If an instrument is not properly stamped, it may be considered invalid or not admissible in evidence, as per Section 35 of the Stamp Act, 1899 [ACT-6]. A court may also impose a penalty under Section 62 of the Stamp Act, 1899 [ACT-2].

**What You Should Do Now**
1. Ensure all instruments are properly stamped before execution.
2. Verify the stamp duty required for your specific instrument.
3. Consult a licensed lawyer if you're unsure about stamp duty or have already executed an instrument without proper stamping.

**Evidence to Keep**
- Proof of stamp duty payment
- Copies of stamped instruments
- Receipts for stamp purchases

**Where to Go / Who to Contact**
For stamp duty inquiries, contact the local Collector's office or a licensed lawyer. For legal advice, consult a licensed Bangladeshi lawyer.

**When You Need a Lawyer**
You should consult a lawyer if you have executed an instrument without proper stamping and are facing legal issues or penalties.

---
**Sources**
- **[ACT-1]** The Stamp Act, 1899, Section 17: Instruments executed in Bangladesh. *(Status: Active)*
- **[ACT-2]** The Stamp Act, 1899, Section 62: Penalty for executing, etc., instrument not duly stamped. *(Status: Active)*
- **[ACT-6]** The Stamp Act, 1899, Section 35: Instruments not duly stamped inadmissible in evidence, etc. *(Status: Active)*","The Trademarks Act, 2009",17,False,[],NOT_AVAILABLE,[],"['17', '35', '62', '17', '62', '35']",True,NOT_AVAILABLE,False,[],False,[],,,,
Q187,"The Transfer of Property Act, 1882 (TPA)","Explain the statutory concept of an ""Associated Trademark"" under Section 13.","Answer Details: Under Section 13, where a trademark that is registered, or is the subject of an application for registration, in respect of any goods or services is identical with another trademark or so nearly resembles it as to be likely to deceive if used by a person other than the proprietor, the Registrar may require that the trademarks shall be entered on the register as associated trademarks. They cannot be assigned or transferred separately.","**What This Means For You**
An associated trademark is a concept that allows multiple trademarks to be registered together, which can help protect your brand identity and prevent confusion among consumers. This concept is important for businesses that have multiple trademarks that are similar or related.

**What the Law Says**
Under Section 13 [ACT-1] of the Trademarks Act, 2009, an associated trademark is a trademark that is registered with another trademark that is identical or similar, and is used for the same or similar goods or services. The law states that the Registrar may require that these trademarks be entered on the Register as associated trademarks if they are likely to deceive or cause confusion if used by someone other than the proprietor.

**What You Should Do Now**
1. Review your trademarks to see if you have any that could be considered associated trademarks.
2. Consider applying to register your associated trademarks together to protect your brand identity.
3. Ensure that you use your associated trademarks consistently and in accordance with the registration.

**Evidence to Keep**
- Records of your trademark applications and registrations
- Documents showing the use of your trademarks in commerce
- Proof of ownership and control of your trademarks

**Where to Go / Who to Contact**
The Department of Patents, Designs and Trademarks (DPDT) is responsible for registering trademarks in Bangladesh. You can contact them for more information on associated trademarks and the registration process.

**When You Need a Lawyer**
You should consult a lawyer if you are unsure about how to register your associated trademarks or if you receive an objection to your trademark application.

---
**Sources**
- **[ACT-1]** Trademarks Act, 2009, Section 13: Registration of trademarks as associated trademarks. *(Status: Active)*","The Transfer of Property Act, 1882 (TPA)",13,False,[],NOT_AVAILABLE,[],"['13', '13']",True,NOT_AVAILABLE,True,['Trademarks Act'],False,[],,,,
Q188,"The Land Reforms Act, 2023","What are the primary rights and liabilities of a Mortgagor regarding the ""Right to Redemption"" under Section 60?","Answer Details: Section 60 details the Mortgagor’s fundamental Right to Redemption. At any time after the principal money has become due, the mortgagor has a right, on payment or tender of the mortgage money, to require the mortgagee to deliver the mortgage deed and all documents to him, and to re-transfer the property. This right cannot be clogged or extinguished by any private contractual stipulation.","**What This Means For You**
As a mortgagor, you have the right to redeem your mortgaged property after paying off the mortgage debt. This means you can take back ownership of your property once you've fulfilled your obligations. Understanding your rights and liabilities under Section 60 of the Transfer of Property Act, 1882, is crucial to navigating the mortgage redemption process.

**What the Law Says**
Under Section 60 of the Transfer of Property Act, 1882 [ACT-1], a mortgagor has the right to redeem the mortgaged property on payment or tender of the mortgage money at a proper time and place. This right is known as the ""Right to Redemption."" The mortgagor can require the mortgagee to deliver the mortgage deed, documents related to the property, and possession of the property, if the mortgagee is in possession. The mortgagor must pay the mortgage money, and the mortgagee must comply with the request.

**What You Should Do Now**
1. Review your mortgage agreement to understand the terms and conditions of the mortgage.
2. Calculate the outstanding mortgage debt and ensure you have the necessary funds to redeem the property.
3. Notify the mortgagee of your intention to redeem the property and request the necessary documents and possession.

**Evidence to Keep**
- Mortgage deed
- Documents related to the mortgaged property
- Proof of payment of mortgage debt
- Communication with the mortgagee regarding redemption

**Where to Go / Who to Contact**
Sub-Registrar's Office or a Civil Court for assistance with the redemption process. You can also contact the Bangladesh Bar Council for a list of licensed lawyers who can provide guidance on the mortgage redemption process.

**When You Need a Lawyer**
You should consult a lawyer if you encounter any disputes or issues with the mortgagee during the redemption process, or if you require assistance with understanding the legal implications of the mortgage agreement.

---
**Sources**
- **[ACT-1]** The Transfer of Property Act, 1882, Section 60: Right of mortgagor to redeem *(Status: Active)*","The Land Reforms Act, 2023",60,False,[],NOT_AVAILABLE,[],"['60', '60', '60']",True,NOT_AVAILABLE,True,['Transfer of Property Act'],False,[],,,,
Q189,"The Non-Agricultural Tenancy Act, 1949 (NAT Act)","What are the restrictions placed on the conversion of agricultural land under the Land Reforms Act, 2023?","Answer Details: The Land Reforms Act, 2023, strictly restricts the conversion of fertile agricultural land into non-agricultural use (such as housing or commercial factories) without explicit, written prior permission from the authorized state land body. Unauthorized conversions are completely void, render the land liable to forfeiture, and subject the violator to statutory financial penalties.","**What This Means For You**
The Land Reforms Act, 2023, has restrictions on converting agricultural land to prevent large-scale landholdings and ensure fair distribution of land. This affects landowners and those looking to acquire new land. 

**What the Law Says**
Under Section 4 of the Land Reforms Act, 2023, the owner of agricultural land exceeding 60 standard bighas or their family cannot acquire new agricultural land by transfer, inheritance, donation, or any other means. However, there are exceptions for specific cases, such as land used for tea, coffee, rubber, or fruit plantations, or land used by organizations for public welfare with government approval.

**What You Should Do Now**
1. Review your current landholdings to ensure compliance with the 60 standard bighas limit.
2. If you plan to acquire new land, check if your situation falls under one of the exceptions.
3. Consult with local authorities or a licensed lawyer to understand how these restrictions apply to your specific situation.

**Evidence to Keep**
- Documents proving your current land ownership and size.
- Records of any land transactions or acquisitions.
- Approval documents if your land use falls under an exception.

**Where to Go / Who to Contact**
For more information or to report any issues, contact your local Land Office or the Ministry of Lands. You can also reach out to the Legal Aid helpline at 16430 for guidance.

**When You Need a Lawyer**
You should consult a lawyer if you are unsure about how the land conversion restrictions apply to your specific situation or if you face legal disputes related to land ownership or acquisition.

---
**Sources**
- **[ACT-1]** Land Reforms Act, 2023, Section 4: Restrictions on acquisition of agricultural land *(Status: Active)*
- **[ACT-2]** Land Reforms Act, 2023, Section 15: Prohibition and restrictions on cultivation *(Status: Active)*
- **[ACT-3]** Land Reforms Act, 2023, Section 1: Short title and commencement *(Status: Active)*
- **[ACT-4]** Land Reforms Act, 2023, Section 8: Cultivation under barga agreement *(Status: Active)*
- **[ACT-5]** Land Reforms Act, 2023, Section 2: Definitions *(Status: Active)*
- **[ACT-6]** Land Reforms Act, 2023, Section 11: Termination of barga agreement *(Status: Active)*
- **[ACT-7]** Land Reforms Act, 2023, Section 3: Act to prevail *(Status: Active)*
- **[ACT-8]** Land Reforms Act, 2023, Section 5: Benami transactions in immovable property *(Status: Active)*
- **[ACT-9]** Land Reforms Act, 2023, Section 7: Settlement of khas land for homestead *(Status: Active)*
- **[ACT-10]** Land Reforms Act, 2023, Section 9: Recognition of existing bargadars *(Status: Active)*
- **[ACT-11]** Land Reforms Act, 2023, Section 10: Cultivation of barga land after death of bargadar *(Status: Active)*
- **[ACT-12]** Land Reforms Act, 2023, Section 12: Division of produce of barga land *(Status: Active)*
- **[ACT-13]** Land Reforms Act, 2023, Section 14: Upper limit of barga land *(Status: Active)*
- **[ACT-14]** Land Reforms Act, 2023, Section 16: Dispute resolution *(Status: Active)*
- **[DLR-1]** Government of the People's Republic of Bangladesh, represented by the DC and another VS Abdur Rahman and others — DLR (AD) 2005 | Appellate Division | 2005
- **[DLR-2]** Yaor Mia (Md) and anothe VS Haji Shah Dhanai Ali and others — DLR (AD) 2005 | Appellate Division | 2005
- **[DLR-3]** Bangladesh represented by the Secretary, Ministry of Establishment and others VS Abdul halim miah and others — DLR (AD) 2005 | Appellate Division | 2005
- **[DLR-4]** Government of Bangladesh and another VS Md Afsar Ali and others — DLR (AD) 2003 | Appellate Division | 2003","The Non-Agricultural Tenancy Act, 1949 (NAT Act)",,False,[],NOT_AVAILABLE,[],"['4', '4', '15', '1', '8', '2', '11', '3', '5', '7', '9', '10', '12', '14', '16']",N/A,NOT_AVAILABLE,True,['Land Reforms Act'],False,[],,,,
Q190,"The Non-Agricultural Tenancy Act, 1949 (NAT Act)",Explain the landlord's right to enhance rent under Section 13 of the NAT Act.,"Answer Details: Under Section 13, a landlord may apply to a competent court to enhance the rent of a non-agricultural tenant on specific grounds, including a substantial increase in the local value of the land or improvements made to the property at the landlord's expense. However, such enhancement cannot be arbitrary and is structurally restricted to fixed percentages over specified multi-year intervals. Section 22: The Partition Act, 1893","**What This Means For You**
As a landlord in Bangladesh, you have the right to increase rent under certain conditions. However, this right is governed by the Non-Agricultural Tenancy Act (NAT Act), which aims to balance the interests of both landlords and tenants.

**What the Law Says**
Under the Non-Agricultural Tenancy Act, the specific section that deals with the enhancement of rent is not provided in the verified sources. However, the general principle is that any increase in rent should be reasonable and in accordance with the law. 

**What You Should Do Now**
1. Review your tenancy agreement to understand the terms and conditions related to rent increases.
2. Familiarize yourself with the NAT Act provisions regarding rent enhancement.
3. Consider consulting with a legal expert or relevant authorities to ensure compliance with the law.

**Evidence to Keep**
- Copy of the tenancy agreement
- Records of previous rent payments
- Documentation of any notices or communications related to rent increases

**Where to Go / Who to Contact**
For specific guidance on rent enhancement under the NAT Act, you may want to contact the local authorities or a legal aid service. In Bangladesh, you can reach out to the Ministry of Land or the Bangladesh Bar Council for more information.

**When You Need a Lawyer**
You should consider consulting a lawyer if you are unsure about your rights as a landlord or if you are facing a dispute with your tenant regarding rent enhancement.

---
**Sources**
- **[ACT-1]** The Transfer of Property Act, 1882, Section 13: Transfer for benefit of unborn person *(Status: Active)*
- **[ACT-2]** The Transfer of Property Act, 1882, Section 113: Waiver of notice to quit *(Status: Active)*
- **[ACT-3]** The Transfer of Property Act, 1882, Section 63A: Improvements to mortgaged property *(Status: Amended)*
- **[ACT-4]** The Transfer of Property Act, 1882, Section 12: Condition making interest determinable on insolvency or attempted alienation *(Status: Active)*
- **[ACT-5]** The Transfer of Property Act, 1882, Section 14: Rule against perpetuity *(Status: Active)*
- **[ACT-6]** The Transfer of Property Act, 1882, Section 62: Right of usufructuary mortgagor to recover possession *(Status: Active)*
- **[ACT-7]** The Transfer of Property Act, 1882, Section 64: Renewal of mortgaged lease *(Status: Active)*
- **[ACT-8]** The Transfer of Property Act, 1882, Section 112: Waiver of forfeiture *(Status: Active)*
- **[ACT-9]** The Transfer of Property Act, 1882, Section 114: Relief against forfeiture for non-payment of rent *(Status: Active)*
- **[DLR-1]** Government of the People's Republic of Bangladesh, represented by the DC and another VS Abdur Rahman and others — DLR (AD) 2005 | Appellate Division | 2005
- **[DLR-2]** Fatema Khatun and others VS Abdul Quddus — DLR (AD) 2005 | Appellate Division | 2005
- **[DLR-3]** Yaor Mia (Md) and anothe VS Haji Shah Dhanai Ali and others — DLR (AD) 2005 | Appellate Division | 2005
- **[DLR-4]** Abdul Kader VS Secretary, Election Commission and others — DLR (AD) 2005 | Appellate Division | 2005","The Non-Agricultural Tenancy Act, 1949 (NAT Act)",13,False,[],NOT_AVAILABLE,[],"['13', '113', '63A', '12', '14', '62', '64', '112', '114']",True,NOT_AVAILABLE,True,['Transfer of Property Act'],False,[],,,,
Q191,"The State Acquisition and Tenancy Act, 1950 (SAT Act)",Can a Court order a partial sale and partial partition of a property under this Act?,"Answer Details: Yes. If a family estate contains multiple parcels of land or a complex multi-story building where some parts are easily divisible among co-sharers but other parts (like an internal core structure or a main entry gate) cannot be severed without destroying the property's utility, the Court has the judicial discretion to partition the divisible portions and order a sale of the indivisible sections under Sections 2 and 3.","**What This Means For You**
If you're involved in a property dispute, the Court may have the power to order a partial sale and partial partition of the property. This could affect your rights and interests in the property. 

**What the Law Says**
Under Section 57 of the Transfer of Property Act, 1882 [ACT-1], the Court has the power to direct or allow payment into Court for encumbrances and sale freed therefrom. However, the specific provision for partial sale and partial partition is not explicitly mentioned in the provided Act. 

**What You Should Do Now**
1. Review the specific provisions of the Transfer of Property Act, 1882, and other relevant laws to understand the Court's powers in this regard.
2. Consult with a licensed lawyer to determine the best course of action for your specific situation.
3. Gather all relevant documents and evidence related to the property and the dispute.

**Evidence to Keep**
- Property deeds and titles
- Court orders and judgments
- Documents related to encumbrances and liabilities

**Where to Go / Who to Contact**
Contact the District Court or the High Court Division, depending on the jurisdiction of your case. You may also seek assistance from the Legal Aid services (16430) or consult with a licensed lawyer.

**When You Need a Lawyer**
You should consult a lawyer immediately if you receive a Court notice or are involved in a property dispute that may lead to a partial sale and partial partition of the property.

---
**Sources**
- **[ACT-1]** The Transfer of Property Act, 1882, Section 57: Provision by Court for encumbrances and sale freed therefrom *(Status: Active)*","Partition Act, 1893",9,False,[],NOT_AVAILABLE,[],"['57', '57']",False,NOT_AVAILABLE,True,['Transfer of Property Act'],False,[],,,,
Q192,"The Muslim Family Laws Ordinance, 1961","What constitutes the statutory grounds for the preparation of a ""Record-of-Rights"" (Khatian) under Section 144 of the SAT Act?","Answer Details: Under Section 144, the Government may direct that a Record-of-Rights be prepared or revised by a revenue officer for a local area. The grounds include updating mutations, correcting historical mapping errors, recording structural changes due to river avulsion/alluvion, and establishing absolute state clarity regarding who holds active tenant (Raiyat) liabilities.","**What This Means For You**
The Record-of-Rights, also known as Khatian, is a crucial document that outlines the rights and interests of landowners and tenants. Understanding the statutory grounds for its preparation is essential for ensuring your rights are protected.

**What the Law Says**
Under Section 144 of the State Acquisition and Tenancy (SAT) Act, the Record-of-Rights is prepared based on the statutory grounds, which include the rights and interests of landowners, tenants, and other parties. However, the specific details of Section 144 are not available in my verified database.

**What You Should Do Now**
1. Consult the Bangladesh Code or a licensed lawyer to understand the specific provisions of Section 144 of the SAT Act.
2. Verify the requirements for preparing a Record-of-Rights in your area.
3. Ensure that your rights and interests are accurately represented in the Record-of-Rights.

**Evidence to Keep**
- Copies of land deeds and ownership documents
- Records of tenancy agreements
- Other relevant documents supporting your rights and interests

**Where to Go / Who to Contact**
Contact the local Land Revenue Office or a licensed lawyer for guidance on preparing a Record-of-Rights.

**When You Need a Lawyer**
You should consult a lawyer if you are unsure about your rights or interests in the preparation of a Record-of-Rights or if you encounter any disputes related to land ownership or tenancy.

---
**Sources**
- **[DLR-1]** Fatema Khatun and others VS Abdul Quddus — DLR (AD) 2005 | Appellate Division | 2005
- **[DLR-2]** State VS Abdur Rahim — DLR (AD) 2005 | Appellate Division | 2005
- **[DLR-3]** Government of Bangladesh and another VS Md Afsar Ali and others — DLR (AD) 2003 | Appellate Division | 2003
- **[DLR-4]** Abdul Mannan VS Tayeb Ali and others — DLR (AD) 2006 | Appellate Division | 2006","The Muslim Family Laws Ordinance, 1961",144,False,[],NOT_AVAILABLE,[],"['144', '144', '144']",True,NOT_AVAILABLE,False,[],False,[],,,,
Q193,"The Dissolution of Muslim Marriages Act, 1939",What is the statutory penalty for contracting a polygamous marriage in violation of Section 6?,"Answer Details: Under Section 6, any man who contracts another marriage without the prior written permission of the Arbitration Council shall: 1. Be liable to pay immediately the entire amount of the dower (Mahr), whether prompt or deferred, due to the existing wife or wives. 2. Upon conviction following a formal complaint, be punishable with simple imprisonment which may extend to 1 year, or with a fine, or with both.","**What This Means For You**
Contracting a polygamous marriage in violation of the law can lead to serious legal consequences. If you are found guilty, you may face imprisonment and fines. It is essential to understand the laws regarding marriage in Bangladesh to avoid any legal issues.

**What the Law Says**
Under Section 494 of the Penal Code, 1860 [ACT-5], marrying again during the lifetime of a husband or wife is a punishable offense. The law states that whoever, having a husband or wife living, marries in any case in which such marriage is void by reason of its taking place during the life of such husband or wife, shall be punished with imprisonment of either description for a term which may extend to seven years, and shall also be liable to fine.

**What You Should Do Now**
1. Seek advice from a licensed lawyer to understand the specific circumstances of your case.
2. Review the Penal Code, 1860, and other relevant laws to understand the consequences of contracting a polygamous marriage.
3. Consider the potential impact on your personal and family life.

**Evidence to Keep**
- Documents related to your marriage, including certificates and witness statements.
- Records of any previous marriages or divorces.
- Any other relevant evidence that may be required in court.

**Where to Go / Who to Contact**
Contact the nearest Magistrate Court or a licensed lawyer for guidance on this matter. You can also reach out to the Legal Aid helpline (16430) for assistance.

**When You Need a Lawyer**
You should consult a lawyer immediately if you are facing charges related to contracting a polygamous marriage or if you are unsure about the legal implications of your actions.

---
**Sources**
- **[ACT-5]** The Penal Code, 1860, Section 494: Marrying again during lifetime of husband or wife *(Status: Amended)*","The Dissolution of Muslim Marriages Act, 1939",6,False,[],NOT_AVAILABLE,[],"['494', '494']",False,NOT_AVAILABLE,True,['Penal Code'],False,[],,,,
Q194,"The Hindu Law of Inheritance (Amendment) Act, 1929","How does the ground of ""Failure to Provide Maintenance"" operate under Section 2(ii) of the Act?","Answer Details: Under Section 2(ii), a Muslim woman can seek a divorce decree if the husband has failed to provide for her maintenance for a continuous period of 2 years. This right remains absolute even if the husband's failure is due to poverty, ill- health, incarceration, or simple unemployment, provided the wife has not un-lawfully refused to live with him without a valid legal cause.","**What This Means For You**
If you're facing issues related to maintenance, understanding the legal grounds is crucial. The ""Failure to Provide Maintenance"" ground under Section 2(ii) of the Act can be a significant factor in certain legal proceedings, particularly those involving family or marital disputes.

**What the Law Says**
Under Section 2(ii) of the Act, ""Failure to Provide Maintenance"" refers to the situation where one spouse fails to provide for the maintenance of the other spouse, which can be a ground for certain legal actions. However, the specific details of this section are not provided in the verified sources. 

**What You Should Do Now**
1. Consult the relevant Act or legal document to understand the specifics of Section 2(ii).
2. Seek advice from a legal professional to determine how this section applies to your situation.
3. Gather evidence related to maintenance, such as financial records or communication regarding support.

**Evidence to Keep**
- Financial records showing income and expenses
- Documents related to maintenance agreements or disputes
- Communication records (e.g., emails, letters) regarding maintenance

**Where to Go / Who to Contact**
For specific guidance, contact the Family Court or a legal aid service. You can also reach out to the Legal Aid helpline at 16430 for general information on legal assistance.

**When You Need a Lawyer**
You should consult a lawyer if you are involved in a legal dispute where ""Failure to Provide Maintenance"" is a significant issue, as professional legal advice is essential in navigating such complex matters.

---
**Sources**
- **[ACT-1]** The Code of Criminal Procedure, 1898, Section 2: Repealed *(Status: Repealed)*
- **[ACT-2]** The Code of Criminal Procedure, 1898, Section 1: Short title Commencement *(Status: Amended)*
- **[ACT-3]** The Code of Criminal Procedure, 1898, Section 3: (1) Omitted *(Status: Amended)*
- **[ACT-4]** The Code of Criminal Procedure, 1898, Section 4: Definitions *(Status: Amended)*
- **[ACT-5]** The Code of Criminal Procedure, 1898, Section 5: Trial of offences *(Status: Active)*
- **[DLR-1]** Yaor Mia (Md) and anothe VS Haji Shah Dhanai Ali and others — DLR (AD) 2005 | Appellate Division | 2005
- **[DLR-2]** Abdul Kader VS Secretary, Election Commission and others — DLR (AD) 2005 | Appellate Division | 2005
- **[DLR-3]** Bangladesh represented by the Secretary, Ministry of Establishment and others VS Abdul halim miah and others — DLR (AD) 2005 | Appellate Division | 2005
- **[DLR-4]** Abdul Mannan VS Tayeb Ali and others — DLR (AD) 2006 | Appellate Division | 2006","The Hindu Law of Inheritance (Amendment) Act, 1929",2(ii),False,[],NOT_AVAILABLE,[],"['2', '2', '2', '2', '1', '3', '4', '5']",True,NOT_AVAILABLE,True,['Code of Criminal Procedure'],False,[],,,,
Q195,The Hindu Married Women's Right to Separate Residence and,What is the exact statutory ranking given to a sister under this Act?,"Answer Details: The Act explicitly elevates a sister in the order of succession under the Mitakshara school, placing her immediately after the father's father and before the father's brother (paternal uncle). This disrupted the absolute priority of distant male agnates in favor of close female cognates. Maintenance Act, 1946","This is not in my verified database. I cannot confirm this. Please consult the Bangladesh Code directly or a licensed lawyer.

---
**Sources**
- **[ACT-1]** The Code of Criminal Procedure, 1898, Section 1: Short title Commencement *(Status: Amended)*
- **[ACT-2]** The Code of Criminal Procedure, 1898, Section 2: Repealed *(Status: Repealed)*
- **[ACT-3]** The Code of Criminal Procedure, 1898, Section 3: (1) Omitted *(Status: Amended)*
- **[ACT-4]** The Code of Criminal Procedure, 1898, Section 4: Definitions *(Status: Amended)*
- **[ACT-5]** The Code of Criminal Procedure, 1898, Section 5: Trial of offences *(Status: Active)*
- **[DLR-1]** Bangladesh, represented by the Secretary, Ministry of Works, Housing and Settlement and ors vs Md Abu Bakar and others — DLR (AD) 2005 | Appellate Division | 2005
- **[DLR-2]** State VS Abdur Rahim — DLR (AD) 2005 | Appellate Division | 2005
- **[DLR-3]** Fatema Khatun and others VS Abdul Quddus — DLR (AD) 2005 | Appellate Division | 2005
- **[DLR-4]** Bangladesh represented by the Secretary, Ministry of Establishment and others VS Abdul halim miah and others — DLR (AD) 2005 | Appellate Division | 2005",The Hindu Married Women's Right to Separate Residence and,,False,[],NOT_AVAILABLE,[],"['1', '2', '3', '4', '5']",N/A,NOT_AVAILABLE,True,['Code of Criminal Procedure'],False,[],,,,
Q196,"The Hindu Marriage Registration Act, 2012","What constitutes ""Justifiable Cause"" for separate residence under Section 2 of the Act?","Answer Details: Under Section 2, a Hindu married woman is entitled to separate residence and maintenance if the husband: 1. Is suffering from a loathsome disease not contracted from her. 2. Is guilty of such cruelty as renders it unsafe or undesirable to live with him. 3. Keeps a concubine in the house or habitually resides with one. 4. Marries again.","**What This Means For You**
If you're considering separate residence, you need to understand what ""Justifiable Cause"" means under the law. This term is crucial in determining whether you can legally live separately from your spouse. Justifiable Cause refers to a valid reason that allows you to live apart from your partner.

**What the Law Says**
Under Section 2 of the Act, Justifiable Cause is not explicitly defined in the provided verified sources. However, in general legal context, it typically refers to a reason that is considered valid and reasonable under the law for a spouse to live separately from their partner. This can include reasons such as cruelty, desertion, or other significant marital issues. 

**What You Should Do Now**
1. Consult the specific Act or law that applies to your situation to understand the definition and scope of Justifiable Cause.
2. Gather evidence to support your claim of Justifiable Cause, if applicable.
3. Consider seeking legal advice from a licensed lawyer to understand how Justifiable Cause applies to your specific circumstances.

**Evidence to Keep**
- Documents related to the reason for separate residence (e.g., evidence of cruelty, desertion, etc.)
- Records of any attempts to reconcile or resolve marital issues

**Where to Go / Who to Contact**
Family Court or a licensed lawyer specializing in family law can provide guidance on Justifiable Cause and separate residence.

**When You Need a Lawyer**
You should consult a lawyer if you are unsure about what constitutes Justifiable Cause in your specific situation or if you need legal representation in a court proceeding related to separate residence.

---
**Sources**
- **[ACT-1]** The Code of Criminal Procedure, 1898, Section 2: Repealed *(Status: Repealed)*
- **[ACT-2]** The Code of Criminal Procedure, 1898, Section 29C: Offences not punishable with death *(Status: Amended)*
- **[ACT-3]** The Code of Criminal Procedure, 1898, Section 133: Area.]] Conditional order for removal of nuisance *(Status: Active)*
- **[ACT-4]** The Code of Criminal Procedure, 1898, Section 1: Short title Commencement *(Status: Amended)*
- **[ACT-5]** The Code of Criminal Procedure, 1898, Section 3: (1) Omitted *(Status: Amended)*
- **[ACT-6]** The Code of Criminal Procedure, 1898, Section 28: Offences under Penal Code *(Status: Active)*
- **[ACT-7]** The Code of Criminal Procedure, 1898, Section 30: Omitted *(Status: Omitted)*
- **[ACT-8]** The Code of Criminal Procedure, 1898, Section 132: Protection against prosecution for acts *(Status: Active)*
- **[ACT-9]** The Code of Criminal Procedure, 1898, Section 134: Service or notification of order *(Status: Active)*
- **[DLR-1]** Bangladesh, represented by the Secretary, Ministry of Works, Housing and Settlement and ors vs Md Abu Bakar and others — DLR (AD) 2005 | Appellate Division | 2005
- **[DLR-2]** Yogeshwar Gope vs State — DLR (AD) 2005 | Appellate Division | 2005
- **[DLR-3]** Abdul Mannan VS Tayeb Ali and others — DLR (AD) 2006 | Appellate Division | 2006
- **[DLR-4]** State VS Abdur Rahim — DLR (AD) 2005 | Appellate Division | 2005","The Hindu Marriage Registration Act, 2012",2,False,[],NOT_AVAILABLE,[],"['2', '2', '29C', '133', '1', '3', '28', '30', '132', '134']",True,NOT_AVAILABLE,True,"['Code of Criminal Procedure', 'Penal Code']",False,[],,,,
Q197,"The Hindu Marriage Registration Act, 2012",Does the failure to register a Hindu marriage under the 2012 Act invalidate the religious union?,"Answer Details: No. Section 3 of the Hindu Marriage Registration Act, 2012, explicitly clarifies that the registration of a Hindu marriage is optional and procedural. A failure to register the marriage does not affect the legal validity or sanctity of a marriage solemnized under traditional Hindu religious rites, customs, and ceremonies.","**What This Means For You**
The Hindu Marriage Registration Act 2012 requires registration of Hindu marriages in Bangladesh, but failure to register does not necessarily invalidate the religious union. However, it may have legal implications.

**What the Law Says**
Under the Hindu Marriage Registration Act 2012, registration of Hindu marriages is mandatory [UNVERIFIED: [ACT-1]]. Although the Act emphasizes registration, it does not explicitly state that a failure to register invalidates the marriage. A court may consider the religious ceremony and other evidence to determine the validity of the marriage.

**What You Should Do Now**
1. Check if your marriage was registered under the Hindu Marriage Registration Act 2012.
2. If not registered, consider registering your marriage as soon as possible to avoid potential legal issues.
3. Consult with a lawyer to understand the specific implications of non-registration on your marriage.

**Evidence to Keep**
- Certificate of the Hindu marriage ceremony
- Proof of the couple's identity and age
- Witness statements or other evidence of the marriage

**Where to Go / Who to Contact**
Contact the local Registrar's office or a District Registrar's office for information on registering your Hindu marriage. You can also reach out to the National Helpline for legal assistance: 16430.

**When You Need a Lawyer**
You should consult a lawyer if you are facing legal issues or disputes related to your Hindu marriage, such as divorce, property rights, or child custody, to ensure your rights are protected.

---
**Sources**
- **[DLR-1]** Abdul Kader VS Secretary, Election Commission and others — DLR (AD) 2005 | Appellate Division | 2005
- **[DLR-2]** Bangladesh represented by the Secretary, Ministry of Establishment and others VS Abdul halim miah and others — DLR (AD) 2005 | Appellate Division | 2005
- **[DLR-3]** Fatema Khatun and others VS Abdul Quddus — DLR (AD) 2005 | Appellate Division | 2005
- **[DLR-4]** Yogeshwar Gope vs State — DLR (AD) 2005 | Appellate Division | 2005

⚠️ **WARNING: Some legal claims or citations in this response could not be verified against the official database.**","The Hindu Marriage Registration Act, 2012",3,True,['ACT-1'],NOT_AVAILABLE,[],[],False,NOT_AVAILABLE,False,[],False,[],,,,
