id,category,question,gold_answer,system_answer,expected_act,expected_section,fabricated_citation,fabricated_tags,unverifiable_dlr_citation,citations_found,claimed_sections,expected_section_mentioned,claimed_section_not_in_db,act_mismatch,other_acts_mentioned,jurisdiction_leakage,leaked_terms,human_correctness,human_faithfulness,judge_agrees_with_human,notes
Q01,Criminal Procedure,Does a police officer in Bangladesh need a warrant to arrest someone for 'Anticipatory Bail' under Section 438 of the CrPC?,"Section 438 CrPC does not exist in Bangladesh; it was omitted by the 2009 amendment. Anticipatory bail/Agam Jamin in Bangladesh is practiced under Section 498 CrPC, mainly through the High Court Division, and it protects against arrest rather than authorizing detention.","**What This Means For You**
In Bangladesh, the concept of 'Anticipatory Bail' is exercised under Section 498 of the Code of Criminal Procedure, 1898, not Section 438, which was omitted. This means that a person can be granted bail before they are arrested, but the process and rules are different from what you might expect.

**What the Law Says**
Under Section 498 of the Code of Criminal Procedure, 1898 [ACT-1], the High Court Division or Court of Session may direct that any person be admitted to bail, or that the bail required by a police-officer or Magistrate be reduced. However, since Section 438 CrPC was omitted by the Code of Criminal Procedure (Amendment) Act, 2009, the rules for anticipatory bail are now governed by Section 498. A police officer in Bangladesh does not need a warrant to arrest someone, but the arrest must be made in accordance with the provisions of the Code of Criminal Procedure, 1898, such as Section 54 [ACT-2].

**What You Should Do Now**
1. If you are seeking anticipatory bail, you should consult a licensed lawyer who can guide you through the process.
2. Your lawyer will help you understand the requirements and procedures for applying for anticipatory bail under Section 498 of the Code of Criminal Procedure, 1898.
3. You should be prepared to provide all necessary documents and information to support your application for anticipatory bail.

**Evidence to Keep**
- A copy of the application for anticipatory bail
- Supporting documents, such as evidence of your identity and residence
- Any other relevant documents that may be required by the court

**Where to Go / Who to Contact**
You should contact the High Court Division or the Court of Session in your area, or a licensed lawyer who can assist you with your application for anticipatory bail. You can also contact the Legal Aid helpline at 16430 for guidance.

**When You Need a Lawyer**
You should seek the advice of a licensed lawyer as soon as possible if you are seeking anticipatory bail or if you have been arrested or detained by the police.

---
**Sources**
- **[ACT-1]** The Code of Criminal Procedure, 1898, Section 498: Power to direct admission to bail or reduction of bail (Anticipatory Bail / Agam Jamin) *(Status: Active)*
- **[ACT-2]** The Code of Criminal Procedure, 1898, Section 54: When police may arrest without warrant *(Status: Amended)*","Code of Criminal Procedure, 1898",498,False,[],NOT_AVAILABLE,[],"['498', '438', '498', '438', '498', '54', '498', '498', '54']",True,NOT_AVAILABLE,False,[],False,[],,,,
Q02,Limitation Act,What is the limitation period for a suit for 'Specific Performance of Contract' in Bangladesh? Please cite the specific Article of the Limitation Act,"For specific performance in Bangladesh, the limitation period is 1 year under Article 113 of the First Schedule to the Limitation Act, 1908. Time runs from the date fixed for performance, or if no date is fixed, from the date the plaintiff has notice that performance is refused; immovable-property contracts also require compliance with Section 21A of the Specific Relief Act.","**What This Means For You**
In Bangladesh, if you want to file a lawsuit for specific performance of a contract, you need to know the time limit for doing so. This time limit is crucial to ensure your lawsuit is not dismissed due to being filed too late.

**What the Law Says**
Under Section 113 [ACT-1] of the Limitation Act, 1908, the limitation period for a suit for specific performance of a contract is three years. This period starts from the date fixed for the performance of the contract, or if no such date is fixed, when the plaintiff has notice that performance is refused. 

**What You Should Do Now**
1. Review your contract to determine the date of performance or when you were notified that the other party refused to perform.
2. Calculate the three-year period from this date to ensure you are within the limitation period.
3. Consult with a lawyer to discuss your options for filing a lawsuit for specific performance of the contract.

**Evidence to Keep**
- A copy of the contract
- Any communication regarding the refusal to perform the contract
- Records of any attempts to resolve the issue amicably

**Where to Go / Who to Contact**
You may need to contact the District Court or a lawyer specializing in contract law for further guidance.

**When You Need a Lawyer**
You should consult a lawyer if you are unsure about the limitation period or the specifics of your contract and how to proceed with a lawsuit for specific performance.

---
**Sources**
- **[ACT-1]** The Limitation Act, 1908, Section 113: Article 113 - For specific performance of a contract *(Status: In Force)*","Limitation Act, 1908",Article 113,False,[],NOT_AVAILABLE,[],"['113', '113']",True,NOT_AVAILABLE,False,[],False,[],,,,
Q03,Family Law,A man dies in 2025. He has a living son and a grandson (the son of another son who died in 2020). Does the grandson get any share of the grandfather's property under Bangladesh law?,"Yes. Under Section 4 of the Muslim Family Laws Ordinance, 1961, the doctrine of representation applies: the grandson of a predeceased son steps into his father's shoes and receives the share his father would have received if alive.","**What This Means For You**
The grandson may be eligible for a share of his grandfather's property under certain conditions. This is because the grandson's father, the deceased son, would have been entitled to a share if he were alive. The grandson's share would be based on the share his father would have received.

**What the Law Says**
Under Section 4 of the Muslim Family Laws Ordinance, 1961 [ACT-1], if a son or daughter of the deceased person dies before the deceased, their children (the grandchildren) are entitled to receive a share of the property equivalent to the share their parent would have received if they were alive. This means the grandson, as the son of a predeceased son, may inherit a share of his grandfather's property.

**What You Should Do Now**
1. Gather all relevant documents, including the deceased person's death certificate and any other documents related to the property.
2. Consult with a licensed lawyer to determine the specific share the grandson is entitled to and to ensure the inheritance is distributed according to the law.
3. Consider applying to the relevant authorities, such as the Arbitration Council, to determine the grandson's share and to resolve any disputes that may arise.

**Evidence to Keep**
- Death certificate of the grandfather
- Death certificate of the father (the deceased son)
- Birth certificate of the grandson
- Documents related to the grandfather's property

**Where to Go / Who to Contact**
Contact a licensed lawyer or the local Arbitration Council for guidance on the inheritance process.

**When You Need a Lawyer**
You should consult a lawyer immediately if there are any disputes or uncertainties regarding the distribution of the grandfather's property, or if you need help navigating the legal process.

---
**Sources**
- **[ACT-1]** The Muslim Family Laws Ordinance, 1961, Section 4: Succession — predeceased child, grandchildren, per stirpes inheritance *(Status: Active)*","Muslim Family Laws Ordinance, 1961",4,False,[],NOT_AVAILABLE,[],"['4', '4']",True,NOT_AVAILABLE,False,[],False,[],,,,
Q04,Criminal Law,"If a person is accused of 'Defamation' under Section 500 of the Penal Code in Sylhet, can the police arrest them immediately without a warrant?","No. Defamation under Section 500 of the Penal Code is non-cognizable and bailable in Bangladesh, so police cannot arrest without a Magistrate's warrant; the usual route is a complaint case before the Magistrate.","**What This Means For You**
If you're accused of defamation in Sylhet, the police might arrest you without a warrant, but only under specific conditions. You should understand your rights and the law surrounding defamation.

**What the Law Says**
Under Section 54 of the Code of Criminal Procedure, 1898 [ACT-1], a police officer can arrest someone without a warrant if they believe the person has committed a cognizable offense, like defamation. However, the police must follow certain procedures and have reasonable grounds for the arrest. A court also ruled in AHS Rahman vs State [DLR-1] that the police can only quash criminal proceedings if there's no prima facie case against the accused.

**What You Should Do Now**
1. Seek legal counsel from a licensed lawyer in Sylhet to understand the specifics of your case.
2. Gather any evidence that may support your defense, such as witness statements or documents.
3. Cooperate with the police during the investigation, but be aware of your rights and the possibility of arrest.

**Evidence to Keep**
- Any documents or records related to the alleged defamation
- Witness statements or contact information
- Records of any previous interactions with the accuser

**Where to Go / Who to Contact**
You can contact the Sylhet Metropolitan Magistrate Court or the Sylhet District Court for guidance. You can also reach out to the Legal Aid helpline (16430) or the Police helpline (999) for assistance.

**When You Need a Lawyer**
You should consult a lawyer immediately if you're arrested or receive a summons from the court, as this indicates that the case is serious and requires professional legal representation.

---
**Sources**
- **[ACT-1]** The Code of Criminal Procedure, 1898, Section 54: When police may arrest without warrant *(Status: Amended)*
- **[DLR-1]** AHS Rahman vs State — DLR (AD) 2005 | Appellate Division | 2005","Penal Code, 1860",500,False,[],NOT_AVAILABLE,[],"['54', '54']",False,NOT_AVAILABLE,True,['Code of Criminal Procedure'],False,[],,,,
Q05,Civil Procedure,Can I file a 'Second Appeal' to the High Court Division on a pure question of fact under Section 100 of the CPC?,"No. Sections 100-103 of the Bangladesh CPC were omitted by the Law Reforms Ordinance, 1978, so a second appeal under Section 100 on a pure question of fact is not available in Bangladesh.","**What This Means For You**
You cannot file a second appeal to the High Court Division on a pure question of fact under Section 100 of the CPC because this section has been omitted from Bangladesh law. The High Court Division's jurisdiction in second appeal is limited to questions of law.

**What the Law Says**
Under Section 115 of the Code of Civil Procedure, 1908 [ACT-2], the High Court Division may revise a decree or order passed by a lower court if it appears that the lower court has committed an error of law resulting in an error in the decree or order. However, Section 100 of the CPC [ACT-1] has been omitted from Bangladesh law, and the High Court Division's jurisdiction in second appeal is now limited to questions of law. A court also ruled in Abdul Mannan VS Tayeb Ali and others [DLR-1] that the High Court Division was in error in setting aside the judgment of the lower appellate court decreeing the suit when there was no evidence that the findings of the lower appellate court were not based on proper evidence.

**What You Should Do Now**
1. Review the judgment of the lower appellate court to determine if there are any errors of law that can be appealed to the High Court Division.
2. Consult with a licensed lawyer to determine the best course of action for your specific case.
3. Gather all relevant documents and evidence to support your appeal.

**Evidence to Keep**
- Copy of the judgment of the lower appellate court
- Copy of the memorandum of appeal
- Relevant documents and evidence supporting your appeal

**Where to Go / Who to Contact**
Contact the High Court Division of the Supreme Court of Bangladesh or a licensed lawyer practicing in the High Court Division.

**When You Need a Lawyer**
You should consult a licensed lawyer if you are unsure about the grounds of appeal or the procedure for filing a second appeal to the High Court Division.

---
**Sources**
- **[ACT-1]** The Code of Civil Procedure, 1908, Section 100: TITLE_UNKNOWN [OMITTED] *(Status: Omitted)*
- **[ACT-2]** The Code of Civil Procedure, 1908, Section 115: Revision — decree, transfer, appeal, High Court Division *(Status: Amended)*
- **[DLR-1]** Abdul Mannan VS Tayeb Ali and others — DLR (AD) 2006 | Appellate Division | 2006","Code of Civil Procedure, 1908",100,False,[],NOT_AVAILABLE,[],"['100', '115', '100', '100', '115']",True,NOT_AVAILABLE,False,[],False,[],,,,
Q06,Criminal Procedure,Explain the procedure for 'Executive Magistrates' to conduct a full trial and award a 7-year rigorous imprisonment sentence for a theft case.,Executive Magistrates cannot conduct a regular Penal Code theft trial or award 7 years' rigorous imprisonment. Criminal trials and such sentencing belong to Judicial Magistrates/Courts; Executive Magistrates are limited to administrative/mobile-court functions within statutory limits.,"**What This Means For You**
If you're involved in a theft case, an Executive Magistrate may conduct a full trial and award a sentence. The Executive Magistrate's powers are defined by law, and they can award a sentence of up to 7 years of rigorous imprisonment for certain offenses.

**What the Law Says**
Under Section 29C of The Code of Criminal Procedure, 1898 [ACT-1], the Government may invest an Executive Magistrate with the power to try as a Magistrate all offenses not punishable with death. Additionally, Section 33A [ACT-2] states that a specially empowered Magistrate may pass any sentence authorized by law, except a sentence of death or transportation, or imprisonment for a term exceeding 7 years. 

**What You Should Do Now**
1. Understand the charges against you and the evidence presented.
2. Consult with a lawyer to determine the best course of action.
3. Be prepared to present your defense in court.

**Evidence to Keep**
- Police report
- Witness statements
- Any physical evidence related to the case

**Where to Go / Who to Contact**
Contact the District Magistrate or the Chief Judicial Magistrate for more information on the procedure. You can also reach out to the Legal Aid helpline (16430) for assistance.

**When You Need a Lawyer**
You should consult a lawyer immediately if you are facing a theft charge that may result in a sentence of imprisonment, as a lawyer can help you navigate the legal process and ensure your rights are protected.

---
**Sources**
- **[ACT-1]** The Code of Criminal Procedure, 1898, Section 29C: Offences not punishable with death *(Status: Amended)*
- **[ACT-2]** The Code of Criminal Procedure, 1898, Section 33A: Higher powers of certain Magistrates *(Status: Active)*","Code of Criminal Procedure, 1898",29C,False,[],NOT_AVAILABLE,[],"['29C', '33A', '29C', '33A']",True,NOT_AVAILABLE,False,[],False,[],,,,
Q07,Land Reform,I am a wealthy businessman. Can I purchase 500 bighas of agricultural land in my own name under the Land Reforms Ordinance?,"No. Agricultural land ownership/acquisition is capped at 60 standard bighas under the Land Reforms Ordinance, 1984 as carried forward in the 2023 framework; purchasing 500 bighas in one person's name would exceed the ceiling.","**What This Means For You**
As a wealthy businessman, you may face restrictions on purchasing large amounts of agricultural land. The law aims to prevent excessive land ownership and promote fair distribution of land.

**What the Law Says**
Under Section 4 [ACT-3] of the Land Reforms Act, 2023, the owner of agricultural land exceeding 60 standard bighas or his family shall not be able to acquire any new agricultural land by transfer, inheritance, donation, or any other means. This means that you cannot purchase 500 bighas of agricultural land in your own name.

**What You Should Do Now**
1. Review the exceptions under Section 4 [ACT-3] to see if any apply to your situation, such as land used for tea, coffee, rubber, or other fruit plantations.
2. Consider alternative options, such as purchasing land through a cooperative society or for industrial purposes.
3. Consult with a licensed lawyer to understand the specific implications of the law on your situation.

**Evidence to Keep**
- Documents showing the amount of agricultural land you already own
- Records of any previous land transactions
- Proof of the intended use of the land (e.g., industrial, plantation, or other exceptions)

**Where to Go / Who to Contact**
Contact the Ministry of Lands or the local Land Office for guidance on the land acquisition process and to inquire about any specific requirements or restrictions.

**When You Need a Lawyer**
You should consult a lawyer if you are unsure about the legal implications of purchasing large amounts of agricultural land or if you need help navigating the exceptions and regulations under the Land Reforms Act, 2023.

---
**Sources**
- **[ACT-3]** Land Reforms Act, 2023, Section 4: Restrictions on acquisition of agricultural land *(Status: Active)*","Land Reforms Ordinance, 1984 / Land Reforms Act, 2023",4,False,[],NOT_AVAILABLE,[],"['4', '4', '4']",True,NOT_AVAILABLE,True,['Land Reforms Act'],False,[],,,,
Q08,Tax,How much 'Wealth Tax' do I owe under the Income Tax Act 2023 if my assets exceed 5 Crore BDT?,"There is no separate 'wealth tax' under the Income Tax Act, 2023; Bangladesh uses a net-wealth surcharge when net wealth crosses the statutory threshold. The exact surcharge depends on the applicable slab, so the answer must cite the 2023 Act/schedule rather than inventing a generic tax amount.","**What This Means For You**
If your assets exceed 5 Crore BDT, you may be liable to pay Wealth Tax under the Income Tax Act 2023. This tax is imposed on individuals with high-value assets, and the amount you owe will depend on the value of your assets.

**What the Law Says**
Under Section 41 of the Income Tax Act 2023 [ACT-1], the law provides for the calculation of income tax, including the consideration of wealth tax. However, the specific details of the wealth tax, such as the rate and calculation, are not provided in the given sections of the Act.

**What You Should Do Now**
1. Review your assets and calculate their total value to determine if you exceed the 5 Crore BDT threshold.
2. Consult the Income Tax Act 2023 or contact the National Board of Revenue (NBR) to determine the applicable wealth tax rate and calculation method.
3. Consider consulting a licensed tax professional or lawyer to ensure accurate calculation and compliance with the law.

**Evidence to Keep**
- Records of your assets, including property deeds, investment statements, and other relevant documents.
- Calculation of your total asset value.

**Where to Go / Who to Contact**
National Board of Revenue (NBR) - [contact information: http://nbr.gov.bd/]

**When You Need a Lawyer**
If you are unsure about the calculation of your wealth tax or need assistance with tax compliance, it is recommended that you consult a licensed tax lawyer to ensure accurate calculation and compliance with the law.

---
**Sources**
- **[ACT-1]** আয়কর আইন, ২০২৩, Section 41: ধারা ৪১ — ধারা ৪১, Section 41, আয়কর, income tax, tax law, Bangladesh tax *(Status: Active)*","Income Tax Act, 2023",,False,[],NOT_AVAILABLE,[],"['41', '41', '41']",N/A,NOT_AVAILABLE,False,[],False,[],,,,
Q09,Property/Land,Does a 'Mutation Khatian' issued by the Assistant Commissioner (Land) serve as a conclusive document of title/ownership in Bangladesh?,"No. Mutation Khatian is mainly for land-record/tax and possession purposes; it is not conclusive proof of ownership or title. Title is proved by valid deeds, inheritance documents, court decrees, and related evidence.","**What This Means For You**
A Mutation Khatian is a crucial document in Bangladesh, but it may not be the final proof of ownership. It's essential to understand its limitations to avoid potential disputes. 

**What the Law Says**
Under Section 2 of the State Acquisition and Tenancy Act, 1950 (Act No. XXVIII of 1951), as referenced in the Land Reforms Act, 2023 [ACT-1], a Mutation Khatian is a record of land ownership. However, it is not necessarily a conclusive document of title or ownership. The Land Reforms Act, 2023, does not explicitly state that a Mutation Khatian is a definitive proof of ownership. 

**What You Should Do Now**
1. Verify the Mutation Khatian with other relevant documents, such as the deed of sale or gift, to ensure consistency.
2. Check if the Mutation Khatian has been updated and reflects the current ownership status.
3. Consider consulting with the Assistant Commissioner (Land) or a licensed lawyer to determine the validity and implications of the Mutation Khatian.

**Evidence to Keep**
- Mutation Khatian
- Deed of sale or gift
- Other relevant land documents

**Where to Go / Who to Contact**
Contact the Assistant Commissioner (Land) or the local land office for more information. You can also reach out to the Ministry of Land's helpline or a licensed lawyer for guidance.

**When You Need a Lawyer**
You should consult a lawyer if you're involved in a land ownership dispute or if you're unsure about the validity of your Mutation Khatian.

---
**Sources**
- **[ACT-1]** Land Reforms Act, 2023, Section 2: Definitions *(Status: Active)*",,,False,[],NOT_AVAILABLE,[],"['2', '2']",N/A,NOT_AVAILABLE,N/A,False,[],,,,
Q10,Labour Law,"I am hiring a clerk in my office in Sylhet. Under the Labour Act, can I set a 1-year probation period to ensure he is a good fit?","No. For a clerical worker, the probation period under Section 4(8) of the Bangladesh Labour Act is 6 months, not 1 year. For other workers it is generally 3 months, with limited extension for skilled workers.","**What This Means For You**
As an employer in Bangladesh, you need to understand the probation period rules under the Labour Act to ensure you're treating your new clerk fairly. The Labour Act has specific guidelines for probation periods, and it's essential to follow them.

**What the Law Says**
Under Section 4 of the Bangladesh Labour Act, 2006 [ACT-1], the probation period for a worker whose function is of clerical nature shall be 6 (six) months. For other workers, the probation period is 3 (three) months. The law also allows for an extension of the probation period for skilled workers under certain conditions. 

**What You Should Do Now**
1. Review the job requirements and determine if the clerk's role is clerical or non-clerical.
2. Set a probation period of 6 months for clerical workers or 3 months for non-clerical workers, as per the Labour Act.
3. Ensure you have a clear understanding of the conditions under which the probation period can be extended.

**Evidence to Keep**
- Job description and requirements
- Employment contract or agreement
- Probation period notification to the employee

**Where to Go / Who to Contact**
For more information or clarification, you can contact the Department of Inspection for Factories and Establishments (DIFE) or the Labour Court in Sylhet.

**When You Need a Lawyer**
You should consult a lawyer if you're unsure about the specific provisions of the Labour Act or if you're facing a dispute with your employee regarding the probation period.

---
**Sources**
- **[ACT-1]** The Bangladesh Labour Act, 2006, Section 4: Classification of workers and probation period *(Status: Active)*","Bangladesh Labour Act, 2006",4(8),False,[],NOT_AVAILABLE,[],"['4', '4']",True,NOT_AVAILABLE,False,[],False,[],,,,
Q13,Civil Procedure,"I have a property dispute valued at Tk 4.5 Crore. Which court has the 'Original Jurisdiction' to hear my case, and if I lose, where do I file the appeal?","For a Tk 4.5 crore property dispute, original jurisdiction lies with the Joint District Judge Court under the Civil Courts Act, 1887 as amended in 2021. If the party loses, the appeal lies to the District Judge Court because appeals up to Tk 5 crore go there, not directly to the High Court Division.","**What This Means For You**
You have a property dispute worth Tk 4.5 Crore, and you need to know which court can hear your case initially and where to appeal if you lose. This is important because you want to make sure your case is heard in the right court to avoid delays and complications.

**What the Law Says**
Under Section 18 of The Civil Courts Act, 1887 [ACT-1], the original jurisdiction of a District Judge or Joint District Judge extends to all original suits for the time being cognizable by Civil Courts without any pecuniary limit. However, for property disputes or civil suits valued at high amounts (e.g., Tk 4.5 Crore or above), the original civil jurisdiction lies with the Joint District Judge. If you lose your case, you can appeal to the High Court Division, as stated in Section 21 of The Civil Courts Act, 1887 [ACT-2].

**What You Should Do Now**
1. File your property dispute case with the Joint District Judge's court.
2. Ensure you have all necessary documents and evidence to support your claim.
3. If you lose your case, prepare to file an appeal with the High Court Division.

**Evidence to Keep**
- Property deeds and ownership documents
- Valuation reports and assessments
- Relevant correspondence and agreements

**Where to Go / Who to Contact**
Joint District Judge's court (for the initial case) or the High Court Division (for the appeal). You can also contact the Bangladesh Supreme Court's helpline or the Legal Aid office for guidance.

**When You Need a Lawyer**
You should consider hiring a lawyer as soon as possible, ideally before filing your case, to ensure you receive professional guidance and representation throughout the legal process.

---
**Sources**
- **[ACT-1]** The Civil Courts Act, 1887, Section 18: Extent of original jurisdiction of District or Joint District Judge *(Status: In Force)*
- **[ACT-2]** The Civil Courts Act, 1887, Section 21: None *(Status: Active)*","Civil Courts Act, 1887",,False,[],NOT_AVAILABLE,[],"['18', '21', '18', '21']",N/A,NOT_AVAILABLE,False,[],False,[],,,,
Q14,Criminal Law/Evidence,"While in police custody, an accused says, ""I killed the man and hid the knife under the bridge."" The police find the knife under the bridge. Is the statement ""I killed the man"" admissible in court?","The statement 'I killed the man' is inadmissible because confessions to police are barred under Section 25 of the Evidence Act. Only the part leading directly to discovery of the knife, such as 'I hid it under the bridge,' may be admissible under Section 27 as discovery information.","**What This Means For You**
The statement ""I killed the man"" made by the accused while in police custody may not be admissible in court as evidence against them. However, the discovery of the knife under the bridge, as a result of the information provided by the accused, can be used as evidence.

**What the Law Says**
Under Section 25 of the Evidence Act, 1872 [ACT-3], a confession made to a police officer is not admissible as evidence against the accused. However, Section 27 of the Evidence Act, 1872 [ACT-2] allows for the fact discovered as a result of the information provided by the accused to be proved, even if the confession itself is not admissible. In this case, the statement ""I killed the man"" is a confession made to a police officer and is not admissible, but the discovery of the knife under the bridge, as a result of the information provided, can be used as evidence.

**What You Should Do Now**
1. Understand that any statement made to the police while in custody may not be admissible in court.
2. Be aware that any discovery made as a result of the information provided can be used as evidence.
3. Consult with a lawyer to understand the implications of the statement and the discovery.

**Evidence to Keep**
- Record of the statement made to the police
- Details of the discovery of the knife under the bridge
- Any other relevant evidence related to the case

**Where to Go / Who to Contact**
Contact the Magistrate Court or the relevant authorities to understand the next steps in the legal process. You can also reach out to a lawyer for guidance.

**When You Need a Lawyer**
You should consult a lawyer immediately if you are accused of a crime and have made a statement to the police while in custody.

---
**Sources**
- **[ACT-2]** The Evidence Act, 1872, Section 27: How much of information received from accused may be proved — Provided, deposed, discovered, consequence, information, received, accused, offence *(Status: Active)*
- **[ACT-3]** The Evidence Act, 1872, Section 25: Confession to policeofficer not to be proved — confession, made, police-officer, proved, against, accused, offence *(Status: Active)*","Evidence Act, 1872",25/27,False,[],NOT_AVAILABLE,[],"['25', '27', '27', '25']",True,NOT_AVAILABLE,False,[],False,[],,,,
Q15,Criminal Procedure,A Magistrate receives a police report (Final Report) stating there is no evidence against the accused. Can the Magistrate ignore the police report and order the trial to proceed anyway?,"Yes. A Magistrate is not bound by a police Final Report; under Section 190(1)(b) CrPC, the Magistrate may reject the police opinion, take cognizance, and summon the accused if the case diary/materials justify proceeding.","**What This Means For You**
If a Magistrate receives a police report stating there is no evidence against you, it's a significant development in your case. However, the Magistrate has the authority to decide whether to proceed with the trial or not. This decision can impact your freedom and future.

**What the Law Says**
Under Section 249 of the Code of Criminal Procedure, 1898 [ACT-2], a Magistrate has the power to stop proceedings and release the accused if they think it's justified. However, if the police report states there's no evidence, the Magistrate should consider this report. According to Section 173 of the Code of Criminal Procedure, 1898 [ACT-1], the police report is a crucial document in the investigation process. A court also ruled in AHS Rahman vs State (2005) [DLR-1] that if the first information report discloses a prima facie case, the Magistrate should consider the evidence.

**What You Should Do Now**
1. Review the police report and understand its contents.
2. Consult with your lawyer to discuss the implications of the police report.
3. Prepare to present your case in court, if the Magistrate decides to proceed with the trial.

**Evidence to Keep**
- A copy of the police report (Final Report)
- Any evidence that supports your case
- Witness statements (if applicable)

**Where to Go / Who to Contact**
Contact the Magistrate Court where your case is being heard. You can also reach out to the Legal Aid helpline (16430) for guidance.

**When You Need a Lawyer**
You should consult a lawyer immediately if the Magistrate decides to proceed with the trial despite the police report stating there is no evidence against you.

---
**Sources**
- **[ACT-1]** The Code of Criminal Procedure, 1898, Section 173: Report of policeofficer *(Status: Active)*
- **[ACT-2]** The Code of Criminal Procedure, 1898, Section 249: Power to stop proceedings when no complainant *(Status: Amended)*
- **[DLR-1]** AHS Rahman vs State — DLR (AD) 2005 | Appellate Division | 2005","Code of Criminal Procedure, 1898",190(1)(b),False,[],NOT_AVAILABLE,[],"['249', '173', '173', '249']",False,NOT_AVAILABLE,False,[],False,[],,,,
Q17,Family Law,"If a Hindu woman in Bangladesh inherits land under the Hindu Succession Act, can she sell it freely?","No. In Bangladesh, a Hindu woman's inherited property is generally treated as a limited estate under the Hindu Women's Rights to Property Act, 1937; she cannot sell freely except for recognized legal necessity, and an improper sale may be challenged by reversioners.","**What This Means For You**
As a Hindu woman in Bangladesh, your rights to inherit and sell land are protected under the Hindu Succession Act. However, there may be certain restrictions and requirements you need to follow. It's essential to understand these rules to ensure you can manage your inherited property freely.

**What the Law Says**
Under the Hindu Succession Act, a Hindu woman has the right to inherit property, including land, from her father or husband. However, this Act is not explicitly mentioned in our verified database. The Muslim Family Laws Ordinance, 1961, is the primary governing statute for Muslim citizens, but it does not apply to Hindu citizens. 

**What You Should Do Now**
1. Consult the Hindu Succession Act, 1956, to understand your rights and responsibilities as a Hindu woman inheriting land in Bangladesh.
2. Verify the specific laws and regulations applicable to Hindu citizens in Bangladesh, as they may differ from those applicable to Muslim citizens.
3. Consider consulting a licensed lawyer specializing in Hindu law to guide you through the process of selling your inherited land.

**Evidence to Keep**
- Copy of the Hindu Succession Act, 1956
- Proof of inheritance, such as a will or court decree
- Documents related to the land, including the deed and any relevant contracts

**Where to Go / Who to Contact**
Contact the District Judge Court or a lawyer specializing in Hindu law for guidance on selling your inherited land.

**When You Need a Lawyer**
You should consult a lawyer if you face any disputes or challenges while trying to sell your inherited land, or if you need help understanding the specific laws and regulations applicable to your situation.

---
**Sources**
- **[ACT-1]** The Muslim Family Laws Ordinance, 1961, Section 4: Succession — predeceased child, grandchildren, per stirpes inheritance *(Status: Active)*
- **[ACT-2]** The Muslim Family Laws Ordinance, 1961, Section 1: Short title, extent, application and commencement — title, territorial extent, Muslim citizens, commencement by Gazette notification *(Status: Amended)*
- **[ACT-3]** The Muslim Family Laws Ordinance, 1961, Section 5: Registration of marriages [OMITTED] *(Status: Omitted)*
- **[ACT-4]** The Muslim Family Laws Ordinance, 1961, Section 9: Maintenance — wife maintenance, equitable maintenance among wives, Arbitration Council certificate, arrears of land revenue *(Status: Amended)*
- **[ACT-5]** The Muslim Family Laws Ordinance, 1961, Section 6: Polygamy — prior permission of Arbitration Council, second marriage, dower, punishment *(Status: Amended)*
- **[ACT-6]** The Muslim Family Laws Ordinance, 1961, Section 8: Dissolution of marriage otherwise than by talaq — delegated divorce right, non-talaq dissolution *(Status: Active)*
- **[DLR-1]** Government of the People's Republic of Bangladesh, represented by the DC and another VS Abdur Rahman and others — DLR (AD) 2005 | Appellate Division | 2005
- **[DLR-2]** Bangladesh, represented by the Secretary, Ministry of Works, Housing and Settlement and ors vs Md Abu Bakar and others — DLR (AD) 2005 | Appellate Division | 2005
- **[DLR-3]** Yaor Mia (Md) and anothe VS Haji Shah Dhanai Ali and others — DLR (AD) 2005 | Appellate Division | 2005
- **[DLR-4]** State VS Abdur Rahim — DLR (AD) 2005 | Appellate Division | 2005","Hindu Women's Rights to Property Act, 1937",,False,[],NOT_AVAILABLE,[],"['4', '1', '5', '9', '6', '8']",N/A,NOT_AVAILABLE,True,['Muslim Family Laws Ordinance'],False,[],,,,
Q18,Limitation Act,"Under the Limitation Act in Bangladesh, how many years does a party have to file a suit for breach of a simple contract?","For breach of a simple contract in Bangladesh, the limitation period is 3 years from breach under Article 115 of the First Schedule to the Limitation Act, 1908. For written registered contracts, Article 116 may provide 6 years.","**What This Means For You**
If someone breaches a simple contract with you, you have a limited time to take legal action. In Bangladesh, this time limit is crucial to know so you can plan your next steps.

**What the Law Says**
Under Section 115 [ACT-1] of the Limitation Act, 1908, a party has three years to file a suit for the breach of any contract, express or implied, not in writing registered. This means that if someone fails to fulfill their contractual obligations, you have three years from the date of the breach to initiate legal proceedings.

**What You Should Do Now**
1. Review your contract to understand the terms and obligations.
2. Document all communications and evidence related to the breach.
3. Consult with a legal professional to discuss your options within the three-year time frame.

**Evidence to Keep**
- A copy of the contract
- Records of any payments made
- Communication records (emails, letters, etc.)
- Evidence of the breach (e.g., failure to deliver goods or services)

**Where to Go / Who to Contact**
For legal advice and to initiate proceedings, you can contact the District Court or a legal aid service. Legal Aid: 16430.

**When You Need a Lawyer**
You should consult a lawyer as soon as possible if you believe a breach of contract has occurred and you intend to take legal action to protect your rights.

---
**Sources**
- **[ACT-1]** The Limitation Act, 1908, Section 115: Article 115 - For compensation for the breach of any contract *(Status: In Force)*","Limitation Act, 1908",Article 115,False,[],NOT_AVAILABLE,[],"['115', '115']",True,NOT_AVAILABLE,False,[],False,[],,,,
Q19,Tax,"I am calculating my tax return for 2026. Under the Income Tax Ordinance 1984, I am trying to find the exemption for my medical and conveyance allowance. Can you guide me through the math?","The Income Tax Ordinance, 1984 is repealed and replaced by the Income Tax Act, 2023. Medical and conveyance allowances are not separately exempted in the old way; salary income uses the consolidated exemption of one-third of total salary or Tk 4,50,000, whichever is lower.","**What This Means For You**
You are calculating your tax return for 2026 and need to find the exemption for your medical and conveyance allowance under the Income Tax Ordinance 1984. This means you want to know how much of your income is tax-free.

**What the Law Says**
Under Section 28 of the Income Tax Ordinance 1984, certain allowances are exempt from income tax. However, the specific details of these exemptions, including medical and conveyance allowances, are not provided in the given verified sources. 

**What You Should Do Now**
1. Check the Income Tax Ordinance 1984 and relevant amendments for the specific exemption details.
2. Consult the official National Board of Revenue (NBR) website or contact them directly for the most up-to-date information on tax exemptions.
3. Consider consulting a licensed Bangladeshi tax professional or accountant to ensure accurate calculation of your tax return.

**Evidence to Keep**
- Records of your medical and conveyance allowances
- Copies of relevant tax laws and amendments
- Documentation from the NBR or other official sources

**Where to Go / Who to Contact**
National Board of Revenue (NBR) - website: [nbr.gov.bd](http://nbr.gov.bd) or contact your local tax office.

**When You Need a Lawyer**
If you are audited or face legal issues related to your tax return, it is essential to consult a licensed Bangladeshi lawyer specializing in tax law.

---
**Sources**
- **[ACT-1]** আয়কর আইন, ২০২৩, Section 41: ধারা ৪১ — ধারা ৪১, Section 41, আয়কর, income tax, tax law, Bangladesh tax *(Status: Active)*
- **[ACT-2]** আয়কর আইন, ২০২৩, Section 42: ]কৃিষ হইেতআয় খােতআয় গণনারক্ষেত্রঅনুেমািদতসাধারণিবেয়াজনসমূহ — ধারা ৪২, Section 42, আয়কর, income tax, tax law, Bangladesh tax *(Status: Active)*
- **[ACT-3]** আয়কর আইন, ২০২৩, Section 43: িহসাববিহরক্ষণাবেক্ষণনা কিরবারক্ষেত্র িবেশষিবেয়াজনপিরগণনা — ধারা ৪৩, Section 43, আয়কর, income tax, tax law, Bangladesh tax *(Status: Active)*
- **[ACT-4]** আয়কর আইন, ২০২৩, Section 44: ধারা ৪৪ — ধারা ৪৪, Section 44, আয়কর, income tax, tax law, Bangladesh tax *(Status: Active)*
- **[ACT-5]** আয়কর আইন, ২০২৩, Section 39: িবেশষ ভাড়াহইেত আয়পিরগণনা — ধারা ৩৯, Section 39, আয়কর, income tax, tax law, Bangladesh tax *(Status: Active)*
- **[ACT-6]** আয়কর আইন, ২০২৩, Section 40: ]ৃচতুথ অধায়কিষ হইেত আয়কৃিষ হইেতআয়িবেশষ কৃ িষআয় — ধারা ৪০, Section 40, আয়কর, income tax, tax law, Bangladesh tax *(Status: Active)*
- **[DLR-1]** Fatema Khatun and others VS Abdul Quddus — DLR (AD) 2005 | Appellate Division | 2005
- **[DLR-2]** State VS Abdur Rahim — DLR (AD) 2005 | Appellate Division | 2005
- **[DLR-3]** Yaor Mia (Md) and anothe VS Haji Shah Dhanai Ali and others — DLR (AD) 2005 | Appellate Division | 2005
- **[DLR-4]** Abdul Mannan VS Tayeb Ali and others — DLR (AD) 2006 | Appellate Division | 2006","Income Tax Act, 2023",,False,[],NOT_AVAILABLE,[],"['28', '41', '41', '42', '42', '43', '43', '44', '44', '39', '39', '40', '40']",N/A,NOT_AVAILABLE,False,[],False,[],,,,
Q21,Tenancy (NAT Act),My family has been living on a rented residential plot for 15 years. We want to build a small brick (pucca) house here. Do we need to ask our landlord for permission first?,"Under Section 7(1)(a) of the NAT Act, 1949, a permanent non-agricultural tenant who has crossed the statutory threshold has the right to erect structures including a pucca structure. Practically, municipal approval/NOC and tenancy restrictions may still matter, but the statutory section is 7(1), not 6(2)(a).","**What This Means For You**
You've been living on a rented plot for 15 years and want to build a small brick house. According to the law, you may have certain rights as a non-agricultural tenant. However, it's essential to understand your obligations and the landlord's rights.

**What the Law Says**
Under Section 6 of the Non-Agricultural Tenancy Act, 1949 [ACT-1], a tenant holding non-agricultural land may use such land in any manner which is not inconsistent with any of the purposes for which non-agricultural land may be held under this Act. Additionally, Section 7 of the Non-Agricultural Tenancy Act, 1949 [ACT-4] provides that if a non-agricultural land has been held for a period of not less than twelve years without any lease in writing, the tenant shall not be ejected by his landlord from such land except on certain grounds. Since you've been living on the plot for 15 years, you may be entitled to erect a pucca structure, but it's crucial to review your specific situation and any agreements you have with your landlord.

**What You Should Do Now**
1. Review your rental agreement to see if it includes any provisions related to constructing buildings on the plot.
2. Check if you have any written or verbal agreements with your landlord regarding the use of the land.
3. Consider consulting with your landlord to discuss your plans and obtain their permission, if necessary.

**Evidence to Keep**
- Copy of your rental agreement
- Any written or verbal agreements with your landlord
- Proof of payment of rent for the past 15 years

**Where to Go / Who to Contact**
If you need help resolving a dispute or understanding your rights, you can contact the Deputy Commissioner's office or a local legal aid organization.

**When You Need a Lawyer**
If your landlord disputes your right to build on the plot or you're unsure about your legal obligations, it's recommended that you consult a licensed Bangladeshi lawyer to guide you through the process.

---
**Sources**
- **[ACT-1]** The Non-Agricultural Tenancy Act, 1949, Section 6: Manner of use of non-agricultural lands *(Status: Active)*
- **[ACT-4]** The Non-Agricultural Tenancy Act, 1949, Section 7: Incidents of certain tenancies *(Status: Amended)*","Non-Agricultural Tenancy Act, 1949",7(1)(a),False,[],NOT_AVAILABLE,[],"['6', '7', '6', '7']",True,NOT_AVAILABLE,False,[],False,[],,,,
Q23,Tenancy (NAT Act),Distinguish between the classes of non-agricultural tenants recognized under Chapter II of the NAT Act 1949.,"Section 3 NAT Act recognizes two main classes: tenants and under-tenants. Sections 4 and 5 further classify tenancies by purpose, such as homestead/residential and manufacturing/business purposes.","**What This Means For You**
The Non-Agricultural Tenancy Act of 1949 recognizes two main classes of non-agricultural tenants, which are crucial for understanding your rights and obligations as a tenant. Knowing the differences between these classes can help you navigate your tenancy agreement and potential disputes.

**What the Law Says**
Under Section 3 [ACT-1] of the Non-Agricultural Tenancy Act, 1949, there are two classes of non-agricultural tenants: (a) tenants and (b) under-tenants. A ""tenant"" refers to a person who has acquired the right to hold non-agricultural land from a proprietor or tenure-holder for purposes like homestead, manufacturing, or business. An ""under-tenant"" is someone who has acquired the right to hold non-agricultural land under a tenant, either directly or indirectly.

**What You Should Do Now**
1. Review your tenancy agreement to determine whether you are a tenant or an under-tenant.
2. Understand the purposes for which you are holding the non-agricultural land, as specified in Section 4 [ACT-3] of the Act.
3. Familiarize yourself with the provisions of the Act that apply to your class of tenancy.

**Evidence to Keep**
- Copy of your tenancy agreement
- Documentation of land use (e.g., for homestead, manufacturing, or business purposes)
- Records of any agreements or contracts with your landlord or other tenants

**Where to Go / Who to Contact**
For questions or disputes related to non-agricultural tenancy, you can contact the local revenue office or a civil court. You may also seek advice from a licensed lawyer specializing in property or tenancy law.

**When You Need a Lawyer**
You should consult a lawyer if you are involved in a dispute with your landlord or other tenants, or if you need assistance with understanding your rights and obligations under the Non-Agricultural Tenancy Act, 1949.

---
**Sources**
- **[ACT-1]** The Non-Agricultural Tenancy Act, 1949, Section 3: Classes of non-agricultural tenants *(Status: Active)*
- **[ACT-3]** The Non-Agricultural Tenancy Act, 1949, Section 4: Purposes for which non-agricultural tenant may hold non-agricultural land *(Status: Active)*","Non-Agricultural Tenancy Act, 1949","3,4,5",False,[],NOT_AVAILABLE,[],"['3', '4', '3', '4']",True,NOT_AVAILABLE,False,[],False,[],,,,
Q24,Tenancy (NAT Act),"What are the exact statutory consequences if a non-agricultural land lease has a fixed written term of 5 years, but the tenant continues to occupy it for a total period of 13 years?","Under Section 7(4) NAT Act, if a written fixed-term tenant continues after expiry with the landlord's acquiescence and total continuous possession reaches at least 12 years, the tenancy gains the incidents of a permanent tenancy under Section 7.","**What This Means For You**
If you're a tenant who has been occupying non-agricultural land for 13 years, with the first 5 years under a written lease, you need to understand your rights and potential liabilities. Your continued occupation beyond the initial lease term may have significant implications.

**What the Law Says**
Under Section 7 of the Non-Agricultural Tenancy Act, 1949 [ACT-3], if a non-agricultural land is held under a lease in writing for a period of not less than twelve years, the tenant shall not be ejected by his landlord from such land except on the ground that he has used such land in a manner which renders it unfit for use for any of the purposes specified in section 4. Since you've occupied the land for 13 years, you may be protected from eviction under this provision.

**What You Should Do Now**
1. Review your original lease agreement to understand its terms and conditions.
2. Determine if your continued occupation beyond the initial 5-year term has been with the express or implied consent of the landlord.
3. Consider consulting a lawyer to assess your specific situation and advise on potential next steps.

**Evidence to Keep**
- The original 5-year lease agreement
- Any documentation showing continued occupation and payment of rent
- Evidence of the landlord's consent (if any) for your continued occupation beyond the initial lease term

**Where to Go / Who to Contact**
For specific guidance, you may want to contact the Deputy Commissioner's office or a local lawyer specializing in tenancy law.

**When You Need a Lawyer**
You should consult a lawyer immediately if you receive an eviction notice or if there's a dispute with your landlord regarding your continued occupation of the land.

---
**Sources**
- **[ACT-3]** The Non-Agricultural Tenancy Act, 1949, Section 7: Incidents of certain tenancies *(Status: Amended)*","Non-Agricultural Tenancy Act, 1949",7(4),False,[],NOT_AVAILABLE,[],"['7', '4', '7']",True,NOT_AVAILABLE,False,[],False,[],,,,
Q25,Tenancy (NAT Act),Does the NAT Act 1949 permit a non-agricultural tenant to sub-let their tenancy? Quote the relevant restriction introduced by amendments.,"The NAT Act prohibits sub-letting by Section 26A, inserted by Section 15 of the East Bengal Non-Agricultural Tenancy (Amendment) Ordinance, 1967. Section 26A bars a non-agricultural tenant from sub-letting the whole or part of the tenancy on any terms.","**What This Means For You**
As a non-agricultural tenant, you need to understand the rules about sub-letting your tenancy to avoid any legal issues. The Non-Agricultural Tenancy Act of 1949 has specific provisions regarding sub-letting.

**What the Law Says**
Under Section 26A [ACT-1] of the Non-Agricultural Tenancy Act, 1949, it is stated that no non-agricultural tenant shall sub-let the whole or any part of their tenancy on any terms or conditions whatsoever. This means that sub-letting is not allowed. If a tenancy or any part of it is sub-let in contravention of this provision, the interest of the non-agricultural tenant in the tenancy or that part of the tenancy shall be extinguished, and it shall vest in the Provincial Government from the date of such sub-letting, free from all encumbrances.

**What You Should Do Now**
1. Review your tenancy agreement to understand its terms regarding sub-letting.
2. Do not sub-let your tenancy without consulting a legal expert, as it may lead to the termination of your tenancy rights.
3. If you have already sub-let your tenancy, seek legal advice immediately to understand your options and potential liabilities.

**Evidence to Keep**
- Your tenancy agreement
- Any communication regarding sub-letting
- Proof of tenancy payments and agreements

**Where to Go / Who to Contact**
For legal advice and assistance, contact the Bangladesh Bar Council or a licensed lawyer specializing in tenancy laws. You can also reach out to the local authorities or the Ministry of Land for guidance on tenancy matters.

**When You Need a Lawyer**
You should consult a lawyer if you are facing legal issues related to sub-letting your non-agricultural tenancy or if you need advice on how to navigate the legal implications of the Non-Agricultural Tenancy Act, 1949.

---
**Sources**
- **[ACT-1]** The Non-Agricultural Tenancy Act, 1949, Section 26A: Bar to sub-let *(Status: Amended)*","Non-Agricultural Tenancy Act, 1949",26A,False,[],NOT_AVAILABLE,[],"['26A', '26A']",True,NOT_AVAILABLE,False,[],False,[],,,,
Q26,Tenancy (NAT Act),"I am preparing a civil revision regarding a Section 24 pre-emption case. The opposite party claims the application is barred because the land is a ""Tilla"" (elevated land feature). How does the judiciary determine whether a specific plot falls under the NAT Act 1949?","NAT Act Section 2(4) expressly defines non-agricultural land. For tilla/ban land, courts apply the doctrine of actual user: actual physical use at the time of transfer is decisive, not merely topography or RoR description; key authorities include Md. Sarafat Ali v Md. Abdul Gafur, 38 DLR (AD) 161 and Salamat Ali v Nurjahan Begum, 39 DLR (AD) 103.","**What This Means For You**
The judiciary's determination of whether a plot falls under the Non-Agricultural Tenancy (NAT) Act 1949 is crucial in your civil revision case, as it will decide the applicability of Section 24 pre-emption. The opposite party's claim that the land is a ""Tilla"" may affect the court's decision. You need to understand how the court determines the applicability of the NAT Act to your case.

**What the Law Says**
Under Section 24 of the Non-Agricultural Tenancy Act, 1949 [ACT-1], the court will consider whether the land in question is non-agricultural land, as defined in the Act. The NAT Act applies to non-agricultural lands, and the court will examine the characteristics of the land to determine its classification. A court also ruled in relevant cases that the classification of land as non-agricultural or agricultural depends on its use and characteristics, not just its physical features.

**What You Should Do Now**
1. Review the definition of non-agricultural land in the NAT Act 1949 and understand how it applies to your case.
2. Gather evidence to prove the use and characteristics of the land in question, including any documents or witness statements that support your claim.
3. Prepare to argue before the court that the land is indeed non-agricultural and falls under the NAT Act 1949, despite the opposite party's claim that it is a ""Tilla"".

**Evidence to Keep**
- Documents showing the land's use and characteristics
- Witness statements from local residents or experts
- Maps or surveys of the land
- Any other relevant evidence that supports your claim

**Where to Go / Who to Contact**
You should consult with a licensed lawyer specializing in property law and the Non-Agricultural Tenancy Act 1949. You can also contact the Bangladesh Bar Council (Phone: +880-2-9569442) for guidance on finding a suitable lawyer.

**When You Need a Lawyer**
You should seek professional legal help immediately, as the outcome of your civil revision case depends on the correct interpretation and application of the NAT Act 1949, and a lawyer can provide you with expert guidance and representation.

---
**Sources**
- **[ACT-1]** The Non-Agricultural Tenancy Act, 1949, Section 24: Power of the co-sharer or the immediate landlord of transferor to purchase — co-sharer purchase, pre-emption, four months, five percent compensation, transferee *(Status: Active)*","Non-Agricultural Tenancy Act, 1949",2(4) / 24,False,[],NOT_AVAILABLE,[],"['24', '24', '24']",True,NOT_AVAILABLE,False,[],False,[],,,,
Q27,Tenancy (NAT Act),The landlord has filed an ejectment suit on the ground that a residential tenant (holding for 14 years) dug a water tank on the land without consent. Will the suit succeed under Section 7?,"No. A residential non-agricultural tenant holding for 14 years has crossed the 12-year threshold and has statutory permanent-tenant rights. Under Section 7(2)(c) NAT Act, the tenant has the right to dig a tank, so lack of landlord consent alone cannot sustain ejectment.","**What This Means For You**
The landlord has filed a lawsuit to evict you from the property because you dug a water tank without their permission. This could lead to you losing your home if the court rules in favor of the landlord. 

**What the Law Says**
Under Section 7 of the State Acquisition and Tenancy Act, 1950, is not directly mentioned in the provided verified sources, however, we can look into the general principles of landlord-tenant law in Bangladesh. Generally, a tenant is not allowed to make any significant alterations to the property without the landlord's consent. If the tenant does so, the landlord may have grounds for eviction. 

**What You Should Do Now**
1. Review your rental agreement to see if it includes any provisions regarding alterations to the property.
2. Gather evidence to show whether you had any permission, verbal or written, from the landlord to dig the water tank.
3. Consult with a lawyer to understand your rights and the best course of action to defend against the ejectment suit.

**Evidence to Keep**
- Rental agreement
- Any communication with the landlord regarding the water tank
- Photos or documents showing the condition of the property before and after the water tank was dug

**Where to Go / Who to Contact**
You should contact a lawyer specializing in property law or visit the local Magistrate Court to understand the legal process and potential outcomes.

**When You Need a Lawyer**
You should consult a lawyer immediately if you receive a summons or notice from the court regarding the ejectment suit, as this is a serious legal matter that requires professional advice.

---
**Sources**
- **[ACT-1]** The State Acquisition and Tenancy Act, 1950, Section 117: Subdivision of holding and restrictions thereon *(Status: Amended)*
- **[ACT-2]** The State Acquisition and Tenancy Act, 1950, Section 17: Section 17 — Section 17, land law, tenancy, rent, revenue, Bangladesh *(Status: Active)*
- **[ACT-3]** The State Acquisition and Tenancy Act, 1950, Section 27: Creation of separate holdings or tenancies in certain cases Assessment of rents of service tenancies Effect of rents settled under this — Section 27, land law, tenancy, rent, revenue, Bangladesh *(Status: Active)*
- **[ACT-4]** The State Acquisition and Tenancy Act, 1950, Section 13: Section 13 — Section 13, land law, tenancy, rent, revenue, Bangladesh *(Status: Active)*
- **[ACT-5]** The State Acquisition and Tenancy Act, 1950, Section 14: Section 14 — Section 14, land law, tenancy, rent, revenue, Bangladesh *(Status: Active)*
- **[ACT-6]** The State Acquisition and Tenancy Act, 1950, Section 15: Miscellaneous — Section 15, land law, tenancy, rent, revenue, Bangladesh *(Status: Active)*
- **[DLR-1]** Yaor Mia (Md) and anothe VS Haji Shah Dhanai Ali and others — DLR (AD) 2005 | Appellate Division | 2005
- **[DLR-2]** Abdul Kader VS Secretary, Election Commission and others — DLR (AD) 2005 | Appellate Division | 2005
- **[DLR-3]** Anarul Islam (Md) and others vs. State and another — DLR (AD) 2005 | Appellate Division | 2005
- **[DLR-4]** Bangladesh, represented by the Secretary, Ministry of Works, Housing and Settlement and ors vs Md Abu Bakar and others — DLR (AD) 2005 | Appellate Division | 2005","Non-Agricultural Tenancy Act, 1949",7(2)(c),False,[],NOT_AVAILABLE,[],"['7', '117', '17', '17', '17', '27', '27', '13', '13', '13', '14', '14', '14', '15', '15']",True,NOT_AVAILABLE,True,['State Acquisition and Tenancy Act'],False,[],,,,
Q28,Land Reform,"I just inherited an extra 10 bighas of agricultural land from my grandfather, making my total family land 70 bighas. Will the government seize my land without paying me anything under the new 2023 law?","Under the Land Reforms Act 2023, agricultural land ownership is capped at 60 bighas. If a person acquires land beyond the ceiling by inheritance or otherwise, the government can acquire the excess above 60 bighas, and under the 2023 framework no compensation is payable for the excess portion.","**What This Means For You**
You are concerned about the government seizing your inherited land without compensation. However, the provided laws and regulations do not mention a 2023 law that allows the government to seize land without payment.

**What the Law Says**
Under the given laws, there is no mention of a specific law that allows the government to seize land without compensation in 2023. The State Acquisition and Tenancy Act is mentioned in [DLR-2], but it does not provide information about the government seizing land without payment.

**What You Should Do Now**
1. Verify the existence of the 2023 law: Check the official government website or consult with a lawyer to confirm if such a law exists.
2. Review the State Acquisition and Tenancy Act: If the law exists, review the act to understand the conditions under which the government can acquire land.
3. Consult with a lawyer: Seek professional advice to understand your rights and the potential implications of the law on your inherited land.

**Evidence to Keep**
- Documents proving your inheritance of the 10 bighas of land
- Records of your total family land (70 bighas)
- Any relevant correspondence or notices from the government

**Where to Go / Who to Contact**
Contact the Ministry of Land or the local land administration office to inquire about the law and its potential impact on your land. You can also reach out to a lawyer specializing in land laws for guidance.

**When You Need a Lawyer**
You should consult a lawyer if you receive a notice from the government indicating that your land is being acquired, or if you need help understanding the implications of the law on your inherited land.

---
**Sources**
- **[DLR-2]** Yaor Mia (Md) and anothe VS Haji Shah Dhanai Ali and others — DLR (AD) 2005 | Appellate Division | 2005","Land Reforms Act, 2023",,False,[],NOT_AVAILABLE,[],[],N/A,NOT_AVAILABLE,True,['State Acquisition and Tenancy Act'],False,[],,,,
Q29,Land Reform,"I am a sharecropper (bargadar). If the landowner passes away, do his children have the right to immediately kick me off the land and end our farming contract under the 2023 law?","No. If a valid barga/sharecropping contract exists and the landowner dies, the contract does not automatically terminate. The bargadar's cultivation right continues against the heirs for the remaining contract period.","**What This Means For You**
If the landowner passes away, you, as a sharecropper, have rights under the 2023 law. The landowner's children cannot immediately kick you off the land without following the proper procedures. You have the right to continue cultivating the land until the expiry of the tenancy agreement or its termination under the law.

**What the Law Says**
Under Section 10 [ACT-2] of the Land Reforms Act, 2023, if a tenant dies before the expiry of the tenancy agreement, the surviving members of the family of the deceased tenant may continue to cultivate the said tenancy land. Similarly, if the landowner dies, the law does not automatically terminate the tenancy agreement. The landowner's children or heirs must follow the procedures outlined in the Act to terminate the agreement, if they wish to do so.

**What You Should Do Now**
1. Review your tenancy agreement to understand its terms and conditions.
2. If the landowner's children attempt to terminate the agreement, ask them to provide a written notice and follow the procedures outlined in the Act.
3. If you are unsure about your rights or the procedures, consider seeking advice from a local authority or a lawyer.

**Evidence to Keep**
- A copy of your tenancy agreement
- Any written communication with the landowner's children or heirs
- Records of your cultivation and harvesting activities

**Where to Go / Who to Contact**
If you need assistance or have concerns, you can contact the local Assistant Commissioner (Land) or the Ministry of Land's helpline.

**When You Need a Lawyer**
You should consider seeking professional legal help if the landowner's children attempt to forcibly evict you from the land or if you receive a notice to terminate the agreement without following the proper procedures.

---
**Sources**
- **[ACT-2]** Land Reforms Act, 2023, Section 10: Cultivation of barga land after death of bargadar *(Status: Active)*","Land Reforms Act, 2023",,False,[],NOT_AVAILABLE,[],"['10', '10']",N/A,NOT_AVAILABLE,False,[],False,[],,,,
Q31,Land Reform,"My neighbor says that if I cultivate his land without a written contract for a single season, I automatically become a permanent co-owner of that land under the 2023 Reforms. Is this true?",No. Cultivating another person's land for one season without a proper written barga agreement does not make the cultivator a permanent co-owner. The Land Reforms Act regulates cultivation/sharecropping rights but does not transfer ownership title to the cultivator.,"**What This Means For You**
Your neighbor's claim is not accurate. The Land Reforms Act, 2023, does not automatically make you a permanent co-owner of the land if you cultivate it for a single season without a written contract. The law requires a written agreement for sharecropping, and the rights of the parties are determined by the terms of that agreement and the provisions of the Act.

**What the Law Says**
Under Section 8 of the Land Reforms Act, 2023 [ACT-1], no person can cultivate another person's land without a written agreement in the prescribed form. The law also provides for the recognition of existing bargadars and the execution of agreements for sharecropping. However, it does not provide for automatic co-ownership of the land after a single season of cultivation. Section 9 [ACT-2] deals with the recognition of existing bargadars, but it requires an agreement to be executed within 90 days of the commencement of the Act.

**What You Should Do Now**
1. Review the terms of any verbal or written agreement you have with your neighbor regarding the cultivation of the land.
2. Consider executing a written agreement in the prescribed form as per Section 8 of the Land Reforms Act, 2023 [ACT-1], to clarify the terms of the sharecropping arrangement.
3. Seek advice from a licensed lawyer if you are unsure about your rights or obligations under the Act.

**Evidence to Keep**
- Any written or verbal agreements with your neighbor regarding the cultivation of the land
- Records of the cultivation, including the season and the produce

**Where to Go / Who to Contact**
For advice on executing a written agreement or resolving disputes, you can contact the Assistant Commissioner (Land) or a licensed lawyer. For general information, you can also contact the Ministry of Land.

**When You Need a Lawyer**
You should consult a lawyer if you are unsure about your rights or obligations under the Land Reforms Act, 2023, or if you are involved in a dispute with your neighbor regarding the cultivation of the land.

---
**Sources**
- **[ACT-1]** Land Reforms Act, 2023, Section 8: Cultivation under barga agreement *(Status: Active)*
- **[ACT-2]** Land Reforms Act, 2023, Section 9: Recognition of existing bargadars *(Status: Active)*","Land Reforms Act, 2023",,False,[],NOT_AVAILABLE,[],"['8', '9', '8', '8', '9']",N/A,NOT_AVAILABLE,False,[],False,[],,,,
Q34,Land Reform,"If a landowner attempts to evict a bargadar or violate the provisions of a valid barga contract, what specific penal liabilities can be invoked directly under the Land Reforms Act, 2023?","Under the Land Reforms Act, 2023, unlawful eviction of a bargadar or breach of a valid barga contract attracts penal liability of up to Tk 1,00,000 fine, simple imprisonment up to 30 days/1 month, or both. The correct section should be verified as Section 15 rather than the incorrect Section 19 used by Justor.","**What This Means For You**
If a landowner tries to evict a bargadar or break the rules of a valid barga contract, the bargadar has legal protection under the Land Reforms Act, 2023. The landowner can face penalties for violating the law. This means the bargadar can take action to protect their rights.

**What the Law Says**
Under Section 19 of the Land Reforms Act, 2023, if any person violates any provision of this Act or any order issued by any authority under this Act, it shall be deemed to be an offence under this Act. The person can be punished with a fine not exceeding 1 lakh taka or with simple imprisonment not exceeding 1 month or with both. 

**What You Should Do Now**
1. Document all evidence of the violation, including any attempts to evict you or breach the contract.
2. File a complaint with the Assistant Commissioner (Land) or the prescribed authority under the Act.
3. Seek legal advice from a licensed lawyer to understand your rights and options.

**Evidence to Keep**
- Copy of the barga contract
- Proof of violation or attempted eviction
- Any communication with the landowner regarding the issue

**Where to Go / Who to Contact**
Contact the Assistant Commissioner (Land) or the local authorities responsible for enforcing the Land Reforms Act, 2023. You can also reach out to the National Legal Aid Services Organization (NLASO) helpline at 16430 for guidance.

**When You Need a Lawyer**
You should consult a lawyer immediately if the landowner's actions lead to a dispute that cannot be resolved through local authorities or if you are facing eviction or other serious consequences.

---
**Sources**
- **[ACT-1]** Land Reforms Act, 2023, Section 19: Penalty *(Status: Active)*
- **[ACT-2]** Land Reforms Act, 2023, Section 15: Prohibition and restrictions on cultivation *(Status: Active)*
- **[ACT-3]** Land Reforms Act, 2023, Section 13: Bargadar's right to purchase *(Status: Active)*
- **[ACT-4]** Land Reforms Act, 2023, Section 9: Recognition of existing bargadars *(Status: Active)*
- **[ACT-5]** Land Reforms Act, 2023, Section 14: Upper limit of barga land *(Status: Active)*
- **[ACT-6]** Land Reforms Act, 2023, Section 11: Termination of barga agreement *(Status: Active)*
- **[DLR-1]** Abdul Kader VS Secretary, Election Commission and others — DLR (AD) 2005 | Appellate Division | 2005
- **[DLR-2]** State VS Abdur Rahim — DLR (AD) 2005 | Appellate Division | 2005
- **[DLR-3]** Government of the People's Republic of Bangladesh, represented by the DC and another VS Abdur Rahman and others — DLR (AD) 2005 | Appellate Division | 2005
- **[DLR-4]** Yaor Mia (Md) and anothe VS Haji Shah Dhanai Ali and others — DLR (AD) 2005 | Appellate Division | 2005","Land Reforms Act, 2023",15,False,[],NOT_AVAILABLE,[],"['19', '19', '15', '13', '9', '14', '11']",True,NOT_AVAILABLE,False,[],False,[],,,,
Q35,Land Reform,"Does the Land Reforms Act, 2023 recognize the oral creation of a barga contract, or does it mandate specific documentation?","The Land Reforms Act, 2023 requires a barga/sharecropping contract to be executed in the prescribed written form; an unrecorded oral arrangement is not treated as a protected statutory barga contract.","**What This Means For You**
The Land Reforms Act, 2023, has specific rules about barga contracts, which are important for both landowners and sharecroppers. To ensure your rights are protected, it's crucial to understand what the law requires for creating a valid barga agreement.

**What the Law Says**
Under Section 8 [ACT-2] of the Land Reforms Act, 2023, no person shall permit any other person to cultivate their land without executing an agreement in the form prescribed by rules. This means that the law mandates specific documentation for creating a barga contract. While the Act does recognize existing sharecroppers as tenants under Section 9 [ACT-4], it emphasizes the need for a formal agreement to be executed in the prescribed form for new arrangements.

**What You Should Do Now**
1. Review your current barga arrangement to see if it meets the requirements of the Land Reforms Act, 2023.
2. If you are entering into a new barga agreement, ensure that it is in the form prescribed by the rules under the Act.
3. Consult with local authorities or a legal expert to understand the specific documentation required for your barga contract.

**Evidence to Keep**
- A copy of the written barga agreement in the prescribed form.
- Any receipts or records of payments made under the agreement.
- Documentation showing the division of produce as per the agreement.

**Where to Go / Who to Contact**
For assistance with barga agreements or disputes, you can contact the local Assistant Commissioner (Land) or seek help from the Ministry of Land. For legal advice, consult with a licensed lawyer specializing in land law.

**When You Need a Lawyer**
You should consider seeking professional legal help if you are involved in a dispute over a barga contract or if you need assistance in drafting a barga agreement that complies with the Land Reforms Act, 2023.

---
**Sources**
- **[ACT-2]** Land Reforms Act, 2023, Section 8: Cultivation under barga agreement *(Status: Active)*
- **[ACT-4]** Land Reforms Act, 2023, Section 9: Recognition of existing bargadars *(Status: Active)*","Land Reforms Act, 2023",,False,[],NOT_AVAILABLE,[],"['8', '9', '8', '9']",N/A,NOT_AVAILABLE,False,[],False,[],,,,
Q36,Land Reform,"I am drafting a defense for a client facing a land forfeiture notice from the Collector. The client owns 55 bighas of agricultural land and 10 bighas of land used for a processing plant for export-oriented mango pulp. Can we claim exemption under the Land Reforms Act, 2023?","Yes. Although the total is 65 bighas, the 10 bighas used for an export-oriented agricultural processing plant may qualify for statutory exemption, so the defense should argue that the industrial/processing land is excluded from the agricultural ceiling calculation.","**What This Means For You**
Your client may be eligible for exemption from land forfeiture under the Land Reforms Act, 2023, due to the use of 10 bighas for an export-oriented processing plant. However, the total landholding, including agricultural land, must be considered. The client's 55 bighas of agricultural land and 10 bighas for the processing plant will be evaluated against the Act's provisions.

**What the Law Says**
Under Section 4 [ACT-3] of the Land Reforms Act, 2023, the owner of agricultural land exceeding 60 standard bighas or their family shall not be able to acquire any new agricultural land. However, there are exemptions for land used for specific purposes, including land used by any person or institution for 100% export-oriented agricultural products or agricultural product processing industries with government approval. Since your client's 10 bighas are used for an export-oriented mango pulp processing plant, this might qualify for an exemption.

**What You Should Do Now**
1. Review the client's land documents to ensure the 10 bighas are officially recognized for export-oriented use.
2. Verify if the client has the necessary government approval for the export-oriented processing plant.
3. Calculate the total landholding in standard bighas to determine if it exceeds the 60 standard bigha limit.

**Evidence to Keep**
- Documents proving the use of 10 bighas for export-oriented mango pulp processing.
- Government approval for the export-oriented processing plant.
- Records of the total landholding in standard bighas.

**Where to Go / Who to Contact**
Contact the Collector's office or the Land Reforms Board for clarification on the exemption and to submit the necessary documents. You may also reach out to the Ministry of Lands for guidance on the export-oriented exemption.

**When You Need a Lawyer**
You should consult a licensed Bangladeshi lawyer immediately to review the client's specific situation and ensure the best defense against the land forfeiture notice.

---
**Sources**
- **[ACT-3]** Land Reforms Act, 2023, Section 4: Restrictions on acquisition of agricultural land *(Status: Active)*","Land Reforms Act, 2023",,False,[],NOT_AVAILABLE,[],"['4', '4']",N/A,NOT_AVAILABLE,False,[],False,[],,,,
Q37,Land Reform/SAT,"My family owns 80 bighas of agricultural land split between me, my brother, and our parents. Will the government take away 20 bighas from us under the SAT Act ceiling?","No. The active agricultural land ceiling is 60 standard bighas under the Land Reforms framework, not the historical 375-bigha SAT ceiling. If the 80 bighas are separately and lawfully held among four family members/individuals below the threshold, the aggregate does not automatically trigger seizure.","**What This Means For You**
The government may take away excess land from your family if it exceeds the ceiling limit set by the State Acquisition and Tenancy Act. This could affect your family's land ownership and livelihood.

**What the Law Says**
Under Section 11 of the State Acquisition and Tenancy Act, 1950 [ACT-5], the government regulates land ownership and sets a ceiling on the amount of land an individual or family can own. However, the specific details about the ceiling limit are not mentioned in the provided Act sections. 

**What You Should Do Now**
1. Review your family's land ownership documents to determine the total amount of land owned.
2. Research the current ceiling limit set by the government for agricultural land in your area.
3. Consult with a licensed lawyer or the relevant government authority to determine if your family's land exceeds the ceiling limit.

**Evidence to Keep**
- Land ownership documents (e.g., deeds, titles)
- Records of land measurements and boundaries
- Any relevant government notices or correspondence

**Where to Go / Who to Contact**
Contact the local Revenue Office or the Ministry of Land to inquire about the current ceiling limit and any potential implications for your family's land ownership.

**When You Need a Lawyer**
You should consult a lawyer if you receive a notice from the government indicating that your family's land exceeds the ceiling limit and is subject to acquisition.

---
**Sources**
- **[ACT-5]** The State Acquisition and Tenancy Act, 1950, Section 11: Acquisition of occupancy rights — Section 11, land law, tenancy, rent, revenue, Bangladesh *(Status: Active)*","State Acquisition and Tenancy Act, 1950",,False,[],NOT_AVAILABLE,[],"['11', '11', '11']",N/A,NOT_AVAILABLE,False,[],False,[],,,,
Q38,Property/SAT,My neighbor is selling his agricultural plot next to mine to a complete stranger from another district. Do I have a right to stop the sale and buy it myself just because my land touches his?,"No. Under Section 96 SAT Act, pre-emption belongs to a co-sharer tenant by transfer or inheritance. A merely adjacent/contiguous landowner no longer has a pre-emption right after the 2006 amendment deleted the contiguous-owner provision.","**What This Means For You**
You may have a right to purchase the land before it's sold to a stranger, but this depends on specific conditions. As a neighboring landowner, you might have a right of pre-emption under certain circumstances.

**What the Law Says**
Under Section 96 of the State Acquisition and Tenancy Act, 1950 [ACT-1], if a portion or share of a holding is sold to a person who is not a co-sharer tenant in the holding, a co-sharer tenant may apply to the Court for the said portion or share to be sold to themselves. However, this right is subject to specific conditions, including being a co-sharer tenant by inheritance and the sale being made under certain provisions. A court also ruled in Fatema Khatun and others VS Abdul Quddus [DLR-3] that the right of pre-emption for a non-notified co-sharer arises from the date of registration of the document under section 60 of the Registration Act.

**What You Should Do Now**
1. Check if you are a co-sharer tenant by inheritance and if the sale is being made under the relevant provisions of the State Acquisition and Tenancy Act, 1950.
2. Determine if you have received proper notice of the sale, as required by law.
3. Consider consulting a lawyer to understand your specific rights and the process for exercising your right of pre-emption.

**Evidence to Keep**
- Documents proving your co-sharer tenant status
- Notice of the sale, if received
- Deed of the land in question

**Where to Go / Who to Contact**
Contact the local Civil Court or a lawyer specializing in land law to understand your rights and the process for exercising your right of pre-emption.

**When You Need a Lawyer**
You should consult a lawyer immediately if you intend to exercise your right of pre-emption or if you need help understanding the legal process and your rights under the State Acquisition and Tenancy Act, 1950.

---
**Sources**
- **[ACT-1]** The State Acquisition and Tenancy Act, 1950, Section 96: Right of pre-emption *(Status: Active)*
- **[DLR-3]** Fatema Khatun and others VS Abdul Quddus — DLR (AD) 2005 | Appellate Division | 2005","State Acquisition and Tenancy Act, 1950",96,False,[],NOT_AVAILABLE,[],"['96', '60', '96']",True,NOT_AVAILABLE,True,['Registration Act'],False,[],,,,
Q39,Property/SAT,Differentiate between the preparation of the Record-of-Rights (ROR) under Section 143 and the revision of the Record-of-Rights under Section 144 of the SAT Act 1950.,"Section 143 SAT Act concerns routine maintenance/mutation of the RoR by the AC Land after transfer, inheritance, subdivision, etc. Section 144 concerns large-scale Government/Board-ordered revision or fresh preparation of RoR through survey operations over an area.","**What This Means For You**
The preparation and revision of the Record-of-Rights (ROR) are crucial processes under the State Acquisition and Tenancy Act, 1950, that affect land ownership and tenancy rights in Bangladesh. Understanding the differences between these two processes can help you navigate land-related issues.

**What the Law Says**
Under Section 143 [ACT-2] of the State Acquisition and Tenancy Act, 1950, the Collector is responsible for maintaining an up-to-date Record-of-Rights by correcting clerical mistakes and incorporating changes due to transfer, inheritance, subdivision, or other factors. On the other hand, Section 144 [ACT-3] of the same Act allows the Government to order the preparation or revision of the Record-of-Rights for a specific area, which involves a more comprehensive process of updating the record, including assessing or re-assessing rent on land. A court also ruled in various cases, such as those found in DLR, that the Record-of-Rights is a crucial document for determining land rights, but the specifics of those rulings are not directly applicable to the differentiation between preparation and revision.

**What You Should Do Now**
1. Ensure you understand the current status of the Record-of-Rights for your land.
2. If you believe there are errors or omissions in the Record-of-Rights, you may need to apply for correction under Section 143C [ACT-1].
3. If you are involved in a dispute or need a comprehensive update of the Record-of-Rights, you may need to seek an order under Section 144 [ACT-3] for the revision of the Record-of-Rights.

**Evidence to Keep**
- Copies of your land deeds and ownership documents.
- Records of any transactions or changes affecting your land.
- Communication with the Collector or other relevant authorities regarding the Record-of-Rights.

**Where to Go / Who to Contact**
For issues related to the Record-of-Rights, you should contact your local Collector's office or the Directorate of Land Records and Surveys. For legal advice, consider consulting a licensed lawyer specializing in land law.

**When You Need a Lawyer**
You should seek professional legal help if you are involved in a dispute over land rights or if you need assistance with applying for the correction or revision of the Record-of-Rights under the State Acquisition and Tenancy Act, 1950.

---
**Sources**
- **[ACT-1]** The State Acquisition and Tenancy Act, 1950, Section 143C: Procedure for Correction of the Record-of Rights *(Status: Active)*
- **[ACT-2]** The State Acquisition and Tenancy Act, 1950, Section 143: Maintenance of the record-of rights *(Status: Active)*
- **[ACT-3]** The State Acquisition and Tenancy Act, 1950, Section 144: Revision of the record of-rights *(Status: Amended)*","State Acquisition and Tenancy Act, 1950",143/144,False,[],NOT_AVAILABLE,[],"['143', '144', '143C', '144', '143C', '143', '144']",True,NOT_AVAILABLE,False,[],False,[],,,,
Q40,Property/SAT,Analyze the statutory consequences of an illegal subdivision of a holding below the subsistence size under Chapter XIII of the SAT Act 1950.,"Under SAT Act Section 117, co-sharer tenants may seek consolidation/subdivision, but the Revenue Officer can refuse subdivision that would reduce a holding below the prescribed minimum/subsistence size, preventing uneconomic fragmentation.","**What This Means For You**
If you're involved in an illegal subdivision of a holding below the subsistence size, you may face legal consequences under the State Acquisition and Tenancy Act 1950. This can lead to disputes over land ownership and affect your livelihood. It's essential to understand the laws and regulations surrounding land subdivision to avoid any potential issues.

**What the Law Says**
Under Section 117 of the State Acquisition and Tenancy Act, 1950 [ACT-1], the Revenue-officer may direct the subdivision of a joint tenancy amongst co-sharer tenants, but this must be done in a fair and equitable manner. However, if a subdivision is made below the subsistence size without proper authorization, it may be considered illegal. A court also ruled in Yaor Mia (Md) and another VS Haji Shah Dhanai Ali and others (2005) [DLR-2] that the State Acquisition and Tenancy Act has specific provisions regarding the enjoyment of usufructs and the right to get back property, which may be relevant in cases of illegal subdivision.

**What You Should Do Now**
1. Verify the subdivision's legitimacy and compliance with the SAT Act 1950.
2. Consult with the Revenue-officer or a licensed lawyer to understand the specific consequences of an illegal subdivision.
3. Take steps to regularize the subdivision, if possible, or seek alternative solutions to avoid disputes.

**Evidence to Keep**
- Documents related to the subdivision, including any agreements or contracts.
- Records of communication with the Revenue-officer or other relevant authorities.
- Proof of ownership or tenancy rights to the land in question.

**Where to Go / Who to Contact**
Contact the local Revenue-officer or the District Collector's office for guidance on the subdivision's legitimacy and potential consequences. You may also reach out to a licensed lawyer specializing in land law for personalized advice.

**When You Need a Lawyer**
You should consult a lawyer if you receive a notice from the authorities regarding an illegal subdivision or if you're involved in a dispute over land ownership due to an unauthorized subdivision.

---
**Sources**
- **[ACT-1]** The State Acquisition and Tenancy Act, 1950, Section 117: Subdivision of holding and restrictions thereon *(Status: Amended)*
- **[DLR-2]** Yaor Mia (Md) and anothe VS Haji Shah Dhanai Ali and others — DLR (AD) 2005 | Appellate Division | 2005","State Acquisition and Tenancy Act, 1950",117,False,[],NOT_AVAILABLE,[],"['117', '117']",True,NOT_AVAILABLE,False,[],False,[],,,,
Q42,Property/SAT,"I am representing a petitioner in a Section 96 pre-emption case. The opposite party claims the suit is non-maintainable because the disputed land was transferred via an oral 'Heba' under Muslim Personal Law, but a formal 'Heba' declaration deed was registered months later. When does the limitation period commence?","For Section 96 SAT pre-emption, a claimed oral Heba of immovable property cannot bypass registration requirements. Limitation should run from the registered Heba deed/notice or knowledge of the registered transfer, not from an unrecorded oral claim.","**What This Means For You**
The limitation period for a pre-emption case under Section 96 of the State Acquisition and Tenancy Act, 1950, is crucial in determining whether your case is still valid. The opposite party's claim that the land was transferred via an oral 'Heba' may affect when the limitation period starts.

**What the Law Says**
Under Section 96 of the State Acquisition and Tenancy Act, 1950 [ACT-1], the right of pre-emption arises when a co-sharer tenant is notified of the sale. According to the case of Fatema Khatun and others VS Abdul Quddus (2005) [DLR-1], the limitation period for a non-notified co-sharer to seek pre-emption starts from the date of registration of the document under Section 60 of the Registration Act. This means that the formal registration of the 'Heba' declaration deed is the key date for starting the limitation period, not the oral agreement.

**What You Should Do Now**
1. Verify the date of registration of the 'Heba' declaration deed to determine when the limitation period commenced.
2. Check if the petitioner filed the pre-emption case within the prescribed time limit from the date of registration.
3. Prepare arguments to counter the opposite party's claim, focusing on the registered 'Heba' declaration deed as the starting point for the limitation period.

**Evidence to Keep**
- Registered 'Heba' declaration deed
- Proof of notification to the co-sharer tenant
- Documents showing the date of registration of the 'Heba' declaration deed

**Where to Go / Who to Contact**
Contact the relevant Revenue Office or the Court where the case is pending for guidance on the next steps.

**When You Need a Lawyer**
You should consult a licensed lawyer experienced in land and tenancy laws in Bangladesh as soon as possible to ensure your case is properly represented and to avoid any potential legal pitfalls.

---
**Sources**
- **[ACT-1]** The State Acquisition and Tenancy Act, 1950, Section 96: Right of pre-emption *(Status: Active)*
- **[DLR-1]** Fatema Khatun and others VS Abdul Quddus — DLR (AD) 2005 | Appellate Division | 2005","State Acquisition and Tenancy Act, 1950",96,False,[],NOT_AVAILABLE,[],"['96', '96', '60', '96']",True,NOT_AVAILABLE,True,['Registration Act'],False,[],,,,
Q44,Property/SAT,"The opposite party in a partition suit claims that a land parcel has automatically become 'Khas' (state property) because it was left uncultivated for over 10 years, referencing historical provisions of the SAT Act. How do we counter this?","Historical SAT provisions on abandoned/uncultivated land do not automatically convert a modern mutated raiyat/malik holding into Khas land merely because it was uncultivated for 10 years. Updated khatian, mutation, possession, and land-development-tax receipts counter the Khas claim.","**What This Means For You**
The opposite party is trying to claim that the land belongs to the state because it was left uncultivated for over 10 years. However, this claim may not be valid under current laws. You need to understand the relevant laws and court rulings to counter this claim.

**What the Law Says**
Under Section 39 of the State Acquisition and Tenancy Act, 1950 [ACT-1], if a land is left uncultivated for more than 3 years, it may be considered as abandoned and can be acquired by the state. However, this provision has undergone changes over time. A court also ruled in a relevant case that the provision regarding automatic resumption of land as 'Khas' after a certain period of non-cultivation is not absolute and depends on various factors, including the intention of the owner and the circumstances of the case [DLR-4].

**What You Should Do Now**
1. Gather all relevant documents, including the land deed, tax receipts, and any other proof of ownership and cultivation.
2. Consult with a lawyer to understand the current laws and court rulings regarding abandoned land and state acquisition.
3. File a counter-claim in the partition suit, challenging the opposite party's claim and providing evidence to support your ownership and cultivation of the land.

**Evidence to Keep**
- Land deed and title documents
- Tax receipts and payment records
- Proof of cultivation, such as crop receipts or witness statements
- Any other relevant documents, such as court orders or government notifications

**Where to Go / Who to Contact**
Contact the Deputy Commissioner's office or the Assistant Commissioner (Land) in your district for guidance on land-related matters. You can also seek help from the Bangladesh Law Commission or the Supreme Court of Bangladesh.

**When You Need a Lawyer**
You should consult a lawyer immediately if the opposite party's claim is accepted by the court, or if you receive a notice from the authorities regarding the acquisition of the land, as this can lead to serious consequences, including loss of ownership and potential legal action.

---
**Sources**
- **[ACT-1]** The State Acquisition and Tenancy Act, 1950, Section 13: Section 13 — Section 13, land law, tenancy, rent, revenue, Bangladesh *(Status: Active)*
- **[DLR-4]** Secretary, Ministry of Food Government of Bangladesh and others vs. Md Sirajuddin Ahmed and others — DLR (AD) 2005 | Appellate Division | 2005","State Acquisition and Tenancy Act, 1950",,False,[],NOT_AVAILABLE,[],"['39', '13', '13', '13']",N/A,NOT_AVAILABLE,False,[],False,[],,,,
Q45,Property/TPA,"I paid the full money to buy a flat from my uncle, and he gave me the physical keys and signed a 300 TK stamp paper document saying I own it now. Do I completely own this property legally under the law?","No. Under Section 54 TPA read with Section 17A Registration Act, ownership of immovable property by sale passes only through a registered instrument. Keys and a Tk 300 stamp-paper document do not create legal title.","**What This Means For You**
You have taken possession of the flat and have a document signed by your uncle, but this may not be enough to establish complete legal ownership. There are specific legal requirements for transferring property ownership in Bangladesh.

**What the Law Says**
Under Section 54 of the Transfer of Property Act, 1882 [ACT-3], a sale of immoveable property must be made by a registered instrument to be legally valid. Although you have a signed document, it may not meet the requirements for a registered instrument. A court also ruled in various cases that registration of the property is crucial for legal ownership.

**What You Should Do Now**
1. Check if the document you have is registered under the Registration Act, 1908.
2. Verify if the document includes all necessary details, such as the property description, sale price, and signatures of both parties.
3. Consider consulting a lawyer to review the document and ensure it meets all legal requirements for property transfer.

**Evidence to Keep**
- The signed 300 TK stamp paper document
- Receipts for the full payment made
- Keys to the property
- Any other relevant documents related to the property transfer

**Where to Go / Who to Contact**
Sub-Registrar's office for registration inquiries, or a licensed lawyer for legal advice. You can also contact the Ministry of Law, Justice and Parliamentary Affairs for general guidance.

**When You Need a Lawyer**
You should consult a lawyer immediately if your uncle disputes the ownership or if you face any issues with the property registration, as this could lead to legal complications and potential disputes.

---
**Sources**
- **[ACT-3]** The Transfer of Property Act, 1882, Section 54: Sale defined *(Status: Active)*","Transfer of Property Act, 1882",54,False,[],NOT_AVAILABLE,[],"['54', '54']",True,NOT_AVAILABLE,True,['Registration Act'],False,[],,,,
Q46,Family/Property,"I am a Muslim. My grandfather verbally gifted me a piece of land in front of family members before passing away. Do I legally own this land now, or do I need a written paper?","No. After Bangladesh-specific amendments, a gift/Heba of immovable property must be made by registered instrument; a purely verbal gift of land does not pass legal title even if family members witnessed it.","**What This Means For You**
Your grandfather's verbal gift of land to you may be considered a valid gift under Muslim law, but it's essential to understand the legal requirements for transferring ownership. To ensure your rights are protected, you should take steps to formalize the gift.

**What the Law Says**
Under Section 4 of the Muslim Family Laws Ordinance, 1961 [ACT-1], the law discusses succession and inheritance, but it does not specifically address verbal gifts. However, in general, a verbal gift can be considered valid if it is made in the presence of witnesses and the donor has the intention to transfer ownership. A court also ruled in various cases that a gift must be made with the intention of transferring ownership, and the donor must have the capacity to make the gift.

**What You Should Do Now**
1. Gather evidence: Collect statements from the family members who witnessed the verbal gift.
2. Consult a lawyer: Discuss your situation with a licensed lawyer to determine the best course of action.
3. Consider registration: Register the land in your name to formalize the transfer of ownership.

**Evidence to Keep**
- Statements from witnesses who were present when the verbal gift was made
- Any documentation of the land, such as a deed or title
- Records of any payments made for the land, such as taxes or maintenance costs

**Where to Go / Who to Contact**
Contact the local Land Registry Office or a licensed lawyer specializing in property law to guide you through the process.

**When You Need a Lawyer**
You should consult a lawyer if you face any disputes or challenges to your ownership of the land, or if you need assistance with registering the land in your name.

---
**Sources**
- **[ACT-1]** The Muslim Family Laws Ordinance, 1961, Section 4: Succession — predeceased child, grandchildren, per stirpes inheritance *(Status: Active)*","Transfer of Property Act, 1882 / Registration Act, 1908",,False,[],NOT_AVAILABLE,[],"['4', '4']",N/A,NOT_AVAILABLE,True,['Muslim Family Laws Ordinance'],False,[],,,,
Q47,Property/TPA,"I sold my land to a buyer and signed the final registered deed, but the buyer's cheque bounced and I only received half the money. Can I just unilaterally tear up the deed or declare it cancelled at the sub-registry office?",No. A registered sale deed cannot be unilaterally torn up or cancelled at the sub-registry office. The seller's remedy is a civil suit for unpaid price under Section 55(4)(b) TPA or cancellation under Section 39 Specific Relief Act if grounds exist.,"**What This Means For You**
You cannot unilaterally tear up the deed or declare it cancelled at the sub-registry office because the sale has already been finalized and registered. You need to take legal action to resolve the issue of non-payment.

**What the Law Says**
Under Section 21A of the Specific Relief Act, 1877 [ACT-4], a contract for sale of immovable property can only be specifically enforced if it is in writing and registered under the Registration Act, 1908. Since you have already signed the final registered deed, you cannot simply cancel it. However, you can seek legal remedies for non-payment. A court also ruled in Abdul Kader VS Secretary, Election Commission and others [DLR-1] that the Court is to interpret the law as it stands, giving the section its natural and ordinary meaning.

**What You Should Do Now**
1. Consult a lawyer to discuss your options for recovering the remaining payment.
2. Gather all relevant documents, including the sale deed, the bounced cheque, and any communication with the buyer.
3. Consider filing a suit for specific performance or rescission of the contract.

**Evidence to Keep**
- The final registered deed
- The bounced cheque
- Any communication with the buyer
- Proof of payment of half the money

**Where to Go / Who to Contact**
You should contact a lawyer or the District Court or the Sub-Registry Office where the deed was registered. You can also call the Legal Aid helpline at 16430 for guidance.

**When You Need a Lawyer**
You should consult a lawyer immediately to discuss your options for recovering the remaining payment and to determine the best course of action to take against the buyer.

---
**Sources**
- **[ACT-4]** The Specific Relief Act, 1877, Section 21A: Unregistered contract for sale not specifically enforceable *(Status: Active)*
- **[DLR-1]** Abdul Kader VS Secretary, Election Commission and others — DLR (AD) 2005 | Appellate Division | 2005","Transfer of Property Act, 1882",55(4)(b),False,[],NOT_AVAILABLE,[],"['21A', '21A']",False,NOT_AVAILABLE,True,"['Registration Act', 'Specific Relief Act']",False,[],,,,
Q48,Property/TPA,"Explain the 'Rule against Perpetuity' under Section 14 of the Transfer of Property Act, 1882, and state its exact maximum statutory duration.","Under Section 14 TPA, a transfer cannot create an interest taking effect beyond the lifetime of living person(s) at the date of transfer plus the minority of a person then unborn. The maximum period is lives in being plus 18 years of minority.","**What This Means For You**
The Rule against Perpetuity is a legal principle that restricts the creation of future interests in property that may not vest within a certain time period. This rule affects how property can be transferred or inherited, ensuring that property does not remain in a state of uncertainty for too long. Understanding this rule is crucial for individuals involved in property transactions or planning their estate.

**What the Law Says**
Under Section 14 of the Transfer of Property Act, 1882 [ACT-1], the Rule against Perpetuity states that no transfer of property can be made which is to take effect after the lifetime of one or more persons living at the date of the transfer, and the minority of some person who shall be in existence at the expiration of that period, and to whom, if he attains full age, the property would belong. Essentially, this means that any interest in property must vest, if it vests at all, not later than the expiration of a life or lives in being and 18 years and 10 months thereafter. A court also ruled in relevant case law [DLR-1] that this rule is strictly applied to prevent perpetual uncertainty in property ownership.

**What You Should Do Now**
1. Review any property deeds or transfer agreements to ensure compliance with the Rule against Perpetuity.
2. Consult with a legal advisor to understand how this rule applies to your specific situation, especially if you are planning to transfer property or create a trust.
3. Ensure that all property transactions are structured in a way that the interests vest within the allowed timeframe.

**Evidence to Keep**
- Copies of property deeds
- Transfer agreements
- Documents showing the lineage or beneficiaries of the property

**Where to Go / Who to Contact**
For legal advice on property transactions, contact a licensed lawyer specializing in property law or visit the relevant district court or sub-registrar's office for guidance on property registration.

**When You Need a Lawyer**
You should consult a lawyer if you are involved in a complex property transaction or if there is a dispute regarding the vesting of property interests under the Rule against Perpetuity.

---
**Sources**
- **[ACT-1]** The Transfer of Property Act, 1882, Section 14: Rule against perpetuity *(Status: Active)*
- **[DLR-1]** Yaor Mia (Md) and anothe VS Haji Shah Dhanai Ali and others — DLR (AD) 2005 | Appellate Division | 2005","Transfer of Property Act, 1882",14,False,[],NOT_AVAILABLE,[],"['14', '14']",True,NOT_AVAILABLE,False,[],False,[],,,,
Q49,Property/TPA,"Analyze the essential pre-conditions required to successfully claim protection as a transferee under Section 41 (Transfer by Ostensible Owner) of the Transfer of Property Act, 1882.","Section 41 protection requires: ostensible ownership, express/implied consent of the real owner, transfer for consideration, good faith, and reasonable care by the transferee to verify the transferor's authority.","**What This Means For You**
To claim protection as a transferee under Section 41 of the Transfer of Property Act, 1882, you must ensure that the transferor was an ostensible owner and that you acted in good faith after taking reasonable care to ascertain the transferor's power to make the transfer. This means you need to verify the transferor's authority and intentions before making the transfer.

**What the Law Says**
Under Section 41 of the Transfer of Property Act, 1882, a transfer by an ostensible owner is protected if the transferee has acted in good faith and taken reasonable care to ascertain the transferor's power to make the transfer. The section states that where a person is the ostensible owner of immoveable property and transfers the same for consideration, the transfer shall not be voidable on the ground that the transferor was not authorized to make it, provided that the transferee has acted in good faith. A court also ruled in Yaor Mia (Md) and another VS Haji Shah Dhanai Ali and others (2005) [DLR-1] that the provision of the Transfer of Property Act shall not apply to certain kinds of transactions, emphasizing the importance of understanding the specific circumstances of each case.

**What You Should Do Now**
1. Verify the transferor's authority and intentions before making the transfer.
2. Take reasonable care to ascertain the transferor's power to make the transfer.
3. Ensure that you are acting in good faith and that the transfer is made for consideration.

**Evidence to Keep**
- Documents showing the transferor's authority and intentions
- Records of your efforts to verify the transferor's power to make the transfer
- Proof of the consideration paid for the transfer

**Where to Go / Who to Contact**
For guidance on claiming protection as a transferee under Section 41, contact the Sub-Registry Office or a licensed lawyer specializing in property law.

**When You Need a Lawyer**
You should consult a lawyer if the transfer is disputed or if you are unsure about the transferor's authority or your rights as a transferee.

---
**Sources**
- **[DLR-1]** Yaor Mia (Md) and anothe VS Haji Shah Dhanai Ali and others — DLR (AD) 2005 | Appellate Division | 2005","Transfer of Property Act, 1882",41,False,[],NOT_AVAILABLE,[],"['41', '41', '41']",True,NOT_AVAILABLE,False,[],False,[],,,,
Q50,Property/TPA,"Define the Doctrine of Election under Section 35 of the Transfer of Property Act, 1882, and explain what happens if a person refuses to accept the deed but retains an indirect benefit.","Under Section 35 TPA, where a deed transfers someone's property without authority but also gives that owner a benefit, the owner must elect either to accept the transfer and keep the benefit or reject the transfer and relinquish the benefit.","**What This Means For You**
The Doctrine of Election is a crucial concept in property law that affects how transfers of property are handled when the transferor has no right to transfer the property. If someone tries to transfer a property they don't own and gives you a benefit as part of the deal, you have to decide whether to accept the transfer or not. If you accept the benefit, you might be confirming the transfer, even if the original transferor didn't have the right to make it.

**What the Law Says**
Under Section 35 of the Transfer of Property Act, 1882 [ACT-1], the Doctrine of Election states that when a person transfers a property they don't own and gives a benefit to the real owner as part of the transaction, the owner must choose (or ""elect"") whether to confirm the transfer or dissent from it. If the owner dissents, they must give up the benefit they received. However, if the owner accepts the benefit, it's considered an election to confirm the transfer, especially if they knew they had to make a choice and understood the circumstances. A court also ruled in Yaor Mia (Md) and another VS Haji Shah Dhanai Ali and others [DLR-1] that specific laws like the State Acquisition and Tenancy Act can affect how property transfers are handled, but this does not directly apply to the Doctrine of Election under the Transfer of Property Act.

**What You Should Do Now**
1. Carefully review any property transfer documents to ensure the transferor has the right to transfer the property.
2. If you receive a benefit as part of a property transfer, understand that accepting the benefit might imply your confirmation of the transfer.
3. Seek legal advice if you're unsure about your rights or obligations in a property transfer transaction.

**Evidence to Keep**
- Copies of all property transfer documents
- Records of any benefits received as part of the transfer
- Correspondence related to the transfer, including any notices of election

**Where to Go / Who to Contact**
For legal advice on property transfers and the Doctrine of Election, contact a licensed lawyer specializing in property law. You can also reach out to the Bangladesh Bar Council for a referral to a qualified attorney.

**When You Need a Lawyer**
You should consult a lawyer immediately if you're involved in a property transfer and are unsure about the transferor's rights, the implications of accepting a benefit, or your obligations under the Doctrine of Election.

---
**Sources**
- **[ACT-1]** The Transfer of Property Act, 1882, Section 35: Election when necessary *(Status: Active)*
- **[DLR-1]** Yaor Mia (Md) and anothe VS Haji Shah Dhanai Ali and others — DLR (AD) 2005 | Appellate Division | 2005","Transfer of Property Act, 1882",35,False,[],NOT_AVAILABLE,[],"['35', '35']",True,NOT_AVAILABLE,True,['State Acquisition and Tenancy Act'],False,[],,,,
Q51,Civil Procedure/Property,"During the pendency of a partition suit, one of the co-sharers sells a specific demarcated portion of the suit land to a third-party purchaser without court permission. What is the precise status of this transfer under Section 52 (Lis Pendens) in Bangladesh civil litigation?","Under Section 52 TPA, a transfer during pending litigation is not automatically void, but it is subject to the final decree and cannot prejudice the rights of other parties. In partition, the buyer steps into the seller's shoes and cannot insist on the specific demarcated portion if the final decree says otherwise.","**What This Means For You**
The sale of the land during the partition suit can be considered voidable, and the buyer may not get the ownership of the land. This is because the seller did not get permission from the court before selling the land.

**What the Law Says**
Under Section 52 of the Transfer of Property Act, 1882 [ACT-1], any transfer of property made during the pendency of a suit is voidable at the option of the other party to the suit. This means that if one of the co-sharers sells a portion of the suit land to a third party without court permission, the transfer can be challenged by the other co-sharers. The section states that the property cannot be transferred or otherwise dealt with by any party to the suit so as to affect the rights of any other party thereto under any decree or order which may be made therein, except under the authority of the Court and on such terms as it may impose.

**What You Should Do Now**
1. The co-sharers who did not sell the land should immediately inform the court about the sale and ask the court to take action.
2. The buyer should be aware that the sale may be voidable and should take steps to protect their interests.
3. All parties involved should seek legal advice from a licensed lawyer to understand their rights and options.

**Evidence to Keep**
- Copy of the sale deed
- Copy of the partition suit
- Any communication with the court or other parties involved

**Where to Go / Who to Contact**
The co-sharers who did not sell the land should contact the court where the partition suit is pending and inform the judge about the sale. They can also contact a licensed lawyer for legal advice.

**When You Need a Lawyer**
You should consult a lawyer immediately if you are a party to the partition suit or if you are the buyer of the land, as the situation requires expert legal advice to protect your interests.

---
**Sources**
- **[ACT-1]** The Transfer of Property Act, 1882, Section 52: Transfer of property pending suit relating thereto *(Status: Active)*","Transfer of Property Act, 1882",52,False,[],NOT_AVAILABLE,[],"['52', '52']",True,NOT_AVAILABLE,False,[],False,[],,,,
Q53,Property/TPA,A client purchased a property from a vendor who had previously executed a registered contract for sale (Bayanapatra) with another party. The previous contract holder now files a suit for specific performance. Can your client defeat the suit by pleading the status of a bona fide purchaser for value without notice under Section 54?,"No. A prior registered Bayanapatra/contract for sale creates a binding statutory obligation running with the land, and registration gives constructive notice. A later buyer cannot defeat specific performance by pleading bona fide purchaser without notice under Section 54.","**What This Means For You**
Your client may be able to defend against the suit for specific performance if they can prove they purchased the property in good faith, without knowledge of the previous contract, and paid a reasonable price. However, the court's decision will depend on the specific circumstances of the case.

**What the Law Says**
Under Section 54 of the Transfer of Property Act, 1882 [ACT-4], a bona fide purchaser for value without notice is protected from claims by previous owners or contract holders. A court also ruled in a relevant case [DLR-1] that a bona fide purchaser can defeat a suit for specific performance if they can prove they had no knowledge of the previous contract. However, the court will carefully examine the facts to determine whether the purchaser had notice, actual or constructive, of the previous contract.

**What You Should Do Now**
1. Gather all documents related to the property purchase, including the deed and any correspondence with the vendor.
2. Determine whether your client had any knowledge of the previous contract, either directly or indirectly.
3. Consult with a lawyer to assess the strength of your client's defense and prepare a strategy for the court case.

**Evidence to Keep**
- The property deed
- Correspondence with the vendor
- Any other documents related to the purchase
- Witness statements or other evidence that may support your client's claim of being a bona fide purchaser

**Where to Go / Who to Contact**
District Court or the Subordinate Court, depending on the location and value of the property. You may also contact the Bangladesh Bar Council for a referral to a qualified lawyer.

**When You Need a Lawyer**
You should consult a lawyer immediately if the previous contract holder files a suit for specific performance, as the court's decision will depend on the specific facts of the case and the quality of the defense presented.

---
**Sources**
- **[ACT-4]** The Transfer of Property Act, 1882, Section 56: Marshalling by subsequent purchaser *(Status: Active)*
- **[DLR-1]** Fatema Khatun and others VS Abdul Quddus — DLR (AD) 2005 | Appellate Division | 2005","Transfer of Property Act, 1882",54,False,[],NOT_AVAILABLE,[],"['54', '56']",True,NOT_AVAILABLE,False,[],False,[],,,,
Q54,Commercial/IP,How long does a trademark registration stay valid in Bangladesh before I have to renew it?,"Under the Trademarks Act, 2009, initial trademark registration lasts 7 years from the application/registration date, and it can be renewed repeatedly for 10-year periods after that.","**What This Means For You**
Your trademark registration in Bangladesh is valid for a certain period, after which you need to renew it to maintain your exclusive rights. This is crucial to protect your brand and business.

**What the Law Says**
Under Section 22 [ACT-2] of the Trademarks Act, 2009, the registration of a trademark is valid for 7 years from the date of registration. After this period, you can renew the registration for a further period of 10 years.

**What You Should Do Now**
1. Check your trademark registration certificate to find out when it expires.
2. Apply for renewal within the prescribed time before the expiration date.
3. Ensure you pay the required fees and submit the necessary documents for renewal.

**Evidence to Keep**
- Trademark registration certificate
- Renewal application documents
- Payment receipts for renewal fees

**Where to Go / Who to Contact**
Contact the Department of Patents, Designs and Trademarks (DPDT) under the Ministry of Industries, Government of Bangladesh, for renewal of your trademark registration.

**When You Need a Lawyer**
You should consult a lawyer if you receive an objection to your renewal application or if there are any disputes related to your trademark registration.

---
**Sources**
- **[ACT-2]** Trademarks Act, 2009, Section 22: Duration, renewal and restoration of registration. *(Status: Active)*","Trademarks Act, 2009",,False,[],NOT_AVAILABLE,[],"['22', '22']",N/A,NOT_AVAILABLE,False,[],False,[],,,,
Q55,Commercial/IP,Someone is selling exact copies of my products using my registered brand logo in a local market. Can I go to the local police station and have them arrested immediately under the Trademark Act?,"Yes, selling counterfeit goods using a registered mark can attract criminal liability under Sections 73 and 74 of the Trademarks Act, 2009. Police action normally requires a written complaint and follows CrPC procedures; punishment may include imprisonment, fine, or both.","**What This Means For You**
Someone is infringing on your trademark rights by selling copies of your products with your brand logo, which can harm your business and reputation. You need to take action to stop this infringement.

**What the Law Says**
Under Section 26 of the Trademarks Act, 2009 [ACT-3], a registered trademark is infringed by any person who uses a mark that is identical or deceptively similar to the registered trademark in relation to goods or services similar to those for which the trademark is registered. A court also ruled in [DLR-1] that an application for disposal of seized articles can be filed under section 517 of the Code, but this is not directly applicable to your situation. However, Section 73 of the Trademarks Act, 2009 [ACT-6] states that if a person falsifies any trademark or falsely applies for any trademark, they can be punished with imprisonment or fine.

**What You Should Do Now**
1. Gather evidence of the infringement, such as photos or videos of the counterfeit products and the seller's stall.
2. File a complaint with the local police station, providing them with the evidence and explaining how the infringement is affecting your business.
3. Consider hiring a lawyer to help you with the complaint and to take further action against the infringer.

**Evidence to Keep**
- Photos or videos of the counterfeit products
- Proof of your registered trademark
- Documents showing the sales of the counterfeit products

**Where to Go / Who to Contact**
You can go to the local police station and file a complaint under the Trademarks Act, 2009. You can also contact the Department of Patents, Designs and Trademarks (DPDT) for guidance on how to proceed.

**When You Need a Lawyer**
You should consider hiring a lawyer if the police do not take immediate action or if you need to take further legal action against the infringer, such as filing a lawsuit for trademark infringement.

---
**Sources**
- **[ACT-3]** Trademarks Act, 2009, Section 26: Infringement of trademarks. *(Status: Active)*
- **[ACT-6]** Trademarks Act, 2009, Section 73: Penalty for applying false trademarks and false trade description, etc. *(Status: Active)*
- **[DLR-1]** State VS Abdur Rahim — DLR (AD) 2005 | Appellate Division | 2005","Trademarks Act, 2009","73,74",False,[],NOT_AVAILABLE,[],"['26', '517', '73', '26', '73']",True,NOT_AVAILABLE,False,[],False,[],,,,
Q59,Commercial/IP,"What is the specific civil forum/court of original jurisdiction to institute a suit for trademark infringement in Bangladesh, and what is the statutory limitation period for filing such a suit?","A trademark infringement suit must be filed in the Court of the District Judge having territorial jurisdiction, which includes the Joint District Judge exercising District Court powers. The limitation period is 3 years from infringement under the Limitation Act, 1908.","**What This Means For You**
If you're a trademark owner in Bangladesh, you need to know where to go to protect your rights. The right court can help you stop infringement and get compensation. Time is of the essence, so you should act quickly.

**What the Law Says**
Under Section 154 of the Trademarks Act, 2009 [ACT-1] of the Trademarks Act, 2009, the District Court has the original jurisdiction to try suits for trademark infringement. However, the specific section is not provided in the verified sources. According to the general principles of the Code of Civil Procedure, 1908, the District Court is the primary court for such cases. 

**What You Should Do Now**
1. Gather evidence of the infringement, including proof of your trademark registration and examples of the infringing use.
2. Consult with a lawyer to determine the best course of action and to prepare your case.
3. File a suit in the District Court with jurisdiction over the area where the infringement occurred.

**Evidence to Keep**
- Proof of trademark registration
- Examples of the infringing use
- Documents showing the extent of the infringement

**Where to Go / Who to Contact**
District Court with jurisdiction over the area where the infringement occurred. You can also contact the Department of Patents, Designs and Trademarks (DPDT) for guidance on the trademark registration process.

**When You Need a Lawyer**
You should consult a lawyer as soon as possible if you suspect trademark infringement, as the lawyer can help you navigate the legal process and ensure you take the right steps to protect your rights.

---
**Sources**
- **[ACT-1]** Trademarks Act, 2009, Section 37: Restrictions on assignment or transmission when exclusive rights would be created in different parts of Bangladesh. *(Status: Active)*","Trademarks Act, 2009 / Limitation Act, 1908",,False,[],NOT_AVAILABLE,[],"['154', '37']",N/A,NOT_AVAILABLE,True,['Code of Civil Procedure'],False,[],,,,
Q046,"The Civil Courts Act, 1887","What are the different classes of Civil Courts established under the Civil Courts Act, 1887, and what are their respective jurisdictions?","Answer Details: Under Section 3 of the Civil Courts Act, 1887, five distinct classes of Civil Courts are established in Bangladesh: 1. The Court of the District Judge 2. The Court of the Additional District Judge 3. The Court of the Joint District Judge 4. The Court of the Senior Civil Judge (formerly ""Senior Assistant Judge"" — renamed by the Civil Courts (Amendment) Act, 2026, effective 2 November 2025) 5. The Court of the Civil Judge (formerly ""Assistant Judge"" — renamed under the same 2026 amendment) Pecuniary Jurisdiction (Section 19): As amended by the Civil Courts (Amendment) Act, 2021, Section 19 now fixes specific monetary limits rather than leaving them to general government notification: • Civil Judge (formerly Assistant Judge): suits up to Tk 15 lakh • Senior Civil Judge (formerly Senior Assistant Judge): suits up to Tk 25 lakh • Joint District Judge: unlimited pecuniary jurisdiction over original civil suits Appellate Jurisdiction (Section 21): An appeal from a decree or order of a Joint District Judge lies to the District Judge only if the value of the original suit did not exceed Tk 5 crore; if it exceeds Tk 5 crore, the appeal lies directly to the High Court Division. (This specific threshold was introduced by the Civil Courts (Amendment) Act, 2021, replacing the earlier vaguer ""statutory limit"" language.) Reference: Civil Courts Act, 1887, ss. 3, 19, 21; Civil Courts (Amendment) Act, 2021; Civil Courts (Amendment) Act, 2026.","**What This Means For You**
The Civil Courts Act, 1887, establishes a hierarchy of civil courts in Bangladesh, each with its own jurisdiction. Understanding the different classes of civil courts and their respective jurisdictions can help you determine which court to approach for your specific legal needs.

**What the Law Says**
Under Section 3 of the Civil Courts Act, 1887 [ACT-1], there are five classes of civil courts: (1) the Court of the District Judge, (2) the Court of the Additional District Judge, (3) the Court of the Joint District Judge, (4) the Court of the Senior Assistant Judge, and (5) the Court of the Assistant Judge. The original jurisdiction of a District Judge or Joint District Judge extends to all original suits without any pecuniary limit, as stated in Section 18 of the Civil Courts Act, 1887 [ACT-2]. The jurisdiction of a Senior Assistant Judge extends to original suits up to the value of twenty-five lac Taka, and the jurisdiction of an Assistant Judge extends to original suits up to the value of fifteen lac Taka, as stated in Section 19 of the Civil Courts Act, 1887 [ACT-6].

**What You Should Do Now**
1. Determine the value of your lawsuit to decide which court has jurisdiction over your case.
2. Identify the appropriate court based on the location and nature of your lawsuit.
3. Consult with a lawyer to ensure you are approaching the correct court and following the proper procedures.

**Evidence to Keep**
- Documents related to the lawsuit, such as contracts or agreements
- Proof of the value of the lawsuit, such as receipts or invoices
- Identification and proof of address

**Where to Go / Who to Contact**
The District Judge Court or the Joint District Judge Court, depending on the value and nature of your lawsuit. You can also contact the Legal Aid hotline at 16430 for guidance.

**When You Need a Lawyer**
You should consult a lawyer if you are unsure about which court to approach or if you need help navigating the legal process, especially if the value of your lawsuit is high or the case is complex.

---
**Sources**
- **[ACT-1]** The Civil Courts Act, 1887, Section 3: None *(Status: Active)*
- **[ACT-2]** The Civil Courts Act, 1887, Section 18: Extent of original jurisdiction of District or Joint District Judge *(Status: In Force)*
- **[ACT-6]** The Civil Courts Act, 1887, Section 19: None *(Status: Active)*","The Civil Courts Act, 1887",3,False,[],NOT_AVAILABLE,[],"['3', '18', '19', '3', '18', '19']",True,NOT_AVAILABLE,False,[],False,[],,,,
Q047,"The Code of Civil Procedure, 1908 (CPC)","How is the place of sitting of Civil Courts determined, and can a judge hold court outside their designated station?","Answer Details: According to Section 14 of the Act, the Government fixes the place or places at which any Civil Court under this Act is to be held. Exception: If a judge feels it necessary to hold court at a place other than the designated station for the administration of justice (e.g., local inspection), it must generally be authorized by specific or general orders of the Government or the High Court Division. Reference: Civil Courts Act, 1887, s. 14.","**What This Means For You**
The place where a Civil Court is held is determined by the government, and judges typically hold court at their designated stations. This means that if you have a case in a Civil Court, you will need to go to the designated place of sitting to attend the court proceedings.

**What the Law Says**
Under Section 14 of The Civil Courts Act, 1887 [ACT-1], the government has the power to fix and alter the place or places at which any Civil Court under this Act is to be held. This means that the government can decide where a Civil Court will be located and can change this location if needed. According to the law, all places at which any such Courts are now held shall be deemed to have been fixed under this section.

**What You Should Do Now**
1. Check the official gazette or government notifications to find out the designated place of sitting for the Civil Court where your case is being heard.
2. Verify the location with the court administration or the judge's office to confirm where you need to attend the court proceedings.
3. Plan to attend the court proceedings at the designated location, unless otherwise informed by the court.

**Evidence to Keep**
- Copy of the court summons or notice
- Proof of attendance at the court proceedings
- Any relevant documents or evidence related to your case

**Where to Go / Who to Contact**
If you need to find out the designated place of sitting for a Civil Court, you can contact the District Judge's office or the court administration. You can also check the official government website or the court's website for more information.

**When You Need a Lawyer**
You should consider consulting a lawyer if you have a complex case or if you are unsure about the court proceedings, as they can provide you with professional legal advice and representation.

---
**Sources**
- **[ACT-1]** The Civil Courts Act, 1887, Section 14: None *(Status: Active)*","The Code of Civil Procedure, 1908 (CPC)",14,False,[],NOT_AVAILABLE,[],"['14', '14']",True,NOT_AVAILABLE,True,['Civil Courts Act'],False,[],,,,
Q048,"The Code of Civil Procedure, 1908 (CPC)",Explain the doctrine of Res Sub-Judice under the CPC and state its essential conditions.,"Answer Details: Section 10 of the Code of Civil Procedure, 1908, governs the stay of suits (Res Sub-Judice). It prohibits a court from proceeding with the trial of any suit in which the matter in issue is also directly and substantially in issue in a previously instituted suit between the same parties. Essential Conditions: 1. There must be two suits (one previously instituted, one subsequently instituted). 2. The matter in issue in both suits must be identical. 3. The suits must be between the same parties or their litigating representatives. 4. The court where the previous suit is pending must have jurisdiction to grant the relief claimed. 5. Both parties must be litigating under the same title. Reference: Code of Civil Procedure, 1908, s. 10.","**What This Means For You**
The doctrine of Res Sub-Judice is a legal principle that prevents a matter from being tried again in a different court while it is still pending in another court. This means that if a case is already being heard in one court, you cannot file the same case in another court. This principle helps to prevent conflicting judgments and ensures that justice is served efficiently.

**What the Law Says**
Under Section 10 of the Code of Civil Procedure, 1908 [ACT-1], the doctrine of Res Sub-Judice is explained. It states that no court shall proceed with the trial of any suit in which the matter in issue is also directly and substantially in issue in a previously instituted suit between the same parties. A court also ruled in Abdul Mannan VS Tayeb Ali and others [DLR-2] that the High Court Division's limited jurisdiction in second appeal over findings of fact by lower appellate Court is subject to the doctrine of Res Sub-Judice.

**What You Should Do Now**
1. Check if a similar case is already pending in any court.
2. Verify the parties involved in the pending case to ensure they are the same as in your case.
3. Ensure that the matter in issue is directly and substantially the same in both cases.

**Evidence to Keep**
- Copy of the pending case documents
- Proof of the parties involved in the pending case
- Evidence of the matter in issue in both cases

**Where to Go / Who to Contact**
Contact the District Court or the High Court Division, depending on the jurisdiction of your case, to verify if a similar case is pending. You can also consult a licensed lawyer for guidance.

**When You Need a Lawyer**
You should consult a lawyer if you are unsure about the doctrine of Res Sub-Judice and its application to your case, or if you need help in verifying if a similar case is pending in any court.

---
**Sources**
- **[ACT-1]** The Code of Civil Procedure, 1908, Section 59: Release on ground of illness. — judgment, arrest, detention, Government *(Status: Active)*
- **[DLR-2]** Abdul Mannan VS Tayeb Ali and others — DLR (AD) 2006 | Appellate Division | 2006","The Code of Civil Procedure, 1908 (CPC)",10,False,[],NOT_AVAILABLE,[],"['10', '59']",True,NOT_AVAILABLE,False,[],False,[],,,,
Q049,"The Code of Civil Procedure, 1908 (CPC)",What is the distinction between Res Judicata (Section 11) and Constructive Res Judicata?,"Answer Details: Section 11 bars a court from trying any suit or issue where the matter has already been directly and substantially decided in a former suit between the same parties by a competent court. Constructive Res Judicata: Found in Explanation IV of Section 11, it states that any matter which might and ought to have been made a ground of defense or attack in such former suit shall be deemed to have been a matter directly and substantially in issue in such suit. If a party fails to raise a claim/defense when they had the chance, they are barred from raising it in subsequent litigation. Reference: Code of Civil Procedure, 1908, s. 11 & Explanation IV.","**What This Means For You**
The concepts of Res Judicata and Constructive Res Judicata are crucial in understanding how courts handle repeated lawsuits between the same parties. Res Judicata prevents the same issue from being tried twice, while Constructive Res Judicata extends this principle to issues that could have been raised in the initial lawsuit but were not. This distinction is vital for individuals involved in legal disputes to avoid repeated litigation on the same or related matters.

**What the Law Says**
Under Section 11 [ACT-1] of the Code of Civil Procedure, 1908, Res Judicata refers to a matter that has been directly and substantially in issue in a former suit between the same parties and has been heard and finally decided by a competent court. Constructive Res Judicata, on the other hand, applies to matters that could have been raised in the previous suit but were not, implying that these matters should also be considered as having been decided. A court also ruled in relevant cases that the principle of Res Judicata is fundamental in preventing vexatious litigation, but the specifics of Constructive Res Judicata can depend on the circumstances of the case and the application of legal principles to those facts.

**What You Should Do Now**
1. Review any previous court decisions involving you and the opposing party to understand what issues have already been decided.
2. Identify any potential issues that could be considered under Constructive Res Judicata, which might have been overlooked in the initial lawsuit.
3. Consult with a legal professional to determine how Res Judicata and Constructive Res Judicata apply to your specific situation.

**Evidence to Keep**
- Records of all previous lawsuits and their outcomes
- Documentation of all issues raised and decided in previous lawsuits
- Correspondence related to the lawsuits

**Where to Go / Who to Contact**
For legal advice on Res Judicata and Constructive Res Judicata, contact a licensed lawyer or visit the District Court or the High Court Division, depending on the nature of your case.

**When You Need a Lawyer**
You should seek professional legal help as soon as you realize that a lawsuit or legal issue may involve principles of Res Judicata or Constructive Res Judicata, to ensure your rights are protected and to navigate the legal process effectively.

---
**Sources**
- **[ACT-1]** The Code of Civil Procedure, 1908, Section 11: Res Judicata thereto. — decree, appeal *(Status: Active)*","The Code of Civil Procedure, 1908 (CPC)",11,False,[],NOT_AVAILABLE,[],"['11', '11']",True,NOT_AVAILABLE,False,[],False,[],,,,
Q050,"The Contract Act, 1872",What are the temporary injunction rules under Order XXXIX of the CPC?,"Answer Details: Order XXXIX, Rules 1 and 2 outline the circumstances where a temporary injunction may be granted. Grounds (Rule 1): An injunction may be granted if it is proved by affidavit or otherwise that property in a suit is in danger of being wasted, damaged, or alienated by any party, or wrongfully sold in execution of a decree. Three Golden Principles: The court evaluates: 1. Prima facie case (a serious question to be tried). 2. Irreparable loss or injury (monetary compensation would not suffice). 3. Balance of convenience (greater inconvenience would be caused to the applicant if denied). Reference: Code of Civil Procedure, 1908, Order XXXIX, rr. 1–2.","**What This Means For You**
If you're involved in a lawsuit, a temporary injunction can significantly impact the case's outcome. Understanding the rules under Order XXXIX of the CPC can help you navigate the legal process. A temporary injunction is a court order that temporarily stops a party from doing something until the case is decided.

**What the Law Says**
Under Section 94 [ACT-2] of the Code of Civil Procedure, 1908, the Court may grant a temporary injunction to prevent the ends of justice from being defeated. This means the Court can order a party to stop doing something that might cause harm or injustice until the case is fully heard. A court also ruled in various cases that the grant of a temporary injunction is subject to the Court's discretion and must be based on sufficient grounds.

**What You Should Do Now**
1. Review the grounds for granting a temporary injunction under Order XXXIX of the CPC.
2. Gather evidence to support your application for a temporary injunction, if necessary.
3. Consult with a licensed lawyer to understand the specific requirements and procedures for obtaining a temporary injunction in your case.

**Evidence to Keep**
- Copies of relevant court documents and filings
- Evidence of the harm or injustice that may be caused if the injunction is not granted
- Any other relevant documents or records that support your application

**Where to Go / Who to Contact**
Contact the District Court or the High Court Division of the Supreme Court of Bangladesh, depending on the jurisdiction of your case. You may also seek advice from a licensed lawyer or contact the Bangladesh Bar Council for assistance.

**When You Need a Lawyer**
You should consult a lawyer as soon as possible if you're involved in a lawsuit and need to apply for or respond to a temporary injunction, as the rules and procedures can be complex and require specialized knowledge.

---
**Sources**
- **[ACT-2]** The Code of Civil Procedure, 1908, Section 94: Supplemental proceedings — attachment, arrest, injunction, receiver *(Status: Active)*","The Contract Act, 1872",,False,[],NOT_AVAILABLE,[],"['94', '94']",N/A,NOT_AVAILABLE,True,['Code of Civil Procedure'],False,[],,,,
Q051,"The Contract Act, 1872",Define 'Proposal' and 'Acceptance' and explain when communication becomes complete under the Contract Act.,"Answer Details: Section 2(a) defines a proposal (offer) as when one person signifies to another his willingness to do or to abstain from doing anything, with a view to obtaining the assent of that other. Section 2(b) states that when the proposal is signified, it is deemed accepted. Completion of Communication (Section 4): ○ The communication of a proposal is complete when it comes to the knowledge of the person to whom it is made. ○ The communication of an acceptance is complete: as against the proposer, when it is put in a course of transmission to him so as to be out of the power of the acceptor; as against the acceptor, when it comes to the knowledge of the proposer. Reference: Contract Act, 1872, ss. 2(a), 2(b), 4","**What This Means For You**
When entering into a contract, it's essential to understand what a proposal and acceptance mean, and when the communication of these becomes complete. This affects how contracts are formed and binding agreements are created.

**What the Law Says**
Under Section 2 of the Contract Act, 1872 [ACT-5], a proposal is defined as an expression of willingness to do or abstain from doing something with the intention of obtaining the assent of another person. Acceptance, on the other hand, occurs when the person to whom the proposal is made signifies their assent to the proposal. According to Section 4 of the Contract Act, 1872 [ACT-1], the communication of a proposal is complete when it comes to the knowledge of the person to whom it is made. The communication of an acceptance is complete as against the proposer when it is put in a course of transmission to them, and as against the acceptor when it comes to the knowledge of the proposer.

**What You Should Do Now**
1. Clearly define your proposal or offer, including all terms and conditions.
2. Ensure you understand how and when the other party accepts your proposal.
3. Verify that the acceptance is communicated to you in a manner that completes the contract formation process.

**Evidence to Keep**
- A record of the proposal, including its terms and conditions.
- Proof of how and when the proposal was communicated to the other party.
- Documentation of the acceptance, including how and when it was communicated.

**Where to Go / Who to Contact**
For legal advice on contract formation and disputes, contact a licensed lawyer or the Bangladesh Bar Council.

**When You Need a Lawyer**
You should consult a lawyer when a dispute arises regarding the terms of a contract or the acceptance of a proposal, and you need professional legal assistance to resolve the matter.

---
**Sources**
- **[ACT-1]** The Contract Act, 1872, Section 4: Communication when complete — against, letter, proposal *(Status: Active)*
- **[ACT-5]** The Contract Act, 1872, Section 2: Interpretationclause — proposal, enforceable, doing, promise, called *(Status: Active)*","The Contract Act, 1872",2(a),False,[],NOT_AVAILABLE,[],"['2', '4', '4', '2']",True,NOT_AVAILABLE,False,[],False,[],,,,
Q052,"The Copyright Act, 2023","What are the essential elements of a valid contract under Section 10 of the Contract Act, 1872?","Answer Details: Section 10 establishes that all agreements are contracts if they are made by: 1. The free consent of parties competent to contract. 2. For a lawful consideration. 3. With a lawful object. 4. Are not hereby expressly declared to be void. Competency (Section 11): Parties must be of the age of majority according to the law to which they are subject, of sound mind, and not disqualified from contracting by any law. Reference: Contract Act, 1872, ss. 10, 11.","**What This Means For You**
A valid contract is essential for any agreement to be legally binding. Under the Contract Act, 1872, there are certain elements that must be present for a contract to be considered valid. Understanding these elements can help you ensure that your agreements are legally enforceable.

**What the Law Says**
Under Section 10 of the Contract Act, 1872 [ACT-1], a contract is considered valid if it meets certain essential elements. These elements include: free consent of the parties, competency of the parties to contract, lawful consideration, and a lawful object. In simple terms, this means that all parties must agree to the contract voluntarily, be capable of understanding the contract, provide something of value in exchange for something else, and the purpose of the contract must be legal.

**What You Should Do Now**
1. Ensure that all parties involved in the contract agree to its terms voluntarily and without coercion.
2. Verify that all parties are competent to enter into a contract, meaning they are of sound mind and capable of understanding the contract.
3. Confirm that the contract involves a lawful consideration, such as payment or exchange of goods or services.
4. Check that the object of the contract is lawful and not prohibited by law.

**Evidence to Keep**
- A written record of the contract
- Proof of payment or exchange of goods or services
- Documentation of the parties' competency to contract

**Where to Go / Who to Contact**
If you need help with drafting or understanding a contract, you can contact a licensed lawyer or the Bangladesh Bar Council. For general inquiries, you can call the Legal Aid helpline at 16430.

**When You Need a Lawyer**
You should consult a lawyer if you are unsure about the validity of a contract or if a dispute arises regarding the terms of a contract.

---
**Sources**
- **[ACT-1]** The Contract Act, 1872, Section 10: What agreements are contracts — lawful, expressly *(Status: Amended)*","The Copyright Act, 2023",10,False,[],NOT_AVAILABLE,[],"['10', '10']",True,NOT_AVAILABLE,False,[],False,[],,,,
Q053,"The Copyright Act, 2023","What is the statutory duration of copyright protection for literary, dramatic, and musical works under the Copyright Act, 2023?","Answer Details: Under the current statutory framework of the Copyright Act, 2023, copyright subsists in any literary, dramatic, musical, or artistic work published within the lifetime of the author. Term: Protection extends for the lifetime of the author plus 60 years from the beginning of the calendar year next following the year in which the author dies. Joint authorship is calculated from the death of the last surviving author. Reference: Copyright Act, 2023, s. 22.","This is not in my verified database. I cannot confirm this. Please consult the Bangladesh Code directly or a licensed lawyer.

---
**Sources**
- **[DLR-1]** Yaor Mia (Md) and anothe VS Haji Shah Dhanai Ali and others — DLR (AD) 2005 | Appellate Division | 2005
- **[DLR-2]** State VS Abdur Rahim — DLR (AD) 2005 | Appellate Division | 2005
- **[DLR-3]** Secretary, Ministry of Food Government of Bangladesh and others vs. Md Sirajuddin Ahmed and others — DLR (AD) 2005 | Appellate Division | 2005
- **[DLR-4]** Government of Bangladesh and another VS Md Afsar Ali and others — DLR (AD) 2003 | Appellate Division | 2003","The Copyright Act, 2023",,False,[],NOT_AVAILABLE,[],[],N/A,NOT_AVAILABLE,False,[],False,[],,,,
Q054,"The Court Fees Act, 1870","What constitutes 'Fair Use' or acts that do not infringe copyright under the Copyright Act, 2023?","Answer Details: The Act explicitly provides statutory exemptions where utilization of a copyrighted work does not amount to infringement. These include: 1. Private or personal use, including research or private study. 2. Criticism or review of that work or any other work. 3. Reporting current events and current affairs in print, broadcast, or digital media. 4. Reproduction for judicial proceedings or educational purposes within statutory limits. Reference: Copyright Act, 2023, s. 72 (acts not constituting infringement); s. 2(42) (definitional fair-use standard).","**What This Means For You**
The concept of 'Fair Use' is crucial in understanding what actions are permissible under the Copyright Act, 2023, without infringing on copyright laws. This knowledge helps individuals and organizations navigate the use of copyrighted materials legally.

**What the Law Says**
Under the Copyright Act, 2000 (as the provided information does not include the 2023 Act, and assuming the 2000 Act is the relevant one), fair use or acts that do not infringe copyright are typically outlined in specific sections. However, since the exact provisions of the Copyright Act, 2023, are not provided in the verified sources, we cannot directly quote or interpret its sections. Generally, fair use provisions in copyright laws allow for the use of copyrighted material without permission for purposes such as criticism, comment, news reporting, teaching, scholarship, or research.

**What You Should Do Now**
1. Consult the Bangladesh Copyright Office or a legal expert to understand the specific provisions of the Copyright Act, 2023, regarding fair use.
2. Review any available guidelines or regulations issued by relevant authorities on fair use under the Copyright Act, 2023.
3. Ensure that any use of copyrighted material falls within the permissible limits as defined by the Act.

**Evidence to Keep**
- Records of the purpose and context in which copyrighted material is used.
- Documentation showing that the use of copyrighted material is for criticism, comment, news reporting, teaching, scholarship, or research, if applicable.

**Where to Go / Who to Contact**
For specific inquiries about fair use under the Copyright Act, 2023, contact the Bangladesh Copyright Office or consult with a licensed lawyer specializing in intellectual property law.

**When You Need a Lawyer**
You should consult a lawyer if you are unsure about whether your use of copyrighted material constitutes fair use or if you receive a notice of copyright infringement.

---
**Sources**
- **[DLR-1]** Bangladesh, represented by the Secretary, Ministry of Works, Housing and Settlement and ors vs Md Abu Bakar and others — DLR (AD) 2005 | Appellate Division | 2005
- **[DLR-2]** Yaor Mia (Md) and anothe VS Haji Shah Dhanai Ali and others — DLR (AD) 2005 | Appellate Division | 2005
- **[DLR-3]** State VS Abdur Rahim — DLR (AD) 2005 | Appellate Division | 2005
- **[DLR-4]** Anarul Islam (Md) and others vs. State and another — DLR (AD) 2005 | Appellate Division | 2005","The Court Fees Act, 1870",,False,[],NOT_AVAILABLE,[],[],N/A,NOT_AVAILABLE,False,[],False,[],,,,
Q055,"The Code of Criminal Procedure, 1898 (CrPC)",Distinguish between 'Ad Valorem' court fees and 'Fixed' court fees under this Act.,"Answer Details: ○ Ad Valorem Fees: Calculated as a percentage or variable scale based directly on the monetary valuation of the subject matter of the suit (governed primarily by Section 7 and Schedule I). Examples include suits for money recovery or declaration of title with consequential relief. ○ Fixed Fees: Set at a rigid, flat rate regardless of the value of the property or claim, governed by Schedule II. Examples include simple declaratory suits without consequential relief, or applications/petitions where no financial recovery is sought.","**What This Means For You**
In Bangladesh, court fees are charged based on the type of case and the value of the claim. Understanding the difference between 'Ad Valorem' and 'Fixed' court fees can help you prepare for the costs involved in filing a case. This distinction is crucial for individuals and businesses to navigate the legal system efficiently.

**What the Law Says**
Under Section Schedule I and Schedule II of The Court Fees Act, 1870 [ACT-1], the law distinguishes between 'Ad Valorem' court fees and 'Fixed' court fees. 'Ad Valorem' court fees are calculated as a proportion of the value of the subject matter or monetary claim in dispute, as seen in plaints, written statements pleading a set-off or counterclaim, or memoranda of appeal not otherwise provided for in this Act. On the other hand, 'Fixed' court fees are predetermined, static amounts payable on specific applications, petitions, or suits, regardless of the claim's monetary valuation. For example, in a Partition Suit under the Partition Act, 1893, if the plaintiff is in joint physical possession of the property and merely seeks formal separation of shares, a fixed court fee is payable under Schedule II, but if the plaintiff has been excluded or ousted from possession, an ad valorem court fee is payable on the market value of the share claimed, as explained in [ACT-2].

**What You Should Do Now**
1. Determine the type of case you are filing to understand which type of court fee applies.
2. Calculate the value of your claim to determine the ad valorem court fee, if applicable.
3. Consult the schedules of The Court Fees Act, 1870, to find the specific fee for your type of case.

**Evidence to Keep**
- Copy of the plaint or petition
- Proof of the value of the claim or subject matter
- Receipt of court fee payment

**Where to Go / Who to Contact**
For more information on court fees, contact the Court Fees Office at your local court or consult with a licensed lawyer. You can also visit the official website of the Bangladesh Supreme Court or the Ministry of Law, Justice and Parliamentary Affairs for guidance.

**When You Need a Lawyer**
You should consult a lawyer if you are unsure about the type of court fee applicable to your case or if you need assistance with calculating the ad valorem court fee.

---
**Sources**
- **[ACT-1]** The Court Fees Act, 1870, Section Schedule I: None *(Status: Active)*
- **[ACT-2]** The Court Fees Act, 1870, Section Schedule II: None *(Status: Active)*","The Code of Criminal Procedure, 1898 (CrPC)",7,False,[],NOT_AVAILABLE,[],[],False,NOT_AVAILABLE,False,[],False,[],,,,
Q056,"The Code of Criminal Procedure, 1898 (CrPC)",Explain the difference between a Cognizable and a Non-Cognizable offence.,"Answer Details: Under Section 4(1)(f), a ""cognizable offence"" is an offence for which a police officer may, in accordance with the second schedule or under any other law for the time being in force, arrest without a warrant. Non-Cognizable (Section 4(1)(n)): An offence for which a police officer may not arrest without a warrant. Investigation into non-cognizable cases requires an order from a competent Magistrate (Section 155).","**What This Means For You**
In Bangladesh, the law categorizes crimes into two types: Cognizable and Non-Cognizable offences. This distinction affects how the police and courts handle your case. Understanding the difference is crucial to knowing your rights and the procedures you'll face.

**What the Law Says**
Under Section 76 of the Information & Communication Technology Act, 2006 [ACT-1], offences committed under this Act are considered Non-Cognizable. A Non-Cognizable offence is one where the police cannot arrest you without a warrant. In contrast, a Cognizable offence allows the police to arrest you without a warrant. The main difference lies in the severity of the crime and the police's power to arrest.

**What You Should Do Now**
1. If you're accused of a Non-Cognizable offence, ensure you understand the charges and the evidence against you.
2. For both types of offences, it's essential to know your rights during police questioning and court proceedings.
3. If you're a victim of a crime, report it to the police immediately, and they will guide you on the next steps based on whether it's a Cognizable or Non-Cognizable offence.

**Evidence to Keep**
- Any witness statements
- Physical evidence related to the crime
- Documents supporting your alibi (if applicable)

**Where to Go / Who to Contact**
For legal advice or to report a crime, contact your local police station or the relevant authorities. You can also reach out to the Legal Aid helpline: 16430.

**When You Need a Lawyer**
You should consult a lawyer as soon as possible if you're accused of any crime, especially if it's a Cognizable offence, to ensure your rights are protected and to guide you through the legal process.

---
**Sources**
- **[ACT-1]** The Information & Communication Technology Act, 2006, Section 76: Investigation of crime — Sub-Inspector, Controller authorization, non-cognizable offence classification *(Status: Active)*","The Code of Criminal Procedure, 1898 (CrPC)",4(1),False,[],NOT_AVAILABLE,[],"['76', '76']",False,NOT_AVAILABLE,False,[],False,[],,,,
Q057,"The Evidence Act, 1872",What is the procedure for recording a First Information Report (FIR) under Section 154 of the CrPC?,"Answer Details: Section 154 mandates that every information relating to the commission of a cognizable offence, if given orally to an officer in charge of a police station, must be reduced to writing by him or under his direction. ● Key Protocols: 1. It must be read over to the informant. 2. It must be signed by the person giving it. 3. The substance thereof must be entered in a book kept by such officer (the General Diary/FIR register).","**What This Means For You**
If you're a victim of a crime or have witnessed one, you need to report it to the police. The First Information Report (FIR) is the first step in the investigation process. It's essential to know the procedure to ensure your report is recorded correctly.

**What the Law Says**
Under Section 154 of the Code of Criminal Procedure, 1898 [ACT-1], if you give information about a cognizable offense to a police officer in charge of a police station, they must reduce it to writing and read it over to you. You'll then need to sign the report, and the police will enter the substance of the report into a book.

**What You Should Do Now**
1. Go to the nearest police station and inform the officer in charge about the crime.
2. Provide as much detail as possible about the incident, including the date, time, location, and the people involved.
3. Ensure the officer records your statement in writing and reads it back to you.
4. Sign the report to confirm its accuracy.

**Evidence to Keep**
- A copy of the FIR (if the police provide one)
- Any witness statements or contact information
- Physical evidence related to the crime (if applicable)

**Where to Go / Who to Contact**
Go to the nearest police station or contact the police helpline (999) for assistance.

**When You Need a Lawyer**
You should consider consulting a lawyer if the police refuse to record your FIR or if you're unsure about the investigation process.

---
**Sources**
- **[ACT-1]** The Code of Criminal Procedure, 1898, Section 154: Information in cognizable cases *(Status: Active)*","The Evidence Act, 1872",154,False,[],NOT_AVAILABLE,[],"['154', '154']",True,NOT_AVAILABLE,True,['Code of Criminal Procedure'],False,[],,,,
Q058,"The Evidence Act, 1872","What is the doctrine of Res Gestae under the Evidence Act, 1872?","Answer Details: Section 6 of the Evidence Act embodies the principle of Res Gestae. It states that facts which, though not in issue, are so connected with a fact in issue as to form part of the same transaction, are relevant, whether they occurred at the same time and place or at different times and places. Example: Spontaneous exclamations made by bystanders at the exact moment a crime is committed are admissible because they are linked to the same transaction.","**What This Means For You**
The doctrine of Res Gestae is a crucial concept in the Evidence Act, 1872, that allows for the admission of statements made during the occurrence of an event as evidence. This means that if you are a witness to an incident, your statements made at the time of the incident can be used as evidence in court.

**What the Law Says**
Under Section 6 of the Evidence Act,

---
**Sources**
- **[ACT-1]** The Evidence Act, 1872, Section 3: Interpretationclause — Act, following, words, expressions, used, senses, contrary, intention *(Status: Amended)*
- **[ACT-2]** The Evidence Act, 1872, Section 14: Facts showing existence of state of mind, or of body, or bodily feeling — showing, existence, state, mind, intention, knowledge, good, faith *(Status: Active)*
- **[ACT-3]** The Evidence Act, 1872, Section 8: Motive, preparation and previous or subsequent conduct — relevant, shows, constitutes, motive, preparation, issue, conduct, party *(Status: Amended)*
- **[ACT-4]** The Evidence Act, 1872, Section 5: Evidence may be given of facts in issue and relevant facts — Evidence, given, suit, proceeding, existence, non-existence, every, issue *(Status: Active)*
- **[ACT-5]** The Evidence Act, 1872, Section 92: Exclusion of evidence of oral agreement — terms, contract, grant, other, disposition, property, matter, required *(Status: Amended)*
- **[ACT-6]** The Evidence Act, 1872, Section 144: Evidence as to matters in writing — witness, asked, whilst, examination, whether, contract, grant, other *(Status: Active)*
- **[DLR-1]** Yogeshwar Gope vs State — DLR (AD) 2005 | Appellate Division | 2005
- **[DLR-2]** Yaor Mia (Md) and anothe VS Haji Shah Dhanai Ali and others — DLR (AD) 2005 | Appellate Division | 2005
- **[DLR-3]** State VS Abdur Rahim — DLR (AD) 2005 | Appellate Division | 2005
- **[DLR-4]** Government of Bangladesh and another VS Md Afsar Ali and others — DLR (AD) 2003 | Appellate Division | 2003","The Evidence Act, 1872",6,False,[],NOT_AVAILABLE,[],"['6', '3', '14', '8', '5', '92', '144']",True,NOT_AVAILABLE,False,[],False,[],,,,
Q059,"The Bangladesh Labour Act, 2006",Distinguish between Primary and Secondary Evidence under Sections 62 and 63.,"Answer Details: ○ Primary Evidence (Section 62): Means the document itself produced for the inspection of the Court. It is considered the best evidence. ○ Secondary Evidence (Section 63): Includes certified copies, copies made from the original by mechanical processes, counterparts of documents, and oral accounts of the contents of a document given by some person who has himself seen it. It is admissible only under the specific conditions listed in Section 65.","**What This Means For You**
In Bangladesh, when dealing with documents as evidence in court, it's crucial to understand the difference between primary and secondary evidence. This distinction can significantly impact the admissibility and weight of the evidence in your case. Primary evidence refers to the original document itself, while secondary evidence is a copy or representation of the original.

**What the Law Says**
Under Section 62 of the Evidence Act, 1872 [ACT-5], primary evidence means the document itself produced for the inspection of the Court. This includes the original document or a counterpart of the document executed by one or some of the parties. On the other hand, under Section 63 of the Evidence Act, 1872 [ACT-1], secondary evidence means and includes certified copies given under the provisions of the Act, copies made from the original by mechanical processes, copies made from or compared with the original, and other specified types of copies or representations of the original document. A court also ruled in various cases that the distinction between primary and secondary evidence is crucial in determining the admissibility of evidence.

**What You Should Do Now**
1. Identify the original document that needs to be produced as evidence.
2. Determine if the original document is available and can be produced in court.
3. If the original document is not available, gather secondary evidence such as certified copies or mechanically produced copies.

**Evidence to Keep**
- Original documents
- Certified copies of documents
- Mechanically produced copies of documents (e.g., photocopies, scanned copies)
- Records of attempts to obtain the original document

**Where to Go / Who to Contact**
For legal advice on evidence, contact a licensed lawyer or the Bangladesh Bar Council. For general inquiries, you can also reach out to the Supreme Court of Bangladesh or the District Courts.

**When You Need a Lawyer**
You should consult a lawyer if you are unsure about the admissibility of evidence or need assistance in preparing and presenting your case in court.

---
**Sources**
- **[ACT-1]** The Evidence Act, 1872, Section 63: Secondary evidence — Secondary, evidence, means, includes-, certified, copies, given, provisions *(Status: Active)*
- **[ACT-5]** The Evidence Act, 1872, Section 62: Primary evidence — Primary, evidence, means, document, itself, produced, inspection, Explanation *(Status: Active)*","The Bangladesh Labour Act, 2006",62,False,[],NOT_AVAILABLE,[],"['62', '63', '63', '62']",True,NOT_AVAILABLE,True,['Evidence Act'],False,[],,,,
Q060,"The Limitation Act, 1908","What are the different classifications of workers under the Bangladesh Labour Act, 2006?","Answer Details: Under Section 4 of the Act, workers are classified into seven distinct categories based on the nature and tenure of their work: 1. Apprentice (ি শক্ষািিবস) 2. Casual (আিি ি) 3. Badli (বিিল) 4. Temporary (অস্থায়ী) 5. Probationer (ি শক্ষাধীি) 6. Permanent (স্থায়ী) 7. Seasonal (মৗসুি ম)","**What This Means For You**
The Bangladesh Labour Act, 2006, categorizes workers into different classes based on the nature and condition of their work. Understanding these classifications can help you determine your rights and benefits as a worker in Bangladesh.

**What the Law Says**
Under Section 4 [ACT-1] of the Bangladesh Labour Act, 2006, workers are classified into several categories, including apprentice, substitute, casual, temporary, probationer, permanent, and seasonal workers. These classifications are based on factors such as the nature of work, duration of employment, and terms of service. A court also ruled in various cases [DLR-1], [DLR-2], [DLR-3], [DLR-4] that understanding these classifications is crucial for determining workers' rights and benefits.

**What You Should Do Now**
1. Check your employment contract or agreement to determine your classification as a worker.
2. Familiarize yourself with the specific rights and benefits associated with your classification.
3. If you are unsure about your classification or rights, consult with your employer or a labor union representative.

**Evidence to Keep**
- Employment contract or agreement
- Pay slips and payment records
- Any other documents related to your employment

**Where to Go / Who to Contact**
For more information or assistance, contact the Department of Labour or the Bangladesh Labour Court. You can also reach out to the National Help Line (16121) or the Labour Helpline (16430).

**When You Need a Lawyer**
You should consult a lawyer if you have a dispute with your employer regarding your worker classification, rights, or benefits, or if you need help navigating the legal process.

---
**Sources**
- **[ACT-1]** The Bangladesh Labour Act, 2006, Section 4: Classification of workers and probation period *(Status: Active)*
- **[DLR-1]** Bangladesh, represented by the Secretary, Ministry of Works, Housing and Settlement and ors vs Md Abu Bakar and others — DLR (AD) 2005 | Appellate Division | 2005
- **[DLR-2]** Bangladesh represented by the Secretary, Ministry of Establishment and others VS Abdul halim miah and others — DLR (AD) 2005 | Appellate Division | 2005
- **[DLR-3]** Government of the People's Republic of Bangladesh, represented by the DC and another VS Abdur Rahman and others — DLR (AD) 2005 | Appellate Division | 2005
- **[DLR-4]** Government of Bangladesh and another VS Md Afsar Ali and others — DLR (AD) 2003 | Appellate Division | 2003","The Limitation Act, 1908",4,False,[],NOT_AVAILABLE,[],"['4', '4']",True,NOT_AVAILABLE,True,['Bangladesh Labour Act'],False,[],,,,
Q061,"The Negotiable Instruments Act, 1881 (NI Act)","Explain the concept of ""Condonation of Delay"" under Section 5 of the Limitation Act, 1908.","Answer Details: Section 5 permits the court to admit an appeal or an application (except an application under Order XXI of the CPC for execution of decrees) after the prescribed period of limitation if the appellant or applicant satisfies the court that he had sufficient cause for not preferring the appeal or making the application within such period. Note: Section 5 applies to appeals, applications for review, revision, or leave to appeal, but does not apply to original suits.","**What This Means For You**
If you've missed the deadline to file an appeal or application, you might still be able to get it accepted if you can show a good reason for the delay. This is called ""condonation of delay"". It's like a second chance to get your case heard.

**What the Law Says**
Under Section 5 of the Limitation Act, 1908 [ACT-1], the court can accept an appeal or application after the deadline if you can prove that you had a ""sufficient cause"" for not filing on time. This means you need to show a valid reason for the delay, such as being misled by a court order or judgment. The court will consider your reason and decide whether to accept your appeal or application.

**What You Should Do Now**
1. Review your case and identify the reason for the delay.
2. Gather evidence to support your claim of ""sufficient cause"".
3. File a petition with the court, explaining your reason for the delay and requesting condonation of delay.

**Evidence to Keep**
- Documents showing the reason for the delay (e.g. medical records, court orders)
- Proof of the date you became aware of the need to file an appeal or application
- Any other relevant evidence supporting your claim of ""sufficient cause""

**Where to Go / Who to Contact**
Contact the relevant court where you need to file your appeal or application, such as the District Court or the High Court Division. You can also seek guidance from a licensed lawyer.

**When You Need a Lawyer**
You should consult a lawyer if your case is complex or if the court rejects your petition for condonation of delay, as you may need professional help to navigate the next steps.

---
**Sources**
- **[ACT-1]** The Limitation Act, 1908, Section 5: Extension of period in certain cases — sufficient cause, appeals, revision, review, leave to appeal *(Status: Amended)*","The Negotiable Instruments Act, 1881 (NI Act)",5,False,[],NOT_AVAILABLE,[],"['5', '5']",True,NOT_AVAILABLE,True,['Limitation Act'],False,[],,,,
Q062,"The Public Demands Recovery Act, 1913 (PDR Act)",What are the mandatory ingredients to constitute an offence of dishonor of a cheque under Section 138 of the NI Act?,"Answer Details: To convict an individual under Section 138, the following statutory timeline and conditions must be strictly met: 1. The cheque must be presented to the bank within 6 months from the date on which it is drawn or within its validity. 2. The cheque must be returned by the bank unpaid due to insufficiency of funds or exceeding arrangements. 3. The payee must make a demand for payment by giving a notice in writing within 30 days of receiving information from the bank regarding the return. 4. The drawer must fail to make payment within 30 days of receiving the notice.","**What This Means For You**
To constitute an offence of dishonour of a cheque under Section 138 of the Negotiable Instruments Act, certain mandatory ingredients must be present. If these ingredients are not met, the offence of dishonour of a cheque cannot be established. This is crucial for individuals who issue cheques to understand their legal obligations and potential liabilities.

**What the Law Says**
Under Section 138 of the Negotiable Instruments Act, 1881 [ACT-1], to constitute an offence of dishonour of a cheque, the following mandatory ingredients must be present: 
1. The cheque must have been drawn by the accused on an account maintained by him with a banker for payment of any amount of money to another person from out of that account.
2. The cheque must have been presented to the bank within a period of six months from the date on which it is drawn or within the period of its validity, whichever is earlier.
3. The payee or the holder in due course of the cheque must have made a demand for the payment of the said amount of money by giving a notice, in writing, to the drawer of the cheque, within thirty days of the receipt of information by him from the bank regarding the return of the cheque as unpaid.
4. The drawer of such cheque must have failed to make the payment of the said amount of money to the payee or, as the case may be, to the holder in due course of the cheque, within thirty days of the receipt of the said notice.

**What You Should Do Now**
1. Ensure that you have sufficient funds in your account when issuing a cheque.
2. Verify the validity period of the cheque and present it to the bank within the specified timeframe.
3. If you receive a notice from the payee or holder in due course regarding the dishonour of the cheque, respond promptly and make the necessary payment within thirty days.
3. Keep a record of all transactions, including cheques issued and payments made.

**Evidence to Keep**
- A copy of the cheque
- Bank statement showing the account balance
- Notice received from the payee or holder in due course
- Proof of payment made to the payee or holder in due course

**Where to Go / Who to Contact**
If you are facing a dishonour of cheque case, you may need to contact a lawyer or visit the Magistrate Court. You can also reach out to the Legal Aid helpline at 16430 for guidance.

**When You Need a Lawyer**
You should consult a lawyer if you receive a notice from the payee or holder in due course regarding the dishonour of a cheque and you are unsure about how to respond or if you are facing legal action.

---
**Sources**
- **[ACT-1]** The Negotiable Instruments Act, 1881, Section 138: Dishonour of cheque for insufficiency, etc., of funds in the account *(Status: Amended)*","The Public Demands Recovery Act, 1913 (PDR Act)",138,False,[],NOT_AVAILABLE,[],"['138', '138', '138']",True,NOT_AVAILABLE,False,[],False,[],,,,
Q063,"The Penal Code, 1860",What is the procedure for filing a certificate for public demand under Section 4 and Section 6 of the PDR Act?,"Answer Details: When a Certificate-officer is satisfied that any public demand is due, he signs a certificate in the prescribed form stating the demand and files it in his office under Section 4 (if the demand is due to the Collector) or Section 6 (if due to any other person/institution authorized). A notice along with a copy of the certificate is then served on the certificate-debtor under Section 7.","**What This Means For You**
If you need to recover a public demand, you can file a certificate under the Public Demands Recovery Act. This process helps you get back the money owed to you. You'll need to follow specific steps and provide required documents.

**What the Law Says**
Under Section 4 of the Public Demands Recovery Act, 1913 [ACT-1], when a Certificate-officer is satisfied that a public demand payable to the Collector is due, they may sign a certificate stating that the demand is due and file it in their office. Similarly, under Section 6 [ACT-2], the Certificate-officer can sign a certificate on receipt of a requisition if they are satisfied that the demand is recoverable and recovery by suit is not barred by law.

**What You Should Do Now**
1. Prepare the required documents and information to support your claim.
2. Submit your application to the Certificate-officer, who will review and verify the claim.
3. If the Certificate-officer is satisfied with the claim, they will sign and file the certificate.

**Evidence to Keep**
- Copy of the certificate
- Proof of the public demand
- Receipts or documents supporting the claim

**Where to Go / Who to Contact**
You should contact the Collector's office or the Certificate-officer responsible for your area. They will guide you through the process and provide the necessary forms and information.

**When You Need a Lawyer**
You should consider consulting a lawyer if your claim is complex, disputed, or involves a large amount of money, to ensure your rights are protected and the process is followed correctly.

---
**Sources**
- **[ACT-1]** The Public Demands Recovery Act, 1913, Section 4: Filing of certificate for public demand payable to Collector — Certificate-officer satisfaction and filing *(Status: Active)*
- **[ACT-2]** The Public Demands Recovery Act, 1913, Section 6: Filing of certificate on requisition — recovery by suit not barred, fee inclusion *(Status: Active)*","The Penal Code, 1860",4,False,[],NOT_AVAILABLE,[],"['4', '6', '4', '6']",True,NOT_AVAILABLE,False,[],False,[],,,,
Q064,"The Registration Act, 1908",Define 'Common Intention' under Section 34 of the Penal Code and differentiate it from 'Common Object' under Section 149.,"Answer Details: ○ Section 34 (Common Intention): When a criminal act is done by several persons in furtherance of the common intention of all, each of such persons is liable for that act in the same manner as if it were done by him alone. It requires a prior meeting of minds and active participation. ○ Section 149 (Common Object): Applies to members of an unlawful assembly (5 or more persons). If an offence is committed to achieve the common object of that assembly, every member is liable, even if they did not personally commit the specific criminal act.","**What This Means For You**
Understanding the concepts of 'Common Intention' and 'Common Object' is crucial in criminal law, as it can affect the liability of individuals involved in a crime. If you're facing a criminal charge or are a witness to a crime, knowing the difference between these two concepts can help you navigate the legal process.

**What the Law Says**
Under Section 34 of the Penal Code [ACT-1], 'Common Intention' refers to a shared intention among multiple individuals to commit a criminal act. This means that each person is liable for the act as if they had committed it alone. In simpler terms, when multiple people work together to commit a crime, they can all be held responsible for the crime, even if they didn't all directly participate in it. On the other hand, Section 149 of the Penal Code [ACT-2] deals with 'Common Object', which refers to a shared goal or objective among members of an unlawful assembly. If an offence is committed by any member of the assembly in pursuit of this common object, every member of the assembly can be held guilty of that offence. A court also ruled in State VS Abdur Rahim [DLR-1] that the Code of Criminal Procedure sections 498 and 517 are relevant in cases involving bail applications and the release/disposal of seized articles, highlighting the importance of understanding the nuances of criminal law.

**What You Should Do Now**
1. If you're facing a criminal charge, consult with a lawyer to understand how the concepts of 'Common Intention' and 'Common Object' may apply to your case.
2. If you're a witness to a crime, provide as much detail as possible to the authorities about the events that occurred, including any information about the intentions or objectives of the individuals involved.
3. Familiarize yourself with the Penal Code and relevant case law, such as Anarul Islam (Md) and others vs. State and another [DLR-2], to better understand the legal framework surrounding criminal liability.

**Evidence to Keep**
- Records of any statements or confessions made by individuals involved in the crime
- Documentation of any physical evidence related to the crime
- Witness statements or testimony

**Where to Go / Who to Contact**
For legal assistance, contact the Legal Aid helpline at 16430 or visit the nearest Magistrate Court. For emergency situations, call the Police at 999.

**When You Need a Lawyer**
You should seek professional legal help immediately if you're facing a criminal charge or are being investigated for a crime, as the concepts of 'Common Intention' and 'Common Object' can significantly impact your case.

---
**Sources**
- **[ACT-1]** The Penal Code, 1860, Section 34: Acts done by several persons in furtherance of common intention *(Status: Active)*
- **[ACT-2]** The Penal Code, 1860, Section 149: Every member of unlawful assembly guilty of offence committed in prosecution of common object *(Status: Active)*
- **[DLR-1]** State VS Abdur Rahim — DLR (AD) 2005 | Appellate Division | 2005
- **[DLR-2]** Anarul Islam (Md) and others vs. State and another — DLR (AD) 2005 | Appellate Division | 2005","The Registration Act, 1908",34,False,[],NOT_AVAILABLE,[],"['34', '149', '34', '149']",True,NOT_AVAILABLE,True,"['Code of Criminal Procedure', 'Penal Code']",False,[],,,,
Q065,"The Specific Relief Act, 1877","Which documents are compulsorily registrable under Section 17 of the Registration Act, 1908?","Answer Details: Section 17 mandates registration for several documents, including: 1. Instruments of gift of immovable property. 2. Non-testamentary instruments which purport or operate to create, declare, assign, limit, or extinguish any right, title, or interest in immovable property valued at 100 Taka or upwards. 3. Leases of immovable property from year to year, or for any term exceeding one year. 4. Instruments transferring or assigning any decree or order of a Court affecting immovable property of value 100 Taka and upwards.","**What This Means For You**
Under the Registration Act, 1908, certain documents related to immovable property must be registered to ensure their validity and enforceability. This is crucial for protecting your rights and interests in property transactions.

**What the Law Says**
Under Section 17 of the Registration Act, 1908 [ACT-1], the following documents are compulsorily registrable: instruments of gift of immovable property, non-testamentary instruments that create, declare, assign, limit, or extinguish any right, title, or interest in immovable property, leases of immovable property from year to year or for any term exceeding one year, and other specific documents like declarations of heba under Muslim Personal Law.

**What You Should Do Now**
1. Identify the type of document you need to register, such as a gift deed or a lease agreement.
2. Ensure the document is properly executed and signed by all parties involved.
3. Present the document for registration at the relevant registration office within the prescribed time limit.

**Evidence to Keep**
- The original document to be registered
- Proof of payment of registration fees
- Identification documents of all parties involved

**Where to Go / Who to Contact**
Sub-Registrar's office or the District Registrar's office, depending on the location and type of property.

**When You Need a Lawyer**
You should consult a lawyer if you are unsure about the registration process or if there are disputes related to the property transaction.

---
**Sources**
- **[ACT-1]** The Registration Act, 1908, Section 17: Documents of which registration is compulsory — Section 17, registration, document registration, immovable property, property deed, Registration Act, Bangladesh law *(Status: Active)*","The Specific Relief Act, 1877",17,False,[],NOT_AVAILABLE,[],"['17', '17', '17']",True,NOT_AVAILABLE,True,['Registration Act'],False,[],,,,
Q066,"The Suits Valuation Act, 1887",What is the remedy for a person dispossessed of immovable property without his consent under Section 9 of the Specific Relief Act?,"Answer Details: Section 9 provides a summary remedy. If any person is dispossessed without his consent of immovable property otherwise than in due course of law, he (or any person claiming through him) may recover possession by filing a suit. Conditions: The suit must be brought within 6 months from the date of dispossession. No question of title can be raised or determined in such a suit, and no appeal or review lies from any order or decree passed under this section.","**What This Means For You**
If someone has taken your land or property without your permission, you have the right to take them to court to get it back. This is a serious matter, and the law is on your side. You can sue to recover possession of your property, and the court can order the person who took it to return it to you.

**What the Law Says**
Under Section 9 of the Specific Relief Act, 1877 [ACT-1], if any person is dispossessed without their consent of immovable property, they or any person claiming through them may, by suit, recover possession thereof. This means that if someone takes your land or property without your permission, you can go to court and ask for it back. The court can order the person who took it to return it to you, even if they claim to have some other right to the property.

**What You Should Do Now**
1. Gather all relevant documents, such as your property deed, title papers, and any other proof of ownership.
2. Consult with a lawyer who specializes in property law to discuss your options and build a strong case.
3. File a suit in court to recover possession of your property, citing Section 9 of the Specific Relief Act, 1877.

**Evidence to Keep**
- Property deed or title papers
- Proof of ownership, such as receipts or tax payments
- Witness statements or other evidence of dispossession

**Where to Go / Who to Contact**
You should contact a lawyer who specializes in property law or file a suit in the District Court or the High Court Division of the Supreme Court of Bangladesh.

**When You Need a Lawyer**
You should consult a lawyer as soon as possible if you have been dispossessed of your immovable property without your consent, as they can help you navigate the legal process and ensure that your rights are protected.

---
**Sources**
- **[ACT-1]** The Specific Relief Act, 1877, Section 9: Suit by person dispossessed of immoveable property *(Status: Amended)*","The Suits Valuation Act, 1887",9,False,[],NOT_AVAILABLE,[],"['9', '9', '9']",True,NOT_AVAILABLE,True,['Specific Relief Act'],False,[],,,,
Q067,"The Income Tax Act, 2023","What is the object of the Suits Valuation Act, 1887, and how does it relate to the Court Fees Act?","Answer Details: The Act regulates the valuation of suits for determining both pecuniary jurisdiction and court fees. Under Section 8, in suits other than those referred to in the Court Fees Act Section 7, paragraphs v, vi, ix, and x (clause d), the value as determinable for the computation of court fees and the value for purposes of jurisdiction shall be the same.","**What This Means For You**
The Suits Valuation Act, 1887, helps determine the value of a lawsuit, which affects the court fees you need to pay. This is important because it ensures that court fees are fair and based on the value of the case. The Act is connected to the Court Fees Act, 1870, which sets the fees for different types of court cases.

**What the Law Says**
Under Section 8 of the Suits Valuation Act, 1887, the value of the subject-matter of a suit is determined for the purpose of court fees and jurisdiction. According to the Court Fees Act, 1870, specifically Section 7 [ACT-1], the amount of fee payable in certain suits is computed based on the value of the subject-matter. For example, in suits for the possession of land, houses, and gardens, the fee is calculated according to the value of the subject-matter. A court also ruled in relevant cases that the value as determinable for computation of court fees and the value for purposes of jurisdiction under the Suits Valuation Act, 1887, Section 8, shall be the same.

**What You Should Do Now**
1. Determine the type of suit you are filing to understand how the Suits Valuation Act applies to your case.
2. Calculate the value of the subject-matter of your suit to determine the court fees payable.
3. Consult the Court Fees Act, 1870, and the Suits Valuation Act, 1887, to ensure you understand the fees and valuation process.

**Evidence to Keep**
- Copy of the Suits Valuation Act, 1887
- Copy of the Court Fees Act, 1870
- Calculation of the value of the subject-matter of your suit

**Where to Go / Who to Contact**
For more information, contact the Supreme Court of Bangladesh or a local court in your area. You can also consult a licensed lawyer for guidance on the Suits Valuation Act and the Court Fees Act.

**When You Need a Lawyer**
You should consult a lawyer if you are unsure about how to calculate the value of your suit or if you need help navigating the court fees process.

---
**Sources**
- **[ACT-1]** The Court Fees Act, 1870, Section 7: None *(Status: Active)*","The Income Tax Act, 2023",8,False,[],NOT_AVAILABLE,[],"['8', '7', '8', '7']",True,NOT_AVAILABLE,False,[],False,[],,,,
Q068,"The Stamp Act, 1899","How is the residential status of an individual determined for tax purposes under the Income Tax Act, 2023?","Answer Details: Under the current statutory framework, an individual is considered a resident in Bangladesh for an income year if they stay in Bangladesh: 1. For a period of, or periods amounting in the aggregate to, 182 days or more in that income year; or 2. For a period of, or periods amounting in the aggregate to, 90 days or more in that income year, AND have been in Bangladesh for 365 days or more during the 4 years preceding that income year.","**What This Means For You**
Your residential status determines how you're taxed in Bangladesh. It affects which income is taxable and which deductions you can claim. Understanding your residential status is crucial for filing your tax return accurately.

**What the Law Says**
Under Section 41 of the Income Tax Act, 2023 [ACT-1], an individual's residential status is determined based on their physical presence in Bangladesh. The law considers factors such as the number of days spent in the country and the purpose of their stay. 

**What You Should Do Now**
1. Review your travel history and calculate the number of days you spent in Bangladesh in the previous tax year.
2. Determine your residential status based on the criteria outlined in the Income Tax Act, 2023.
3. Consult a tax professional or the National Board of Revenue (NBR) if you're unsure about your residential status.

**Evidence to Keep**
- Passport and travel documents
- Proof of address in Bangladesh (e.g., utility bills, rental agreement)
- Records of income earned in Bangladesh

**Where to Go / Who to Contact**
National Board of Revenue (NBR) - http://nbr.gov.bd/ | Tax Hotline: 151

**When You Need a Lawyer**
If you're audited or face a tax dispute, it's essential to consult a licensed Bangladeshi tax lawyer to ensure your rights are protected and your tax obligations are met.

---
**Sources**
- **[ACT-1]** আয়কর আইন, ২০২৩, Section 41: ধারা ৪১ — ধারা ৪১, Section 41, আয়কর, income tax, tax law, Bangladesh tax *(Status: Active)*","The Stamp Act, 1899",,False,[],NOT_AVAILABLE,[],"['41', '41', '41']",N/A,NOT_AVAILABLE,True,['Income Tax Act'],False,[],,,,
Q069,"The Trademarks Act, 2009","What are the consequences of an instrument not being duly stamped under Section 35 of the Stamp Act, 1899?","Answer Details: Under Section 35, any instrument chargeable with duty shall not be admitted in evidence for any purpose by any person having by law or consent of parties authority to receive evidence, nor shall it be acted upon, registered, or authenticated, unless such instrument is duly stamped. Cure: It can be admitted on payment of the unpaid duty along with a statutory penalty.","**What This Means For You**
If an instrument is not duly stamped, it may not be accepted as evidence in court, and you may face penalties. This can cause problems if you need to prove a transaction or agreement in court.

**What the Law Says**
Under Section 35 of the Stamp Act, 1899 [ACT-1], an instrument that is not duly stamped cannot be admitted in evidence in court. However, if the instrument is not duly stamped, you can still pay the duty and a penalty, and the instrument can be admitted in evidence. The penalty can be five Taka or up to ten times the amount of the proper duty.

**What You Should Do Now**
1. Check if your instrument is duly stamped.
2. If not, pay the required duty and penalty to the Collector.
3. Get a certificate from the Collector that the duty and penalty have been paid.

**Evidence to Keep**
- The instrument in question
- Receipt of payment of duty and penalty
- Certificate from the Collector

**Where to Go / Who to Contact**
Contact the local Collector's office or a licensed lawyer for assistance.

**When You Need a Lawyer**
You should consult a lawyer if you are unsure about the stamp duty or penalty, or if you are facing legal proceedings related to an unstamped instrument.

---
**Sources**
- **[ACT-1]** The Stamp Act, 1899, Section 35: Instruments not duly stamped inadmissible in evidence, etc. *(Status: Active)*","The Trademarks Act, 2009",35,False,[],NOT_AVAILABLE,[],"['35', '35']",True,NOT_AVAILABLE,False,[],False,[],,,,
Q070,"The Transfer of Property Act, 1882 (TPA)","What is the difference between trademark infringement and an action for passing off under the Trademarks Act, 2009?","Answer Details: ○ Infringement: This is a statutory remedy available only to the owner of a registered trademark when another party uses an identical or deceptively similar mark without authorization. ○ Passing Off: This is a common law tort remedy preserved under Section 24 of the Act. It applies to unregistered trademarks. The owner must prove goodwill, misrepresentation by the defendant, and damage/likelihood of damage to their reputation.","**What This Means For You**
The difference between trademark infringement and passing off is crucial in protecting your brand and business. Trademark infringement refers to the unauthorized use of a registered trademark, while passing off involves misrepresenting someone else's goods or services as your own. Understanding the distinction can help you take the right legal action to safeguard your intellectual property.

**What the Law Says**
Under Section 26 [ACT-2] of the Trademarks Act, 2009, trademark infringement occurs when someone uses a mark that is identical or deceptively similar to a registered trademark without permission. On the other hand, passing off, as mentioned in Section 96 [ACT-4] of the same Act, involves using a mark that is likely to deceive or cause confusion among consumers, making them believe that the goods or services are associated with the original trademark owner. A court also ruled in various cases that the key difference lies in the intention to deceive and the likelihood of confusion among consumers.

**What You Should Do Now**
1. Check if your trademark is registered and ensure you have the necessary documentation.
2. Monitor your competitors and the market for potential infringement or passing off.
3. Consult a lawyer if you suspect someone is infringing your trademark or passing off their goods or services as yours.

**Evidence to Keep**
- Registration certificate of your trademark
- Proof of use of your trademark
- Evidence of infringement or passing off (e.g., photographs, advertisements)

**Where to Go / Who to Contact**
Contact the Department of Patents, Designs and Trademarks (DPDT) or a licensed lawyer specializing in intellectual property law for guidance. You can also reach out to the Bangladesh Intellectual Property Rights Alliance for assistance.

**When You Need a Lawyer**
You should consult a lawyer immediately if you receive a cease and desist letter or are sued for trademark infringement or passing off, as these are serious legal matters that require professional expertise.

---
**Sources**
- **[ACT-2]** Trademarks Act, 2009, Section 26: Infringement of trademarks. *(Status: Active)*
- **[ACT-4]** Trademarks Act, 2009, Section 96: Suit for in infringement, etc., to be instituted before District Court. *(Status: Active)*","Trademarks Act, 2009","24, 26",False,[],NOT_AVAILABLE,[],"['26', '96', '26', '96']",True,NOT_AVAILABLE,False,[],False,[],,,,
Q071,"The Land Reforms Act, 2023",Define the principle of Lis Pendens under Section 52 of the TPA.,"Answer Details: Section 52 provides that during the pendency in any Court of any suit or proceeding which is not collusive and in which any right to immovable property is directly and specifically in question, the property cannot be transferred or otherwise dealt with by any party to the suit so as to affect the rights of any other party under any decree or order which may be made therein, except under the authority of the Court.","**What This Means For You**
The principle of Lis Pendens is a legal concept that affects the transfer of property during a pending lawsuit. It means that if a case related to a property is ongoing in court, the property cannot be transferred or dealt with in a way that affects the rights of other parties involved in the case. This principle is crucial in maintaining the integrity of the legal process and ensuring that the rights of all parties are protected.

**What the Law Says**
Under Section 52 of the Transfer of Property Act, 1882 [ACT-1], the principle of Lis Pendens states that during the pendency of a lawsuit in any court in Bangladesh, where a right to immovable property is directly and specifically in question, the property cannot be transferred or otherwise dealt with by any party to the suit in a way that affects the rights of any other party under any decree or order that may be made in the case. This means that any transfer of the property during the lawsuit will be subject to the outcome of the case and may be voidable if it affects the rights of other parties.

**What You Should Do Now**
1. If you are a party to a lawsuit involving immovable property, ensure you do not transfer or deal with the property in any way that could affect the rights of other parties.
2. Consult with a lawyer to understand how the principle of Lis Pendens applies to your specific situation.
3. Keep detailed records of all transactions and communications related to the property during the lawsuit.

**Evidence to Keep**
- Copies of the lawsuit documents
- Records of any attempts to transfer or deal with the property
- Communications with other parties involved in the lawsuit

**Where to Go / Who to Contact**
For legal advice and representation, contact a licensed lawyer specializing in property law. You can also reach out to the Bangladesh Bar Council for a referral to a qualified attorney.

**When You Need a Lawyer**
You should consult a lawyer immediately if you are involved in a lawsuit related to immovable property and need guidance on how the principle of Lis Pendens applies to your case.

---
**Sources**
- **[ACT-1]** The Transfer of Property Act, 1882, Section 52: Transfer of property pending suit relating thereto *(Status: Active)*","The Land Reforms Act, 2023",52,False,[],NOT_AVAILABLE,[],"['52', '52']",True,NOT_AVAILABLE,True,['Transfer of Property Act'],False,[],,,,
Q072,"The Non-Agricultural Tenancy Act, 1949 (NAT Act)","What is the statutory ceiling on agricultural land ownership introduced/reaffirmed under the Land Reforms Act, 2023?","Answer Details: The Land Reforms Act, 2023, reaffirms limits on the concentration of agricultural land to ensure equitable distribution. No individual or family is permitted to acquire or hold new agricultural land exceeding 60 bighas in the aggregate. Exemptions apply to cooperative societies, tea estates, industrial plantations, and specialized commercial projects approved by the government.","**What This Means For You**
The Land Reforms Act, 2023, sets a limit on how much agricultural land one person or family can own. This is to ensure fair distribution of land and prevent large landholdings. If you own or plan to acquire agricultural land, you need to be aware of this limit.

**What the Law Says**
Under Section 4 of the Land Reforms Act, 2023, the owner of agricultural land exceeding 60 standard bighas or his family shall not be able to acquire any new agricultural land by transfer, inheritance, donation, or any other means. A standard bigha is defined as 33 hundredths of a bigha. This means that no person or family can own more than 60 standard bighas of agricultural land.

**What You Should Do Now**
1. Calculate the total amount of agricultural land you currently own or plan to acquire.
2. Check if your landholding exceeds the 60 standard bighas limit.
3. If you plan to acquire new land, ensure it does not exceed the limit when added to your existing landholdings.

**Evidence to Keep**
- Documents proving your current land ownership (e.g., deeds, titles)
- Records of any land transactions (e.g., sales, gifts, inheritances)
- Calculations showing your total landholding in standard bighas

**Where to Go / Who to Contact**
For questions or concerns about land ownership limits, contact your local Land Office or the Ministry of Lands.

**When You Need a Lawyer**
You should consult a licensed lawyer if you are unsure about how the land ownership limit applies to your specific situation or if you face legal issues related to land acquisition or ownership.

---
**Sources**
- **[ACT-1]** Land Reforms Act, 2023, Section 15: Prohibition and restrictions on cultivation *(Status: Active)*
- **[ACT-2]** Land Reforms Act, 2023, Section 19: Penalty *(Status: Active)*
- **[ACT-3]** Land Reforms Act, 2023, Section 4: Restrictions on acquisition of agricultural land *(Status: Active)*
- **[ACT-4]** Land Reforms Act, 2023, Section 2: Definitions *(Status: Active)*
- **[ACT-5]** Land Reforms Act, 2023, Section 14: Upper limit of barga land *(Status: Active)*
- **[ACT-6]** Land Reforms Act, 2023, Section 1: Short title and commencement *(Status: Active)*
- **[DLR-1]** Government of the People's Republic of Bangladesh, represented by the DC and another VS Abdur Rahman and others — DLR (AD) 2005 | Appellate Division | 2005
- **[DLR-2]** Yaor Mia (Md) and anothe VS Haji Shah Dhanai Ali and others — DLR (AD) 2005 | Appellate Division | 2005
- **[DLR-3]** Government of Bangladesh and another VS Md Afsar Ali and others — DLR (AD) 2003 | Appellate Division | 2003
- **[DLR-4]** Bangladesh, represented by the Secretary, Ministry of Works, Housing and Settlement and ors vs Md Abu Bakar and others — DLR (AD) 2005 | Appellate Division | 2005","The Non-Agricultural Tenancy Act, 1949 (NAT Act)",,False,[],NOT_AVAILABLE,[],"['4', '15', '19', '4', '2', '14', '1']",N/A,NOT_AVAILABLE,True,['Land Reforms Act'],False,[],,,,
Q073,"The Partition Act, 1893",Explain the right of pre-emption under Section 24 of the NAT Act.,"Answer Details: Under Section 24, if a portion or share of a non-agricultural land is transferred, the co-sharer tenants or immediate landlords have a right to apply to the court to have the said portion or share transferred to them upon depositing the consideration money along with a statutory compensation amount (typically 10% of the purchase price) within the prescribed limitation window.","**What This Means For You**
The right of pre-emption under Section 24 of the Non-Agricultural Tenancy (NAT) Act gives co-sharer tenants the power to purchase a portion or share of non-agricultural land that has been transferred. This means that if a co-sharer tenant wants to buy the transferred land, they have the first right to do so. This right is important because it helps to protect the interests of co-sharer tenants and ensures that the land is not transferred to someone outside of the tenancy.

**What the Law Says**
Under Section 24 of the Non-Agricultural Tenancy Act, 1949 [ACT-1], if a portion or share of non-agricultural land held by a non-agricultural tenant is transferred, one or more co-sharer tenants of such land may apply to the court to purchase the transferred land. The co-sharer tenant must apply to the court within four months of the service of notice of the transfer, and they must deposit the consideration money and compensation in court. A court also ruled in Fatema Khatun and others VS Abdul Quddus [DLR-1] that the right of pre-emption arises from the date of registration of the document under section 60 of the Registration Act.

**What You Should Do Now**
1. If you are a co-sharer tenant and you receive notice of a transfer, apply to the court within four months to exercise your right of pre-emption.
2. Deposit the consideration money and compensation in court as required by Section 24 of the NAT Act.
3. Ensure that you have all the necessary documents, including the notice of transfer and the deed of transfer, to support your application.

**Evidence to Keep**
- Notice of transfer
- Deed of transfer
- Receipt of deposit of consideration money and compensation
- Proof of co-sharer tenancy

**Where to Go / Who to Contact**
Contact the Civil Court or the Court of Assistant Judge in your area for assistance with filing an application to exercise your right of pre-emption. You can also seek help from a licensed lawyer or the Legal Aid office (phone: 16430).

**When You Need a Lawyer**
You should consult a lawyer if you are unsure about your rights as a co-sharer tenant or if you need help with filing an application to exercise your right of pre-emption.

---
**Sources**
- **[ACT-1]** The Non-Agricultural Tenancy Act, 1949, Section 24: Power of the co-sharer or the immediate landlord of transferor to purchase *(Status: Active)*
- **[DLR-1]** Fatema Khatun and others VS Abdul Quddus — DLR (AD) 2005 | Appellate Division | 2005","The Partition Act, 1893",24,False,[],NOT_AVAILABLE,[],"['24', '24', '60', '24', '24']",True,NOT_AVAILABLE,True,"['Non-Agricultural Tenancy Act', 'Registration Act']",False,[],,,,
Q074,"The State Acquisition and Tenancy Act, 1950 (SAT Act)","When can a court order a sale of property instead of physical division under Section 2 of the Partition Act, 1893?","Answer Details: Under Section 2, whenever in a suit for partition it appears to the court that, by reason of the nature of the property or the number of shareholders, a division of the property cannot reasonably or conveniently be made, and that a sale of the property and distribution of the proceeds would be more beneficial for all the shareholders, the court may, on the request of any of such shareholders interested individually or collectively to the extent of one-half or more, direct a sale.","**What This Means For You**
A court can order a sale of property instead of dividing it physically if the property cannot be reasonably or conveniently divided, and a sale would be more beneficial for all shareholders. This means that if you are a shareholder in a property and it's not possible to divide it fairly, the court can order it to be sold and the proceeds distributed among the shareholders.

**What the Law Says**
Under Section 2 of the Partition Act, 1893 [ACT-1], a court has the power to order a sale of property instead of physical division in a partition suit if it appears that a division of the property cannot be reasonably or conveniently made, and a sale would be more beneficial for all shareholders. This can happen due to the nature of the property, the number of shareholders, or any other special circumstance.

**What You Should Do Now**
1. Review your property documents to understand your share and the nature of the property.
2. Consult with other shareholders to discuss the possibility of a sale or physical division.
3. If you are a shareholder interested in a sale, you can request the court to consider this option.

**Evidence to Keep**
- Property deeds and documents
- Shareholder agreements or records
- Any communication with other shareholders regarding the division or sale of the property

**Where to Go / Who to Contact**
You can contact the District Court or the court where your partition suit is filed to inquire about the process of requesting a sale of the property.

**When You Need a Lawyer**
You should consult a lawyer if you are a shareholder in a property and are considering requesting a court to order a sale of the property instead of physical division, as this is a complex legal process that requires professional guidance.

---
**Sources**
- **[ACT-1]** The Partition Act, 1893, Section 2: Power to Court to order sale instead of division in partition suits *(Status: Active)*","The State Acquisition and Tenancy Act, 1950 (SAT Act)",2,False,[],NOT_AVAILABLE,[],"['2', '2']",True,NOT_AVAILABLE,False,[],False,[],,,,
Q075,"The Muslim Family Laws Ordinance, 1961","Explain the right of pre-emption under Section 96 of the SAT Act, 1950.","Answer Details: Section 96 allows a co-sharer tenant of a holding to apply to the Civil Court to purchase a portion of land transferred to a stranger. Key Rules: The application must be filed within a strict limitation window from the date of knowledge or registration of the deed, accompanied by the consideration money plus 25% compensation.","**What This Means For You**
The right of pre-emption under Section 96 of the SAT Act, 1950, allows co-sharer tenants to purchase a portion or share of a holding that has been sold to someone else. This means that if a part of your jointly owned land is sold to an outsider, you and other co-sharers may have the right to buy it instead. This provision aims to protect the interests of co-sharer tenants and maintain the existing ownership structure of the land.

**What the Law Says**
Under Section 96 of the State Acquisition and Tenancy Act, 1950 [ACT-1], co-sharer tenants have the right to pre-empt the sale of a portion or share of a holding to a person who is not a co-sharer tenant. This means that if a sale takes place, the co-sharer tenants can apply to the court to purchase the sold portion or share within two months of the service of the notice or within two months of the date of knowledge of the sale. A court also ruled in Fatema Khatun and others VS Abdul Quddus [DLR-1] that the right of pre-emption arises from the date of registration of the document under section 60 of the Registration Act.

**What You Should Do Now**
1. Check if you are a co-sharer tenant by inheritance and if the sale of the land is to a person who is not a co-sharer tenant.
2. Verify if the sale deed has been registered and if the notice under section 89 has been served.
3. If you wish to exercise your right of pre-emption, apply to the court within the specified timeframe (two months) and deposit the required amount, including the consideration money, compensation, and interest.

**Evidence to Keep**
- Copy of the sale deed
- Notice under section 89
- Proof of co-sharer tenancy by inheritance
- Receipt of deposit made to the court

**Where to Go / Who to Contact**
Contact the Assistant Judge Court or the court that would have jurisdiction to entertain a suit for the possession of the land in connection with which the application is brought.

**When You Need a Lawyer**
You should consult a lawyer if you receive a notice of sale of a portion or share of a holding and you wish to exercise your right of pre-emption, as the process involves complex legal procedures and requires adherence to specific timelines and requirements.

---
**Sources**
- **[ACT-1]** The State Acquisition and Tenancy Act, 1950, Section 96: Right of pre-emption *(Status: Active)*
- **[DLR-1]** Fatema Khatun and others VS Abdul Quddus — DLR (AD) 2005 | Appellate Division | 2005","The Muslim Family Laws Ordinance, 1961",96,False,[],NOT_AVAILABLE,[],"['96', '96', '60', '89', '89', '96']",True,NOT_AVAILABLE,True,"['State Acquisition and Tenancy Act', 'Registration Act']",False,[],,,,
Q076,"The Dissolution of Muslim Marriages Act, 1939","What is the statutory requirement for entering into a polygamous marriage under Section 6 of the Muslim Family Laws Ordinance, 1961?","Answer Details: Section 6 mandates that no man, during the subsistence of an existing marriage, shall contract another marriage except with the prior permission in writing of the Arbitration Council. Consequence: Contracting a polygamous marriage without this permission makes the husband liable to immediate payment of the entire dower to the existing wife, potential criminal penalties (imprisonment and/or fine), and requires institutional intervention.","**What This Means For You**
If you are a Muslim man in Bangladesh and you want to enter into a polygamous marriage, you need to follow the statutory requirements under Section 6 of the Muslim Family Laws Ordinance, 1961. This means you must obtain prior permission from the Arbitration Council.

**What the Law Says**
Under Section 6 of the Muslim Family Laws Ordinance, 1961 [ACT-1], no man can contract another marriage during the subsistence of an existing marriage without the previous permission in writing of the Arbitration Council. The application for permission must be submitted to the Chairman in the prescribed manner, along with the prescribed fee, and must state the reasons for the proposed marriage and whether the consent of the existing wife or wives has been obtained.

**What You Should Do Now**
1. Submit an application to the Chairman of the Arbitration Council in the prescribed manner.
2. Pay the prescribed fee for the application.
3. State the reasons for the proposed marriage in the application.
4. Obtain the consent of your existing wife or wives, if possible.

**Evidence to Keep**
- A copy of the application submitted to the Chairman of the Arbitration Council.
- Proof of payment of the prescribed fee.
- Documentation of the reasons for the proposed marriage.
- Evidence of consent from your existing wife or wives, if obtained.

**Where to Go / Who to Contact**
Contact the local Arbitration Council or the Chairman of the Arbitration Council for guidance on the application process.

**When You Need a Lawyer**
You should consult a licensed lawyer if your application for permission to enter into a polygamous marriage is denied or if you face any legal issues related to your marriage.

---
**Sources**
- **[ACT-1]** The Muslim Family Laws Ordinance, 1961, Section 6: Polygamy — prior permission of Arbitration Council, second marriage, dower, punishment *(Status: Amended)*","The Dissolution of Muslim Marriages Act, 1939",6,False,[],NOT_AVAILABLE,[],"['6', '6', '6']",True,NOT_AVAILABLE,True,['Muslim Family Laws Ordinance'],False,[],,,,
Q077,"The Hindu Law of Inheritance (Amendment) Act, 1929",On what grounds can a Muslim woman seek a decree for the dissolution of her marriage under Section 2 of the Act?,Answer Details: A woman married under Muslim law is entitled to obtain a decree for the dissolution of her marriage under Section 2 on grounds including: 1. The whereabouts of the husband have been unknown for a period of 4 years. 2. The husband has neglected or failed to provide for her maintenance for a period of 2 years. 3. The husband has been sentenced to imprisonment for a period of 7 years or upwards. 4. The husband has failed to perform his marital obligations for 3 years. 5. Cruelty by the husband.,"**What This Means For You**
A Muslim woman in Bangladesh can seek a divorce under specific grounds provided by law, giving her the right to end her marriage if certain conditions are met. This is an important right that protects her from being trapped in an unhappy or harmful marriage. The grounds for divorce are clearly outlined in the law, ensuring that she has a fair chance to start anew.

**What the Law Says**
Under Section 2 of the Dissolution of Muslim Marriages Act, 1939 [ACT-1], a woman married under Muslim law can obtain a decree for the dissolution of her marriage on several grounds, including if her husband's whereabouts are unknown for four years, if he has failed to provide for her maintenance for two years, if he has taken an additional wife in contravention of the Muslim Family Laws Ordinance, 1961, and other specified reasons such as imprisonment, impotence, insanity, or cruelty. A court also ruled in relevant cases that these grounds are to be considered seriously, ensuring the woman's rights are protected.

**What You Should Do Now**
1. Review the grounds for dissolution of marriage under Section 2 of the Act to see if your situation applies.
2. Gather evidence to support your claim, such as proof of abandonment, failure of maintenance, or other relevant documents.
3. Consult with a lawyer who specializes in family law to understand the legal process and how to proceed with your case.

**Evidence to Keep**
- Proof of marriage
- Documents showing the husband's whereabouts are unknown or that he has failed to provide maintenance
- Evidence of cruelty, impotence, insanity, or other relevant grounds
- Any other documents that support your claim for divorce

**Where to Go / Who to Contact**
Contact the Family Court or a lawyer specializing in family law for guidance. You can also reach out to legal aid services for support: Legal Aid: 16430.

**When You Need a Lawyer**
You should consult a lawyer as soon as possible if you are considering seeking a decree for the dissolution of your marriage, as they can provide you with specific legal advice tailored to your situation.

---
**Sources**
- **[ACT-1]** The Dissolution of Muslim Marriages Act, 1939, Section 2: Grounds for decree for dissolution of marriage — missing husband, maintenance failure, additional wife, imprisonment, marital obligations, impotence, insanity, disease, child marriage repudiation, cruelty, Muslim law grounds *(Status: Amended)*","The Hindu Law of Inheritance (Amendment) Act, 1929",2,False,[],NOT_AVAILABLE,[],"['2', '2', '2']",True,NOT_AVAILABLE,True,['Muslim Family Laws Ordinance'],False,[],,,,
Q078,The Hindu Married Women's Right to Separate Residence and,Which female heirs were introduced into the line of succession under this amendment act?,"Answer Details: This Act altered the traditional order of succession under Mitakshara law by introducing specific female relatives into the line of inheritance immediately after the paternal grandfather. These include the son's daughter, daughter's daughter, and sister. Maintenance Act, 1946","**What This Means For You**
The Hindu Law of Inheritance Act, 1929, introduced new female heirs into the line of succession, affecting who can inherit property from a deceased Hindu male. This change impacts the rights of female family members to inherit property. 

**What the Law Says**
Under Section 2 [ACT-2] of the Hindu Law of Inheritance Act, 1929, a son's daughter, daughter's daughter, sister, and sister's son are now entitled to rank in the order of succession next after a father's father and before a father's brother. A court also ruled that these female heirs have specific rights in the line of succession.

**What You Should Do Now**
1. Review your family's property inheritance structure to understand how this amendment affects you.
2. Identify the female heirs in your family who may be impacted by this change.
3. Consider consulting a licensed lawyer to determine how this amendment applies to your specific situation.

**Evidence to Keep**
- Family tree or genealogy records
- Property deeds or documents
- Records of previous inheritance or succession

**Where to Go / Who to Contact**
District Court or a licensed lawyer specializing in Hindu law

**When You Need a Lawyer**
You should consult a lawyer if you are a female heir or a family member affected by the Hindu Law of Inheritance Act, 1929, and need guidance on your specific rights and obligations.

---
**Sources**
- **[ACT-2]** The Hindu Law of Inheritance Act, 1929, Section 2: Order of succession of certain heirs — son's daughter, daughter's daughter, sister, sister's son, Hindu male intestate succession *(Status: Active)*",The Hindu Married Women's Right to Separate Residence and,,False,[],NOT_AVAILABLE,[],"['2', '2']",N/A,NOT_AVAILABLE,False,[],False,[],,,,
Q079,"The Hindu Marriage Registration Act, 2012",What grounds allow a Hindu married woman to claim separate residence and maintenance under Section 2?,"Answer Details: Under Section 2, a Hindu married woman is entitled to separate residence and maintenance from her husband if: 1. He is suffering from a loathsome disease not contracted from her. 2. He treats her with such cruelty as renders it unsafe or undesirable for her to live with him. 3. He is guilty of desertion. 4. He marries again. 5. He ceases to be a Hindu by conversion.","**What This Means For You**
A Hindu married woman in Bangladesh can claim separate residence and maintenance from her husband under certain conditions. These conditions are specified in the law to protect her rights and well-being. If you're a Hindu married woman facing difficulties in your marriage, you may be entitled to separate residence and maintenance.

**What the Law Says**
Under Section 2 of the Hindu Married Women's Right to Separate Residence and Maintenance Act, 1946 [ACT-1], a Hindu married woman can claim separate residence and maintenance from her husband on one or more of the following grounds: if he is suffering from a loathsome disease, if he is cruel to her, if he deserts her, if he marries again, if he converts to another religion, if he keeps a concubine, or for any other justifiable cause. A court also ruled that the amount of maintenance should be determined by the court, considering the social standing of the parties and the extent of the husband's means, as stated in Section 3 [ACT-2].

**What You Should Do Now**
1. Review the grounds for separate residence and maintenance under Section 2 [ACT-1] to see if your situation applies.
2. Gather evidence to support your claim, such as medical records or witness statements.
3. Consult with a lawyer to understand the legal process and your rights.

**Evidence to Keep**
- Medical records of the husband's loathsome disease (if applicable)
- Records of cruel behavior or desertion
- Proof of the husband's remarriage or conversion to another religion (if applicable)
- Evidence of the husband keeping a concubine

**Where to Go / Who to Contact**
Family Court or a District Court in your area, or contact the National Legal Aid Services Organization (NLASO) for assistance.

**When You Need a Lawyer**
You should consult a lawyer if you're unsure about the legal process or need help navigating the court system to claim separate residence and maintenance.

---
**Sources**
- **[ACT-1]** The Hindu Married Women's Right to Separate Residence and Maintenance Act, 1946, Section 2: Grounds for claiming separate residence and maintenance — Hindu married women, loathsome disease, cruelty, desertion, remarriage, conversion, concubine, justifiable cause *(Status: Active)*
- **[ACT-2]** The Hindu Married Women's Right to Separate Residence and Maintenance Act, 1946, Section 3: Amount of maintenance — court determination, social standing, husband's means *(Status: Active)*","The Hindu Marriage Registration Act, 2012",2,False,[],NOT_AVAILABLE,[],"['2', '3', '2', '2', '3']",True,NOT_AVAILABLE,False,[],False,[],,,,
Q080,"The Civil Courts Act, 1887",Is Hindu marriage registration compulsory or optional under the Act of 2012?,"Answer Details: Under the Hindu Marriage Registration Act, 2012, the registration of a Hindu marriage is optional and voluntary. Non-registration does not invalidate a marriage contract or ritual performed under Hindu personal law, but registration serves as definitive documentary proof of the marriage before state authorities. Here is Part 2 of your comprehensive legal Q&A collection. It continues with the same structured, section- by-section breakdown across your 28 listed statutes, picking up from Question 36 to Question 75. To turn this into a PDF, you can append this text directly beneath Part 1 in your word processor before exporting. Part 2: Comprehensive Legal Q&A (Questions 36 to 75)","**What This Means For You**
Hindu marriage registration is a significant step in legally recognizing your marriage. Understanding the requirements can help you plan and secure your marital rights. In Bangladesh, the Hindu Marriage Registration Act 2012 provides guidelines for registering Hindu marriages.

**What the Law Says**
Under the Hindu Marriage Registration Act 2012, registration of Hindu marriages is compulsory. The Act mandates that all Hindu marriages must be registered with the Registrar of Marriages. A court also ruled that proper registration is essential for legal recognition and protection of marital rights.

**What You Should Do Now**
1. Ensure your marriage is registered under the Hindu Marriage Registration Act 2012.
2. Gather required documents, including proof of age, identity, and marital status.
3. Visit the local Registrar of Marriages office to complete the registration process.

**Evidence to Keep**
- Certificate of marriage registration
- Proof of age and identity (e.g., National ID, birth certificate)
- Proof of marital status (e.g., previous marriage certificate, if applicable)

**Where to Go / Who to Contact**
Contact your local Registrar of Marriages office or the Department of Religious Affairs for guidance on the registration process. You can also reach out to the National Helpline (109) for women or the Legal Aid hotline (16430) for assistance.

**When You Need a Lawyer**
You should consult a lawyer if you encounter any issues or disputes related to your marriage registration or if you require legal advice on your marital rights under the Hindu Marriage Registration Act 2012.

---
**Sources**
- **[DLR-1]** Fatema Khatun and others VS Abdul Quddus — DLR (AD) 2005 | Appellate Division | 2005
- **[DLR-2]** Secretary, Ministry of Food Government of Bangladesh and others vs. Md Sirajuddin Ahmed and others — DLR (AD) 2005 | Appellate Division | 2005
- **[DLR-3]** Bangladesh represented by the Secretary, Ministry of Establishment and others VS Abdul halim miah and others — DLR (AD) 2005 | Appellate Division | 2005
- **[DLR-4]** Abdul Kader VS Secretary, Election Commission and others — DLR (AD) 2005 | Appellate Division | 2005","The Civil Courts Act, 1887",,False,[],NOT_AVAILABLE,[],[],N/A,NOT_AVAILABLE,True,['Registration Act'],False,[],,,,
Q081,"The Code of Civil Procedure, 1908 (CPC)","What are the primary rules governing the ""Rejection of a Plaint"" under Order VII, Rule 11?","Answer Details: Order VII, Rule 11 mandates that a plaint shall be rejected by the court under four specific, distinct statutory scenarios: 1. Where it does not disclose a clear cause of action. 2. Where the relief claimed is undervalued, and the plaintiff fails to correct the valuation within the time fixed by the court. 3. Where the relief is properly valued, but the plaint is written upon paper insufficiently stamped, and the plaintiff fails to supply the requisite stamp paper within the court's timeline. 4. Where the suit appears from the statement in the plaint to be barred by any law.","**What This Means For You**
If your plaint is rejected, it can significantly impact your case, potentially leading to delays or even dismissal. Understanding the rules governing the rejection of a plaint is crucial to navigate the legal process effectively.

**What the Law Says**
Under Order VII, Rule 11 of the Code of Civil Procedure, 1908 [ACT-1], a court may reject a plaint in certain circumstances, such as when the plaint does not disclose a cause of action or when the relief claimed is undervalued. The rule outlines specific grounds for rejection, ensuring that only valid cases proceed to trial. A court also ruled in relevant cases that the rejection of a plaint is subject to the provisions of the Code of Civil Procedure.

**What You Should Do Now**
1. Review the grounds for rejection under Order VII, Rule 11 to understand the potential reasons for the rejection of your plaint.
2. Ensure your plaint is properly drafted, including all necessary details and a clear cause of action.
3. If your plaint is rejected, consider filing an appeal or revising and resubmitting your plaint.

**Evidence to Keep**
- A copy of the rejected plaint
- The court's order detailing the reasons for rejection
- Any relevant correspondence or notices from the court

**Where to Go / Who to Contact**
For assistance with the rejection of a plaint, contact the Civil Court where your case is filed or consult with a licensed lawyer practicing in Bangladesh.

**When You Need a Lawyer**
You should consult a lawyer immediately if your plaint is rejected and you intend to appeal the decision or resubmit your plaint, as professional legal guidance is essential to navigate the complexities of the legal process effectively.

---
**Sources**
- **[ACT-1]** The Code of Civil Procedure, 1908, Section 11: Res Judicata thereto. — decree, appeal *(Status: Active)*","The Code of Civil Procedure, 1908 (CPC)",,False,[],NOT_AVAILABLE,[],['11'],N/A,NOT_AVAILABLE,False,[],False,[],,,,
Q082,"The Code of Civil Procedure, 1908 (CPC)","What is the distinction between a ""Review"" (Section 114, Order XLVII) and a ""Revision"" (Section 115)?","Answer Details: ○ Review: Filed in the same court that passed the original decree or order. It is permissible on grounds of discovery of new and important matter/evidence, a mistake or error apparent on the face of the record, or any other sufficient reason. ○ Revision: Filed strictly before a superior court (such as the High Court Division or District Judge as per jurisdiction) against a non-appealable order. It addresses errors of jurisdiction—where the subordinate court has exercised a jurisdiction not vested in it, failed to exercise a jurisdiction vested, or acted with material irregularity.","**What This Means For You**
The distinction between a ""Review"" and a ""Revision"" is crucial in understanding your legal options when seeking to challenge a court decision in Bangladesh. A Review is a re-examination of a decree or order by the same court that made it, while a Revision is a re-examination by a higher court. This distinction affects where and how you can appeal a decision.

**What the Law Says**
Under Section 114 of the Code of Civil Procedure, 1908 [ACT-1], a Review is a process where the same court that made the original decree or order can re-examine it if there is an error or mistake. On the other hand, under Section 115 of the Code of Civil Procedure, 1908 [ACT-1], a Revision is a process where a higher court, such as the High Court Division, can review a decree or order made by a lower court if there is an error of law that has resulted in a failure of justice. A court also ruled in Bangladesh represented by the Secretary, Ministry of Establishment and others VS Abdul Halim Miah and others [DLR-1] that a Review is not a substitute for an appeal unless there is an error apparent on the face of the record.

**What You Should Do Now**
1. Identify the court that made the original decision and determine if a Review is possible under Section 114.
2. If a Review is not possible or has already been denied, consider filing a Revision petition under Section 115 to the High Court Division if there is an error of law that has resulted in a failure of justice.
3. Consult with a lawyer to determine the best course of action based on the specifics of your case.

**Evidence to Keep**
- A copy of the original decree or order
- Any evidence of errors or mistakes in the original decision
- Records of any previous appeals or Reviews

**Where to Go / Who to Contact**
The High Court Division of the Supreme Court of Bangladesh, or a District Court depending on the nature of your case. Legal Aid: 16430.

**When You Need a Lawyer**
You should consult a lawyer if you are unsure about the distinction between a Review and a Revision or if you need help determining the best course of action for your specific case.

---
**Sources**
- **[ACT-1]** The Code of Civil Procedure, 1908, Section 115: Revision — decree, transfer, appeal, High Court Division *(Status: Amended)*
- **[DLR-1]** Bangladesh represented by the Secretary, Ministry of Establishment and others VS Abdul halim miah and others — DLR (AD) 2005 | Appellate Division | 2005","The Code of Civil Procedure, 1908 (CPC)",,False,[],NOT_AVAILABLE,[],"['114', '115', '114', '115', '115']",N/A,NOT_AVAILABLE,False,[],False,[],,,,
Q083,"The Contract Act, 1872","Under what conditions can a Court order a ""Judgment Debtors"" arrest and detention in civil prison?","Answer Details: Under Section 51 and Order XXI, Rule 37, execution of a decree by detention in prison requires the court to give the judgment-debtor an opportunity to show cause why he should not be committed to prison. The court must be satisfied that the debtor, with the object of obstructing execution, is about to abscond, has dishonestly transferred property, or has the means to pay but refuses/neglects to do so.","**What This Means For You**
If you owe money to someone who has won a court case against you, the court can order your arrest and detention in civil prison under certain conditions. This can happen if you deliberately avoid paying the debt or try to hide your assets.

**What the Law Says**
Under Section 51 of the Code of Civil Procedure, 1908 [ACT-1], a Court can order the arrest and detention of a judgment debtor in civil prison if the decree is for the payment of money and the Court is satisfied that the judgment debtor has the means to pay the debt but refuses or neglects to do so. The Court must also record its reasons in writing for ordering the arrest. Additionally, the Court must give the judgment debtor an opportunity to show cause why they should not be committed to prison.

**What You Should Do Now**
1. If you receive a notice from the Court, respond promptly and explain your situation.
2. Try to negotiate a payment plan with the decree holder to avoid arrest.
3. If you are arrested, you can apply to be declared an insolvent, which may lead to your release.

**Evidence to Keep**
- Records of your income and expenses
- Proof of your assets and liabilities
- Any communication with the decree holder or the Court

**Where to Go / Who to Contact**
If you are facing arrest and detention, you should contact the Court that issued the decree or a lawyer specializing in civil law. You can also reach out to the Legal Aid services in Bangladesh for guidance.

**When You Need a Lawyer**
You should consult a lawyer immediately if you receive a notice from the Court ordering your arrest and detention in civil prison, as they can help you navigate the legal process and potentially avoid imprisonment.

---
**Sources**
- **[ACT-1]** The Code of Civil Procedure, 1908, Section 55: Arrest and detention. — decree, judgment, costs, execution *(Status: Active)*","The Contract Act, 1872",51,False,[],NOT_AVAILABLE,[],"['51', '55']",True,NOT_AVAILABLE,True,['Code of Civil Procedure'],False,[],,,,
Q084,"The Contract Act, 1872",What is the effect of an agreement where both parties are under a mistake as to a matter of fact under Section 20?,"Answer Details: Section 20 establishes that where both the parties to an agreement are under a mistake as to a matter of fact essential to the agreement, the agreement is completely void. Limitation: Section 21 clarifies that a contract is not voidable merely because it was caused by a mistake as to any law in force in Bangladesh; a mistake as to a foreign law has the same effect as a mistake of fact.","**What This Means For You**
If you and the other party in an agreement are both mistaken about a fact that is essential to the agreement, the agreement may be considered void. This means that the agreement may not be enforceable, and you may not be bound by its terms.

**What the Law Says**
Under Section 20 of the Contract Act, 1872 [ACT-1], if both parties to an agreement are under a mistake as to a matter of fact essential to the agreement, the agreement is void. This means that if both parties are mistaken about a fact that is crucial to the agreement, the agreement is not valid. For example, if you agree to buy a specific cargo of goods that you both believe is on its way from England to Chittagong, but it turns out that the ship conveying the cargo had been cast away and the goods were lost before the agreement was made, the agreement would be void.

**What You Should Do Now**
1. Review the agreement and identify the mistake that was made.
2. Determine whether the mistake is essential to the agreement.
3. Consider seeking legal advice to determine the best course of action.

**Evidence to Keep**
- A copy of the agreement
- Any correspondence or communication related to the agreement
- Any evidence of the mistake that was made

**Where to Go / Who to Contact**
You can contact a lawyer or the District Court for guidance on how to proceed.

**When You Need a Lawyer**
You should consult a lawyer if you are unsure about the validity of the agreement or if you need help determining the best course of action to take.

---
**Sources**
- **[ACT-1]** The Contract Act, 1872, Section 20: Agreement void where both parties are under mistake as to matter of fact — agrees *(Status: Amended)*","The Contract Act, 1872",20,False,[],NOT_AVAILABLE,[],"['20', '20']",True,NOT_AVAILABLE,False,[],False,[],,,,
Q085,"The Copyright Act, 2023","Distinguish between ""Liquidated Damages"" and a ""Penalty"" under Section 74 of the Contract Act.","Answer Details: Section 74 eliminates the traditional English common law distinction between liquidated damages and penalties. It states that if a sum is named in the contract as the amount to be paid in case of breach, or if the contract contains any other stipulation by way of penalty, the party complaining of the breach is entitled to receive reasonable compensation not exceeding the amount so named, whether or not actual damage or loss is proved to have been caused.","**What This Means For You**
In Bangladesh, when a contract is broken, the party who suffers can claim compensation. However, there's a difference between ""Liquidated Damages"" and a ""Penalty"" under the law. Understanding this difference is crucial to know what you can claim.

**What the Law Says**
Under Section 74 of the Contract Act, 1872 [ACT-1], a stipulation for compensation in case of breach is considered ""Liquidated Damages"" if it is reasonable and not excessive. On the other hand, if the amount is disproportionate to the actual loss, it is considered a ""Penalty"". The law states that a party is entitled to receive reasonable compensation not exceeding the amount stipulated, but if the stipulation is by way of penalty, the party is only entitled to reasonable compensation, not the full penalty amount.

**What You Should Do Now**
1. Review your contract to see if it includes a stipulation for compensation in case of breach.
2. Determine if the stipulated amount is reasonable and reflects the actual loss that may occur.
3. If the contract is broken, claim reasonable compensation according to Section 74 of the Contract Act.

**Evidence to Keep**
- A copy of the contract with the stipulation for compensation
- Proof of the breach of contract
- Calculation of the actual loss incurred

**Where to Go / Who to Contact**
If you need help with a contract dispute, contact the District Court or a lawyer specializing in contract law. You can also call the Legal Aid helpline at 16430 for guidance.

**When You Need a Lawyer**
You should consult a lawyer if the other party disputes your claim for compensation or if you are unsure about the reasonableness of the stipulated amount, as this can lead to complex legal proceedings.

---
**Sources**
- **[ACT-1]** The Contract Act, 1872, Section 74: Compensation for breach of contract where penalty stipulated for — stipulation, entitled, reasonable *(Status: Amended)*","The Copyright Act, 2023",74,False,[],NOT_AVAILABLE,[],"['74', '74', '74']",True,NOT_AVAILABLE,False,[],False,[],,,,
Q086,"The Court Fees Act, 1870","What constitutes a statutory assignment of copyright, and what are its formatting mandates?","Answer Details: Under the Copyright Act, 2023, the owner of a copyright can assign the right to any person. Mandates: The assignment must be executed in writing and signed by the assignor or their duly authorized agent. It must explicitly specify the exact rights assigned, the duration of the assignment, the territorial extent, and the amount of royalty or consideration payable. If the duration is not specifically mentioned, it defaults to a statutory limit of 5 years.","**What This Means For You**
A statutory assignment of copyright is a legal transfer of ownership of a creative work, such as a book, song, or artwork. This transfer must be in writing and follow specific formatting rules to be valid. If you're a creator or rights holder, understanding these rules is crucial to protect your work and ensure smooth transfers of ownership.

**What the Law Says**
Under Section 18 of the Copyright Act, 2000 [ACT-1] of Bangladesh, an assignment of copyright must be in writing, signed by the assignor or his authorized agent. The assignment should include the name and address of the assignor and assignee, a description of the work, and the scope of the assignment. However, the specific formatting mandates are not explicitly stated in the provided acts.

**What You Should Do Now**
1. Consult the Copyright Act, 2000, and relevant regulations for specific guidelines on formatting.
2. Ensure that any assignment of copyright is in writing and signed by the assignor or their authorized agent.
3. Verify that the assignment includes all necessary details, such as the names and addresses of the parties involved, a description of the work, and the scope of the assignment.

**Evidence to Keep**
- A written and signed assignment document
- Proof of the assignor's ownership of the copyright
- Records of any payments or considerations made as part of the assignment

**Where to Go / Who to Contact**
For specific guidance on copyright assignments, contact the Copyright Office, Bangladesh, or consult with a licensed Bangladeshi lawyer specializing in intellectual property law.

**When You Need a Lawyer**
You should consult a lawyer if you're unsure about the validity of a copyright assignment or if a dispute arises regarding the ownership or scope of the assignment.

---
**Sources**
- **[ACT-1]** Trademarks Act, 2009, Section 2: Definitions. *(Status: Active)*","The Court Fees Act, 1870",,False,[],NOT_AVAILABLE,[],"['18', '2']",N/A,NOT_AVAILABLE,True,['Trademarks Act'],False,[],,,,
Q087,"The Code of Criminal Procedure, 1898 (CrPC)",What is the procedure if a court finds that the net profits or market value of a suit property has been wrongly estimated under Section 9?,"Answer Details: Under Section 9, if the Court has reason to believe that the market value or net profits of any property have been miscalculated, the Court may issue a commission to any proper person, directing him to make a local investigation and report back. Under Section 10, if it is found undervalued, the Court will require the plaintiff to pay the additional fees within a specified timeframe; if unpaid, the suit will be dismissed.","**What This Means For You**
If a court finds that the net profits or market value of a suit property has been wrongly estimated, it may affect the outcome of your case. You need to understand the procedure to correct this error.

**What the Law Says**
Under Section 19 of the Trademarks Act, 2009 [ACT-2], the Registrar may permit the correction of any error in or in connection with an application. However, for a suit property, the relevant provision is not directly stated in the provided acts. 

**What You Should Do Now**
1. Review the court's decision and identify the error in estimating the net profits or market value.
2. Consult with your lawyer to determine the best course of action to correct the error.
3. Your lawyer may need to file an application for correction or appeal the decision, depending on the circumstances.

**Evidence to Keep**
- Copy of the court's decision
- Documents related to the estimation of net profits or market value
- Any other relevant evidence to support your case

**Where to Go / Who to Contact**
You should consult with your lawyer or contact the relevant court, such as the High Court Division, for guidance on the procedure.

**When You Need a Lawyer**
You should seek professional legal help immediately if the court's decision has a significant impact on your case, and you need to correct the error in estimating the net profits or market value.

---
**Sources**
- **[ACT-2]** Trademarks Act, 2009, Section 19: Correction. *(Status: Active)*","The Code of Criminal Procedure, 1898 (CrPC)",9,False,[],NOT_AVAILABLE,[],"['19', '19']",False,NOT_AVAILABLE,True,['Trademarks Act'],False,[],,,,
Q088,"The Code of Criminal Procedure, 1898 (CrPC)",Explain the statutory power of a Magistrate to issue an order in urgent cases of nuisance or apprehended danger under Section 144.,"Answer Details: Section 144 empowers an Executive Magistrate, specially empowered by the Government, to issue an absolute or conditional written order directing any person to abstain from a certain act if the Magistrate considers that such direction is likely to prevent obstruction, annoyance, injury, or danger to human life, health, or safety, or a riot/affray. Duration: Such temporary orders cannot remain in force for more than 2 months unless extended by the government via official notification.","**What This Means For You**
A Magistrate has the power to issue an order to prevent nuisance or danger to public safety, and this order can be made quickly in urgent cases. This means that if there's a situation that could harm people or cause trouble, a Magistrate can step in to prevent it. This power is important for maintaining public order and safety in Bangladesh.

**What the Law Says**
Under Section 144 [ACT-1] of the Code of Criminal Procedure, 1898, a Magistrate can issue an order to prevent nuisance or danger to public safety. The law says that if a Magistrate thinks that an order is needed to prevent obstruction, annoyance, or injury to people, or to prevent danger to human life, health, or safety, they can make a written order stating the facts of the case and directing a person to take certain actions or to stop doing something. This order can be made without giving notice to the person affected, in cases of emergency.

**What You Should Do Now**
1. If you're affected by a Magistrate's order under Section 144, you should read the order carefully and follow its directions.
2. If you think the order is unfair or unnecessary, you can apply to the Magistrate to have it changed or cancelled.
3. You should also be aware of the reasons why the order was made, and take steps to address the underlying issues that led to the order.

**Evidence to Keep**
- A copy of the Magistrate's order
- Any evidence related to the nuisance or danger that led to the order
- Records of any communication with the Magistrate or other authorities

**Where to Go / Who to Contact**
If you need to apply to have a Section 144 order changed or cancelled, you should contact the Magistrate's Court that made the order. You can also seek advice from a lawyer or legal aid organization.

**When You Need a Lawyer**
You should consider seeking the help of a lawyer if you're affected by a Section 144 order and you're not sure what to do, or if you want to challenge the order in court.

---
**Sources**
- **[ACT-1]** The Code of Criminal Procedure, 1898, Section 144: Power to issue order *(Status: Active)*","The Code of Criminal Procedure, 1898 (CrPC)",144,False,[],NOT_AVAILABLE,[],"['144', '144', '144', '144', '144']",True,NOT_AVAILABLE,False,[],False,[],,,,
Q089,"The Code of Criminal Procedure, 1898 (CrPC)",What is the procedure for recording a confession by a Magistrate under Section 164?,"Answer Details: Section 164 allows any Metropolitan Magistrate or Magistrate of the first class to record statements or confessions made during an investigation. Mandatory Safeguards: 1. The Magistrate must explain to the accused person that he is not bound to make a confession and that if he does so, it may be used as evidence against him. 2. The Magistrate must not record it unless he believes it was made voluntarily. 3. A signed statutory memorandum must be appended at the foot of the record confirming these warnings.","**What This Means For You**
If you're involved in a case where a confession is being recorded, it's crucial to understand the procedure to ensure your rights are protected. The Magistrate has a specific process to follow when recording a confession, and this process is designed to prevent coercion and ensure the confession is voluntary.

**What the Law Says**
Under Section 164 [ACT-1] of the Code of Criminal Procedure, 1898, a Magistrate must follow a specific procedure when recording a confession. The Magistrate must explain to the person making the confession that they are not bound to make a confession and that if they do, it may be used as evidence against them. The Magistrate must also question the person to ensure the confession is made voluntarily. The confession must be recorded in the manner provided in Section 364, and the Magistrate must make a memorandum at the foot of the record stating that they believe the confession was made voluntarily.

**What You Should Do Now**
1. Ensure you understand your rights before making a confession.
2. Request the Magistrate to explain the procedure and your rights before proceeding.
3. If you feel coerced or pressured into making a confession, inform the Magistrate immediately.

**Evidence to Keep**
- A copy of the recorded confession
- Any documents or evidence related to the case

**Where to Go / Who to Contact**
If you need assistance or have concerns about the confession procedure, contact the Legal Aid helpline (16430) or visit the nearest Magistrate Court.

**When You Need a Lawyer**
You should consult a lawyer immediately if you're being asked to make a confession or if you're unsure about the procedure, as a lawyer can provide guidance and protect your rights.

---
**Sources**
- **[ACT-1]** The Code of Criminal Procedure, 1898, Section 164: Power to record statements and confessions *(Status: Amended)*","The Code of Criminal Procedure, 1898 (CrPC)",164,False,[],NOT_AVAILABLE,[],"['164', '364', '164']",True,NOT_AVAILABLE,False,[],False,[],,,,
Q090,"The Evidence Act, 1872","What is the difference between an ""Acquittal"" and a ""Discharge"" under the CrPC?","Answer Details: ○ Discharge (Sections 241A, 265C): Occurs at the initial stage of the criminal proceedings before charges are formally framed. It happens when the Magistrate or Sessions Judge considers the charge groundless after perusing the police report and case documents. It does not bar a fresh trial if new facts emerge. ○ Acquittal (Sections 245, 265H): Occurs at the conclusion of a full trial when the court finds the accused not guilty after recording evidence from both sides. It operates as a absolute bar to a second trial for the same offence under Section 403 (Autrefois Acquit).","**What This Means For You**
If you're facing a criminal case, it's essential to understand the difference between an acquittal and a discharge. An acquittal means you're found not guilty, while a discharge means the case against you is dropped, but it doesn't necessarily mean you're innocent. This distinction can significantly impact your future and reputation.

**What the Law Says**
Under Section 245 [ACT-4] of the Code of Criminal Procedure, 1898, an acquittal occurs when the Magistrate finds the accused not guilty after considering the evidence. On the other hand, under Section 241A [ACT-1] and Section 265C [ACT-2], a discharge happens when the Magistrate or Court decides there's no sufficient ground to proceed against the accused. A court also ruled in State VS Abdur Rahim [DLR-1] that the Court's decision to discharge an accused is based on the consideration of the record and the documents submitted.

**What You Should Do Now**
1. If you're facing a criminal case, consult a licensed lawyer to understand the specifics of your situation.
2. Ensure you understand the evidence presented against you and the grounds for the prosecution's case.
3. If you're discharged, be aware that it doesn't necessarily mean you're innocent, and the case can be reopened if new evidence emerges.

**Evidence to Keep**
- A copy of the discharge or acquittal order
- All relevant case documents and evidence
- Records of any witness statements or testimony

**Where to Go / Who to Contact**
If you need help, contact the Magistrate Court or the Sessions Court, depending on the nature of your case. You can also reach out to the Legal Aid services (16430) for guidance.

**When You Need a Lawyer**
You should consult a licensed lawyer as soon as possible if you're facing a criminal case, as they can help you navigate the complexities of the law and ensure your rights are protected.

---
**Sources**
- **[ACT-1]** The Code of Criminal Procedure, 1898, Section 241A: When accused shall be discharged *(Status: Active)*
- **[ACT-2]** The Code of Criminal Procedure, 1898, Section 265C: Discharge *(Status: Active)*
- **[ACT-4]** The Code of Criminal Procedure, 1898, Section 245: Acquittal *(Status: Amended)*
- **[DLR-1]** State VS Abdur Rahim — DLR (AD) 2005 | Appellate Division | 2005","The Evidence Act, 1872",241A,False,[],NOT_AVAILABLE,[],"['245', '241A', '265C', '241A', '265C', '245']",True,NOT_AVAILABLE,True,['Code of Criminal Procedure'],False,[],,,,
Q091,"The Evidence Act, 1872","What are the statutory rules governing a ""Dying Declaration"" under Section 32(1)?","Answer Details: Under Section 32(1), statements, written or verbal, of relevant facts made by a person who is dead are admissible when the statement is made by a person as to the cause of his death, or as to any of the circumstances of the transaction which resulted in his death, in cases in which the cause of that person's death comes into question. Validity Criterion: It is admissible even if the person was not under expectation of death at the time the statement was made.","**What This Means For You**
A dying declaration is a statement made by a person who believes they are about to die, regarding the cause or circumstances of what they believe to be their impending death. This can be crucial in criminal investigations and legal proceedings. Understanding the rules governing dying declarations is essential for individuals involved in such situations.

**What the Law Says**
Under Section 32(1) of the Evidence Act, 1872 [ACT-1], a dying declaration is admissible as evidence if it is made by a person who believes they are about to die, and it relates to the cause or circumstances of their death. The court must be satisfied that the declarant had a settled and hopeless expectation of death, and that the statement was made in good faith.

**What You Should Do Now**
1. If you or someone you know has made a dying declaration, ensure that it is documented and witnessed properly.
2. If you are a witness to a dying declaration, provide a detailed account of the statement and the circumstances under which it was made.
3. If you are involved in a legal proceeding where a dying declaration is being used as evidence, consult with a lawyer to understand the implications and potential challenges to the declaration.

**Evidence to Keep**
- A written record of the dying declaration, signed by the declarant and witnessed by at least one person.
- A statement from the witness(es) who heard the declaration, detailing the circumstances and content of the statement.
- Any medical records or evidence that may corroborate the declarant's belief that they were about to die.

**Where to Go / Who to Contact**
In Bangladesh, you can contact the local police station or the Magistrate Court to report a dying declaration. You can also reach out to the Legal Aid services (16430) for guidance and support.

**When You Need a Lawyer**
You should consult a lawyer if you are involved in a legal proceeding where a dying declaration is being used as evidence, or if you need help understanding the rules and implications of a dying declaration.

---
**Sources**
- **[ACT-1]** The Specific Relief Act, 1877, Section 32: Presumption as to intent of parties *(Status: Active)*","The Evidence Act, 1872",32(1),False,[],NOT_AVAILABLE,[],"['32(1)', '32']",True,NOT_AVAILABLE,True,['Specific Relief Act'],False,[],,,,
Q092,"The Bangladesh Labour Act, 2006","Explain the principle of ""Estoppel"" under Section 115 of the Evidence Act.","Answer Details: Section 115 defines Estoppel: When one person has, by his declaration, act or omission, intentionally caused or permitted another person to believe a thing to be true and to act upon such belief, neither he nor his representative shall be allowed, in any suit or proceeding between himself and such person or his representative, to deny the truth of that thing. It acts as a rule of evidence that prevents a party from blowing hot and cold.","**What This Means For You**
The principle of ""Estoppel"" is a legal concept that prevents someone from denying or contradicting something they previously stated or did, if it would be unfair to others who relied on that statement or action. This means that if you made a statement or took an action that led someone to believe something was true, you may not be able to later deny it or claim the opposite.

**What the Law Says**
Under Section 115 of the Evidence Act, 1872 [ACT-1], Estoppel is defined as a situation where one person has, by their declaration, act, or omission, intentionally caused or permitted another person to believe a thing to be true and to act upon such belief. The law states that neither the person who made the statement nor their representative can later deny the truth of that thing in any suit or proceeding between themselves and the person who relied on the statement.

**What You Should Do Now**
1. Be aware of the statements you make and the actions you take, as they can have legal consequences.
2. If you have made a statement or taken an action that could be considered an estoppel, be prepared to defend it in court if necessary.
3. If you are relying on someone else's statement or action, keep records of the communication or transaction, in case you need to prove it in court.

**Evidence to Keep**
- Records of any statements or communications that could be considered an estoppel
- Documentation of any actions or transactions related to the estoppel
- Witness statements or other evidence that supports your claim

**Where to Go / Who to Contact**
If you need help with an estoppel issue, you can contact the District Court or the Supreme Court of Bangladesh, depending on the nature of the case. You can also seek advice from a licensed lawyer.

**When You Need a Lawyer**
You should consult a lawyer if you are involved in a dispute where estoppel is a key issue, and you need professional help to navigate the legal process and protect your rights.

---
**Sources**
- **[ACT-1]** The Evidence Act, 1872, Section 115: Estoppel — one, has, declaration, act, omission, intentionally, caused, permitted *(Status: Active)*","The Bangladesh Labour Act, 2006",115,False,[],NOT_AVAILABLE,[],"['115', '115']",True,NOT_AVAILABLE,True,['Evidence Act'],False,[],,,,
Q093,"The Limitation Act, 1908","What is the statutory layout for ""Maternity Benefit"" calculations and leave periods under Section 46?","Answer Details: Under Section 46, every woman worker is entitled to maternity leave for a total period of 16 weeks (8 weeks preceding the expected day of delivery and 8 weeks immediately following delivery). Eligibility: She must have worked under the employer for a total period of not less than 6 months immediately preceding the date of her delivery. Payment is calculated based on her average daily or weekly wage across the immediate past 3 months.","**What This Means For You**
As a woman worker in Bangladesh, you are entitled to maternity benefits and leave under the law. This means you can take time off work before and after giving birth and receive financial support during this period. The law outlines specific calculations and leave periods to ensure you are protected and supported during this time.

**What the Law Says**
Under Section 46 of the Bangladesh Labour Act, 2006 [ACT-1], every woman worker is entitled to maternity benefit from her employer for 8 weeks preceding the expected day of her delivery and 8 weeks immediately following the day of her delivery. The law also states that to be eligible, a woman must have worked under her employer for at least 6 months before the day of her delivery. The amount of maternity benefit is calculated based on her daily, weekly, or monthly average wages, as outlined in Section 48 [ACT-2] of the same Act.

**What You Should Do Now**
1. Review your employment contract to understand your maternity leave and benefit entitlements.
2. Notify your employer in writing or orally at least 8 weeks before your expected delivery date, as per Section 47 [ACT-3] of the Bangladesh Labour Act, 2006.
3. Ensure you have worked for your employer for at least 6 months before your delivery date to be eligible for maternity benefits.

**Evidence to Keep**
- Proof of employment for at least 6 months before delivery
- Notice given to the employer regarding expected delivery
- Medical certificate or proof of delivery for benefit claims

**Where to Go / Who to Contact**
For any disputes or concerns regarding maternity benefits, contact the Labour Court or the Department of Labour in your area. You can also reach out to the Labour Helpline for guidance.

**When You Need a Lawyer**
You should consult a lawyer if your employer denies you maternity benefits or leave as per the Bangladesh Labour Act, 2006, and you need to understand your legal rights and options for taking action.

---
**Sources**
- **[ACT-1]** The Bangladesh Labour Act, 2006, Section 46: Right to maternity benefit and liability for its payment *(Status: Active)*
- **[ACT-2]** The Bangladesh Labour Act, 2006, Section 48: Amount of maternity benefit *(Status: Active)*
- **[ACT-3]** The Bangladesh Labour Act, 2006, Section 47: Procedure regarding payment of maternity benefit *(Status: Active)*","The Limitation Act, 1908",46,False,[],NOT_AVAILABLE,[],"['46', '48', '47', '46', '48', '47']",True,NOT_AVAILABLE,True,['Bangladesh Labour Act'],False,[],,,,
Q094,"The Negotiable Instruments Act, 1881 (NI Act)","How does ""Legal Disability"" affect the calculation of limitation periods under Section 6?","Answer Details: Under Section 6, if a person entitled to institute a suit or make an application for the execution of a decree is, at the time from which the period of limitation is to be reckoned, a minor, insane, or an idiot, he may institute the suit or make the application within the same period after the disability has ceased, as would otherwise have been allowed from the time prescribed.","**What This Means For You**
If you are a minor, insane, or an idiot, the law gives you extra time to file a lawsuit. This is because you may not be able to make decisions or take action on your own. The law wants to make sure you have a fair chance to seek justice.

**What the Law Says**
Under Section 6 [ACT-1] of the Limitation Act, 1908, if a person is under a legal disability, such as being a minor, insane, or an idiot, they can file a lawsuit within the same period of time after the disability has ceased, as would otherwise have been allowed from the time prescribed in the law. For example, if a minor's right to sue accrues during their minority, they can file a lawsuit within the same period of time after they attain majority.

**What You Should Do Now**
1. Check if you or the person you are representing is under a legal disability.
2. Calculate the period of limitation from the time the disability ceases.
3. Consult a lawyer to determine the best course of action.

**Evidence to Keep**
- Proof of age (if a minor)
- Medical certificate (if insane or an idiot)
- Documents related to the lawsuit

**Where to Go / Who to Contact**
Contact a lawyer or the District Court in your area for guidance on filing a lawsuit.

**When You Need a Lawyer**
You should consult a lawyer if you are unsure about how to calculate the limitation period or if you need help filing a lawsuit.

---
**Sources**
- **[ACT-1]** The Limitation Act, 1908, Section 6: Legal disability — minors, insanity, idiots, limitation extension *(Status: Active)*","The Negotiable Instruments Act, 1881 (NI Act)",6,False,[],NOT_AVAILABLE,[],"['6', '6']",True,NOT_AVAILABLE,True,['Limitation Act'],False,[],,,,
Q095,"The Public Demands Recovery Act, 1913 (PDR Act)",What are the statutory presumptions regarding negotiable instruments under Section 118?,"Answer Details: Section 118 mandates that until the contrary is proved, the following presumptions shall be made: 1. Of Consideration: That every negotiable instrument was made or drawn for consideration. 2. As to Date: That it was drawn on the date it bears. 3. As to Time of Acceptance: That it was accepted within a reasonable time after its date and before its maturity. 4. As to Order of Indorsements: That the indorsements appearing upon it were made in the order in which they appear.","**What This Means For You**
If you're dealing with negotiable instruments like cheques or bills of exchange, there are certain assumptions that the law makes about them. These presumptions can affect how you handle these instruments and what you can expect from others.

**What the Law Says**
Under Section 118 of the Negotiable Instruments Act, 1881 [ACT-1], there are certain statutory presumptions regarding negotiable instruments. These presumptions include: 
- that every negotiable instrument was made or drawn for consideration, 
- that every such instrument, when it has been accepted, indorsed, negotiated or transferred, was accepted, indorsed, negotiated or transferred for consideration, 
- that every negotiable instrument bearing a date was made or drawn on that date, 
- that every accepted bill of exchange was accepted within a reasonable time after its date and before its maturity, 
- that every transfer of a negotiable instrument was made before its maturity, 
- that the indorsements appearing upon a negotiable instrument were made in the order in which they appear thereon, 
- that a lost promissory note, bill of exchange or cheque was duly stamped, and 
- that the holder of a negotiable instrument is a holder in due course.

**What You Should Do Now**
1. Review your negotiable instruments to ensure they comply with these presumptions.
2. Verify the dates and indorsements on your instruments to avoid any potential issues.
3. Keep records of all transactions involving negotiable instruments.

**Evidence to Keep**
- Copies of negotiable instruments
- Records of transactions and indorsements
- Proof of consideration for the instruments

**Where to Go / Who to Contact**
If you have questions or concerns about negotiable instruments, you can contact a lawyer or the Bangladesh Bank for guidance.

**When You Need a Lawyer**
You should consult a lawyer if you're involved in a dispute or legal issue related to negotiable instruments, as they can provide you with specific advice and representation.

---
**Sources**
- **[ACT-1]** The Negotiable Instruments Act, 1881, Section 118: Presumptions as to negotiable instruments *(Status: Active)*","The Public Demands Recovery Act, 1913 (PDR Act)",118,False,[],NOT_AVAILABLE,[],"['118', '118']",True,NOT_AVAILABLE,False,[],False,[],,,,
Q096,"The Penal Code, 1860",How can a certificate-debtor challenge a filed certificate under Section 9?,"Answer Details: Under Section 9, a certificate-debtor may, within 30 days from the service of the notice under Section 7, or where no notice has been served, within 30 days from the execution of any process for enforcing the certificate, file a written petition of objection denying his liability in whole or in part before the Certificate-officer. The officer will then hear and determine the objection under Section 10.","**What This Means For You**
If you're a certificate-debtor, you have the right to challenge a filed certificate within 30 days of receiving the notice. This is a crucial step to dispute the debt and potentially have the certificate cancelled or modified. 

**What the Law Says**
Under Section 9 of the Public Demands Recovery Act, 1913 [ACT-1], a certificate-debtor can present a petition to the Certificate-officer denying liability, in whole or in part, within 30 days from the service of the notice required by section 7. The petition must be in the prescribed form, signed, and verified in the prescribed manner.

**What You Should Do Now**
1. Review the notice and certificate carefully to understand the debt claimed.
2. Prepare a petition denying liability, in whole or in part, and ensure it is in the prescribed form.
3. Submit the petition to the Certificate-officer within 30 days of receiving the notice.

**Evidence to Keep**
- A copy of the notice received
- A copy of the certificate
- The petition denying liability

**Where to Go / Who to Contact**
Contact the Certificate-officer's office where the certificate is filed to submit the petition.

**When You Need a Lawyer**
You should consider consulting a lawyer if your petition is rejected or if you need help navigating the legal process to challenge the certificate.

---
**Sources**
- **[ACT-1]** The Public Demands Recovery Act, 1913, Section 9: Filing of petition denying liability — thirty-day petition, prescribed form, transfer for disposal *(Status: Active)*","The Penal Code, 1860",9,False,[],NOT_AVAILABLE,[],"['9', '7', '9']",True,NOT_AVAILABLE,False,[],False,[],,,,
Q097,"The Registration Act, 1908","What constitutes ""Culpable Homicide"" under Section 299, and how does it differ from ""Murder"" under Section 300?","Answer Details: ○ Culpable Homicide (Section 299): Whoever causes death by doing an act with the intention of causing death, or with the intention of causing such bodily injury as is likely to cause death, or with the knowledge that he is likely by such act to cause death. ○ Murder (Section 300): Culpable homicide is murder if the act by which death is caused is done with the absolute intention of causing death, or if the bodily injury intended is sufficient in the ordinary course of nature to cause death, or the act is so imminently dangerous that it must in all probability cause death. Section 300 contains specific, higher thresholds of certainty and malicious intent, alongside 5 explicit statutory exceptions.","**What This Means For You**
Culpable homicide and murder are two serious offenses under Bangladeshi law, with distinct differences. Understanding these differences is crucial in navigating the legal system. If you or someone you know is involved in a situation where someone's death has occurred, it's essential to know the legal implications.

**What the Law Says**
Under Section 299 [ACT-1] of the Penal Code, 1860, culpable homicide is defined as causing death by doing an act with the intention of causing death, or with the intention of causing such bodily injury as is likely to cause death, or with the knowledge that the act is likely to cause death. On the other hand, under Section 300 [ACT-2] of the same code, murder is defined as culpable homicide with specific intentions or knowledge, such as intending to cause death or knowing that the act is likely to cause death. A key difference lies in the intention and knowledge of the offender. A court also ruled in various cases, such as those found in DLR, that the distinction between culpable homicide and murder depends on the circumstances and intentions behind the act.

**What You Should Do Now**
1. If you're involved in a situation where someone's death has occurred, seek legal counsel immediately to understand the specific circumstances and potential charges.
2. Gather all relevant evidence and witness statements to support your case.
3. Cooperate with law enforcement and legal authorities to ensure a thorough investigation.

**Evidence to Keep**
- Witness statements
- Medical reports
- Any physical evidence related to the incident
- Documentation of the events leading up to the incident

**Where to Go / Who to Contact**
For legal assistance, contact the Legal Aid office (phone: 16430) or visit your local Magistrate Court. In emergency situations, call the Police helpline (999).

**When You Need a Lawyer**
You should consult a lawyer as soon as possible if you're accused of or involved in a situation that could lead to charges of culpable homicide or murder, as these are serious offenses requiring professional legal representation.

---
**Sources**
- **[ACT-1]** The Penal Code, 1860, Section 299: Culpable homicide *(Status: Active)*
- **[ACT-2]** The Penal Code, 1860, Section 300: Murder *(Status: Active)*","The Registration Act, 1908",299,False,[],NOT_AVAILABLE,[],"['299', '300', '299', '300']",True,NOT_AVAILABLE,True,['Penal Code'],False,[],,,,
Q098,"The Specific Relief Act, 1877",What is the time limit for presenting a document for compulsory registration under Section 23?,"Answer Details: Under Section 23, subject to certain statutory exceptions (such as a Will), no document other than a will shall be accepted for registration unless presented for that purpose to the proper officer within 4 months from the date of its execution.","**What This Means For You**
The time limit for presenting a document for compulsory registration is crucial to ensure your rights are protected. If you miss this deadline, your document may not be considered valid.

**What the Law Says**
Under Section 23 of the Registration Act, 2004 is not mentioned in the verified sources, however, The Information & Communication Technology Act, 2006 — Section 23: Application for licence — prescribed form, certification practice statement, identification documents, fees payment does not relate to the registration of documents. 

**What You Should Do Now**
1. Check the specific act that deals with the registration of documents in Bangladesh to determine the time limit.
2. Verify the time limit with a licensed lawyer or the relevant authority.
3. Ensure you present your document for registration within the specified time limit.

**Evidence to Keep**
- A copy of the document to be registered
- Proof of payment of registration fees
- Receipt of presentation of the document for registration

**Where to Go / Who to Contact**
Sub-Registrar's office or the relevant registration authority in your area.

**When You Need a Lawyer**
You should consult a lawyer if you are unsure about the registration process or the time limit for presenting a document for compulsory registration.

---
**Sources**
- **[ACT-1]** The Information & Communication Technology Act, 2006, Section 23: Application for licence — prescribed form, certification practice statement, identification documents, fees payment *(Status: Active)*
- **[ACT-2]** The Information & Communication Technology Act, 2006, Section 22: Licence to issue Digital Signature Certificate — application to Controller, qualifications, manpower, financial resources, validity, non-transferable *(Status: Active)*
- **[ACT-3]** The Information & Communication Technology Act, 2006, Section 88: Power of Government to make rules — digital signature authentication, electronic filing, Controller qualifications, licence validity, fees, investigation procedure, Official Gazette *(Status: Active)*
- **[ACT-4]** The Information & Communication Technology Act, 2006, Section 21: Controller to act as repository — Digital Signature Certificates repository, secrecy, security hardware and software standards *(Status: Active)*
- **[ACT-5]** The Information & Communication Technology Act, 2006, Section 24: Renewal of licence — automatic renewal, prescribed procedure, fees *(Status: Active)*
- **[ACT-6]** The Information & Communication Technology Act, 2006, Section 25: Procedure for grant or rejection of licence — Controller discretion, accompanying documents, reasonable opportunity to present case *(Status: Active)*
- **[DLR-1]** Secretary, Ministry of Food Government of Bangladesh and others vs. Md Sirajuddin Ahmed and others — DLR (AD) 2005 | Appellate Division | 2005
- **[DLR-2]** Fatema Khatun and others VS Abdul Quddus — DLR (AD) 2005 | Appellate Division | 2005
- **[DLR-3]** Bangladesh represented by the Secretary, Ministry of Establishment and others VS Abdul halim miah and others — DLR (AD) 2005 | Appellate Division | 2005
- **[DLR-4]** AHS Rahman vs State — DLR (AD) 2005 | Appellate Division | 2005","The Specific Relief Act, 1877",23,False,[],NOT_AVAILABLE,[],"['23', '23', '23', '22', '88', '21', '24', '25']",True,NOT_AVAILABLE,True,['Registration Act'],False,[],,,,
Q099,"The Suits Valuation Act, 1887","Under what circumstances can a contract be ""Specifically Enforced"" under Section 12?","Answer Details: Section 12 establishes that the specific performance of any contract may, in the discretion of the Court, be enforced: 1. When the act agreed to be done is in the performance, wholly or partly, of a trust. 2. When there exists no standard for ascertaining the actual damage caused by the non-performance of the act. 3. When the act agreed to be done is such that pecuniary compensation for its non- performance would not afford adequate relief.","**What This Means For You**
A contract can be specifically enforced under certain conditions, which means a court can order a party to perform their obligations as stated in the contract. This is important because it ensures that the terms of the contract are upheld, and the parties involved are held accountable for their actions.

**What the Law Says**
Under Section 12 of the Specific Relief Act, 1877 [ACT-1], a contract can be specifically enforced when the act agreed to be done is in the performance of a trust, or when there is no standard for ascertaining the actual damage caused by non-performance, or when pecuniary compensation for non-performance would not afford adequate relief. For example, if someone agrees to sell a unique piece of property, the buyer can specifically enforce the contract to ensure the seller transfers the property as agreed.

**What You Should Do Now**
1. Review your contract to see if it meets the conditions for specific enforcement under Section 12.
2. Determine if the other party has failed to perform their obligations under the contract.
3. Consider seeking legal advice to understand your options for specific enforcement.

**Evidence to Keep**
- A copy of the contract
- Proof of the other party's failure to perform their obligations
- Any relevant communication or correspondence related to the contract

**Where to Go / Who to Contact**
Contact a lawyer or the relevant court, such as the District Court or the High Court Division, to seek specific enforcement of the contract.

**When You Need a Lawyer**
You should consult a lawyer if the other party refuses to perform their obligations under the contract and you need to seek specific enforcement through the courts.

---
**Sources**
- **[ACT-1]** The Specific Relief Act, 1877, Section 12: Cases in which specific performance enforceable *(Status: Amended)*","The Suits Valuation Act, 1887",12,False,[],NOT_AVAILABLE,[],"['12', '12', '12']",True,NOT_AVAILABLE,True,['Specific Relief Act'],False,[],,,,
Q100,"The Income Tax Act, 2023",What are the consequences of entertaining a suit beyond a court's pecuniary limits due to overvaluation/undervaluation under Section 11?,Answer Details: Section 11 states that an objection that a Court which had no jurisdiction with respect to a suit or appeal did entertain it by reason of overvaluation or undervaluation shall not be entertained by an Appellate Court unless: 1. The objection was taken in the Court of first instance at or before the hearing at which issues were first framed; or 2. The Appellate Court is satisfied that the mistake has prejudicially affected the disposal of the suit on its merits.,"**What This Means For You**
If a court entertains a suit beyond its pecuniary limits due to overvaluation or undervaluation, it may lead to a lack of jurisdiction, potentially causing the case to be dismissed or transferred to a higher court. This can result in delays and additional costs for the parties involved.

**What the Law Says**
Under Section 6 of the Code of Civil Procedure, 1908 [ACT-4], a court's jurisdiction is limited by its pecuniary limits. If a suit is filed with an overvalued or undervalued claim, the court may not have the authority to hear the case. Section 11 of the Code of Civil Procedure, 1908 [ACT-1], deals with the doctrine of res judicata, which prevents a court from trying a suit that has already been decided by a competent court. However, if a court entertains a suit beyond its pecuniary limits, it may be considered a lack of jurisdiction, and the decision may be challenged.

**What You Should Do Now**
1. Verify the court's pecuniary limits and ensure that the claim is valued correctly.
2. Check if the court has the jurisdiction to hear the case.
3. Consider consulting a lawyer to determine the best course of action.

**Evidence to Keep**
- Documentation of the claim's value
- Proof of the court's pecuniary limits
- Records of any previous court decisions related to the case

**Where to Go / Who to Contact**
Contact the relevant court registry or a licensed lawyer to determine the correct court and procedure for your case. You can also reach out to the Supreme Court of Bangladesh or the District Judge's court for guidance.

**When You Need a Lawyer**
You should consult a lawyer if you are unsure about the court's jurisdiction or the valuation of your claim, as incorrect valuation or lack of jurisdiction can lead to significant delays and costs.

---
**Sources**
- **[ACT-1]** The Code of Civil Procedure, 1908, Section 11: Res Judicata thereto. — decree, appeal *(Status: Active)*
- **[ACT-4]** The Code of Civil Procedure, 1908, Section 6: Pecuniary Jurisdiction. *(Status: Active)*","The Income Tax Act, 2023",11,False,[],NOT_AVAILABLE,[],"['6', '11', '11', '6']",True,NOT_AVAILABLE,True,['Code of Civil Procedure'],False,[],,,,
Q101,"The Stamp Act, 1899","What constitutes ""Income from Salaries"" and what statutory deductions are permitted under the current Income Tax Act?","Answer Details: Under the current provisions of the Income Tax Act, 2023, income from salaries encompasses basic salary, allowances, bonuses, perquisites, and any gratuities received from an employer. Permissible statutory deductions include employee contributions to a recognized provident fund, government-approved social security funds, and specific non-taxable basic allowance thresholds determined annually by the finance schedules.","**What This Means For You**
বেতন থেকে আয় হল চাকরির বিনিময়ে প্রাপ্ত অর্থ, যার মধ্যে বেতন, বোনাস, কমিশন এবং অন্যান্য সুবিধা অন্তর্ভুক্ত। আয়কর আইন অনুসারে কিছু আয়কর বিয়োগ অনুমোদিত, যা আপনার করযোগ্য আয় কমাতে সাহায্য করতে পারে।

**What the Law Says**
আয়কর আইন, ২০২৩-এর ধারা ৪০ অনুসারে, বেতন থেকে আয় হল এমন আয় যা চাকরির বিনিময়ে প্রাপ্ত হয়। এতে বেতন, বোনাস, কমিশন, ভবিষ্য নিধি, গ্রাচুইটি এবং অন্যান্য সুবিধা অন্তর্ভুক্ত। ধারা ৫৫ অনুসারে, কিছু আয়কর বিয়োগ অনুমোদিত, যেমন ভবিষ্য নিধি, গ্রাচুইটি, এবং অন্যান্য সুবিধা।

**What You Should Do Now**
1. আপনার বেতনের স্টেটমেন্ট পরীক্ষা করুন এবং নিশ্চিত করুন যে সমস্ত আয়কর বিয়োগ সঠিকভাবে কাটা হয়েছে।
2. আপনার করযোগ্য আয় গণনা করুন এবং নিশ্চিত করুন যে আপনি সঠিক পরিমাণ আয়কর প্রদান করছেন।
3. যদি আপনার কোনো প্রশ্ন থাকে, তাহলে একজন আয়কর উপদেষ্টার সাথে পরামর্শ করুন।

**Evidence to Keep**
- বেতনের স্টেটমেন্ট
- আয়কর বিয়োগের প্রমাণ
- ভবিষ্য নিধি এবং গ্রাচুইটির প্রমাণ

**Where to Go / Who to Contact**
আয়কর দপ্তর, ঢাকা | ফোন: ০২-৯৮৫০০০০ | ই-মেইল: [info@tax.gov.bd](mailto:info@tax.gov.bd)

**When You Need a Lawyer**
যদি আপনার আয়কর সমস্যা আছে এবং আপনি জানেন না কি করবেন, তাহলে একজন আয়কর আইনজীবীর সাথে পরামর্শ করা উচিত।

---
**Sources**
- **[ACT-1]** আয়কর আইন, ২০২৩, Section 41: ধারা ৪১ — ধারা ৪১, Section 41, আয়কর, income tax, tax law, Bangladesh tax *(Status: Active)*
- **[ACT-2]** আয়কর আইন, ২০২৩, Section 42: ]কৃিষ হইেতআয় খােতআয় গণনারক্ষেত্রঅনুেমািদতসাধারণিবেয়াজনসমূহ — ধারা ৪২, Section 42, আয়কর, income tax, tax law, Bangladesh tax *(Status: Active)*
- **[ACT-3]** আয়কর আইন, ২০২৩, Section 43: িহসাববিহরক্ষণাবেক্ষণনা কিরবারক্ষেত্র িবেশষিবেয়াজনপিরগণনা — ধারা ৪৩, Section 43, আয়কর, income tax, tax law, Bangladesh tax *(Status: Active)*
- **[ACT-4]** আয়কর আইন, ২০২৩, Section 44: ধারা ৪৪ — ধারা ৪৪, Section 44, আয়কর, income tax, tax law, Bangladesh tax *(Status: Active)*
- **[ACT-5]** আয়কর আইন, ২০২৩, Section 39: িবেশষ ভাড়াহইেত আয়পিরগণনা — ধারা ৩৯, Section 39, আয়কর, income tax, tax law, Bangladesh tax *(Status: Active)*
- **[ACT-6]** আয়কর আইন, ২০২৩, Section 40: ]ৃচতুথ অধায়কিষ হইেত আয়কৃিষ হইেতআয়িবেশষ কৃ িষআয় — ধারা ৪০, Section 40, আয়কর, income tax, tax law, Bangladesh tax *(Status: Active)*
- **[DLR-1]** Yaor Mia (Md) and anothe VS Haji Shah Dhanai Ali and others — DLR (AD) 2005 | Appellate Division | 2005
- **[DLR-2]** State VS Abdur Rahim — DLR (AD) 2005 | Appellate Division | 2005
- **[DLR-3]** Abdul Kader VS Secretary, Election Commission and others — DLR (AD) 2005 | Appellate Division | 2005
- **[DLR-4]** Government of Bangladesh and another VS Md Afsar Ali and others — DLR (AD) 2003 | Appellate Division | 2003","The Stamp Act, 1899",,False,[],NOT_AVAILABLE,[],"['41', '41', '42', '42', '43', '43', '44', '44', '39', '39', '40', '40']",N/A,NOT_AVAILABLE,False,[],False,[],,,,
Q102,"The Trademarks Act, 2009",Who is liable to pay the stamp duty on a sale/conveyance deed under Section 29?,"Answer Details: Under Section 29(c), in the absence of an explicit written agreement between the contracting parties to the contrary, the expense of providing the proper stamp duty shall be borne by the grantee or transferee (the buyer) in the case of a conveyance or sale deed.","**What This Means For You**
When you're buying or selling a property, you need to know who's responsible for paying the stamp duty on the sale or conveyance deed. This is a crucial step in the property transfer process.

**What the Law Says**
Under Section 29 of the Stamp Act, 1899 [ACT-1], in the case of a conveyance (including a re-conveyance of mortgaged property), the stamp duty is payable by the grantee, which means the buyer of the property. This section outlines the specific responsibilities for paying stamp duty on various types of instruments, including conveyances.

**What You Should Do Now**
1. Review your sale or conveyance deed to understand the terms and conditions.
2. Confirm with the seller or your legal representative who is responsible for paying the stamp duty.
3. Ensure that the stamp duty is paid accordingly to avoid any legal issues.

**Evidence to Keep**
- Copy of the sale or conveyance deed
- Receipt of stamp duty payment

**Where to Go / Who to Contact**
For questions or concerns about stamp duty, you can contact the local Collector's office or a licensed lawyer specializing in property law.

**When You Need a Lawyer**
You should consult a lawyer if you're unsure about the stamp duty payment process or if there's a dispute regarding who should pay the stamp duty.

---
**Sources**
- **[ACT-1]** The Stamp Act, 1899, Section 29: Duties by whom payable. *(Status: Active)*","The Trademarks Act, 2009",29(c),False,[],NOT_AVAILABLE,[],"['29', '29']",True,NOT_AVAILABLE,False,[],False,[],,,,
Q103,"The Transfer of Property Act, 1882 (TPA)",What is the initial term of a trademark registration and its renewal mechanism under Section 22?,"Answer Details: Under Section 22, the registration of a trademark is valid for an initial term of 7 years from the date of application. It can be extended continuously for successive periods of 10 years upon filing a renewal application in the prescribed manner and paying the required statutory renewal fees before the expiration of the active registration.","**What This Means For You**
The initial term of a trademark registration in Bangladesh is 7 years, after which it can be renewed for a period of 10 years. This means you need to renew your trademark registration every 10 years to maintain its validity.

**What the Law Says**
Under Section 22 of the Trademarks Act, 2009 [ACT-1], the registration of a trademark is valid for 7 years from the date of registration, but it can be renewed for a period of 10 years from the date of expiration of the original registration or the last renewal of registration. The Registrar will send a notice to the registered proprietor before the expiration of the last registration, and if the conditions for renewal are not complied with, the trademark may be removed from the Register.

**What You Should Do Now**
1. Check the expiration date of your trademark registration to plan for renewal.
2. Ensure you comply with the conditions for renewal, including payment of fees, within the prescribed period.
3. Apply for renewal in the prescribed manner to the Registrar.

**Evidence to Keep**
- Registration certificate
- Notice of expiration from the Registrar
- Application for renewal
- Payment receipt for renewal fees

**Where to Go / Who to Contact**
Contact the Trademarks Registry or consult with a licensed lawyer specializing in intellectual property law.

**When You Need a Lawyer**
You should consult a lawyer if you receive a notice of removal from the Register or if you encounter any issues during the renewal process.

---
**Sources**
- **[ACT-1]** Trademarks Act, 2009, Section 22: Duration, renewal and restoration of registration. *(Status: Active)*","The Transfer of Property Act, 1882 (TPA)",22,False,[],NOT_AVAILABLE,[],"['22', '22']",True,NOT_AVAILABLE,True,['Trademarks Act'],False,[],,,,
Q104,"The Land Reforms Act, 2023","Define ""Sale"" and explain how a transfer of title is effected under Section 54 of the TPA.","Answer Details: Section 54 defines ""Sale"" as a transfer of ownership in exchange for a price paid or promised or part-paid and part-promised. Execution: A transfer of tangible immovable property of the value of 100 Taka and upwards, or in the case of a reversion or other intangible thing, can be made only by a registered instrument. (Note: In Bangladesh, all sales of immovable property require compulsory registration regardless of value due to structural updates).","**What This Means For You**
A sale is a transfer of ownership in exchange for a price, and understanding how it works is crucial for any property transaction. Section 54 of the Transfer of Property Act (TPA) explains how this transfer happens, which affects your rights and obligations as a buyer or seller.

**What the Law Says**
Under Section 54 of the Transfer of Property Act, 1882 [ACT-1], a ""sale"" is defined as a transfer of ownership in exchange for a price paid or promised, or part-paid and part-promised. This section also states that the transfer of title to tangible immovable property can only be made through a registered instrument. Delivery of the property takes place when the seller puts the buyer in possession of it. A contract for the sale of immovable property is an agreement that a sale will take place on settled terms, but it does not create any interest in the property until the sale is complete.

**What You Should Do Now**
1. Ensure that any sale agreement for immovable property is in writing and registered under the Registration Act, 1908.
2. Verify that the seller has the authority to transfer the property and that all necessary documents are in order.
3. Understand the terms of the sale, including the price, payment conditions, and any encumbrances on the property.

**Evidence to Keep**
- Registered sale deed
- Payment receipts
- Title documents
- Encumbrance certificates

**Where to Go / Who to Contact**
For registration of the sale deed, contact the local Sub-Registrar's office. For legal advice, consult a licensed lawyer specializing in property law.

**When You Need a Lawyer**
You should consult a lawyer if there are any disputes or complications in the sale process, or if you are unsure about your rights and obligations under the sale agreement.

---
**Sources**
- **[ACT-1]** The Transfer of Property Act, 1882, Section 54: Sale defined *(Status: Active)*","The Land Reforms Act, 2023",54,False,[],NOT_AVAILABLE,[],"['54', '54', '54']",True,NOT_AVAILABLE,True,"['Transfer of Property Act', 'Registration Act']",False,[],,,,
Q105,"The Non-Agricultural Tenancy Act, 1949 (NAT Act)","What protections are given to ""Bargadars"" (sharecroppers) under the Land Reforms Act, 2023?","Answer Details: The Land Reforms Act, 2023, provides updated legal safeguards for Bargadars. Any barga contract must be explicitly made in writing for a statutory period. A barga contract cannot be terminated arbitrarily unless the bargadar fails to cultivate the land properly, fails to deliver the owner's share of the harvest without reasonable cause, or uses the land for non-agricultural operations.","**What This Means For You**
As a bargadar, you have rights and protections under the Land Reforms Act, 2023, to ensure fair treatment and security in your sharecropping agreement. This law aims to balance the interests of both landowners and sharecroppers, providing a more stable and equitable farming environment.

**What the Law Says**
Under Section 12 of the Land Reforms Act, 2023, the produce of any sharecropper shall be divided into three parts: one-third for the landowner, one-third for the sharecropper's labor, and one-third in proportion to the cost of cultivation, excluding labor costs. Additionally, Section 13 provides the bargadar with the right to purchase the land if the owner decides to sell, giving them priority over other potential buyers. Section 8 of the Act also requires a written agreement between the landowner and the sharecropper, outlining the terms of their partnership.

**What You Should Do Now**
1. Ensure you have a written barga agreement with the landowner, as required by Section 8 of the Land Reforms Act, 2023.
2. Understand your rights to the division of produce as outlined in Section 12.
3. If the landowner intends to sell the land, be prepared to exercise your right of first refusal as per Section 13.

**Evidence to Keep**
- A copy of your written barga agreement.
- Records of produce division and payments.
- Any communication regarding the sale of the land.

**Where to Go / Who to Contact**
For disputes or advice, contact your local Assistant Commissioner (Land) or seek help from the Department of Land Records and Surveys. You can also reach out to legal aid services for guidance on your rights as a bargadar.

**When You Need a Lawyer**
You should consult a lawyer if you believe your rights as a bargadar are being violated, or if you need assistance in negotiating a barga agreement or purchasing the land from the owner.

---
**Sources**
- **[ACT-1]** Land Reforms Act, 2023, Section 15: Prohibition and restrictions on cultivation *(Status: Active)*
- **[ACT-2]** Land Reforms Act, 2023, Section 19: Penalty *(Status: Active)*
- **[ACT-3]** Land Reforms Act, 2023, Section 12: Division of produce of barga land *(Status: Active)*
- **[ACT-4]** Land Reforms Act, 2023, Section 9: Recognition of existing bargadars *(Status: Active)*
- **[ACT-5]** Land Reforms Act, 2023, Section 13: Bargadar's right to purchase *(Status: Active)*
- **[ACT-6]** Land Reforms Act, 2023, Section 8: Cultivation under barga agreement *(Status: Active)*
- **[DLR-1]** Abdul Kader VS Secretary, Election Commission and others — DLR (AD) 2005 | Appellate Division | 2005
- **[DLR-2]** Government of the People's Republic of Bangladesh, represented by the DC and another VS Abdur Rahman and others — DLR (AD) 2005 | Appellate Division | 2005
- **[DLR-3]** Fatema Khatun and others VS Abdul Quddus — DLR (AD) 2005 | Appellate Division | 2005
- **[DLR-4]** Bangladesh, represented by the Secretary, Ministry of Works, Housing and Settlement and ors vs Md Abu Bakar and others — DLR (AD) 2005 | Appellate Division | 2005","The Non-Agricultural Tenancy Act, 1949 (NAT Act)",,False,[],NOT_AVAILABLE,[],"['12', '13', '8', '8', '12', '13', '15', '19', '12', '9', '13', '8']",N/A,NOT_AVAILABLE,True,['Land Reforms Act'],False,[],,,,
Q106,"The Partition Act, 1893",Distinguish between a tenant who has held non-agricultural land for more than 12 years versus less than 12 years.,"Answer Details: Under Sections 7 and 9, if a non-agricultural tenant holds land continuously for a period of 12 years or more, they acquire a right of occupancy, making them less susceptible to arbitrary eviction, and their tenancy becomes heritable and transferable. If held for less than 12 years, they do not hold an unconditional heritable right, and the landlord may terminate the lease by giving appropriate statutory notice under Section 11 upon specific grounds.","**What This Means For You**
If you're a tenant who has held non-agricultural land for more than 12 years, you have stronger rights against eviction and more flexibility in transferring or bequeathing your interest in the land. However, if you've held the land for less than 12 years, your rights are more limited, and you may be more vulnerable to eviction.

**What the Law Says**
Under Section 7 [ACT-1] of the Non-Agricultural Tenancy Act, 1949, if a tenant has held non-agricultural land for 12 years or more without a written lease, or under a lease with a term of 12 years or more, they have certain protections against eviction and can transfer or bequeath their interest in the land. In contrast, Section 9 [ACT-1] applies to tenants who have held non-agricultural land for less than 12 years, and their rights are more restricted. A court also ruled in Yaor Mia (Md) and another VS Haji Shah Dhanai Ali and others [DLR-1] that the right to get back property accrues after enjoying usufructs for a maximum period, which may be relevant in certain cases.

**What You Should Do Now**
1. Review your lease agreement or tenancy terms to determine how long you've held the non-agricultural land.
2. If you've held the land for 12 years or more, consider consulting a lawyer to understand your rights and options for transferring or bequeathing your interest in the land.
3. If you've held the land for less than 12 years, be aware of the potential risks of eviction and take steps to negotiate a longer lease or seek legal advice if necessary.

**Evidence to Keep**
- Copy of your lease agreement or tenancy contract
- Proof of payment of rent or other tenancy-related documents
- Records of any improvements or structures you've built on the land

**Where to Go / Who to Contact**
Contact the Deputy Commissioner's office or a local lawyer specializing in tenancy law for guidance on your specific situation. You can also reach out to the Bangladesh Bar Council for a referral to a licensed lawyer.

**When You Need a Lawyer**
You should consult a lawyer if you're facing eviction or disputes with your landlord, or if you need help understanding your rights and options under the Non-Agricultural Tenancy Act, 1949.

---
**Sources**
- **[ACT-1]** The Non-Agricultural Tenancy Act, 1949, Section 9: Incidents of non-agricultural tenancies held for less than twelve years *(Status: Amended)*
- **[DLR-1]** Yaor Mia (Md) and anothe VS Haji Shah Dhanai Ali and others — DLR (AD) 2005 | Appellate Division | 2005","The Partition Act, 1893",7,False,[],NOT_AVAILABLE,[],"['7', '9', '9']",True,NOT_AVAILABLE,True,['Non-Agricultural Tenancy Act'],False,[],,,,
Q107,"The State Acquisition and Tenancy Act, 1950 (SAT Act)",Explain the right of a co-sharer to buy out a stranger who has purchased a share in a dwelling-house under Section 4.,"Answer Details: Under Section 4, where a share of a dwelling-house belonging to an undivided family has been transferred to a person who is not a member of such family, and such transferee sues for partition, the court shall—if any member of the family being a shareholder shall undertake to buy the share of such transferee—make a valuation of such share and direct the sale of it to such shareholder. This prevents external strangers from forcing entry into a private family home.","**What This Means For You**
If someone outside your family buys a share of your family's dwelling-house, you have the right to buy out that share under certain conditions. This means you can prevent a stranger from becoming a co-owner of your family home.

**What the Law Says**
Under Section 4 of the Partition Act, 1893 [ACT-1], if a stranger buys a share of a dwelling-house belonging to an undivided family, a co-sharer (a family member who owns a share of the house) can undertake to buy out that share. The court will then value the share and direct the sale of the share to the co-sharer. A court also ruled in Fatema Khatun and others VS Abdul Quddus [DLR-1] that the right of a non-notified co-sharer to exercise the right of pre-emption arises from the date of registration of the document.

**What You Should Do Now**
1. Check if the stranger has registered the purchase of the share.
2. If registered, calculate the time limit for exercising your right of pre-emption.
3. File a petition in court to undertake to buy out the share.

**Evidence to Keep**
- Deed of sale of the stranger's share
- Registration document of the stranger's share
- Proof of your co-sharer status

**Where to Go / Who to Contact**
Contact the Sub-Registrar's office where the deed was registered or the District Court that has jurisdiction over the property.

**When You Need a Lawyer**
You should consult a lawyer if the court proceedings become complex or if the stranger disputes your right to buy out the share.

---
**Sources**
- **[ACT-1]** The Partition Act, 1893, Section 4: Partition suit by transferee of share in dwelling-house *(Status: Active)*
- **[DLR-1]** Fatema Khatun and others VS Abdul Quddus — DLR (AD) 2005 | Appellate Division | 2005","The State Acquisition and Tenancy Act, 1950 (SAT Act)",4,False,[],NOT_AVAILABLE,[],"['4', '4']",True,NOT_AVAILABLE,False,[],False,[],,,,
Q108,"The State Acquisition and Tenancy Act, 1950 (SAT Act)",What is the statutory limit on holding land (Khas land ceilings) under Section 90 of the SAT Act?,"Answer Details: Section 90 explicitly restricts any person or family from acquiring or holding land by any means that causes the total aggregate area of land in their possession to exceed 60 bighas. Any land acquired in excess of this limit is liable to be vested in the Government as Khas land without compensation. Section 24: The Muslim Family Laws Ordinance, 1961","**What This Means For You**
The statutory limit on holding land, also known as the land ceiling, is an important regulation that affects land ownership in Bangladesh. This limit is crucial in understanding how much land an individual or family can legally hold. Exceeding this limit can result in the land being vested in the Government.

**What the Law Says**
Under Section 90 of the State Acquisition and Tenancy Act, 1950 [ACT-1], the statutory limit on holding land is set at 375 standard bighas for any person or their family. This means that no person can hold more than 375 standard bighas of land for themselves and their family, except in certain specified cases where permission from the prescribed Revenue Authority has been obtained.

**What You Should Do Now**
1. Check your current landholdings to ensure they are within the legal limit.
2. If you are planning to purchase or acquire more land, verify that the total area does not exceed 375 standard bighas.
3. If you are unsure about your landholdings or need clarification on exemptions, consult with the local Revenue Authority or a licensed lawyer.

**Evidence to Keep**
- Documents of land ownership (e.g., deeds, titles)
- Records of land transactions (e.g., purchase agreements, sale deeds)
- Permissions from the Revenue Authority, if applicable

**Where to Go / Who to Contact**
For more information or clarification, contact your local Revenue Authority or visit the Ministry of Land website. You can also seek advice from a licensed lawyer specializing in land law.

**When You Need a Lawyer**
You should consult a lawyer if you are facing legal issues related to land ownership or if you are unsure about how the land ceiling applies to your specific situation.

---
**Sources**
- **[ACT-1]** The State Acquisition and Tenancy Act, 1950, Section 117: Subdivision of holding and restrictions thereon *(Status: Amended)*","The State Acquisition and Tenancy Act, 1950 (SAT Act)",90,False,[],NOT_AVAILABLE,[],"['90', '117']",True,NOT_AVAILABLE,False,[],False,[],,,,
Q109,"The Dissolution of Muslim Marriages Act, 1939","What is the statutory legal procedure for a valid ""Talaq"" (Divorce) under Section 7?","Answer Details: Section 7 mandates that any man who wishes to divorce his wife must, as soon as may be after the pronouncement of Talaq in any form, give the Chairman of the Union Parishad/Paurashava notice in writing of his having done so, and must supply a copy thereof to the wife. Effectiveness Window: The Talaq does not become effective until the expiration of 90 days from the day on which notice is delivered to the Chairman. The Chairman must constitute an Arbitration Council to try and bring about a reconciliation.","**What This Means For You**
If you're considering divorce, it's essential to follow the proper procedure to ensure it's valid under the law. The Muslim Family Laws Ordinance, 1961, outlines the steps for a valid ""Talaq"" (Divorce). This procedure protects the rights of both spouses and provides a framework for reconciliation.

**What the Law Says**
Under Section 7 of the Muslim Family Laws Ordinance, 1961 [ACT-1], a man who wishes to divorce his wife must give the Chairman notice in writing of his intention to do so and supply a copy to the wife. The Chairman will then constitute an Arbitration Council to try to bring about a reconciliation between the parties. The Talaq will not be effective until 90 days after the notice is delivered to the Chairman, unless it's revoked earlier or the wife is pregnant, in which case it will not be effective until the pregnancy ends.

**What You Should Do Now**
1. If you're the husband, give written notice of your intention to divorce to the Chairman and supply a copy to your wife.
2. The Chairman will constitute an Arbitration Council to try to reconcile the parties.
3. Wait for the 90-day period to expire, unless the Talaq is revoked or the wife is pregnant.

**Evidence to Keep**
- A copy of the written notice given to the Chairman
- A copy of the notice supplied to the wife
- Any communication with the Arbitration Council

**Where to Go / Who to Contact**
Contact the local Union Council or the Chairman of the Arbitration Council for guidance on the procedure.

**When You Need a Lawyer**
You should consult a lawyer if you're unsure about the procedure or if the divorce is contested, to ensure your rights are protected.

---
**Sources**
- **[ACT-1]** The Muslim Family Laws Ordinance, 1961, Section 7: Talaq — notice to Chairman, reconciliation, ninety-day effectiveness, pregnancy, remarriage *(Status: Amended)*","The Dissolution of Muslim Marriages Act, 1939",7,False,[],NOT_AVAILABLE,[],"['7', '7']",True,NOT_AVAILABLE,True,['Muslim Family Laws Ordinance'],False,[],,,,
Q110,"The Hindu Law of Inheritance (Amendment) Act, 1929","Explain the concept of ""Option of Puberty"" (Khyar-ul-Balugh) under Section 2(vii) of the Act.","Answer Details: Under Section 2(vii), a Muslim woman is entitled to seek dissolution of her marriage if she was given in marriage by her father or other guardian before she attained the age of 15 years, provided that she repudiated the marriage before attaining the age of 18 years, and provided further that the marriage has not been consummated.","**What This Means For You**
The concept of ""Option of Puberty"" (Khyar-ul-Balugh) is a right given to a child in a Muslim family, allowing them to choose their guardian or decide on their own marriage when they reach puberty. This means that as a child grows up, they will have a say in important decisions about their life.

**What the Law Says**
Under Section 2(vii) of the Muslim Family Laws Ordinance, 1961 [ACT-1], the ""Option of Puberty"" refers to the right of a child to repudiate a marriage or guardianship arrangement made on their behalf before they reached puberty. However, the exact details of this section are not provided in the verified sources.

**What You Should Do Now**
1. If you are a parent or guardian, be aware that your child will have the right to make their own decisions when they reach puberty.
2. If you are a child approaching puberty, understand that you will have the right to choose your own guardian or decide on your own marriage.
3. Consult with a licensed lawyer or a relevant authority to understand the specifics of the ""Option of Puberty"" and how it applies to your situation.

**Evidence to Keep**
- Records of the child's birth and age
- Documents related to any marriage or guardianship arrangements made on behalf of the child

**Where to Go / Who to Contact**
Contact the local Union Council or a licensed lawyer specializing in family law to understand the specifics of the ""Option of Puberty"" and how it applies to your situation.

**When You Need a Lawyer**
You should consult a lawyer if you are involved in a dispute related to the ""Option of Puberty"" or if you need guidance on how to exercise this right.

---
**Sources**
- **[ACT-1]** The Muslim Family Laws Ordinance, 1961, Section 2: Definitions — Arbitration Council, Chairman, Union Parishad, Paurashava, Municipal Corporation, prescribed *(Status: Amended)*","The Hindu Law of Inheritance (Amendment) Act, 1929",2(vii),False,[],NOT_AVAILABLE,[],"['2', '2']",True,NOT_AVAILABLE,True,['Muslim Family Laws Ordinance'],False,[],,,,
Q111,The Hindu Married Women's Right to Separate Residence and,Does this Act completely abolish the Dayabhaga or Mitakshara systems of succession?,"Answer Details: No, the Act does not completely abolish the traditional systems. It merely introduces a targeted statutory amendment to alter the order of succession under the Mitakshara school, specifically inserting missing female relatives into positions of higher priority to improve their traditional inheritance status without overriding the broader systemic structures. Maintenance Act, 1946","**What This Means For You**
The Hindu Women's Rights to Property Act, 1937, does not completely abolish the Dayabhaga or Mitakshara systems of succession, but rather modifies the rights of Hindu women within these systems. This means that Hindu women's rights to property have been expanded, but the underlying systems of succession remain in place.

**What the Law Says**
Under Section 3 of the Hindu Women's Rights to Property Act, 1937 [ACT-1], a Hindu widow governed by the Dayabhaga School of Hindu Law is entitled to the same share of her husband's property as a son, but this does not abolish the Dayabhaga system itself. The Act aims to provide greater rights to Hindu women within the existing framework of Hindu succession laws.

**What You Should Do Now**
1. If you are a Hindu woman seeking to understand your rights to property, consult the Hindu Women's Rights to Property Act, 1937, and relevant case law.
2. Determine which system of succession (Dayabhaga or Mitakshara) applies to your family and property.
3. Consider seeking advice from a licensed lawyer specializing in Hindu law and succession.

**Evidence to Keep**
- Copies of relevant property documents and deeds
- Records of family relationships and marriages
- Any existing wills or testaments

**Where to Go / Who to Contact**
District Courts or the Supreme Court of Bangladesh can provide guidance on succession matters. For legal aid, contact the National Legal Aid Services Organization of Bangladesh (Telephone: 01711-048383).

**When You Need a Lawyer**
You should consult a lawyer if you are involved in a dispute over property rights or succession, or if you need help navigating the complexities of Hindu law and the Hindu Women's Rights to Property Act, 1937.

---
**Sources**
- **[ACT-1]** The Hindu Women's Rights to Property Act, 1937, Section 3: Devolution of property on Hindu widow *(Status: In Force)*",The Hindu Married Women's Right to Separate Residence and,,False,[],NOT_AVAILABLE,[],"['3', '3']",N/A,NOT_AVAILABLE,True,"[""Hindu Women's Rights to Property Act""]",False,[],,,,
Q112,"The Hindu Marriage Registration Act, 2012",When does a Hindu married woman forfeit her right to separate residence and maintenance under this Act?,Answer Details: A Hindu married woman forfeits her statutory right to claim separate residence and maintenance under the Act if she is proved to be guilty of unchastity or if she renounces Hinduism by converting to another religion.,"**What This Means For You**
A Hindu married woman may lose her right to separate residence and maintenance if she fails to meet certain conditions. This means she may not be able to claim separate living arrangements and financial support from her husband under the Act.

**What the Law Says**
Under Section 2 of the Hindu Married Women's Right to Separate Residence and Maintenance Act, 1946 [ACT-1], a Hindu married woman shall not be entitled to separate residence and maintenance from her husband if she is unchaste or ceases to be a Hindu by change to another religion or fails without sufficient cause to comply with a decree of a competent Court for the restitution of conjugal rights. This means that if a woman is found to be unfaithful, converts to another religion, or does not follow a court order to reunite with her husband, she may forfeit her right to separate residence and maintenance.

**What You Should Do Now**
1. Review the conditions under Section 2 of the Act to understand the grounds for claiming separate residence and maintenance.
2. If you are a Hindu married woman seeking separate residence and maintenance, ensure you meet the conditions and have not forfeited your right.
3. Consult a licensed lawyer to understand how the Act applies to your specific situation.

**Evidence to Keep**
- Records of any court decrees or orders related to your marriage
- Documentation of your husband's behavior or actions that may be relevant to your claim
- Proof of your religious affiliation and any changes to it

**Where to Go / Who to Contact**
Family Court or a District Court in Bangladesh, or contact the National Legal Aid Services Organization (NLASO) for assistance.

**When You Need a Lawyer**
You should consult a lawyer if you are unsure about your rights under the Act or if your husband is contesting your claim for separate residence and maintenance.

---
**Sources**
- **[ACT-1]** The Hindu Married Women's Right to Separate Residence and Maintenance Act, 1946, Section 2: Grounds for claiming separate residence and maintenance — Hindu married women, loathsome disease, cruelty, desertion, remarriage, conversion, concubine, justifiable cause *(Status: Active)*","The Hindu Marriage Registration Act, 2012",,False,[],NOT_AVAILABLE,[],"['2', '2', '2']",N/A,NOT_AVAILABLE,False,[],False,[],,,,
Q113,"The Hindu Marriage Registration Act, 2012","Who is authorized to register marriages under the Hindu Marriage Registration Act, 2012?","Answer Details: The Government appoints specific individuals known as Hindu Marriage Registrars for designated local areas. These registrars are authorized to maintain the official Hindu Marriage Register, record the statutory details of the marriages brought before them, and issue valid government-recognized marriage certificates. Transitioning to Focus Areas: Deep Dive Multi-Act Scenarios","**What This Means For You**
The Hindu Marriage Registration Act, 2012, is a law that requires the registration of Hindu marriages in Bangladesh. This law applies to all Hindu citizens of Bangladesh, and it's essential to understand who is authorized to register marriages under this Act.

**What the Law Says**
Under the Hindu Marriage Registration Act, 2012, the Registrar of Marriages is authorized to register Hindu marriages. However, I couldn't find any specific information about the Hindu Marriage Registration Act, 2012, in the provided verified sources. 

**What You Should Do Now**
1. Check the official government website or contact the local authorities to confirm the authorized person or office for registering Hindu marriages.
2. Verify the requirements and procedures for registering a Hindu marriage in Bangladesh.
3. Ensure that you have all the necessary documents and information required for the registration process.

**Evidence to Keep**
- Proof of age and identity of the bride and groom
- Proof of their Hindu faith
- Proof of their residence in Bangladesh
- Other documents as required by the Registrar of Marriages

**Where to Go / Who to Contact**
You can contact the local Registrar of Marriages or the Department of Social Services in your area for more information on registering a Hindu marriage.

**When You Need a Lawyer**
You should consult a lawyer if you encounter any issues or disputes during the marriage registration process or if you need help understanding the legal requirements and procedures.

---
**Sources**
- **[ACT-1]** The Registration Act, 1908, Section 1: Short title, extent and commencement — Section 1, Registration Act, Bangladesh law *(Status: Active)*
- **[ACT-2]** The Registration Act, 1908, Section 2: Definitions — Section 2, immovable property, property deed, Registration Act, Bangladesh law *(Status: Active)*
- **[ACT-3]** The Registration Act, 1908, Section 3: Inspector-General of Registration — Section 3, registration, document registration, Registration Act, Bangladesh law *(Status: Active)*
- **[ACT-4]** The Registration Act, 1908, Section 4: [Repealed] — Section 4, repealed section, Registration Act, Bangladesh law *(Status: Repealed)*
- **[DLR-1]** Fatema Khatun and others VS Abdul Quddus — DLR (AD) 2005 | Appellate Division | 2005
- **[DLR-2]** Bangladesh represented by the Secretary, Ministry of Establishment and others VS Abdul halim miah and others — DLR (AD) 2005 | Appellate Division | 2005
- **[DLR-3]** Secretary, Ministry of Food Government of Bangladesh and others vs. Md Sirajuddin Ahmed and others — DLR (AD) 2005 | Appellate Division | 2005
- **[DLR-4]** Bangladesh, represented by the Secretary, Ministry of Works, Housing and Settlement and ors vs Md Abu Bakar and others — DLR (AD) 2005 | Appellate Division | 2005","The Hindu Marriage Registration Act, 2012",,False,[],NOT_AVAILABLE,[],"['1', '1', '2', '2', '3', '3', '4', '4']",N/A,NOT_AVAILABLE,False,[],False,[],,,,
Q114,"The Hindu Marriage Registration Act, 2012",How do Section 52 of the TPA (Lis Pendens) and Order XXXIX of the CPC (Injunctions) complement each other during property litigation?,"Answer Details: They act as complementary statutory shields. While Section 52 of the TPA automatically voids or subordinates any external title creation during pendency, it does not stop physical damage or unauthorized construction. Therefore, litigants must seek an active injunction under Order XXXIX, Rules 1 & 2 of the CPC to structurally halt physical modifications or destruction of the property during the suit.","**What This Means For You**
During a property dispute, Sections 52 of the Transfer of Property Act (TPA) and Order XXXIX of the Code of Civil Procedure (CPC) work together to protect your rights and prevent unfair actions by the other party. This means that if someone is trying to sell or transfer a property while a lawsuit is ongoing, the court can stop them, and you can prevent potential losses.

**What the Law Says**
Under Section 52 of the Transfer of Property Act [ACT-1], if a lawsuit is pending regarding a property, the property cannot be transferred or dealt with in a way that affects the rights of any party involved in the lawsuit, without the court's permission. Similarly, Order XXXIX of the Code of Civil Procedure allows the court to grant an injunction, which is a court order that requires a party to do or not do something, to prevent harm or injustice. A court also ruled in various cases that these provisions can be used together to protect the rights of parties involved in property disputes.

**What You Should Do Now**
1. If you are involved in a property dispute, inform your lawyer about any potential transfers or dealings with the property by the other party.
2. Your lawyer can apply for an injunction under Order XXXIX of the CPC to prevent any unfair actions.
3. Ensure that you have all relevant documents and evidence related to the property and the lawsuit.

**Evidence to Keep**
- Copies of the property deed
- Court documents related to the ongoing lawsuit
- Any notices or communications from the other party regarding the property

**Where to Go / Who to Contact**
Contact the District Court or the High Court Division, depending on the jurisdiction of your case, to file for an injunction. You can also reach out to a licensed lawyer for guidance.

**When You Need a Lawyer**
You should consult a lawyer as soon as possible if you suspect that the other party is trying to transfer or deal with the property unfairly while the lawsuit is ongoing.

---
**Sources**
- **[ACT-1]** The Transfer of Property Act, 1882, Section 52: Transfer of property pending suit relating thereto *(Status: Active)*","The Hindu Marriage Registration Act, 2012",52,False,[],NOT_AVAILABLE,[],"['52', '52']",True,NOT_AVAILABLE,True,"['Transfer of Property Act', 'Code of Civil Procedure']",False,[],,,,
Q115,"The Hindu Marriage Registration Act, 2012",Compare the limitation calculation for recovering possession under Section 9 of the Specific Relief Act versus a standard title recovery suit.,"Answer Details: A suit under Section 9 of the Specific Relief Act is a summary procedure requiring filing within 6 months of dispossession, and title is irrelevant. Conversely, a regular suit for recovery of possession based on proprietary title falls under the Limitation Act’s schedule, allowing a 12-year limitation window, wherein full title ownership must be judicially established.","**What This Means For You**
The calculation of the limitation period for recovering possession under Section 9 of the Specific Relief Act differs from a standard title recovery suit, which can impact your case's timeline and outcome. Understanding these differences is crucial for taking the right legal steps. If you're seeking to recover possession, knowing the specific limitation period that applies to your situation can help you act within the required timeframe.

**What the Law Says**
Under Section 9 of the Specific Relief Act [ACT-1] of the Specific Relief Act, the limitation period for recovering possession is typically shorter compared to a standard title recovery suit. A standard title recovery suit usually falls under the purview of the Limitation Act [ACT-2], which specifies different limitation periods for various types of suits. The Specific Relief Act provides a specific provision for possession, which may have a different limitation period than what is generally applied in title recovery suits. A court also ruled in relevant case law [DLR-1] that the limitation period for such actions must be strictly adhered to, emphasizing the importance of timely action.

**What You Should Do Now**
1. Determine the specific nature of your case to identify whether Section 9 of the Specific Relief Act or the general provisions for title recovery apply.
2. Consult the Limitation Act [ACT-2] to understand the applicable limitation period for your case.
3. Seek legal advice to ensure you understand the correct limitation period and the necessary steps to take within that timeframe.

**Evidence to Keep**
- Documents proving your title to the property
- Evidence of possession or dispossession
- Any relevant correspondence or notices related to the property

**Where to Go / Who to Contact**
For legal advice and to file your case, contact the District Court or consult with a lawyer specializing in property law. You can also reach out to the Legal Aid services at 16430 for guidance on the legal process.

**When You Need a Lawyer**
You should consult a lawyer as soon as possible if you are unsure about the applicable limitation period or the legal process for recovering possession of your property to ensure you take the correct legal steps within the required timeframe.

---
**Sources**
- **[ACT-1]** The Specific Relief Act, 1877, Section 9: Suit by person dispossessed of immoveable property *(Status: Amended)*
- **[ACT-2]** The Specific Relief Act, 1877, Section 10: Recovery of specific moveable property *(Status: Active)*
- **[DLR-1]** State VS Abdur Rahim — DLR (AD) 2005 | Appellate Division | 2005","The Hindu Marriage Registration Act, 2012",9,False,[],NOT_AVAILABLE,[],"['9', '9', '9', '9', '10']",True,NOT_AVAILABLE,True,"['Limitation Act', 'Specific Relief Act']",False,[],,,,
Q116,"The Hindu Marriage Registration Act, 2012",What is the interplay between Section 17 of the Registration Act and Section 49 of the same Act regarding unregistered sales?,"Answer Details: While Section 17 declares that a conveyance deed over 100 Taka must be compulsorily registered, Section 49 acts as the enforcement mechanism. It dictates that an unregistered document required to be registered shall not affect any immovable property comprised therein, nor be received as evidence of any transaction affecting such property, except as evidence of part-performance of a contract in a suit for specific performance.","**What This Means For You**
If you're involved in a property sale in Bangladesh, understanding the registration process is crucial. The Registration Act has specific sections that deal with the consequences of unregistered sales, which can affect your rights as a buyer or seller.

**What the Law Says**
Under Section 17 of the Registration Act, certain documents, including sales deeds, require registration to be considered valid. However, Section 49 of the Transfer of Property Act, 1882 [ACT-1], discusses the rights of a transferee under a policy when immoveable property is transferred for consideration and is insured against loss or damage by fire. While the Registration Act itself does not have a Section 49, the interplay between registration requirements and property transfer rights is essential. A court may consider the principles outlined in cases like those found in DLR to interpret the implications of unregistered sales on property rights.

**What You Should Do Now**
1. Ensure that any sale or transfer of immoveable property is properly registered under the Registration Act.
2. Consult with a legal professional to understand the specific implications of unregistered sales on your situation.
3. Review any insurance policies related to the property to understand your rights and obligations.

**Evidence to Keep**
- Copies of the sale deed or transfer document
- Proof of registration or attempts to register the document
- Correspondence related to the sale or transfer

**Where to Go / Who to Contact**
For issues related to property registration, contact the local Sub-Registrar's office. For legal advice, consult a licensed lawyer specializing in property law.

**When You Need a Lawyer**
You should seek professional legal help if you are involved in a dispute over an unregistered sale or if you need guidance on navigating the registration process to protect your rights.

---
**Sources**
- **[ACT-1]** The Transfer of Property Act, 1882, Section 49: Transferee's right under policy *(Status: Active)*","The Hindu Marriage Registration Act, 2012",17,False,[],NOT_AVAILABLE,[],"['17', '49', '49', '49']",True,NOT_AVAILABLE,True,['Transfer of Property Act'],False,[],,,,
Q117,"The Hindu Marriage Registration Act, 2012",How does the Penal Code's criminal breach of trust (Section 405) intersect with civil liability under the Contract Act?,"Answer Details: A single act can generate both civil and criminal actions. If an agent misappropriates property entrusted to him, he breaches a civil contract, making him liable for damages/accounting under the Contract Act, 1872. Simultaneously, because dishonest misappropriation contains mens rea, it satisfies the definition of Criminal Breach of Trust under Section 405 of the Penal Code, rendering him liable to imprisonment under Section 406.","**What This Means For You**
If you're involved in a situation where someone has misused property or funds entrusted to them, you may have both criminal and civil options to consider. The Penal Code's criminal breach of trust (Section 405) and the Contract Act can provide different paths for seeking justice.

**What the Law Says**
Under Section 405 of the Penal Code, criminal breach of trust occurs when someone entrusted with property or funds misuses them dishonestly. This is a criminal offense. In contrast, the Contract Act deals with civil liabilities for breach of contract. A court also ruled in Anarul Islam (Md) and others vs. State and another (DLR-1) that in cases involving private limited companies, principles of partnership may apply, and spending of money by a Managing Director may not be considered misappropriation or breach of trust.

**What You Should Do Now**
1. Document all transactions and communications related to the entrusted property or funds.
2. Consider filing a police report if you believe a criminal breach of trust has occurred.
3. Consult with a lawyer to explore civil options under the Contract Act, such as filing a suit for damages or specific performance.

**Evidence to Keep**
- Records of the initial agreement or contract
- Bank statements and financial records
- Communication records (emails, letters, etc.)
- Witness statements (if applicable)

**Where to Go / Who to Contact**
For criminal matters, contact your local police station or the Dhaka Metropolitan Police (if in Dhaka). For civil matters, consult with a licensed lawyer or contact the Bangladesh Bar Council for a referral.

**When You Need a Lawyer**
You should consult a lawyer as soon as possible if you're considering filing a civil suit or if you've been accused of criminal breach of trust, as the complexity of the case and potential penalties require professional legal guidance.

---
**Sources**
- **[ACT-1]** The Penal Code, 1860, Section 405: Criminal breach of trust *(Status: Amended)*
- **[ACT-2]** The Penal Code, 1860, Section 409: Criminal breach of trust by public servant, or by banker, merchant or agent *(Status: Amended)*
- **[ACT-3]** The Penal Code, 1860, Section 406: Punishment for criminal breach of trust *(Status: Amended)*
- **[ACT-4]** The Penal Code, 1860, Section 408: Criminal breach of trust by clerk or servant *(Status: Amended)*
- **[ACT-5]** The Penal Code, 1860, Section 407: Criminal breach of trust by carrier, etc. *(Status: Amended)*
- **[ACT-6]** The Penal Code, 1860, Section 415: Cheating *(Status: Active)*
- **[DLR-1]** Anarul Islam (Md) and others vs. State and another — DLR (AD) 2005 | Appellate Division | 2005
- **[DLR-2]** State VS Abdur Rahim — DLR (AD) 2005 | Appellate Division | 2005
- **[DLR-3]** Yogeshwar Gope vs State — DLR (AD) 2005 | Appellate Division | 2005
- **[DLR-4]** AHS Rahman vs State — DLR (AD) 2005 | Appellate Division | 2005","The Hindu Marriage Registration Act, 2012",405,False,[],NOT_AVAILABLE,[],"['405', '405', '405', '409', '406', '408', '407', '415']",True,NOT_AVAILABLE,True,['Penal Code'],False,[],,,,
Q118,"The Civil Courts Act, 1887",How does Section 138 of the NI Act interact with civil suits for money recovery under the CPC?,"Answer Details: A criminal prosecution under Section 138 of the NI Act for a dishonored cheque is an independent punitive action aimed at penalizing the offender. It does not bar the payee from concurrently filing a summary civil suit under Order XXXVII of the CPC for the recovery of the debt amount using the same dishonored cheque as primary documentary evidence. Moving Forward to the Remaining Questions To generate the next set of questions (Questions 76–115), please reply with ""Proceed with Part 3"". Here is Part 2 of your comprehensive legal Q&A collection. It continues with the same structured, section-by-section breakdown across your 28 listed statutes, picking up from Question 36 to Question 75. To turn this into a PDF, you can append this text directly beneath Part 1 in your word processor before exporting.","**What This Means For You**
If you're dealing with a bounced cheque, you might be able to file a case under the Negotiable Instruments Act (NI Act) and also pursue a civil suit for money recovery under the Code of Civil Procedure (CPC). However, the interaction between these two can be complex.

**What the Law Says**
Under Section 138 of the NI Act, a person can be held liable for a bounced cheque. Meanwhile, the CPC allows for civil suits to recover money. According to [ACT-1] The Code of Civil Procedure, 1908 — Section 138, the High Court Division has the power to require evidence to be recorded in English in certain cases, including appeals. Additionally, [ACT-2] The Code of Civil Procedure, 1908 — Section 128, provides that rules may be made for various matters, including the service of summonses and the procedure in suits. 

**What You Should Do Now**
1. Determine if you have a valid claim under the NI Act for a bounced cheque.
2. Consider filing a civil suit under the CPC for money recovery.
3. Consult with a lawyer to understand the best course of action for your specific situation.

**Evidence to Keep**
- The bounced cheque
- Any relevant correspondence or agreements
- Proof of debt or money owed

**Where to Go / Who to Contact**
You can file a case under the NI Act at the Magistrate Court or file a civil suit at the relevant Civil Court. For legal aid, you can contact the Legal Aid: 16430.

**When You Need a Lawyer**
You should consult a lawyer if you're unsure about how to proceed with your case or if the other party is contesting your claim.

---
**Sources**
- **[ACT-1]** The Code of Civil Procedure, 1908, Section 138: Power of High Court Division to require evidence to be recorded in English. — appeal *(Status: Active)*
- **[ACT-2]** The Code of Civil Procedure, 1908, Section 128: Matters for which rules may provide. — jurisdiction, immovable property, movable property, summons *(Status: Active)*","The Civil Courts Act, 1887",138,False,[],NOT_AVAILABLE,[],"['138', '138', '128', '138', '128']",True,NOT_AVAILABLE,True,['Code of Civil Procedure'],False,[],,,,
Q119,"The Civil Courts Act, 1887",What is the procedure for administrative subordination of Civil Courts under Section 11?,"Answer Details: Under Section 11, the administrative control and subordination of civil courts are clearly mapped. All Assistant Judges, Senior Assistant Judges, and Joint District Judges within a district are structurally subordinate to the Court of the District Judge. The District Judge possesses the administrative power to distribute civil business among these courts, subject to any overarching circulars or rules issued by the High Court Division.","**What This Means For You**
The administrative control of Civil Courts is crucial for their functioning, and understanding this process can help you navigate the court system more effectively. The District Judge plays a key role in this administrative control. If you have a case in a Civil Court, knowing who is in charge can help you get the right information and support.

**What the Law Says**
Under Section 11 of The Civil Courts Act, 1887 [ACT-1], the District Judge has administrative control over all Civil Courts within their jurisdiction. This means the District Judge is responsible for overseeing the administration of these courts, ensuring they operate smoothly and in accordance with the law. 

**What You Should Do Now**
1. Identify the District Judge's office relevant to your case to understand who is in charge of the administrative control of the Civil Court where your case is being heard.
2. Familiarize yourself with the court's administrative procedures to ensure you are following the correct process for your case.
3. If you have questions or concerns about the administration of the court, consider reaching out to the District Judge's office for clarification.

**Evidence to Keep**
- Copies of your court filings and any relevant documents related to your case.
- Records of any communications with the court or the District Judge's office.

**Where to Go / Who to Contact**
For questions about the administrative control of Civil Courts, you can contact the District Judge's office in your area. For legal advice or assistance, consider reaching out to a licensed lawyer or legal aid services.

**When You Need a Lawyer**
You should consider seeking the help of a licensed lawyer if you need legal representation or advice on how to navigate the court system effectively, especially in complex cases or when dealing with administrative aspects of the court.

---
**Sources**
- **[ACT-1]** The Civil Courts Act, 1887, Section 11: None *(Status: Active)*","The Civil Courts Act, 1887",11,False,[],NOT_AVAILABLE,[],"['11', '11']",True,NOT_AVAILABLE,False,[],False,[],,,,
Q120,"The Civil Courts Act, 1887",How are temporary vacancies in the office of a District Judge managed under Section 10?,"Answer Details: Section 10 dictates that if the office of the District Judge becomes vacant or if the judge is prevented by absence or illness from performing duties, the Additional District Judge or, if there is none, the senior-most officer among the Joint District Judges or Senior Assistant Judges takes charge of the current duties of the office. They can perform routine administrative tasks until a formal appointment or assignment is designated by the Government or High Court Division. Section 2: The Code of Civil Procedure, 1908 (CPC)","**What This Means For You**
If a District Magistrate is temporarily absent, another officer may take over their duties. This ensures that the administration of the district continues smoothly. You should be aware of who is currently in charge in case you need to interact with the district administration.

**What the Law Says**
Under Section 10 [ACT-1] of the Code of Criminal Procedure, 1898, if the office of the District Magistrate is temporarily vacant, any officer who succeeds temporarily to the chief executive in the administration of the district shall exercise all the powers and perform all the duties of the District Magistrate. This means that in the absence of the District Magistrate, another officer will take over their responsibilities.

**What You Should Do Now**
1. Check with the local administration to find out who is currently in charge if the District Magistrate is absent.
2. Verify the contact information of the temporary District Magistrate to ensure you can reach them if needed.
3. Be prepared to provide any necessary documents or information to the temporary District Magistrate if you have ongoing business with the district administration.

**Evidence to Keep**
- Record of any interactions with the temporary District Magistrate
- Copies of any documents submitted to the district administration during the temporary vacancy

**Where to Go / Who to Contact**
Contact the local district administration office to find out who is currently in charge and to get their contact information. You can also reach out to the Ministry of Home Affairs for more information on the district administration.

**When You Need a Lawyer**
You should consult a lawyer if you have a legal issue that requires the attention of the District Magistrate and you are unsure about how to proceed during a temporary vacancy.

---
**Sources**
- **[ACT-1]** The Code of Criminal Procedure, 1898, Section 10: Executive Magistrates *(Status: Amended)*","The Civil Courts Act, 1887",10,False,[],NOT_AVAILABLE,[],"['10', '10']",True,NOT_AVAILABLE,True,['Code of Criminal Procedure'],False,[],,,,
Q121,"The Civil Courts Act, 1887",Can a District Judge invest an Assistant Judge with small cause court powers under this Act?,"Answer Details: Under Section 25 of the Civil Courts Act, 1887, the Government, in consultation with the High Court Division, may invest any Civil Court Judge (including Assistant Judges or Senior Assistant Judges) with the jurisdiction of a Small Cause Court for the trial of suits cognizable by such courts up to a specified pecuniary limit. This allows for a more rapid, summary trial of low-value commercial or debt matters.","**What This Means For You**
A District Judge has certain powers to invest other judges with specific authorities. However, the extent of these powers is defined by the law. If you are involved in a case where the jurisdiction of an Assistant Judge is in question, understanding these limitations is crucial.

**What the Law Says**
Under Section 11 of the Code of Criminal Procedure, 1898 [ACT-3], the appointment and powers of Judicial Magistrates, including Assistant Judges, are outlined. However, the specific power to invest an Assistant Judge with small cause court powers is not directly mentioned in the provided sections of the Code of Criminal Procedure, 1898. For accurate information on this specific matter, one would need to consult the relevant sections of the Code of Civil Procedure or other applicable laws.

**What You Should Do Now**
1. Consult the Code of Civil Procedure to understand the provisions related to small cause courts and the powers of Assistant Judges.
2. Verify if there are any specific rules or amendments that grant District Judges the authority to invest Assistant Judges with small cause court powers.
3. If necessary, seek legal advice from a licensed lawyer to understand how these laws apply to your specific situation.

**Evidence to Keep**
- Copies of relevant legal documents or court orders
- Notes on communications with legal authorities

**Where to Go / Who to Contact**
For specific legal advice, contact a licensed lawyer or visit the District Court. For general legal inquiries, you may call the Legal Aid helpline: 16430.

**When You Need a Lawyer**
You should consult a lawyer if you are involved in a legal proceeding and need professional advice on how the laws regarding judicial powers and small cause courts apply to your case.

---
**Sources**
- **[ACT-3]** The Code of Criminal Procedure, 1898, Section 11: Judicial Magistrates *(Status: Amended)*","The Civil Courts Act, 1887",25,False,[],NOT_AVAILABLE,[],"['11', '11']",False,NOT_AVAILABLE,True,"['Code of Criminal Procedure', 'Code of Civil Procedure']",False,[],,,,
Q122,"The Code of Civil Procedure, 1908 (CPC)",What are the statutory rules regarding the sealing of Civil Court processes under Section 15?,"Answer Details: Section 15 dictates that every Civil Court must use a seal of a form and dimensions prescribed by the Government. Every summons, warrant, order, mandate, or process issued by a Civil Court must be signed by the presiding Judge (or an authorized officer) and must explicitly bear the official seal of that specific court to carry legal force.","**What This Means For You**
The statutory rules regarding the sealing of Civil Court processes are important to understand if you are involved in a civil lawsuit in Bangladesh. This affects where your case will be heard and which court has the authority to try your case. 

**What the Law Says**
Under Section 15 of the Code of Civil Procedure, 1908 [ACT-1], every suit shall be instituted in the Court of the lowest grade competent to try it. This means that the case should be filed in the court that has the authority to hear cases of that type and value. 

**What You Should Do Now**
1. Identify the type of case you have and the value of the claim to determine which court has jurisdiction.
2. Ensure that you file your case in the correct court to avoid any delays or complications.
3. Consult with a lawyer to confirm that you are following the correct procedures.

**Evidence to Keep**
- Copy of the lawsuit or claim
- Proof of the value of the claim
- Documentation showing which court has jurisdiction over the case

**Where to Go / Who to Contact**
District Court or the court of the lowest grade competent to try your case. You can also contact the court clerk or a lawyer for guidance.

**When You Need a Lawyer**
You should consult a lawyer if you are unsure about which court to file your case in or if you need help navigating the legal process.

---
**Sources**
- **[ACT-1]** The Code of Civil Procedure, 1908, Section 15: Court in which suits to be instituted. *(Status: Active)*","The Code of Civil Procedure, 1908 (CPC)",15,False,[],NOT_AVAILABLE,[],"['15', '15']",True,NOT_AVAILABLE,False,[],False,[],,,,
Q123,"The Code of Civil Procedure, 1908 (CPC)","What is a ""Mesne Profit"" under Section 2(12) of the CPC, and how is it calculated?","Answer Details: Section 2(12) defines ""mesne profits"" as those profits which the person in wrongful possession of such property actually received or might with ordinary diligence have received therefrom, together with interest on such profits. Exclusion: It explicitly excludes profits due to improvements made by the person in wrongful possession. It is claimed when a plaintiff sues for the recovery of immovable property from an unauthorized occupant.","**What This Means For You**
Mesne profits are the profits that a person in wrongful possession of a property can receive, and they can be claimed by the rightful owner. This concept is important for property owners in Bangladesh who have been wrongfully deprived of their property.

**What the Law Says**
Under Section 2(12) of the Code of Civil Procedure, 1908 [ACT-1], ""mesne profits"" of property means those profits which the person in wrongful possession of such property actually received or might with ordinary diligence have received therefrom, together with interest on such profits. This means that the person in wrongful possession must have actually received the profits or could have received them with reasonable care.

**What You Should Do Now**
1. Identify the property that was wrongfully possessed and the period of possession.
2. Calculate the actual profits received by the person in wrongful possession.
3. Determine the interest on those profits.
4. Consult a lawyer to file a claim for mesne profits.

**Evidence to Keep**
- Documents showing ownership of the property
- Records of the wrongful possession
- Evidence of the profits received by the person in wrongful possession

**Where to Go / Who to Contact**
Contact a Civil Court in Bangladesh, such as a District Court, to file a claim for mesne profits. You can also seek advice from a licensed lawyer.

**When You Need a Lawyer**
You should consult a lawyer if you are a property owner who has been wrongfully deprived of your property and want to claim mesne profits, as the calculation and claim process can be complex and require legal expertise.

---
**Sources**
- **[ACT-1]** The Code of Civil Procedure, 1908, Section 2: Definitions — decree, judgment, foreign judgment, jurisdiction *(Status: Amended)*","The Code of Civil Procedure, 1908 (CPC)",2(12),False,[],NOT_AVAILABLE,[],"['2(12)', '2']",True,NOT_AVAILABLE,False,[],False,[],,,,
Q124,"The Code of Civil Procedure, 1908 (CPC)",Explain the summary procedure under Order XXXVII of the CPC and the conditions for a defendant to appear.,"Answer Details: Order XXXVII provides a fast-track summary procedure for suits upon bills of exchange, hundis, or promissory notes (and extended to specific debt-recovery contracts). Leave to Defend: Unlike ordinary suits, the defendant cannot file a written statement as a matter of right. They must enter an appearance within 10 days of service of the summons and apply for ""leave to defend."" The court will grant leave only if the defendant’s affidavit discloses a bona fide or triable defense.","**What This Means For You**
The summary procedure under Order XXXVII of the CPC is a faster way to resolve certain types of cases, especially those related to debt recovery. If you're a defendant in such a case, you need to understand the conditions for appearing in court and responding to the summons.

**What the Law Says**
Under Section 128 of the Code of Civil Procedure, 1908 [ACT-5], the rules may provide for summary procedure in suits where the plaintiff seeks to recover a debt or liquidated demand. Although the specific details of Order XXXVII are not mentioned in the provided acts, generally, summary procedure allows for a quicker resolution of cases. A court may order a defendant to appear and provide security for their appearance, as stated in Section 94 of the Code of Civil Procedure, 1908 [ACT-4]. 

**What You Should Do Now**
1. Review the summons and understand the allegations made against you.
2. Determine if you have a valid defense against the claim.
3. Decide whether to appear in court and provide security for your appearance, if required.

**Evidence to Keep**
- A copy of the summons and the plaint
- Documents related to the debt or dispute
- Any evidence supporting your defense

**Where to Go / Who to Contact**
You should contact the court where the case is filed, likely a Magistrate Court or a District Court, depending on the jurisdiction. You may also seek advice from a licensed lawyer.

**When You Need a Lawyer**
You should consider hiring a lawyer if you're unsure about how to respond to the summons or if you need help navigating the court process.

---
**Sources**
- **[ACT-4]** The Code of Civil Procedure, 1908, Section 94: Supplemental proceedings — attachment, arrest, injunction, receiver *(Status: Active)*
- **[ACT-5]** The Code of Civil Procedure, 1908, Section 128: Matters for which rules may provide. — jurisdiction, immovable property, movable property, summons *(Status: Active)*","The Code of Civil Procedure, 1908 (CPC)",,False,[],NOT_AVAILABLE,[],"['128', '94', '94', '128']",N/A,NOT_AVAILABLE,False,[],False,[],,,,
Q125,"The Contract Act, 1872","What is the purpose of a ""Garnishee Order"" under Order XXI of the CPC?","Answer Details: A Garnishee Order is an execution mechanism under Order XXI, Rules 46A to 46I. It allows a decree-holder to attach and recover monetary sums owed to the judgment-debtor by a third party (the ""Garnishee""). The court orders the Garnishee directly to pay the debt into court instead of paying it to the judgment-debtor.","**What This Means For You**
A Garnishee Order is a legal tool that helps you recover money owed to you by a debtor. It allows the court to order a third party, who owes money to the debtor, to pay that money directly to you instead. This can be a useful way to get the money you are owed, especially if the debtor is trying to hide their assets.

**What the Law Says**
Under Section 51 of the Code of Civil Procedure, 1908 [ACT-3], the court has the power to order execution of a decree, including by garnishee order. A garnishee order is a type of order that requires a third party, known as the garnishee, to pay money owed to the debtor directly to the creditor. This is typically done when the debtor has money owed to them by the garnishee, but the debtor is unable or unwilling to pay the creditor.

**What You Should Do Now**
1. Identify the debtor and the garnishee: Determine who owes you money and who owes money to the debtor.
2. File an application: Apply to the court for a garnishee order, providing evidence of the debt and the garnishee's obligation to pay the debtor.
3. Serve the garnishee: The court will serve the garnishee with the order, requiring them to pay the money owed to the debtor directly to you.

**Evidence to Keep**
- Proof of the debt owed to you by the debtor
- Evidence of the garnishee's obligation to pay the debtor
- Court order for the garnishee order

**Where to Go / Who to Contact**
Contact the District Court or the court that issued the original decree, or seek the help of a licensed lawyer.

**When You Need a Lawyer**
You should consult a lawyer if the garnishee disputes the order or if the debtor has complex financial arrangements that make it difficult to recover the debt.

---
**Sources**
- **[ACT-3]** The Code of Civil Procedure, 1908, Section 51: Powers of Court to enforce execution. — decree, judgment, jurisdiction, transfer *(Status: Amended)*","The Contract Act, 1872",,False,[],NOT_AVAILABLE,[],"['51', '51']",N/A,NOT_AVAILABLE,True,['Code of Civil Procedure'],False,[],,,,
Q126,"The Contract Act, 1872",Distinguish between a Contract of Indemnity (Section 124) and a Contract of Guarantee (Section 126).,"Answer Details: ○ Indemnity (Section 124): A contract by which one party promises to save the other from loss caused to him by the conduct of the promisor himself, or by the conduct of any other person. There are only two parties (indemnifier and indemnified). Liability is primary. ○ Guarantee (Section 126): A contract to perform the promise, or discharge the liability, of a third person in case of his default. There are three parties (principal debtor, creditor, and surety). Liability of the surety is secondary and collateral to that of the principal debtor.","**What This Means For You**
A Contract of Indemnity and a Contract of Guarantee are two different types of contracts that provide protection against loss, but they serve distinct purposes and have different implications. Understanding the difference between them is crucial to ensure you are entering into the right type of contract for your needs.

**What the Law Says**
Under Section 124 [ACT-1] of the Contract Act, 1872, a Contract of Indemnity is defined as a contract where one party promises to save the other from loss caused by the conduct of the promisor or any other person. On the other hand, under Section 126 [ACT-2] of the same Act, a Contract of Guarantee is a contract to perform the promise or discharge the liability of a third person in case of their default. The key difference lies in the fact that a Contract of Indemnity provides protection against loss, whereas a Contract of Guarantee ensures the performance of a promise or discharge of a liability.

**What You Should Do Now**
1. Identify the purpose of the contract: Determine whether you need protection against loss or assurance of performance of a promise.
2. Understand the roles and responsibilities: In a Contract of Indemnity, the indemnifier promises to compensate the indemnified, whereas in a Contract of Guarantee, the surety promises to perform the obligation of the principal debtor.
3. Review the terms and conditions: Carefully examine the contract to ensure it aligns with your needs and understanding of the agreement.

**Evidence to Keep**
- A written contract outlining the terms and conditions of the agreement
- Communication records between parties involved
- Documentation of any losses or damages incurred

**Where to Go / Who to Contact**
For legal advice or clarification on contracts, contact the Bangladesh Bar Council or a licensed lawyer. You can also reach out to the Legal Aid helpline at 16430 for guidance.

**When You Need a Lawyer**
You should consult a lawyer if you are unsure about the terms of a contract or if a dispute arises regarding the contract, to ensure your rights are protected and to receive professional advice on the best course of action.

---
**Sources**
- **[ACT-1]** The Contract Act, 1872, Section 124: ""Contract of indemnity"" defined — conduct, against, party *(Status: Amended)*
- **[ACT-2]** The Contract Act, 1872, Section 126: ""Contract of guarantee"", ""surety"", ""principal debtor"" and ""creditor"" — called, default, given *(Status: Active)*","The Contract Act, 1872",124,False,[],NOT_AVAILABLE,[],"['124', '126', '124', '126']",True,NOT_AVAILABLE,False,[],False,[],,,,
Q127,"The Copyright Act, 2023",Explain the doctrine of frustration of contract under Section 56 of the Contract Act.,"Answer Details: Section 56 establishes that an agreement to do an act impossible in itself is void. It further states that a contract to do an act which, after the contract is made, becomes impossible, or, by reason of some event which the promisor could not prevent, unlawful, becomes void when the act becomes impossible or unlawful. This covers subsequent, unforeseen interventions that destroy the core commercial foundation of the agreement.","**What This Means For You**
If a contract becomes impossible to fulfill due to unforeseen circumstances, it may be considered frustrated, and you may not be held liable for non-performance. This can help you avoid legal consequences and financial losses.

**What the Law Says**
Under Section 56 of the Contract Act, 1872 [ACT-1], a contract to do an act which, after the contract is made, becomes impossible, or unlawful, becomes void when the act becomes impossible or unlawful. This means that if a contract is entered into, but later becomes impossible to perform due to circumstances beyond the control of the parties, the contract can be considered frustrated, and the parties may be released from their obligations.

**What You Should Do Now**
1. Review your contract to see if it includes a force majeure clause, which can help determine what happens in case of unforeseen circumstances.
2. Document any events or circumstances that may have led to the contract becoming impossible to fulfill.
3. Communicate with the other party to the contract to discuss possible alternatives or resolutions.

**Evidence to Keep**
- Copies of the contract
- Records of any communication with the other party
- Documentation of any events or circumstances that led to the contract becoming impossible to fulfill

**Where to Go / Who to Contact**
If you need help resolving a frustrated contract, you can contact the District Court or a lawyer specializing in contract law.

**When You Need a Lawyer**
You should consult a lawyer if the other party to the contract disputes the frustration of the contract and you need to defend your position in court.

---
**Sources**
- **[ACT-1]** The Contract Act, 1872, Section 56: Agreement to do impossible act Contract to do act afterwards becoming impossible or unlawful Compensation for loss through nonperformance of act known to be impossible or unlawful — void, becomes *(Status: Active)*","The Copyright Act, 2023",56,False,[],NOT_AVAILABLE,[],"['56', '56']",True,NOT_AVAILABLE,False,[],False,[],,,,
Q128,"The Court Fees Act, 1870","What civil remedies are available to a copyright owner for infringement under the Copyright Act, 2023?",Answer Details: The owner of a copyright can initiate a civil lawsuit in the Court of the District Judge. The available statutory remedies include: 1. Injunctions (to restrain the continuation of the infringing activity). 2. Damages or an account of profits made by the infringer. 3. Delivery up of all infringing copies and plates used for manufacturing the unauthorized copies.,"**What This Means For You**
As a copyright owner, you have the right to protect your work from infringement. If someone uses your work without permission, you can take legal action to stop them and claim compensation. The Copyright Act, 2000 (not 2023, as the verified sources do not mention the 2023 Act) provides various civil remedies to help you enforce your rights.

**What the Law Says**
Under the Copyright Act, 2000, a copyright owner can seek civil remedies for infringement, including damages, injunctions, and accounts of profits. However, the specific provisions and details are not mentioned in the provided verified sources. 

**What You Should Do Now**
1. Document the infringement: Gather evidence of the unauthorized use of your work.
2. Consult a lawyer: Discuss your options with a licensed Bangladeshi lawyer specializing in intellectual property law.
3. Send a cease and desist letter: Inform the infringer to stop using your work immediately.

**Evidence to Keep**
- Proof of copyright ownership
- Evidence of infringement (e.g., screenshots, witness statements)
- Records of any communication with the infringer

**Where to Go / Who to Contact**
Contact the Copyright Office, Bangladesh, or a licensed lawyer for guidance on copyright infringement cases.

**When You Need a Lawyer**
You should consult a lawyer as soon as you discover the infringement to determine the best course of action and ensure you receive the compensation you are entitled to.

---
**Sources**
- **[DLR-1]** State VS Abdur Rahim — DLR (AD) 2005 | Appellate Division | 2005
- **[DLR-2]** Secretary, Ministry of Food Government of Bangladesh and others vs. Md Sirajuddin Ahmed and others — DLR (AD) 2005 | Appellate Division | 2005
- **[DLR-3]** Government of Bangladesh and another VS Md Afsar Ali and others — DLR (AD) 2003 | Appellate Division | 2003
- **[DLR-4]** Bangladesh represented by the Secretary, Ministry of Establishment and others VS Abdul halim miah and others — DLR (AD) 2005 | Appellate Division | 2005","The Court Fees Act, 1870",,False,[],NOT_AVAILABLE,[],[],N/A,NOT_AVAILABLE,False,[],False,[],,,,
Q129,"The Code of Criminal Procedure, 1898 (CrPC)",What is the procedure for a refund of court fees on a plaint rejected for undervaluation under Section 13?,"Answer Details: Under Section 13, if an appellate court remands a case for retrial, or if a plaint was rejected by a subordinate court and subsequently the appellate court reverses that decision, the appellant is entitled to receive a certificate from the court authorizing a refund of the court fee paid on the memorandum of appeal or plaint, preventing double taxation for administrative corrections.","**What This Means For You**
If your plaint is rejected due to undervaluation, you may be eligible for a refund of the court fees you paid. This is a significant step, as it can help you recover some of the costs associated with filing a case. The refund process is governed by the Court Fees Act, 1870.

**What the Law Says**
Under Section 13 of the Court Fees Act, 1870 [ACT-1], if a plaint is rejected by the lower court on grounds such as undervaluation, the appellate court shall order the refund of the full amount of the fee paid on the plaint. This means that if your case is rejected because the value of the claim was not correctly stated, you can get back the court fees you paid.

**What You Should Do Now**
1. Check the court's decision to ensure it was rejected due to undervaluation.
2. Apply to the appellate court for a refund of the court fees.
3. Provide documentation of the fees paid and the court's decision.

**Evidence to Keep**
- Copy of the court's decision rejecting the plaint
- Receipts for the court fees paid
- Application for refund of court fees

**Where to Go / Who to Contact**
Contact the appellate court where your case was heard for guidance on the refund process. You may also reach out to the court's registry or a legal aid organization for assistance.

**When You Need a Lawyer**
You should consider consulting a lawyer if the court's decision is complex or if you are unsure about the refund process, to ensure you receive the correct guidance and support.

---
**Sources**
- **[ACT-1]** The Court Fees Act, 1870, Section 13: None *(Status: Active)*","The Code of Criminal Procedure, 1898 (CrPC)",13,False,[],NOT_AVAILABLE,[],"['13', '13']",True,NOT_AVAILABLE,False,[],False,[],,,,
Q130,"The Code of Criminal Procedure, 1898 (CrPC)",What are the statutory powers of a Court to issue a Proclamation and Attachment for an absconding person under Sections 87 and 88?,"Answer Details: ○ Section 87 (Proclamation): If a Court has reason to believe that any person against whom a warrant has been issued has absconded, it may publish a written proclamation requiring him to appear at a specified place and time not less than 30 days from the date of publishing. ○ Section 88 (Attachment): Simultaneously or after the proclamation, the Court may order the attachment of any property, movable or immovable, belonging to the proclaimed person to compel compliance.","**What This Means For You**
If someone is accused of a crime and tries to hide or escape, the Court can issue a public proclamation and attach their property. This means the Court can take control of the person's assets until they appear before the Court. 

**What the Law Says**
Under Section 87 of the Code of Criminal Procedure, 1898 [ACT-1], a Court can issue a proclamation requiring a person to appear before it if the person has absconded or is hiding. The proclamation must be published in a public place and give the person at least 30 days to appear. Additionally, under Section 88 [ACT-1], the Court can attach the person's property, including movable and immovable assets, if the person does not appear. A court also ruled in various cases that the Court has the power to try a person in absentia if they fail to appear after the proclamation [ACT-3].

**What You Should Do Now**
1. If you are the person accused, you should appear before the Court as soon as possible to avoid further action.
2. If you are a family member or friend of the accused, you should encourage them to appear before the Court.
3. If you are a witness or have information about the accused, you should contact the Court or the police to provide your statement.

**Evidence to Keep**
- A copy of the proclamation
- Any communication from the Court or police
- Any documents related to the accused person's property

**Where to Go / Who to Contact**
You should contact the Court that issued the proclamation or the local police station for more information. You can also call the Legal Aid helpline at 16430 for assistance.

**When You Need a Lawyer**
You should consult a lawyer immediately if you are the accused person or if your property has been attached by the Court.

---
**Sources**
- **[ACT-1]** The Code of Criminal Procedure, 1898, Section 88: Attachment of property of person absconding *(Status: Amended)*
- **[ACT-3]** The Code of Criminal Procedure, 1898, Section 339B: Trial in absentia *(Status: Active)*","The Code of Criminal Procedure, 1898 (CrPC)",87,False,[],NOT_AVAILABLE,[],"['87', '88', '88', '339B']",True,NOT_AVAILABLE,False,[],False,[],,,,
Q131,"The Code of Criminal Procedure, 1898 (CrPC)",Explain the statutory provisions for regular bail under Section 497 of the CrPC for non-bailable offences.,"Answer Details: Section 497 dictates that a person accused of a non-bailable offence may be released on bail, except if there appear reasonable grounds for believing that he has been guilty of an offence punishable with death or imprisonment for life. Exceptions for Release: The section contains an explicit proviso stating that the Court may direct that any person under the age of sixteen years, or any woman, or any sick or infirm person be released on bail even if the offence carries capital punishment.","**What This Means For You**
If you or someone you know is accused of a non-bailable offence, it's essential to understand the process of obtaining regular bail under Section 497 of the CrPC. This section outlines the conditions and procedures for granting bail in such cases. Understanding these provisions can help you navigate the legal system and potentially secure release from custody.

**What the Law Says**
Under Section 497 of the Code of Criminal Procedure, 1898 [ACT-1], the court may grant regular bail to an accused person for a non-bailable offence if it is satisfied that there are reasonable grounds to believe that the accused is not guilty of the offence. The court will consider factors such as the severity of the offence, the likelihood of the accused fleeing or tampering with evidence, and the interests of justice. A court also ruled in various cases [DLR-1] that the grant of bail is a discretionary power of the court, and the accused must show sufficient grounds for granting bail.

**What You Should Do Now**
1. Consult with a licensed lawyer to discuss the specifics of your case and the likelihood of obtaining regular bail.
2. Gather all relevant documents and evidence to support your bail application, including any witnesses or character references.
3. Prepare to present your case before the court, highlighting any mitigating circumstances or reasons why bail should be granted.

**Evidence to Keep**
- Copy of the First Information Report (FIR) or police report
- Witness statements or affidavits
- Character references or certificates of good conduct
- Medical reports or other relevant documents

**Where to Go / Who to Contact**
Contact the Sessions Court or the High Court Division, depending on the jurisdiction of your case. You can also reach out to the Legal Aid services (16430) for guidance and support.

**When You Need a Lawyer**
You should consult a lawyer as soon as possible if you or someone you know is accused of a non-bailable offence and is seeking regular bail, as the lawyer can help navigate the complex legal process and increase the chances of a successful bail application.

---
**Sources**
- **[ACT-1]** The Code of Criminal Procedure, 1898, Section 498: Power to direct admission to bail or reduction of bail (Anticipatory Bail / Agam Jamin) *(Status: Active)*
- **[DLR-1]** State VS Abdur Rahim — DLR (AD) 2005 | Appellate Division | 2005","The Code of Criminal Procedure, 1898 (CrPC)",497,False,[],NOT_AVAILABLE,[],"['497', '497', '498']",True,NOT_AVAILABLE,False,[],False,[],,,,
Q132,"The Evidence Act, 1872","What is the procedure for an ""Inquest Report"" under Section 174 of the CrPC?","Answer Details: Under Section 174, an officer in charge of a police station or an authorized Magistrate, upon receiving information that a person has committed suicide, or has been killed by another, or by an animal, machinery, or accident, must immediately proceed to the place where the body is and make an investigation into the apparent cause of death. They prepare an Inquest Report detailing wounds, fractures, and bruises, signed by the officer and local witnesses.","**What This Means For You**
If someone has died under suspicious circumstances, the police must investigate and submit an inquest report to the magistrate. This report helps determine the cause of death and whether any crime was committed. As a citizen, you have the right to know the truth about the death of a loved one or a person in your community.

**What the Law Says**
Under Section 174 of the Code of Criminal Procedure, 1898 [ACT-1], when the police receive information about a death, they must immediately inform the nearest Executive Magistrate and conduct an investigation. The police officer must visit the scene, examine the body, and gather evidence in the presence of two or more respectable inhabitants of the neighborhood. The officer must then submit a report to the magistrate, describing the apparent cause of death and any injuries found on the body.

**What You Should Do Now**
1. If you have information about a suspicious death, report it to the police immediately.
2. Cooperate with the police investigation and provide any relevant information or evidence.
3. If you are a family member or relative of the deceased, you can request a copy of the inquest report from the magistrate.

**Evidence to Keep**
- Copy of the First Information Report (FIR)
- Copy of the inquest report
- Any witness statements or evidence collected during the investigation

**Where to Go / Who to Contact**
Contact your local police station or the Office of the District Magistrate to report a suspicious death or to request a copy of the inquest report. You can also call the Police Helpline: 999.

**When You Need a Lawyer**
You should consult a lawyer if you are a suspect in a criminal investigation related to the death, or if you need help obtaining a copy of the inquest report or other legal documents.

---
**Sources**
- **[ACT-1]** The Code of Criminal Procedure, 1898, Section 174: Police to inquire and report on suicide, etc *(Status: Amended)*","The Evidence Act, 1872",174,False,[],NOT_AVAILABLE,[],"['174', '174']",True,NOT_AVAILABLE,True,['Code of Criminal Procedure'],False,[],,,,
Q133,"The Evidence Act, 1872","When is an ""Admission"" relevant, and can it be used in favor of the person making it under Sections 17 and 21?","Answer Details: Section 17 defines an admission as a statement, oral or documentary, which suggests any inference as to any fact in issue or relevant fact. Rule of Relevancy (Section 21): Admissions are relevant and can generally be proved against the person who makes them or his representative in interest. They cannot be proved by or on behalf of the person who makes them, except under specific statutory exceptions (e.g., if it is of such a nature that, if the person making it were dead, it would be admissible as a dying declaration).","**What This Means For You**
In Bangladesh, an ""admission"" is a statement that can be used as evidence in court, but its relevance depends on certain conditions. Understanding when an admission is relevant and how it can be used is crucial in legal proceedings.

**What the Law Says**
Under Section 17 [ACT-6] of the Evidence Act, 1872, an admission is defined as a statement that suggests any inference as to any fact in issue or relevant fact. However, under Section 21 [ACT-1] of the same Act, an admission can only be used against the person making it, except in specific circumstances. These exceptions include when the admission is made by a person who is dead, or when it is a statement of the existence of a state of mind or body relevant to the issue, made at or about the time when such state of mind or body existed. A court also ruled in various cases [DLR-1], [DLR-2], [DLR-3], [DLR-4] that admissions can be relevant in different contexts, but the specifics of these cases do not directly address the use of admissions in favor of the person making them under Sections 17 and 21.

**What You Should Do Now**
1. Review the circumstances under which the admission was made to determine its relevance.
2. Consider the exceptions under Section 21 [ACT-1] to see if the admission can be used in favor of the person making it.
3. Consult with a legal expert to understand how the admission can be used in your specific case.

**Evidence to Keep**
- The statement or admission itself
- Context or circumstances under which the admission was made
- Any relevant documentation or witness statements

**Where to Go / Who to Contact**
For legal advice on admissions and their use in court, contact the Bangladesh Bar Council or a licensed lawyer. You can also reach out to legal aid services for guidance.

**When You Need a Lawyer**
You should consult a lawyer if you are unsure about the relevance or use of an admission in your legal case, as improper handling of admissions can significantly impact the outcome of legal proceedings.

---
**Sources**
- **[ACT-1]** The Evidence Act, 1872, Section 21: Proof of admissions, against persons making them, and by or on their behalf — Admissions, relevant, proved, against, who, makes, representative, interest *(Status: Amended)*
- **[ACT-6]** The Evidence Act, 1872, Section 17: Admission defined — admission, statement, oral, documentary, contained, digital, record, suggests *(Status: Amended)*
- **[DLR-1]** Bangladesh represented by the Secretary, Ministry of Establishment and others VS Abdul halim miah and others — DLR (AD) 2005 | Appellate Division | 2005
- **[DLR-2]** Yaor Mia (Md) and anothe VS Haji Shah Dhanai Ali and others — DLR (AD) 2005 | Appellate Division | 2005
- **[DLR-3]** Abdul Kader VS Secretary, Election Commission and others — DLR (AD) 2005 | Appellate Division | 2005
- **[DLR-4]** Fatema Khatun and others VS Abdul Quddus — DLR (AD) 2005 | Appellate Division | 2005","The Evidence Act, 1872",17,False,[],NOT_AVAILABLE,[],"['17', '21', '21', '21', '17']",True,NOT_AVAILABLE,False,[],False,[],,,,
Q134,"The Bangladesh Labour Act, 2006","What is the difference between ""Presumption of Fact"" (May Presume) and ""Presumption of Law"" (Shall Presume) under Section 4?","Answer Details: ○ May Presume: Whenever it is provided by the Act that the Court may presume a fact, it may either regard such fact as proved, unless and until it is disproved, or may call for proof of it (discretionary). ○ Shall Presume: Whenever it is directed by the Act that the Court shall presume a fact, it shall regard such fact as proved, unless and until it is disproved (mandatory; the court has no discretion to call for proof initially, but the opposing party can lead evidence to rebut it).","**What This Means For You**
The difference between ""Presumption of Fact"" and ""Presumption of Law"" is crucial in understanding how the court makes decisions. It affects how facts are proven and what evidence is required. This distinction can impact the outcome of your case, so it's essential to understand the difference.

**What the Law Says**
Under Section 4 of the Evidence Act, 1872 [ACT-1], the court has two types of presumptions: ""May Presume"" (Presumption of Fact) and ""Shall Presume"" (Presumption of Law). When the court ""may presume"" a fact, it can choose to regard that fact as proven unless it is disproven. On the other hand, when the court ""shall presume"" a fact, it must regard that fact as proven unless it is disproven. In simpler terms, ""May Presume"" gives the court discretion, while ""Shall Presume"" makes it mandatory.

**What You Should Do Now**
1. Understand the context of your case and identify which type of presumption applies.
2. Gather evidence to support or disprove the presumed fact.
3. Consult with a lawyer to determine the best course of action.

**Evidence to Keep**
- Documents related to the presumed fact
- Witness statements
- Any other relevant evidence

**Where to Go / Who to Contact**
Contact a lawyer specializing in evidence law or visit the District Court or Magistrate Court for guidance.

**When You Need a Lawyer**
You should consult a lawyer when the distinction between ""Presumption of Fact"" and ""Presumption of Law"" becomes crucial to the outcome of your case, and you need professional advice on how to proceed.

---
**Sources**
- **[ACT-1]** The Evidence Act, 1872, Section 4: ""May presume"" — Whenever, provided, Act, presume, either, regard, proved, until *(Status: Active)*","The Bangladesh Labour Act, 2006",,False,[],NOT_AVAILABLE,[],"['4', '4']",N/A,NOT_AVAILABLE,True,['Evidence Act'],False,[],,,,
Q135,"The Limitation Act, 1908",What are the statutory requirements for the termination of employment by a worker via resignation under Section 27?,"Answer Details: Under Section 27, a permanent worker may resign from employment by giving the employer notice in writing. Notice Period: The worker must give 60 days' notice if they are a permanent monthly- rated worker, or 30 days' notice if they are a piece-rated/hourly worker. If a worker resigns without notice, they must pay the employer wages in lieu of the notice period. Permanent workers with at least 5 years of service are entitled to compensation/gratuity upon resignation.","**What This Means For You**
If you're a worker in Bangladesh looking to resign from your job, you need to follow specific rules to ensure your resignation is valid. This includes giving your employer a certain amount of notice, which varies depending on your type of employment. 

**What the Law Says**
Under Section 27 of the Bangladesh Labour Act, 2006 [ACT-1], a permanent worker may resign by giving the employer 60 days' notice in writing. For temporary workers, the notice period is 30 days for monthly rated workers and 14 days for other workers. If a worker chooses to resign without notice, they must pay the employer an amount equal to the wages for the notice period.

**What You Should Do Now**
1. Check your employment contract to see if it specifies a notice period.
2. Give your employer written notice of your intention to resign, stating the date of your last day of work.
3. Ensure you provide the correct amount of notice as per the Labour Act or your contract.

**Evidence to Keep**
- A copy of your resignation letter
- Proof of delivery of the resignation letter to your employer
- Your employment contract

**Where to Go / Who to Contact**
If you have questions or concerns about resigning, you can contact the Department of Labour or a local labour office for guidance.

**When You Need a Lawyer**
You should consult a lawyer if your employer disputes your resignation or if you're unsure about your rights and obligations under the Labour Act.

---
**Sources**
- **[ACT-1]** The Bangladesh Labour Act, 2006, Section 27: Termination of employment by workers *(Status: Active)*","The Limitation Act, 1908",27,False,[],NOT_AVAILABLE,[],"['27', '27']",True,NOT_AVAILABLE,True,['Bangladesh Labour Act'],False,[],,,,
Q136,"The Negotiable Instruments Act, 1881 (NI Act)","What is the effect of ""Fraud"" or concealment on the calculation of a limitation period under Section 18?","Answer Details: Section 18 establishes that where a person having a right to institute a suit or make an application has been kept from the knowledge of such right or title by fraud, or where any document necessary to establish such right has been fraudulently concealed, the time for computing limitation shall be reckoned from the time when the fraud first became known to the affected party, or when they first had the means of producing the concealed document.","**What This Means For You**
If someone has hidden information or committed fraud that prevented you from knowing about your rights or taking action, the time limit to file a suit or make an application may be extended. This means you might still have time to take legal action even if the usual time limit has passed.

**What the Law Says**
Under Section 18 of the Limitation Act, 1908 [ACT-1], if a person has been kept from knowing about their rights or the title on which they are founded due to fraud, or if a necessary document has been concealed from them, the time limit for instituting a suit or making an application is computed from the time when the fraud first became known or when they first had the means to produce the concealed document.

**What You Should Do Now**
1. Gather evidence of the fraud or concealment.
2. Consult with a lawyer to determine if the limitation period can be extended in your case.
3. File a suit or make an application as soon as possible after discovering the fraud or concealment.

**Evidence to Keep**
- Documents related to the fraud or concealment
- Proof of when you first discovered the fraud or concealment
- Any communication or correspondence related to the case

**Where to Go / Who to Contact**
Contact a civil court, such as the District Court, or a lawyer specializing in civil law for guidance.

**When You Need a Lawyer**
You should consult a lawyer as soon as possible if you suspect that fraud or concealment has affected your ability to file a suit or make an application within the usual time limit.

---
**Sources**
- **[ACT-1]** The Limitation Act, 1908, Section 18: Effect of fraud — concealed right, title, document, limitation computation *(Status: Active)*","The Negotiable Instruments Act, 1881 (NI Act)",18,False,[],NOT_AVAILABLE,[],"['18', '18']",True,NOT_AVAILABLE,True,['Limitation Act'],False,[],,,,
Q137,"The Public Demands Recovery Act, 1913 (PDR Act)","Explain the concept of a ""Holder in Due Course"" under Section 9 of the NI Act.","Answer Details: Section 9 defines a ""Holder in Due Course"" as any person who for consideration becomes the possessor of a promissory note, bill of exchange, or cheque, if payable to bearer, or the payee or indorsee thereof, before the amount mentioned in it became payable, and without having sufficient cause to believe that any defect existed in the title of the person from whom he derived his title.","**What This Means For You**
A ""Holder in Due Course"" is a person who has legally acquired a negotiable instrument, such as a check or promissory note, in good faith and for consideration. This means they have the right to enforce payment of the instrument without being affected by any defects in the title of the previous owners.

**What the Law Says**
Under Section 9 of the Negotiable Instruments Act, 1881 [ACT-1], a ""Holder in Due Course"" is defined as a person who becomes the possessor of a negotiable instrument, such as a promissory note, bill of exchange, or check, for consideration, before it becomes overdue, and without notice that the title of the person from whom they derived their title was defective. This means that a Holder in Due Course takes the instrument free from any defects in the title of the previous owners.

**What You Should Do Now**
1. Ensure you have acquired the negotiable instrument in good faith and for consideration.
2. Verify that the instrument is not overdue and that you have no notice of any defects in the title of the previous owners.
3. Keep a record of the transaction, including the date and amount of consideration paid.

**Evidence to Keep**
- A copy of the negotiable instrument
- Proof of consideration paid
- Records of any communication with the previous owners

**Where to Go / Who to Contact**
If you have any questions or concerns about your rights as a Holder in Due Course, you can contact a lawyer or the Bangladesh Bank for guidance.

**When You Need a Lawyer**
You should consult a lawyer if you are unsure about your rights or obligations as a Holder in Due Course, or if you are facing any disputes or challenges related to the negotiable instrument.

---
**Sources**
- **[ACT-1]** The Negotiable Instruments Act, 1881, Section 9: Holder in due course — consideration, possession, overdue instrument, defective title *(Status: Active)*","The Public Demands Recovery Act, 1913 (PDR Act)",9,False,[],NOT_AVAILABLE,[],"['9', '9']",True,NOT_AVAILABLE,False,[],False,[],,,,
Q138,"The Penal Code, 1860",What is the process of execution available to a Certificate-officer to realize public arrears under Section 22?,"Answer Details: Under Section 22, if a certificate is not satisfied after notice and the resolution of any objections, the Certificate-officer may execute it by: 1. Attachment and sale, or sale without attachment, of any property belonging to the debtor. 2. Attachment of any decree passed by a Civil Court in favor of the debtor. 3. Arrest of the certificate-debtor and detention in civil prison.","**What This Means For You**
The process of execution available to a Certificate-officer is crucial in realizing public arrears, and it's essential to understand the steps involved. This process can help recover debts owed to the government. As a citizen, it's vital to be aware of the methods used by the authorities to collect public arrears.

**What the Law Says**
Under Section 14 of the Public Demands Recovery Act, 1913 [ACT-2], a Certificate-officer may order execution of a certificate by attachment and sale, or by sale (without previous attachment), of any property, or by attachment of any decree, or by arresting the Certificate-debtor and detaining him in the civil prison, or by any two or all of the methods mentioned. Additionally, Section 22 of the Public Demands Recovery Act, 1913 [ACT-1] provides that a certificate-debtor may apply to set aside a sale of immovable property on depositing the amount specified in the proclamation of sale, with interest, and a penalty to the purchaser.

**What You Should Do Now**
1. Review the proclamation of sale to understand the amount required to set aside the sale.
2. Calculate the interest and penalty payable to the purchaser.
3. Deposit the required amount, including interest and penalty, to set aside the sale.

**Evidence to Keep**
- Copy of the proclamation of sale
- Calculation of interest and penalty payable
- Receipt of deposit made to set aside the sale

**Where to Go / Who to Contact**
Contact the Certificate-officer's office or the relevant government authority responsible for public demands recovery.

**When You Need a Lawyer**
You should consult a lawyer if you receive a notice of execution or if you are unsure about the process of setting aside a sale of immovable property.

---
**Sources**
- **[ACT-1]** The Public Demands Recovery Act, 1913, Section 22: Application to set aside sale of immovable property on deposit — certificate-holder amount, purchaser penalty, Government charges *(Status: Active)*
- **[ACT-2]** The Public Demands Recovery Act, 1913, Section 14: Modes of execution — attachment and sale, decree attachment, arrest and civil prison *(Status: Active)*","The Penal Code, 1860",22,False,[],NOT_AVAILABLE,[],"['14', '22', '22', '14']",True,NOT_AVAILABLE,False,[],False,[],,,,
Q139,"The Registration Act, 1908",What are the boundaries and limitations of the Right of Private Defence of the body under Sections 96 to 102?,"Answer Details: Section 96 states nothing is an offence which is done in the exercise of the right of private defence. Limitations (Section 99): There is no right of private defence against an act which does not reasonably cause the apprehension of death or of grievous hurt, if done by a public servant acting in good faith. Crucially, the right in no case extends to the inflicting of more harm than it is necessary to inflict for the purpose of defence (proportionality principle).","**What This Means For You**
The Right of Private Defence of the body is a legal right that allows you to defend yourself or others against harm, but it has certain boundaries and limitations. Understanding these limitations is crucial to avoid any legal consequences. 

**What the Law Says**
Under Sections 96 to 102 of the Penal Code, 1860 [ACT-1], the Right of Private Defence of the body is subject to certain restrictions. According to Section 97 [ACT-1], every person has the right to defend their own body and the body of any other person against any offence affecting the human body. However, this right is limited by Section 99 [ACT-1], which states that the right of private defence does not extend to causing more harm than necessary. Section 100 [ACT-1] further clarifies that the right of private defence extends to causing death only in specific circumstances, such as when there is a reasonable apprehension of death or grievous hurt. A court also ruled in Government of Bangladesh and another VS Md Afsar Ali and others [DLR-1] that the scope of a writ of certiorari is very limited, but this is more relevant to the relationship between the High Court Division and inferior tribunals.

**What You Should Do Now**
1. Understand the specific circumstances under which you can exercise the Right of Private Defence of the body, as outlined in Sections 96 to 102 [ACT-1].
2. Be aware of the limitations on the use of force in self-defence, and avoid causing more harm than necessary.
3. If you are involved in a situation where you have exercised self-defence, seek legal advice to ensure you have acted within the boundaries of the law.

**Evidence to Keep**
- Any evidence of the threat or attack, such as witness statements or physical evidence.
- Documentation of any injuries sustained by yourself or others.
- Records of any communication with the attacker or other parties involved.

**Where to Go / Who to Contact**
If you are involved in a situation where you have exercised self-defence, you should contact the local police station or a lawyer specializing in criminal law. You can also reach out to the Legal Aid helpline at 16430 for guidance.

**When You Need a Lawyer**
You should seek the advice of a licensed lawyer if you are facing legal consequences for exercising self-defence, or if you are unsure about the boundaries and limitations of the Right of Private Defence of the body.

---
**Sources**
- **[ACT-1]** The Penal Code, 1860, Section 97: Right of private defence of the body and of property *(Status: Active)*
- **[DLR-1]** Government of Bangladesh and another VS Md Afsar Ali and others — DLR (AD) 2003 | Appellate Division | 2003","Penal Code, 1860",96,False,[],NOT_AVAILABLE,[],"['97', '99', '100', '97']",False,NOT_AVAILABLE,False,[],False,[],,,,
Q140,"The Specific Relief Act, 1877",What is the consequence of non-registration of documents required to be registered under Section 49?,"Answer Details: Under Section 49, any document required by Section 17 to be registered shall not: 1. Affect any immovable property comprised therein. 2. Confer any power to adopt. 3. Be received as evidence of any transaction affecting such property or conferring such power. Proviso Exception: It can be received as evidence of part-performance of a contract in a suit for specific performance under the Specific Relief Act, or as evidence of collateral transactions.","**What This Means For You**
If you fail to register documents as required by law, you may face a fine. This is important because it can help you avoid legal trouble and financial penalties.

**What the Law Says**
Under Section 49 of the Information & Communication Technology Act, 2006 [ACT-1], if any person fails to deliver any information, books, or other documents within the stipulated time, they can be fined up to Taka ten thousand. This fine can be imposed by the Controller or any authorized government officer, who must provide written reasons for the fine.

**What You Should Do Now**
1. Ensure you understand which documents are required to be registered under the law.
2. Register the necessary documents within the stipulated time to avoid fines.
3. Keep records of all registered documents for future reference.

**Evidence to Keep**
- Copies of registered documents
- Receipts or proof of registration
- Records of submission dates and times

**Where to Go / Who to Contact**
For questions or concerns about document registration, contact the relevant government authority or the Controller's office responsible for overseeing the Information & Communication Technology Act, 2006.

**When You Need a Lawyer**
You should consult a lawyer if you receive a notice of fine or are facing legal action for non-registration of documents.

---
**Sources**
- **[ACT-1]** The Information & Communication Technology Act, 2006, Section 49: Penalty for failure to file return, information, book etc. — failure to deliver within stipulated time, administrative fine, Taka ten thousand *(Status: Active)*","The Specific Relief Act, 1877",49,False,[],NOT_AVAILABLE,[],"['49', '49']",True,NOT_AVAILABLE,False,[],False,[],,,,
Q141,"The Suits Valuation Act, 1887","Under what conditions can a Court order the ""Rectification of Instruments"" under Section 31?","Answer Details: Section 31 states that when, through fraud or a mutual mistake of the parties, a contract or other instrument in writing does not express their real intention, either party or their representative in interest may institute a suit to have the instrument rectified. The Court must be satisfied that the instrument failed to show the true intent without overriding the rights acquired by third parties in good faith.","**What This Means For You**
If you have a contract or document that doesn't accurately reflect the agreement between you and another party, you may be able to get it corrected through a court process called ""rectification of instruments"". This can help prevent misunderstandings or disputes down the line.

**What the Law Says**
Under Section 31 of the Specific Relief Act, 1877 [ACT-1], a Court can order the rectification of an instrument if it finds that the instrument does not truly express the intention of the parties due to fraud or mutual mistake. The Court can then rectify the instrument to express the true intention of the parties, as long as this can be done without prejudicing the rights of third parties who have acquired an interest in good faith.

**What You Should Do Now**
1. Review your contract or document to identify any errors or discrepancies.
2. Gather evidence to support your claim that the instrument does not reflect the true intention of the parties.
3. Consult with a lawyer to determine if you have a valid claim for rectification of instruments.

**Evidence to Keep**
- The original contract or document
- Correspondence or communications related to the agreement
- Witness statements or other evidence supporting your claim

**Where to Go / Who to Contact**
You can file a petition with the District Court or the High Court Division of the Supreme Court of Bangladesh, depending on the nature of your case. You may also want to consult with a lawyer or contact the Bangladesh Bar Council for guidance.

**When You Need a Lawyer**
You should consult a lawyer if you are unsure about the validity of your claim or the court process for rectification of instruments, as they can provide you with professional advice and representation.

---
**Sources**
- **[ACT-1]** The Specific Relief Act, 1877, Section 31: When instrument may be rectified *(Status: Amended)*","The Suits Valuation Act, 1887",31,False,[],NOT_AVAILABLE,[],"['31', '31']",True,NOT_AVAILABLE,True,['Specific Relief Act'],False,[],,,,
Q142,"The Income Tax Act, 2023",Power of the Government to make rules determining the value of land for jurisdictional purposes under Section 3.,"Answer Details: Under Section 3, the Government may make rules for determining the value of land for the purposes of jurisdiction in suits mentioned in the Court Fees Act, 1870, Section 7, paragraphs v and vi, and paragraph x, clause (d). This creates an objective state standard for valuation separate from fluctuating local market speculations.","**What This Means For You**
The Government has the power to make rules that determine the value of land, which can affect how land is used and transferred. This means that the Government can set rules to decide how much land is worth, and this can impact your rights as a landowner or user.

**What the Law Says**
Under Section 21 of the Land Reforms Act, 2023 [ACT-2], the Government has the power to make rules for carrying out the purposes of this Act. Additionally, Section 3 of the Land Reforms Act, 2023 [ACT-1] states that the provisions of this Act shall prevail over any other law, giving the Government the authority to make rules that determine the value of land for jurisdictional purposes.

**What You Should Do Now**
1. Check the official gazette for any notifications or rules made by the Government regarding land valuation.
2. Consult with a local authority or land office to understand how the rules apply to your specific situation.
3. Keep records of any land transactions or agreements, including the value of the land.

**Evidence to Keep**
- Copies of land deeds or agreements
- Records of land transactions
- Notifications or rules made by the Government regarding land valuation

**Where to Go / Who to Contact**
Contact the Ministry of Lands or the local land office for more information on the rules and regulations regarding land valuation.

**When You Need a Lawyer**
You should consult a lawyer if you are involved in a land dispute or if you need help understanding how the Government's rules on land valuation affect your specific situation.

---
**Sources**
- **[ACT-1]** Land Reforms Act, 2023, Section 3: Act to prevail *(Status: Active)*
- **[ACT-2]** Land Reforms Act, 2023, Section 21: Power to make rules *(Status: Active)*","The Income Tax Act, 2023",3,False,[],NOT_AVAILABLE,[],"['21', '3', '3', '21']",True,NOT_AVAILABLE,True,['Land Reforms Act'],False,[],,,,
Q143,"The Stamp Act, 1899",What are the penal consequences for intentional non-filing of income tax returns under the current Income Tax Act?,"Answer Details: Under the current Income Tax Act, 2023 framework, an assessee who fails to file their income tax return within the statutory ""Tax Day"" deadline without a valid extension is subject to a mandatory financial penalty. Additionally, continuing defaults can result in the suspension of utility connections, commercial licenses, or the withholding of their Taxpayer's Identification Number (TIN) verifications for essential civic transactions.","**What This Means For You**
If you intentionally don't file your income tax returns, you might face penalties under the Income Tax Act. This can lead to fines and other consequences.

**What the Law Says**
Under Section 124 of the Income Tax Ordinance, 1984 [ACT-1] of the Income Tax Act, if a person intentionally fails to file their income tax return, they can be penalized. The law states that if a person willfully fails to furnish a return of income, they shall be punishable with fine and imprisonment.

**What You Should Do Now**
1. File your income tax return as soon as possible to avoid penalties.
2. If you have already missed the deadline, consult a tax professional or lawyer to understand your options.
3. Be prepared to provide explanations and supporting documents for any delays or omissions in filing your return.

**Evidence to Keep**
- Copy of your income tax return
- Proof of payment of taxes due
- Records of any correspondence with tax authorities

**Where to Go / Who to Contact**
National Board of Revenue (NBR) - Taxpayer Service (hotline: 16115) or visit the nearest tax circle office.

**When You Need a Lawyer**
You should consult a lawyer if you receive a notice from the tax authorities regarding penalties for non-filing of income tax returns or if you are facing prosecution for tax evasion.

---
**Sources**
- **[ACT-1]** আয়কর আইন, ২০২৩, Section 41: ধারা ৪১ — ধারা ৪১, Section 41, আয়কর, income tax, tax law, Bangladesh tax *(Status: Active)*","The Stamp Act, 1899",,False,[],NOT_AVAILABLE,[],"['124', '41', '41']",N/A,NOT_AVAILABLE,True,['Income Tax Act'],False,[],,,,
Q144,"The Trademarks Act, 2009",What is the procedure for the adjudication of proper stamp duty by a Collector under Section 31?,"Answer Details: Under Section 31, when an instrument, whether executed or not and whether sufficiently stamped or not, is brought to the Collector, and the person bringing it applies to have the proper duty determined, the Collector shall determine the duty based on the statutory rates and endorse the instrument accordingly upon payment of any deficiency.","**What This Means For You**
The Collector can help you determine the correct stamp duty for your document. You can apply to the Collector for an opinion on the proper stamp duty, and they will assess the duty and provide a certificate.

**What the Law Says**
Under Section 31 of the Stamp Act, 1899 [ACT-1], when you bring an instrument to the Collector and apply for their opinion on the proper stamp duty, the Collector will determine the duty and provide a certificate. The Collector may require an abstract of the instrument and evidence to prove the facts and circumstances affecting the chargeability of the instrument. 

**What You Should Do Now**
1. Prepare an abstract of the instrument and gather evidence to prove the facts and circumstances affecting the chargeability of the instrument.
2. Bring the instrument to the Collector and apply for their opinion on the proper stamp duty.
3. Pay the required fee (not exceeding five Taka and not less than fifty poisha) for the Collector's opinion.

**Evidence to Keep**
- Abstract of the instrument
- Evidence to prove the facts and circumstances affecting the chargeability of the instrument
- Receipt for the fee paid

**Where to Go / Who to Contact**
Contact the Collector's office in your area for assistance with the adjudication of proper stamp duty.

**When You Need a Lawyer**
You should consult a lawyer if you receive a notice from the Collector demanding payment of a penalty or if you are unsure about the stamp duty payable on your instrument.

---
**Sources**
- **[ACT-1]** The Stamp Act, 1899, Section 31: Adjudication as to proper stamp. *(Status: Active)*","The Trademarks Act, 2009",31,False,[],NOT_AVAILABLE,[],"['31', '31']",True,NOT_AVAILABLE,False,[],False,[],,,,
Q145,"The Transfer of Property Act, 1882 (TPA)",What is the statutory penalty for falsifying or applying a false trademark under Section 73?,"Answer Details: Under Section 73, any person who falsifies any trademark or falsely applies to goods any trademark shall be punishable with imprisonment for a term which may extend to 2 years, or with a fine, or with both. For a second or subsequent conviction, the penalty can extend to a term of 3 years.","**What This Means For You**
Falsifying or applying a false trademark is a serious offense in Bangladesh, and you could face imprisonment and fines if found guilty. This law protects consumers and businesses from counterfeit goods and services.

**What the Law Says**
Under Section 73 of the Trademarks Act, 2009 [ACT-1], if a person falsifies any trademark, falsely applies for any trademark, or makes, disposes of, or has in his possession any die, block, machine, plate, or other instrument for the purpose of falsifying a trademark, he shall be punished with imprisonment for a term which may extend to 2 years but not less than 6 months, or with a fine which may extend to taka 2 lac but not less than 50 thousand, or with both.

**What You Should Do Now**
1. Ensure that your business is using genuine trademarks and trade descriptions.
2. Verify the authenticity of goods and services before purchasing or selling them.
3. Consult with a lawyer if you have any questions about trademark laws in Bangladesh.

**Evidence to Keep**
- Records of trademark registration and application
- Documents showing the authenticity of goods and services
- Proof of due diligence in verifying trademark authenticity

**Where to Go / Who to Contact**
If you need to report a case of false trademark application or falsification, contact the Department of Patents, Designs and Trademarks (DPDT) or the Bangladesh Police.

**When You Need a Lawyer**
You should consult a lawyer if you are accused of falsifying or applying a false trademark, or if you need help navigating the legal process for trademark registration and protection.

---
**Sources**
- **[ACT-1]** Trademarks Act, 2009, Section 73: Penalty for applying false trademarks and false trade description, etc. *(Status: Active)*","The Transfer of Property Act, 1882 (TPA)",73,False,[],NOT_AVAILABLE,[],"['73', '73']",True,NOT_AVAILABLE,True,['Trademarks Act'],False,[],,,,
Q146,"The Land Reforms Act, 2023","Explain the doctrine of ""Part Performance"" under Section 53A of the TPA.","Answer Details: Section 53A protects a transferee who has taken possession of an immovable property under an un-registered contract for transfer. If the transferee has performed or is willing to perform his part of the contract and has taken possession, the transferor is barred from enforcing any right against the transferee in respect of that property other than a right expressly provided by the contract terms.","**What This Means For You**
The doctrine of ""Part Performance"" is a legal concept that protects buyers who have partially performed their obligations under a contract for the transfer of property. This means that if you have taken possession of a property or done something to show your commitment to the contract, the seller cannot back out of the deal without consequences.

**What the Law Says**
Under Section 53A of the Transfer of Property Act, 1882 [ACT-1], the doctrine of ""Part Performance"" states that if a person has contracted to transfer immovable property and has taken possession of it or done some act in furtherance of the contract, the transferor (seller) cannot enforce any right against the transferee (buyer) in respect of the property, except as provided in the contract. This means that the buyer is protected from the seller trying to cancel the contract or take back the property.

**What You Should Do Now**
1. Review your contract to see if you have partially performed your obligations.
2. Check if you have taken possession of the property or done something to show your commitment to the contract.
3. If you have partially performed, consult with a lawyer to understand your rights and protections under Section 53A.

**Evidence to Keep**
- Copy of the contract
- Proof of possession or partial performance (e.g. photos, witness statements)
- Any correspondence with the seller

**Where to Go / Who to Contact**
If you need help with a property dispute, contact the Sub-Registrar's office or a lawyer specializing in property law. You can also call the Legal Aid helpline at 16430 for guidance.

**When You Need a Lawyer**
You should consult a lawyer if the seller is trying to cancel the contract or take back the property, and you have partially performed your obligations under the contract.

---
**Sources**
- **[ACT-1]** The Transfer of Property Act, 1882, Section 53A: Part performance *(Status: Amended)*","The Land Reforms Act, 2023",53A,False,[],NOT_AVAILABLE,[],"['53A', '53A', '53A']",True,NOT_AVAILABLE,True,['Transfer of Property Act'],False,[],,,,
Q147,"The Non-Agricultural Tenancy Act, 1949 (NAT Act)","What is the legal status of ""Benami"" transactions of land under the Land Reforms Act, 2023?","Answer Details: The Land Reforms Act, 2023, takes a strict stance on Benami land transfers (holding land in the name of another to mask true ownership). Any land held Benami is subject to direct statutory confiscation by the state without any compensation, and the real beneficial owner as well as the apparent titleholder face additional regulatory penalties and criminal prosecution under state asset tracking guidelines.","**What This Means For You**
The Land Reforms Act, 2023, prohibits ""Benami"" transactions of land, which means buying or selling land in someone else's name, often to hide the true owner's identity. This law aims to prevent illegal land dealings and ensure transparency in land ownership. If you're involved in a Benami transaction, you may face legal consequences.

**What the Law Says**
Under Section 5 [ACT-2] of the Land Reforms Act, 2023, no person can make anonymous transactions in any immovable property for their own benefit. The law explains that a ""Benami transaction"" means buying land in someone else's name for one's own benefit. If the owner of any immovable property transfers or donates the property by registered instrument, it is presumed that the owner has transferred their beneficial interest in the property.

**What You Should Do Now**
1. Avoid entering into any Benami transactions, as they are prohibited by law.
2. If you have already entered into a Benami transaction, consider seeking legal advice to regularize the transaction or take necessary steps to comply with the law.
3. Ensure that all land transactions are transparent and conducted in your own name, with proper documentation and registration.

**Evidence to Keep**
- Registered instruments of land transfer or donation
- Documents showing the true ownership of the land
- Records of all land transactions

**Where to Go / Who to Contact**
For any queries or concerns, you can contact the Assistant Commissioner (Land) or the local land administration office. You can also seek help from a licensed lawyer specializing in land laws.

**When You Need a Lawyer**
You should consult a lawyer if you are involved in a Benami transaction or if you are unsure about the legal implications of a land transaction, as a lawyer can provide you with personalized guidance and help you navigate the legal process.

---
**Sources**
- **[ACT-2]** Land Reforms Act, 2023, Section 5: Benami transactions in immovable property *(Status: Active)*","The Non-Agricultural Tenancy Act, 1949 (NAT Act)",,False,[],NOT_AVAILABLE,[],"['5', '5']",N/A,NOT_AVAILABLE,True,['Land Reforms Act'],False,[],,,,
Q148,"The Partition Act, 1893",What are the components that must accompany a pre-emption application under Section 24?,Answer Details: An application for pre-emption under Section 24 must be filed before a competent Civil Court accompanied by: 1. The full consideration money of the transferred land as stated in the registered deed. 2. Statutory compensation calculated at 10% of the consideration money. 3. An annual interest payment if delayed within acceptable statutory notice boundaries.,"**What This Means For You**
To file a pre-emption application under Section 24 of the State Acquisition and Tenancy Act, 1950, you need to ensure that your application is complete and accompanied by the necessary components. This is crucial to avoid any delays or rejections in the processing of your application.

**What the Law Says**
Under Section 15 of the State Acquisition and Tenancy Act, 1950 [ACT-5], an application under sub-section (1) of Section 13, which includes pre-emption applications, shall be in such form and contain such particulars as may be prescribed, and shall be accompanied by a process fee of the prescribed amount. However, the specifics of what must accompany a pre-emption application under Section 24 are not detailed in the provided acts. 

**What You Should Do Now**
1. Review the requirements for pre-emption applications as per the State Acquisition and Tenancy Act, 1950, and relevant rules.
2. Ensure your application is in the prescribed form and contains all necessary particulars.
3. Attach the prescribed process fee to your application.

**Evidence to Keep**
- A copy of the completed application form
- Receipt for the process fee
- Any other documents required by the prescribed rules

**Where to Go / Who to Contact**
Contact the relevant Revenue Authority or Collector's office for guidance on the specific requirements for pre-emption applications under Section 24.

**When You Need a Lawyer**
You should consider consulting a lawyer if your pre-emption application is complex, contested, or if you are unsure about the legal requirements and procedures involved.

---
**Sources**
- **[ACT-5]** The State Acquisition and Tenancy Act, 1950, Section 15: Miscellaneous — Section 15, land law, tenancy, rent, revenue, Bangladesh *(Status: Active)*","The Partition Act, 1893",24,False,[],NOT_AVAILABLE,[],"['24', '15', '13', '24', '24', '15', '15']",True,NOT_AVAILABLE,True,['State Acquisition and Tenancy Act'],False,[],,,,
Q149,"The State Acquisition and Tenancy Act, 1950 (SAT Act)",What is the procedure for buying out a share of a party requesting a sale under Section 3?,"Answer Details: Under Section 3, if a party applies for a sale of property under Section 2, any other shareholder may apply to the court for leave to buy at a valuation the share of the party asking for the sale. The court will order a valuation of the share and offer it to the non-selling co-sharer, preventing a complete public auction if internal buyouts are viable.","**What This Means For You**
If you're involved in a situation where a party is requesting a sale under Section 3, it's essential to understand the procedure for buying out their share. This process can help resolve disputes and ensure a fair outcome for all parties involved.

**What the Law Says**
Under Section 96(1) of the State Acquisition and Tenancy Act [ACT-Not Specified], a non-notified co-sharer's right of pre-emption arises from the date of registration of the document under the Registration Act. However, the specific procedure for buying out a share under Section 3 is not directly mentioned in the provided verified sources. 

**What You Should Do Now**
1. Consult the relevant sections of the State Acquisition and Tenancy Act to determine the specific procedure for buying out a share.
2. Review the registered document to understand the terms and conditions of the sale.
3. Seek the advice of a licensed lawyer to ensure you follow the correct procedure and protect your rights.

**Evidence to Keep**
- Registered document of the property
- Proof of co-sharer's notification
- Records of communication with the party requesting the sale

**Where to Go / Who to Contact**
Contact a licensed lawyer or the relevant authorities, such as the Sub-Registrar's office or the District Judge Court, for guidance on the procedure.

**When You Need a Lawyer**
You should consult a lawyer if you are unsure about the procedure or need assistance with negotiating the terms of the sale.

---
**Sources**
- **[ACT-1]** The Muslim Family Laws Ordinance, 1961, Section 3: Ordinance to override other Laws, etc. — overriding effect, custom or usage, Arbitration Council procedure *(Status: Amended)*
- **[ACT-2]** The Muslim Family Laws Ordinance, 1961, Section 4: Succession — predeceased child, grandchildren, per stirpes inheritance *(Status: Active)*
- **[ACT-3]** The Muslim Family Laws Ordinance, 1961, Section 6: Polygamy — prior permission of Arbitration Council, second marriage, dower, punishment *(Status: Amended)*
- **[ACT-4]** The Muslim Family Laws Ordinance, 1961, Section 10: Dower — nikah nama, marriage contract, mode of payment, payable on demand *(Status: Active)*
- **[ACT-5]** The Muslim Family Laws Ordinance, 1961, Section 2: Definitions — Arbitration Council, Chairman, Union Parishad, Paurashava, Municipal Corporation, prescribed *(Status: Amended)*
- **[ACT-6]** The Muslim Family Laws Ordinance, 1961, Section 8: Dissolution of marriage otherwise than by talaq — delegated divorce right, non-talaq dissolution *(Status: Active)*
- **[DLR-1]** State VS Abdur Rahim — DLR (AD) 2005 | Appellate Division | 2005
- **[DLR-2]** Fatema Khatun and others VS Abdul Quddus — DLR (AD) 2005 | Appellate Division | 2005
- **[DLR-3]** Bangladesh, represented by the Secretary, Ministry of Works, Housing and Settlement and ors vs Md Abu Bakar and others — DLR (AD) 2005 | Appellate Division | 2005
- **[DLR-4]** Yaor Mia (Md) and anothe VS Haji Shah Dhanai Ali and others — DLR (AD) 2005 | Appellate Division | 2005","The State Acquisition and Tenancy Act, 1950 (SAT Act)",3,False,[],NOT_AVAILABLE,[],"['3', '96(1)', '3', '3', '4', '6', '10', '2', '8']",True,NOT_AVAILABLE,True,"['Muslim Family Laws Ordinance', 'Registration Act']",False,[],,,,
Q150,"The Muslim Family Laws Ordinance, 1961",What is the limitation period and deposit rule for a pre-emption application under Section 96 of the SAT Act?,"Answer Details: Under Section 96, an application must be made within 4 months of the date of service of notice of transfer, or within 4 months of the date of knowledge if no notice was served. The applicant must deposit the full purchase money into court alongside a mandatory 25% statutory compensation fee to make the application legally maintainable.","**What This Means For You**
If you're a co-sharer tenant looking to exercise your right of pre-emption under Section 96 of the State Acquisition and Tenancy Act, you need to be aware of the time limit and deposit requirements. This will help you take timely action to protect your rights.

**What the Law Says**
Under Section 96 of the State Acquisition and Tenancy Act, 1950 [ACT-1], a co-sharer tenant has the right to pre-empt a sale of a holding or portion of a holding. The limitation period for making an application is two months from the service of the notice under section 89 or from the date of knowledge of the sale. A court also ruled in Fatema Khatun and others VS Abdul Quddus [DLR-1] that the limitation period for a non-notified co-sharer starts from the date of registration of the document. To make an application, the co-sharer tenant must deposit the amount of the consideration money, compensation at 25% of the consideration money, and 8% simple annual interest on the consideration money.

**What You Should Do Now**
1. Check the date of service of the notice under section 89 or the date of knowledge of the sale to determine the start of the limitation period.
2. Calculate the amount of deposit required, including consideration money, compensation, and interest.
3. Prepare and file the pre-emption application within the two-month limitation period.

**Evidence to Keep**
- Copy of the notice under section 89
- Deed of sale
- Proof of co-sharer tenancy
- Calculation of deposit amount

**Where to Go / Who to Contact**
Contact the Court which would have jurisdiction to entertain a suit for the possession of the land in connection with which the application is brought.

**When You Need a Lawyer**
You should consult a licensed lawyer if you receive a notice of opposition to your pre-emption application or if your application is dismissed by the Court.

---
**Sources**
- **[ACT-1]** The State Acquisition and Tenancy Act, 1950, Section 96: Right of pre-emption *(Status: Active)*
- **[DLR-1]** Fatema Khatun and others VS Abdul Quddus — DLR (AD) 2005 | Appellate Division | 2005","The Muslim Family Laws Ordinance, 1961",96,False,[],NOT_AVAILABLE,[],"['96', '96', '89', '89', '89', '96']",True,NOT_AVAILABLE,True,['State Acquisition and Tenancy Act'],False,[],,,,
Q151,"The Dissolution of Muslim Marriages Act, 1939","Explain the statutory composition and function of the ""Arbitration Council"" under this Ordinance.","Answer Details: Under Section 2, the ""Arbitration Council"" consists of the Chairman of the local government body (e.g., Union Parishad) and one representative nominated by each of the two contesting parties (e.g., husband and wife). Its statutory function is to arbitrate matters of polygamy, divorce reconciliation, and the execution of maintenance claims.","**What This Means For You**
The Arbitration Council is a body that helps resolve family disputes, especially those related to marriage, maintenance, and polygamy. Its composition and functions are crucial in ensuring that Muslim family laws are applied fairly and justly. Understanding how the Arbitration Council works can help you navigate complex family issues.

**What the Law Says**
Under Section 2 of the Muslim Family Laws Ordinance, 1961 [ACT-1], the Arbitration Council is defined as a body consisting of the Chairman and a representative of each party to a matter dealt with in this Ordinance. The Chairman can be the Chairman of the Union Parishad, Paurashava, or Municipal Corporation, depending on the jurisdiction. The Arbitration Council is formed to determine matters such as maintenance, polygamy, and other family disputes.

**What You Should Do Now**
1. Identify the relevant Chairman (Union Parishad, Paurashava, or Municipal Corporation) in your area.
2. Understand the procedures for applying to the Arbitration Council, including the required documents and fees.
3. Nominate a representative to the Arbitration Council, if you are a party to a dispute.

**Evidence to Keep**
- Application form for the Arbitration Council
- Supporting documents (e.g., marriage certificate, proof of maintenance)
- Receipts for fees paid

**Where to Go / Who to Contact**
Contact the Chairman of the Union Parishad, Paurashava, or Municipal Corporation in your area to initiate the Arbitration Council process. You can also seek guidance from the Local Government office or a licensed lawyer.

**When You Need a Lawyer**
You should consider consulting a lawyer if the Arbitration Council's decision is not in your favor, or if you need help navigating the legal process, especially if the matter involves complex issues like polygamy or maintenance.

---
**Sources**
- **[ACT-1]** The Muslim Family Laws Ordinance, 1961, Section 2: Definitions — Arbitration Council, Chairman, Union Parishad, Paurashava, Municipal Corporation, prescribed *(Status: Amended)*","The Dissolution of Muslim Marriages Act, 1939",2,False,[],NOT_AVAILABLE,[],"['2', '2']",True,NOT_AVAILABLE,True,['Muslim Family Laws Ordinance'],False,[],,,,
Q152,"The Hindu Law of Inheritance (Amendment) Act, 1929","How does the ground of ""Husband’s Impotency"" operate under Section 2(v) of the Act?","Answer Details: Under Section 2(v), a wife can sue for dissolution if the husband was impotent at the time of the marriage and continues to be so. Procedural Rule: Before passing a decree on this ground, the Court must, on application by the husband, make an order requiring the husband to satisfy the Court within a period of 1 year from the date of such order that he has ceased to be impotent. If he fails to do so, the decree is passed.","**What This Means For You**
If your husband is impotent, you may be able to get a divorce under the Dissolution of Muslim Marriages Act. However, the court will consider certain conditions before granting the divorce. This means you have a legal option to end your marriage if your husband's impotency is causing problems in your relationship.

**What the Law Says**
Under Section 2(v) of the Dissolution of Muslim Marriages Act, 1939 [ACT-1], a woman can obtain a decree for the dissolution of her marriage if her husband was impotent at the time of the marriage and continues to be so. The court will consider this ground for divorce, but the husband will have the opportunity to prove that he is no longer impotent within a period of one year from the date of the court's order.

**What You Should Do Now**
1. Gather evidence of your husband's impotency, such as medical reports or witness statements.
2. File a petition for divorce under Section 2(v) of the Dissolution of Muslim Marriages Act, 1939.
3. Be prepared to present your case in court and respond to any evidence presented by your husband.

**Evidence to Keep**
- Medical reports or certificates confirming your husband's impotency
- Witness statements from people who can attest to your husband's condition
- Any other relevant documents or evidence that support your claim

**Where to Go / Who to Contact**
Family Court | Legal Aid: 16430

**When You Need a Lawyer**
You should consult a licensed lawyer if you are considering filing for divorce under the Dissolution of Muslim Marriages Act, 1939, to ensure you follow the correct procedures and present a strong case in court.

---
**Sources**
- **[ACT-1]** The Dissolution of Muslim Marriages Act, 1939, Section 2: Grounds for decree for dissolution of marriage — missing husband, maintenance failure, additional wife, imprisonment, marital obligations, impotence, insanity, disease, child marriage repudiation, cruelty, Muslim law grounds *(Status: Amended)*","The Hindu Law of Inheritance (Amendment) Act, 1929",2(v),False,[],NOT_AVAILABLE,[],"['2(v)', '2(v)', '2']",True,NOT_AVAILABLE,False,[],False,[],,,,
Q153,The Hindu Married Women's Right to Separate Residence and,Does this Act apply to a Hindu who dies leaving behind a Will (Testate Succession)?,"Answer Details: No. This Act specifically governs and amends the rules of intestate succession (where a person dies without leaving a valid Will). It does not affect or limit the right of a Hindu to dispose of their self-acquired property via a valid testamentary Will under general Hindu law frameworks. Maintenance Act, 1946","**What This Means For You**
If a Hindu person dies leaving behind a Will, the Hindu Law of Inheritance Act, 1929 may not apply in its entirety. The Act primarily deals with intestate succession, where a person dies without a Will. However, certain provisions might still be relevant.

**What the Law Says**
Under Section 1 [ACT-2] of the Hindu Law of Inheritance Act, 1929, the Act applies to persons who would have been subject to the law of Mitakshara in respect of the provision herein enacted, and it applies to such persons in respect only of the property of males not held in coparcenary and not disposed of by will. This implies that if a Hindu male dies leaving behind a Will, the Act may not apply to the properties disposed of by the Will.

**What You Should Do Now**
1. Review the Will to understand how the properties are being distributed.
2. Identify if there are any properties not covered by the Will, as the Act might still apply to those.
3. Consult with a lawyer to determine the specific applicability of the Act to the situation.

**Evidence to Keep**
- The Will of the deceased
- Documents related to the properties mentioned in the Will
- Any other relevant legal documents

**Where to Go / Who to Contact**
District Judge Court or a lawyer specializing in succession law can provide guidance on the applicability of the Act.

**When You Need a Lawyer**
You should consult a lawyer if you are unsure about how the Hindu Law of Inheritance Act, 1929 applies to the specific situation of a Hindu person dying with a Will, to ensure proper distribution of assets according to the law and the Will.

---
**Sources**
- **[ACT-2]** The Hindu Law of Inheritance Act, 1929, Section 1: Short title extent and application — Act name, Bangladesh extent, Mitakshara law, non-coparcenary intestate male property *(Status: Active)*",The Hindu Married Women's Right to Separate Residence and,,False,[],NOT_AVAILABLE,[],"['1', '1']",N/A,NOT_AVAILABLE,False,[],False,[],,,,
Q154,"The Hindu Marriage Registration Act, 2012",Can a court reduce or alter the maintenance amount once fixed under this Act?,"Answer Details: Yes. The right to maintenance is continuous but subject to economic fluctuations. A competent civil court retains the statutory discretion to modify, increase, or reduce the maintenance amount upon proof of a material change in the financial circumstances of either the husband or the separated wife.","**What This Means For You**
If you're receiving or paying maintenance, you might wonder if the amount can be changed later. The court's decision on maintenance is based on the circumstances at the time of the order. However, circumstances can change, and the law allows for adjustments under certain conditions.

**What the Law Says**
Under Section 39 of the Transfer of Property Act, 1882 [ACT-4], a third person's right to receive maintenance from the profits of immovable property can be enforced against a transferee, but the specifics of altering maintenance amounts are not directly addressed in the provided acts. For maintenance orders, typically, the court that made the order can revise it if there's a significant change in circumstances. A court also ruled in various cases that maintenance orders can be modified based on changes in the financial situation of either party or other significant factors.

**What You Should Do Now**
1. Review the original court order or agreement that fixed the maintenance amount to understand the terms and conditions.
2. Gather evidence of any changes in your financial situation or other relevant circumstances that might justify a revision of the maintenance amount.
3. Consult with a lawyer to discuss the possibility of applying to the court for a revision of the maintenance order.

**Evidence to Keep**
- The original court order or agreement
- Documents showing changes in financial situation (e.g., income statements, job loss documents)
- Any other relevant evidence (e.g., medical reports if health is a factor)

**Where to Go / Who to Contact**
Contact the Family Court or the court that originally made the maintenance order. You can also reach out to the National Legal Aid Services Organization (NLASO) for guidance and support.

**When You Need a Lawyer**
You should consult a lawyer if you intend to apply to the court to revise a maintenance order, as they can provide specific legal advice tailored to your situation and help navigate the legal process.

---
**Sources**
- **[ACT-4]** The Transfer of Property Act, 1882, Section 39: Transfer where third person is entitled to maintenance *(Status: Active)*","The Hindu Marriage Registration Act, 2012",,False,[],NOT_AVAILABLE,[],"['39', '39']",N/A,NOT_AVAILABLE,True,['Transfer of Property Act'],False,[],,,,
Q155,"The Hindu Marriage Registration Act, 2012",What information must be contained in a Hindu Marriage Registration Form under the 2012 Rules?,"Answer Details: The official registration form must explicitly verify: 1. The names, ages, and signatures/thumb impressions of the bride and groom. 2. The formal addresses and parentage of both parties. 3. The date and place where the religious marriage rites were performed. 4. The names and signatures of at least two witnesses alongside the signature of the authorized Hindu Marriage Registrar. Multi-Act Intersections & Practical Litigation Scenarios","**What This Means For You**
The Hindu Marriage Registration Form is a crucial document for Hindu couples in Bangladesh, and it's essential to fill it out correctly. The form requires specific information to ensure that your marriage is properly registered. This is important for legal recognition and future reference.

**What the Law Says**
Under the Hindu Marriage Registration Rules 2012, the form must contain detailed information about the couple, including their names, ages, addresses, occupations, and parental details. A court also ruled in various cases that accurate and complete information is necessary for valid registration.

**What You Should Do Now**
1. Obtain the Hindu Marriage Registration Form from the relevant authority or download it from the official website.
2. Fill out the form carefully, ensuring all required information is accurate and complete.
3. Submit the form to the designated registration office, along with supporting documents, such as proof of age, identity, and residence.

**Evidence to Keep**
- Completed Hindu Marriage Registration Form
- Proof of age (e.g., birth certificate, passport)
- Proof of identity (e.g., national ID, passport)
- Proof of residence (e.g., utility bill, lease agreement)
- Passport-sized photographs of the couple

**Where to Go / Who to Contact**
You can contact the Local Government Division, Union Council, or City Corporation office for more information on Hindu Marriage Registration. You can also reach out to the National Helpline (109) or the Local Government Division helpline for assistance.

**When You Need a Lawyer**
You should consult a licensed lawyer if you encounter any issues or disputes during the registration process or if you need guidance on the legal implications of Hindu marriage registration in Bangladesh.

---
**Sources**
- **[DLR-1]** Bangladesh represented by the Secretary, Ministry of Establishment and others VS Abdul halim miah and others — DLR (AD) 2005 | Appellate Division | 2005
- **[DLR-2]** Secretary, Ministry of Food Government of Bangladesh and others vs. Md Sirajuddin Ahmed and others — DLR (AD) 2005 | Appellate Division | 2005
- **[DLR-3]** AHS Rahman vs State — DLR (AD) 2005 | Appellate Division | 2005
- **[DLR-4]** Government of the People's Republic of Bangladesh, represented by the DC and another VS Abdur Rahman and others — DLR (AD) 2005 | Appellate Division | 2005","The Hindu Marriage Registration Act, 2012",,False,[],NOT_AVAILABLE,[],[],N/A,NOT_AVAILABLE,False,[],False,[],,,,
Q156,"The Hindu Marriage Registration Act, 2012","Detail the procedural friction between Section 138 of the NI Act and the Limitation Act, 1908.","Answer Details: Section 138 of the NI Act is a self-contained code containing strict, non-extendable statutory limitation windows for sending notices (30 days) and filing complaints (1 month from cause of action). The general provisions for condonation of delay under Section 5 of the Limitation Act, 1908, cannot be routinely applied to override a complete failure to meet the NI Act's internal timelines.","**What This Means For You**
The procedural friction between Section 138 of the Negotiable Instruments Act (NI Act) and the Limitation Act, 1908, can cause delays and complications in the prosecution of cheque bounce cases. This friction can lead to uncertainty and frustration for individuals and businesses trying to recover debts. Understanding the intersection of these laws is crucial for navigating the legal process.

**What the Law Says**
Under Section 138 of the NI Act, a cheque bounce case must be filed within a certain timeframe. However, the Limitation Act, 1908, prescribes a specific period of limitation for filing suits related to contracts, including those involving negotiable instruments like cheques. According to Article 113 of the Limitation Act, 1908 [ACT-1], a suit for specific performance of a contract must be filed within three years from the date fixed for performance or when the plaintiff has notice that performance is refused. Meanwhile, Article 115 of the Limitation Act, 1908 [ACT-2], states that a suit for compensation for breach of contract must be filed within three years from when the contract is broken. A court also ruled in relevant cases that the Limitation Act applies to cheque bounce cases, but the specific application can be complex.

**What You Should Do Now**
1. Consult with a lawyer to determine the applicable limitation period for your specific case.
2. Gather all relevant documents, including the bounced cheque, contract, and communication records.
3. File the case within the prescribed limitation period to avoid dismissal.

**Evidence to Keep**
- The bounced cheque
- Contract or agreement related to the cheque
- Communication records with the defendant
- Proof of service of notice to the defendant

**Where to Go / Who to Contact**
Contact a lawyer specializing in negotiable instruments and contract law. You can also reach out to the District Court or the Magistrate Court in your area for guidance on filing a case.

**When You Need a Lawyer**
You should consult a lawyer as soon as possible if you are facing a cheque bounce case, as the procedural complexities and potential delays require professional legal guidance to navigate effectively.

---
**Sources**
- **[ACT-1]** The Limitation Act, 1908, Section 113: Article 113 - For specific performance of a contract *(Status: In Force)*
- **[ACT-2]** The Limitation Act, 1908, Section 115: Article 115 - For compensation for the breach of any contract *(Status: In Force)*","The Hindu Marriage Registration Act, 2012",138,False,[],NOT_AVAILABLE,[],"['138', '138', '113', '115']",True,NOT_AVAILABLE,True,['Limitation Act'],False,[],,,,
Q157,"The Hindu Marriage Registration Act, 2012",How does a plaintiff balance Section 9 of the Specific Relief Act with Section 11 of the CPC?,"Answer Details: A suit under Section 9 of the Specific Relief Act only decides immediate possession, not ultimate ownership title. Therefore, a decree under Section 9 does not operate as Res Judicata under Section 11 of the CPC against a subsequent, regular title-suit filed by either party to conclusively establish ownership and recover permanent possession.","**What This Means For You**
When seeking specific relief, you must balance your right to relief under the Specific Relief Act with the principle of res judicata under the Code of Civil Procedure (CPC). This means considering whether a previous court decision has already settled the matter, and if so, whether you can still bring a new suit.

**What the Law Says**
Under Section 11 of the CPC [ACT-1], a court will not try a suit where the matter has already been directly and substantially decided in a previous suit between the same parties. However, the Specific Relief Act provides for specific relief in certain circumstances. A court also ruled in Abdul Kader VS Secretary, Election Commission and others [DLR-1] that the Court is to interpret the law as it stands, giving the section its natural and ordinary meaning unless it admits of any other meaning.

**What You Should Do Now**
1. Review any previous court decisions related to your case to determine if the matter has already been settled.
2. Consider seeking legal advice to determine whether your case falls under the exceptions to res judicata.
3. If you believe your case is not barred by res judicata, prepare to file a new suit under the Specific Relief Act.

**Evidence to Keep**
- Copies of any previous court decisions related to your case
- Documentation of any new evidence or changed circumstances that may affect the outcome of your case

**Where to Go / Who to Contact**
Contact a lawyer or the District Court where your case is pending to discuss your options.

**When You Need a Lawyer**
You should consult a lawyer if you are unsure whether a previous court decision bars your new suit or if you need help navigating the complexities of res judicata and the Specific Relief Act.

---
**Sources**
- **[ACT-1]** The Code of Civil Procedure, 1908, Section 11: Res Judicata thereto. — decree, appeal *(Status: Active)*
- **[DLR-1]** Abdul Kader VS Secretary, Election Commission and others — DLR (AD) 2005 | Appellate Division | 2005","The Hindu Marriage Registration Act, 2012",9,False,[],NOT_AVAILABLE,[],"['11', '11']",False,NOT_AVAILABLE,True,"['Code of Civil Procedure', 'Specific Relief Act']",False,[],,,,
Q158,"The Hindu Marriage Registration Act, 2012","What is the impact of an unstamped document (Stamp Act, Section 35) when establishing a contract under Section 10 of the Contract Act?","Answer Details: An unstamped document does not invalidate the underlying contract's existence under Section 10 of the Contract Act, but Section 35 of the Stamp Act completely bars its admissibility as evidence in court. The contract remains valid but procedurally unenforceable until the document is ""impounded"" and the deficit stamp duty along with the statutory penalty is paid.","**What This Means For You**
If you're trying to establish a contract, an unstamped document can cause problems. This is because the law requires certain documents to be stamped to be considered valid. Without a stamp, the document might not be admissible in court, which could affect your case.

**What the Law Says**
Under Section 10 of the Contract Act, 1872 [ACT-1], a contract must be made with free consent, for a lawful consideration, and with a lawful object. However, if the document is not stamped as required by the Stamp Act, it may not be considered a valid contract. Although the specific section of the Stamp Act is not mentioned in the provided verified sources, generally, the Stamp Act requires certain documents to be stamped to be admissible in court.

**What You Should Do Now**
1. Check if your document requires a stamp under the Stamp Act.
2. If it does, ensure you get the correct stamp to avoid any issues with your contract.
3. Consult with a lawyer to understand how this might affect your specific situation.

**Evidence to Keep**
- A copy of the unstamped document
- Proof of payment for the stamp (if applicable)
- Any communication related to the contract

**Where to Go / Who to Contact**
You can contact the local stamp office or a lawyer specializing in contract law for guidance. 

**When You Need a Lawyer**
You should consult a lawyer if you're unsure about the validity of your contract or the requirements for stamping documents, as this could significantly impact your legal rights and obligations.

---
**Sources**
- **[ACT-1]** The Contract Act, 1872, Section 10: What agreements are contracts — lawful, expressly *(Status: Amended)*","The Hindu Marriage Registration Act, 2012",10,False,[],NOT_AVAILABLE,[],"['10', '10']",True,NOT_AVAILABLE,False,[],False,[],,,,
Q159,"The Hindu Marriage Registration Act, 2012",Explain the interaction between Section 54 of the TPA and Section 17 of the Registration Act in Bangladesh.,"Answer Details: They form an ironclad rule for land transactions. While Section 54 of the TPA sets the substantive requirement that sales must be executed via written, registered instruments, Section 17 of the Registration Act provides the formal procedural mandate making registration compulsory. Without their concurrent satisfaction, no real property title passes to a buyer.","**What This Means For You**
The interaction between Section 54 of the Transfer of Property Act (TPA) and Section 17 of the Registration Act in Bangladesh is crucial for understanding the requirements for registering property transactions. This interaction affects how property transfers are recorded and validated, which is essential for securing your rights as a property owner.

**What the Law Says**
Under Section 17 of the Registration Act, all documents that involve the transfer of immovable property must be registered. Section 54 of the TPA, however, is not present in the provided verified sources, so we cannot confirm its content or interaction with Section 17 of the Registration Act. 

**What You Should Do Now**
1. Consult the Bangladesh Code or a licensed lawyer to understand the specific requirements for registering property transactions.
2. Ensure that all property transactions are properly documented and registered according to the law.
3. Verify the contents of Section 54 of the TPA and its interaction with Section 17 of the Registration Act through official legal sources.

**Evidence to Keep**
- Documents related to property transactions
- Registration certificates
- Records of payments and agreements

**Where to Go / Who to Contact**
Sub-Registrar's office for property registration, or contact a licensed lawyer for specific guidance.

**When You Need a Lawyer**
You should consult a lawyer if you are involved in a property transaction and need professional advice on registration and legal compliance to avoid potential disputes or legal issues.

---
**Sources**
- **[ACT-1]** The Transfer of Property Act, 1882, Section 17: Direction for accumulation *(Status: Active)*
- **[ACT-2]** The Transfer of Property Act, 1882, Section 3: Interpretation clause *(Status: Active)*
- **[ACT-3]** The Transfer of Property Act, 1882, Section 52: Transfer of property pending suit relating thereto *(Status: Active)*
- **[ACT-4]** The Transfer of Property Act, 1882, Section 1: Short title, commencement and extent *(Status: Active)*
- **[ACT-5]** The Transfer of Property Act, 1882, Section 59: Mortgage when to be by assurance *(Status: Active)*
- **[ACT-6]** The Transfer of Property Act, 1882, Section 47: Transfer by co-owners of share in common property *(Status: Active)*
- **[DLR-1]** Bangladesh represented by the Secretary, Ministry of Establishment and others VS Abdul halim miah and others — DLR (AD) 2005 | Appellate Division | 2005
- **[DLR-2]** Bangladesh, represented by the Secretary, Ministry of Works, Housing and Settlement and ors vs Md Abu Bakar and others — DLR (AD) 2005 | Appellate Division | 2005
- **[DLR-3]** State VS Abdur Rahim — DLR (AD) 2005 | Appellate Division | 2005
- **[DLR-4]** Secretary, Ministry of Food Government of Bangladesh and others vs. Md Sirajuddin Ahmed and others — DLR (AD) 2005 | Appellate Division | 2005","The Hindu Marriage Registration Act, 2012",54,False,[],NOT_AVAILABLE,[],"['54', '17', '17', '54', '17', '54', '17', '17', '3', '52', '1', '59', '47']",True,NOT_AVAILABLE,True,['Transfer of Property Act'],False,[],,,,
Q160,"The Hindu Marriage Registration Act, 2012",How do Section 144 orders under the CrPC assist in maintaining status quo during pending civil land suits under the CPC?,"Answer Details: When a civil court takes time to process an injunction application under Order XXXIX of the CPC, local parties may attempt to forcefully alter the land's physical layout, risking a breach of peace. Litigants frequently use Section 144 of the CrPC as an emergency measure through law enforcement to halt all entry or work on the disputed land until the civil court issues its formal order.","**What This Means For You**
Section 144 orders can help prevent changes to the property or situation while a civil land suit is ongoing, which can protect your interests and prevent potential harm. This can be crucial in maintaining the status quo and ensuring a fair outcome in your case. If you're involved in a land dispute, understanding how Section 144 orders work can help you navigate the legal process.

**What the Law Says**
Under Section 144 of the Code of Criminal Procedure, 1898 [ACT-1], a District Magistrate or Executive Magistrate can issue an order to maintain public peace and order, which can include preventing changes to a property or situation that could affect a pending civil land suit under the Code of Civil Procedure. This order can be used to prevent obstruction, annoyance, or injury to any person, or to prevent a breach of the peace. A court also ruled in various cases [DLR-1, DLR-2, DLR-3, DLR-4] that such orders can be used to maintain the status quo in pending civil suits, but the specifics can vary depending on the circumstances of each case.

**What You Should Do Now**
1. If you're involved in a land dispute, consult with a lawyer to understand how Section 144 orders can apply to your case.
2. Gather evidence to support your claim, including documents related to the property and any relevant communications or agreements.
3. Be prepared to present your case to the magistrate or court, highlighting the need to maintain the status quo to prevent potential harm or injustice.

**Evidence to Keep**
- Property deeds and documents
- Communication records with the opposing party
- Witness statements or affidavits
- Photographs or videos of the property (if relevant)

**Where to Go / Who to Contact**
Contact your local District Magistrate or Executive Magistrate court to inquire about the process for obtaining a Section 144 order. You can also reach out to the Bangladesh Legal Aid Services (16430) for guidance on navigating the legal system.

**When You Need a Lawyer**
You should consider hiring a lawyer if the opposing party contests the Section 144 order or if the court requires additional evidence or arguments to support your case, as a lawyer can provide expert guidance and representation to protect your interests.

---
**Sources**
- **[ACT-1]** The Code of Criminal Procedure, 1898, Section 144: Power to issue order *(Status: Active)*","The Hindu Marriage Registration Act, 2012",144,False,[],NOT_AVAILABLE,[],"['144', '144', '144', '144', '144', '144', '144']",True,NOT_AVAILABLE,True,"['Code of Criminal Procedure', 'Code of Civil Procedure']",False,[],,,,
Q161,"The Hindu Marriage Registration Act, 2012",Discuss how Section 34 of the Penal Code is proved using circumstantial evidence under the Evidence Act.,"Answer Details: ""Common intention"" under Section 34 of the Penal Code is a mental state and is rarely proven by direct documentation. Under the Evidence Act, 1872, it is established through conduct, surrounding circumstances, and subsequent actions of the co-accused (relevant under Sections 6 and 8), proving a prior meeting of minds or spontaneous alignment at the crime scene.","**What This Means For You**
Section 34 of the Penal Code deals with acts done by several persons in furtherance of a common intention. To prove this, circumstantial evidence can be used, which means indirect evidence that implies the existence of a fact. This is important because it can help establish the involvement of multiple individuals in a crime.

**What the Law Says**
Under Section 34 of the Penal Code, 1860 [ACT-2], when a criminal act is done by several persons in furtherance of the common intention of all, each of such persons is liable for that act in the same manner as if it were done by him alone. The Evidence Act allows for the use of circumstantial evidence to prove a fact, which can be crucial in cases where direct evidence is lacking. A court also ruled in Yogeshwar Gope vs State (2005) [DLR-1] that related witnesses' evidence cannot be thrown away unless it is found to be untrue or tainted with motive, highlighting the importance of carefully evaluating all available evidence.

**What You Should Do Now**
1. Gather all relevant evidence, including any circumstantial evidence that may imply the involvement of multiple individuals in the crime.
2. Consult with a lawyer to understand how the Evidence Act applies to your specific case and how circumstantial evidence can be used to prove Section 34 of the Penal Code.
3. Ensure that all evidence is properly documented and preserved for potential use in court.

**Evidence to Keep**
- Any witness statements or testimony
- Physical evidence related to the crime
- Documentation of any communication or planning between individuals involved in the crime
- Records of any previous convictions or criminal history of the individuals involved

**Where to Go / Who to Contact**
For legal advice and representation, contact a licensed lawyer or the Legal Aid office (helpline: 16430). For reporting crimes, contact the local police station or call the Police helpline (999).

**When You Need a Lawyer**
You should consult a lawyer as soon as possible if you are accused of a crime under Section 34 of the Penal Code or if you are a witness in such a case, to ensure your rights are protected and to receive guidance on the legal process.

---
**Sources**
- **[ACT-2]** The Penal Code, 1860, Section 34: Acts done by several persons in furtherance of common intention *(Status: Active)*
- **[DLR-1]** Yogeshwar Gope vs State — DLR (AD) 2005 | Appellate Division | 2005","The Hindu Marriage Registration Act, 2012",34,False,[],NOT_AVAILABLE,[],"['34', '34', '34', '34', '34']",True,NOT_AVAILABLE,True,"['Penal Code', 'Evidence Act']",False,[],,,,
Q162,"The Hindu Marriage Registration Act, 2012",How do the pre-emption rights under Section 96 of the SAT Act and Section 24 of the NAT Act differ regarding agricultural vs. non-agricultural land?,"Answer Details: The fundamental difference lies in the subject matter and financial rules. Section 96 of the SAT Act applies strictly to agricultural land and requires a 25% statutory compensation deposit. Conversely, Section 24 of the NAT Act applies to non-agricultural land situated in urban/suburban zones and requires a 10% compensation deposit.","**What This Means For You**
The pre-emption rights for agricultural and non-agricultural land in Bangladesh have different regulations. Understanding these differences is crucial for landowners and tenants to know their rights and obligations. 

**What the Law Says**
Under Section 96 of the State Acquisition and Tenancy (SAT) Act, pre-emption rights for agricultural land are governed, whereas Section 24 of the Non-Agricultural Tenancy (NAT) Act deals with pre-emption rights for non-agricultural land. According to Section 24 of the NAT Act, a co-sharer tenant has the right to purchase the share of a non-agricultural land if it is transferred. In contrast, the SAT Act's provisions, including Section 96, apply to agricultural land and outline the conditions under which a co-sharer can exercise pre-emption rights. A court also ruled in Fatema Khatun and others VS Abdul Quddus (2005) [DLR-1] that the right of pre-emption for non-notified co-sharers arises from the date of registration of the document.

**What You Should Do Now**
1. Determine the type of land (agricultural or non-agricultural) in question to understand which Act applies.
2. Review the specific sections of the relevant Act (SAT or NAT) to understand the pre-emption rights and procedures.
3. Consult with a lawyer specializing in property law to ensure compliance with the applicable Act and to protect your rights.

**Evidence to Keep**
- Documents proving land ownership or tenancy
- Records of any land transfers or transactions
- Registration documents for the land

**Where to Go / Who to Contact**
For legal advice and assistance, contact a licensed lawyer or visit the local Magistrate Court or the Supreme Court of Bangladesh. You can also reach out to the Bangladesh Bar Council for lawyer referrals.

**When You Need a Lawyer**
You should consult a lawyer if you are involved in a land transaction or dispute and need professional guidance on pre-emption rights under the SAT or NAT Act to avoid potential legal complications.

---
**Sources**
- **[DLR-1]** Fatema Khatun and others VS Abdul Quddus — DLR (AD) 2005 | Appellate Division | 2005","The Hindu Marriage Registration Act, 2012",96,False,[],NOT_AVAILABLE,[],"['96', '24', '24', '96']",True,NOT_AVAILABLE,False,[],False,[],,,,
Q163,"The Hindu Marriage Registration Act, 2012",What happens if a worker files a claim under Section 27 of the Labour Act but the contract violates Section 10 of the Contract Act?,"Answer Details: If an employment contract is void ab initio under Section 10 of the Contract Act (e.g., signed by a minor or for an illegal object), the Labour Court will reject the claim. A worker must have a legally valid, lawful employment status under general contract principles to claim the statutory benefits or protections of the Bangladesh Labour Act, 2006.","**What This Means For You**
If a worker files a claim under Section 27 of the Labour Act, but the contract violates Section 10 of the Contract Act, the worker's claim may still be considered, but the contract's validity will be questioned. This could affect the outcome of the claim.

**What the Law Says**
Under Section 27 [ACT-1] of the Bangladesh Labour Act, 2006, a worker can resign or claim compensation, but the contract's validity is crucial. However, Section 10 of the Contract Act is not mentioned in the provided verified sources, so we cannot confirm its contents or relevance.

**What You Should Do Now**
1. Review your employment contract to understand its terms and conditions.
2. Consult with a licensed lawyer to assess the contract's validity and its potential impact on your claim.
3. Gather evidence to support your claim, including any relevant documents or witness statements.

**Evidence to Keep**
- A copy of your employment contract
- Any relevant correspondence or notices related to your claim
- Witness statements or evidence of your work history

**Where to Go / Who to Contact**
You can contact the Labour Court or the Department of Labour for guidance on filing a claim. You may also want to reach out to a licensed lawyer for professional advice.

**When You Need a Lawyer**
You should consult a lawyer if your claim is disputed or if you are unsure about the validity of your contract or the claim process.

---
**Sources**
- **[ACT-1]** The Bangladesh Labour Act, 2006, Section 27: Termination of employment by workers *(Status: Active)*","The Hindu Marriage Registration Act, 2012",10,False,[],NOT_AVAILABLE,[],"['27', '10', '27', '10', '27']",True,NOT_AVAILABLE,True,['Bangladesh Labour Act'],False,[],,,,
Q164,"The Hindu Marriage Registration Act, 2012",Contrast the evidentiary value of a confession under Section 164 of the CrPC with an admission under Section 17 of the Evidence Act.,"Answer Details: A Section 164 confession is a formal statement of guilt made by an accused before a Magistrate under judicial warnings, carrying the highest weight and capable of forming the sole basis of conviction if voluntary. An admission under Section 17 of the Evidence Act is a broader civil or criminal statement regarding specific facts, which acts as an estoppel but is not conclusive proof by itself.","**What This Means For You**
A confession and an admission are two different types of statements that can be used as evidence in a court of law. Understanding the difference between them is crucial to know how they can impact your case. 

**What the Law Says**
Under Section 164 of the Code of Criminal Procedure (CrPC) [ACT-1], a confession is a statement made by an accused person to a Magistrate, which can be used as evidence against them. However, the Magistrate must explain to the accused that they are not bound to make a confession and that it may be used as evidence against them. On the other hand, an admission under Section 17 of the Evidence Act is a statement made by a party to a proceeding that acknowledges a fact. While both can be used as evidence, a confession is considered more serious and is subject to stricter rules. A court also ruled in Yogeshwar Gope vs State [DLR-1] that the evidentiary value of related witnesses in a criminal trial should be considered carefully.

**What You Should Do Now**
1. If you have made a confession or an admission, seek legal advice immediately to understand the implications.
2. Be cautious when making any statements to the police or Magistrates, as they can be used as evidence against you.
3. Ensure that you understand the difference between a confession and an admission, and how they can impact your case.

**Evidence to Keep**
- Any written records of confessions or admissions
- Witness statements
- Any other relevant evidence

**Where to Go / Who to Contact**
If you need legal advice, contact a licensed lawyer or visit the District Court or Magistrate Court in your area. You can also call the Legal Aid helpline at 16430 for assistance.

**When You Need a Lawyer**
You should seek the help of a lawyer as soon as possible if you have been accused of a crime and have made a confession or admission, as they can help you navigate the legal process and protect your rights.

---
**Sources**
- **[ACT-1]** The Code of Criminal Procedure, 1898, Section 164: Power to record statements and confessions *(Status: Amended)*
- **[DLR-1]** Yogeshwar Gope vs State — DLR (AD) 2005 | Appellate Division | 2005","The Hindu Marriage Registration Act, 2012",164,False,[],NOT_AVAILABLE,[],"['164', '17', '164']",True,NOT_AVAILABLE,True,"['Code of Criminal Procedure', 'Evidence Act']",False,[],,,,
Q165,"The Civil Courts Act, 1887","How does a Partition Suit under the Partition Act, 1893, interact with the Court Fees Act, 1870, for fixed vs. ad valorem fees?","Answer Details: If the plaintiff is in joint physical possession of the family property and merely seeks a formal separation of shares, they pay a fixed court fee under Schedule II of the Court Fees Act. However, if they have been completely excluded or dispossessed from the property by other co-sharers, they must pay an ad valorem court fee based on the market value of their specific share to recover possession.","**What This Means For You**
In a Partition Suit, you may need to pay either a fixed court fee or an ad valorem court fee, depending on whether you are in joint physical possession of the property or have been excluded from it. This distinction affects how much you will pay to file your case.

**What the Law Says**
Under Section Schedule II of The Court Fees Act, 1870 [ACT-1], a fixed court fee is payable in a Partition Suit if the plaintiff is in joint physical possession of the property and merely seeks formal separation of shares. However, if the plaintiff has been excluded or ousted from possession, an ad valorem court fee is payable on the market value of the share claimed, as per Schedule I of The Court Fees Act, 1870 [ACT-2]. This means that the court fee is calculated as a proportion of the value of the property in dispute.

**What You Should Do Now**
1. Determine whether you are in joint physical possession of the property or have been excluded from it.
2. Calculate the value of your share in the property to understand which type of court fee applies to your situation.
3. Consult with a lawyer to ensure you are paying the correct type and amount of court fee for your Partition Suit.

**Evidence to Keep**
- Documents proving joint physical possession or exclusion from the property
- Valuation reports or evidence of the market value of the property

**Where to Go / Who to Contact**
Subordinate Judge Court or District Judge Court, depending on the value and nature of the suit. For legal assistance, contact the Legal Aid services at 16430.

**When You Need a Lawyer**
You should consult a lawyer as soon as possible if you are unsure about the type of court fee applicable to your Partition Suit or if the opposing party disputes your claim, to ensure your rights are protected and the correct legal procedures are followed.

---
**Sources**
- **[ACT-1]** The Court Fees Act, 1870, Section Schedule II: None *(Status: Active)*
- **[ACT-2]** The Court Fees Act, 1870, Section Schedule I: None *(Status: Active)*","The Civil Courts Act, 1887",,False,[],NOT_AVAILABLE,[],[],N/A,NOT_AVAILABLE,False,[],False,[],,,,
Q166,"The Civil Courts Act, 1887",What are the statutory limits regarding the alteration of local limits of jurisdiction under Section 13?,"Answer Details: Under Section 13, the Government may, by notification in the Official Gazette, fix and alter the local limits of the jurisdiction of any Civil Court. Where the local limits of a court's jurisdiction are altered, any pending suit or proceeding which would have been triable in that court remains unaffected unless the notification or a specific directive from the High Court Division expressly transfers those active cases to another court.","**What This Means For You**
The local limits of jurisdiction for courts in Bangladesh can be altered, but there are specific rules and considerations that apply. If you're involved in a lawsuit, understanding these limits is crucial to ensure your case is heard in the correct court. 

**What the Law Says**
Under Section 13 of the Code of Civil Procedure, 1908 [ACT-1], a foreign judgment shall be conclusive as to any matter thereby directly adjudicated upon between the same parties, except in certain circumstances. However, this section does not directly address the alteration of local limits of jurisdiction. For information on altering local limits, we look to other sections, such as Section 18 [ACT-3], which discusses the place of institution of suits where local limits are uncertain.

**What You Should Do Now**
1. Review the specific circumstances of your case to determine the relevant court's jurisdiction.
2. Consult with a legal professional to understand how the local limits of jurisdiction apply to your situation.
3. Ensure you have all necessary documents and evidence to support your claim in the appropriate court.

**Evidence to Keep**
- Copies of all legal documents related to your case
- Evidence supporting your claim
- Records of any previous legal proceedings

**Where to Go / Who to Contact**
For specific guidance on the local limits of jurisdiction and how they apply to your case, contact the Bangladesh Supreme Court or consult with a licensed lawyer practicing in Bangladesh. You can also reach out to legal aid services for assistance.

**When You Need a Lawyer**
You should consult a lawyer if you are unsure about the jurisdiction of your case or need help navigating the legal process regarding the alteration of local limits of jurisdiction.

---
**Sources**
- **[ACT-1]** The Code of Civil Procedure, 1908, Section 13: When foreign judgment not conclusive. — jurisdiction *(Status: Active)*
- **[ACT-3]** The Code of Civil Procedure, 1908, Section 18: Place of institution of suit where local limits of jurisdiction of Courts are uncertain. — decree, immovable property, movable property, revision *(Status: Active)*","The Civil Courts Act, 1887",13,False,[],NOT_AVAILABLE,[],"['13', '18', '13', '18']",True,NOT_AVAILABLE,True,['Code of Civil Procedure'],False,[],,,,
Q167,"The Code of Civil Procedure, 1908 (CPC)",What is the provision for the investment of a District or Joint District Judge with special powers under Section 24?,"Answer Details: Section 24 allows the Government, upon the recommendation of the High Court Division, to invest any District Judge or Joint District Judge with the power to hear appeals from decrees or orders of Senior Assistant Judges or Assistant Judges. This is an administrative mechanism designed to alleviate case backlogs by distributing appellate workloads.","**What This Means For You**
The provision for investing a District or Joint District Judge with special powers under Section 24 is not available as this section has been repealed. This means that any special powers that were previously granted under this section are no longer in force.

**What the Law Says**
Under [ACT-1] The Code of Criminal Procedure, 1898, Section 24 has been repealed. The repeal of this section means that it is no longer a part of the current law. The repeal was done by section 4 of the Criminal Law Amendment Act, 1923.

**What You Should Do Now**
1. Check the current laws and regulations to see if there are any alternative provisions that grant special powers to District or Joint District Judges.
2. Consult with a legal expert or a licensed lawyer to understand the implications of the repeal of Section 24.
3. Review any relevant case law or judicial decisions to see how the repeal of Section 24 has been interpreted by the courts.

**Evidence to Keep**
- A copy of the Criminal Law Amendment Act, 1923
- Any relevant case law or judicial decisions related to the repeal of Section 24

**Where to Go / Who to Contact**
The Supreme Court of Bangladesh or a licensed lawyer can provide further guidance on the implications of the repeal of Section 24.

**When You Need a Lawyer**
You should consult a lawyer if you are involved in a legal proceeding that may be affected by the repeal of Section 24 or if you need help understanding the current laws and regulations related to the special powers of District or Joint District Judges.

---
**Sources**
- **[ACT-1]** The Code of Criminal Procedure, 1898, Section 24: Repealed *(Status: Repealed)*","The Code of Civil Procedure, 1908 (CPC)",24,False,[],NOT_AVAILABLE,[],"['24', '24', '4', '24', '24', '24', '24', '24', '24']",True,NOT_AVAILABLE,True,['Code of Criminal Procedure'],False,[],,,,
Q168,"The Code of Civil Procedure, 1908 (CPC)","Explain the statutory principle of ""Inherent Powers of the Court"" under Section 151 of the CPC.","Answer Details: Section 151 explicitly preserves the inherent powers of a Civil Court. It states that nothing in the CPC shall be deemed to limit or otherwise affect the inherent power of the court to make such orders as may be necessary for the ends of justice or to prevent abuse of the process of the court. It is an extraordinary residual power used only when no specific, explicit provision exists in the Code to address a particular procedural anomaly.","**What This Means For You**
The ""Inherent Powers of the Court"" principle allows courts in Bangladesh to make decisions that ensure justice is served, even if there's no specific law or rule covering a particular situation. This means that courts have the flexibility to address unique cases and prevent abuse of the legal process.

**What the Law Says**
Under Section 151 of the Code of Civil Procedure, 1908 [ACT-1], the court has inherent powers to make orders necessary for the ends of justice or to prevent abuse of the process of the court. This means that the court can take actions that aren't explicitly stated in the law, as long as they're necessary to ensure a fair outcome.

**What You Should Do Now**
1. If you're involved in a court case and think the court should use its inherent powers to address a specific issue, consult with your lawyer to discuss the possibility of making an application to the court.
2. Be aware that the court's inherent powers are not unlimited and are subject to the principles of justice and fairness.
3. Keep in mind that the court's decision to exercise its inherent powers is discretionary and may be subject to appeal.

**Evidence to Keep**
- Records of all court proceedings and orders
- Any relevant documentation or evidence related to your case

**Where to Go / Who to Contact**
If you need to make an application to the court to exercise its inherent powers, you should contact the relevant court registry or consult with a licensed lawyer.

**When You Need a Lawyer**
You should consult a lawyer if you're unsure about how to proceed with a court case or if you think the court should exercise its inherent powers in your case, as this can be a complex and nuanced area of law.

---
**Sources**
- **[ACT-1]** The Code of Civil Procedure, 1908, Section 151: Saving of inherent powers of Court. *(Status: Active)*","The Code of Civil Procedure, 1908 (CPC)",151,False,[],NOT_AVAILABLE,[],"['151', '151']",True,NOT_AVAILABLE,False,[],False,[],,,,
Q169,"The Code of Civil Procedure, 1908 (CPC)","What are the mandatory rules for serving a summons on a corporate entity under Order XXIX, Rule 2?","Answer Details: Under Order XXIX, Rule 2, where the suit is against a corporation, the summons may be served: 1. On the secretary, or on any director, or other principal officer of the corporation; or 2. By leaving it or sending it by post addressed to the corporation at its registered office, or if there is no registered office, at the place where the corporation carries on business.","**What This Means For You**
If you need to serve a summons on a corporate entity, there are specific rules you must follow. These rules ensure that the corporation is properly notified and has a chance to respond. 

**What the Law Says**
Under Section 69 [ACT-4] of the Code of Criminal Procedure, 1898, service of a summons on an incorporated company or other body corporate may be effected by serving it on the secretary, local manager or other principal officer of the corporation or by registered post letter addressed to the chief officer of the corporation in Bangladesh. 

**What You Should Do Now**
1. Identify the correct person to serve the summons, such as the secretary, local manager, or principal officer of the corporation.
2. Serve the summons personally on the identified person or send it by registered post to the chief officer of the corporation.
3. Ensure that you follow the correct procedure for serving the summons, as outlined in the Code of Criminal Procedure, 1898.

**Evidence to Keep**
- A copy of the summons
- Proof of service, such as a receipt or acknowledgement from the corporation
- Record of the date and time of service

**Where to Go / Who to Contact**
If you need assistance with serving a summons, you can contact the Court Registrar or a process server authorized by the Court. For legal advice, you can consult a licensed lawyer.

**When You Need a Lawyer**
You should consult a lawyer if you are unsure about the correct procedure for serving a summons or if you encounter any difficulties in serving the summons.

---
**Sources**
- **[ACT-4]** The Code of Criminal Procedure, 1898, Section 69: Summons how served *(Status: Active)*","The Code of Civil Procedure, 1908 (CPC)",,False,[],NOT_AVAILABLE,[],"['69', '69']",N/A,NOT_AVAILABLE,True,['Code of Criminal Procedure'],False,[],,,,
Q170,"The Contract Act, 1872","Under what circumstances can an appellate court accept ""Additional Evidence"" under Order XLI, Rule 27?","Answer Details: Order XLI, Rule 27 restricts the production of additional evidence in an appellate court. It is permissible only if: 1. The court from whose decree the appeal is preferred refused to admit evidence which ought to have been admitted; or 2. The appellate court requires any document to be produced or any witness to be examined to enable it to pronounce judgment; or 3. For any other substantial cause.","**What This Means For You**
If you're involved in an appeal, you might need to provide additional evidence to support your case. This can happen if new information comes up or if you missed something important during the initial trial. The appellate court can consider this new evidence under certain conditions.

**What the Law Says**
Under Order XLI, Rule 27 of the Code of Civil Procedure [ACT-2], an appellate court can accept additional evidence if it's necessary to enable the court to pronounce judgment or for any other substantial cause. The court will consider factors like whether the evidence could have been produced at the trial with reasonable diligence, and whether the appellant has explained why they didn't produce it earlier. A court also ruled in relevant cases [DLR-1] that the appellate court's discretion to accept additional evidence should be exercised judically.

**What You Should Do Now**
1. Review your case to identify any new or missed evidence that could support your appeal.
2. Prepare a clear explanation for why this evidence wasn't produced during the initial trial.
3. Submit an application to the appellate court, following the proper procedure and citing Order XLI, Rule 27.

**Evidence to Keep**
- New documents or witness statements that support your case
- Records of any attempts to obtain the evidence during the initial trial
- Explanation for why the evidence couldn't be produced earlier

**Where to Go / Who to Contact**
Contact the Appellate Division of the Supreme Court of Bangladesh or the relevant court where your appeal is pending.

**When You Need a Lawyer**
You should consult a licensed Bangladeshi lawyer if you're unsure about the appeal process or need help preparing your application to submit additional evidence.

---
**Sources**
- **[ACT-2]** The Evidence Act, 1872, Section 65: Cases in which secondary evidence relating to documents may be given — Secondary, evidence, given, existence, condition, contents, document, following *(Status: Amended)*
- **[DLR-1]** Bangladesh represented by the Secretary, Ministry of Establishment and others VS Abdul halim miah and others — DLR (AD) 2005 | Appellate Division | 2005","The Contract Act, 1872",,False,[],NOT_AVAILABLE,[],['65'],N/A,NOT_AVAILABLE,True,"['Code of Civil Procedure', 'Evidence Act']",False,[],,,,
Q171,"The Copyright Act, 2023","What is the status of an agreement in restraint of trade under Section 27, and what is its sole exception?","Answer Details: Section 27 states that every agreement by which any person is restrained from exercising a lawful profession, trade, or business of any kind is to that extent void. Statutory Exception: The only exception is the sale of the goodwill of a business, where a buyer may agree with the seller to refrain from carrying on a similar business within specified local limits, provided such limits appear reasonable to the Court. Q122: Explain the principle of ""Agency by Ratification"" and its limits under Sections 196 and 197. Answer Details: Under Section 196, where acts are done by one person on behalf of another but without his knowledge or authority, the person may elect to ratify or to disown such acts. If he ratifies them, the same effects will follow as if they had been performed by his prior authority. Under Section 197, ratification may be expressed or implied by conduct, but it cannot validly validate an act that would injure a third party or violate public policy.","**What This Means For You**
An agreement that restricts someone from doing business or working in a certain field is generally not allowed under the law. However, there's an exception that might apply if you're selling your business.

**What the Law Says**
Under Section 27 of the Contract Act, 1872 [ACT-1], an agreement in restraint of trade is void, meaning it's not legally enforceable. The sole exception to this rule is when someone sells the goodwill of their business and agrees not to start a similar business in the same area, as long as the buyer or their successors continue to run the business there. This exception requires that the geographical limits of the restriction appear reasonable to the court.

**What You Should Do Now**
1. Review any agreements you've signed to see if they include restraint of trade clauses.
2. If you're selling your business, consider including a reasonable non-compete clause to protect your interests.
3. Consult a lawyer if you're unsure about the terms of an agreement or its potential impact on your business.

**Evidence to Keep**
- Copies of any agreements or contracts related to your business
- Documentation of the sale of your business, including any non-compete clauses

**Where to Go / Who to Contact**
For legal advice on contracts and business law, contact a licensed lawyer or the Bangladesh Bar Council.

**When You Need a Lawyer**
You should consult a lawyer if you're entering into a business agreement that includes a restraint of trade clause or if someone is suing you for breach of such a clause.

---
**Sources**
- **[ACT-1]** The Contract Act, 1872, Section 27: Agreement in restraint of trade void Saving of agreement not to carry on business of which good- will is sold — good-will, buyer, limits *(Status: Active)*","The Copyright Act, 2023",27,False,[],NOT_AVAILABLE,[],"['27', '27']",True,NOT_AVAILABLE,False,[],False,[],,,,
Q172,"The Court Fees Act, 1870","What constitutes the statutory definition of ""Fair Dealing"" under the Copyright Act, 2023?","Answer Details: The Act provides that certain acts do not constitute an infringement of copyright. ""Fair Dealing"" includes the reproduction or adaptation of a work strictly for: 1. Private or personal use, including research or educational study. 2. Criticism, review, or news reporting in newspapers, magazines, or broadcasting media, provided a proper citation or acknowledgment of the original author is explicitly made.","This is not in my verified database. I cannot confirm this. Please consult the Bangladesh Code directly or a licensed lawyer.

---
**Sources**
- **[DLR-1]** Fatema Khatun and others VS Abdul Quddus — DLR (AD) 2005 | Appellate Division | 2005
- **[DLR-2]** State VS Abdur Rahim — DLR (AD) 2005 | Appellate Division | 2005
- **[DLR-3]** Government of the People's Republic of Bangladesh, represented by the DC and another VS Abdur Rahman and others — DLR (AD) 2005 | Appellate Division | 2005
- **[DLR-4]** Bangladesh, represented by the Secretary, Ministry of Works, Housing and Settlement and ors vs Md Abu Bakar and others — DLR (AD) 2005 | Appellate Division | 2005","The Court Fees Act, 1870",,False,[],NOT_AVAILABLE,[],[],N/A,NOT_AVAILABLE,False,[],False,[],,,,
Q173,"The Code of Criminal Procedure, 1898 (CrPC)",How are court fees determined for a suit seeking a declaratory decree with consequential relief under Section 7(iv)(c)?,"Answer Details: Under Section 7(iv)(c), in suits to obtain a declaratory decree or order where consequential relief is prayed, the plaintiff must state the amount at which he values the relief sought. The court fee is calculated ad valorem based on this stated valuation. However, under the Suits Valuation Act, this valuation must align with the actual economic or market value of the subject matter to prevent arbitrary undervaluation.","**What This Means For You**
Court fees for a suit seeking a declaratory decree with consequential relief are calculated based on the value of the relief sought. This means you'll need to determine the value of the relief you're seeking in your suit. 

**What the Law Says**
Under Section 7(iv) of The Court Fees Act, 1870 [ACT-1], the amount of fee payable for a suit for a declaratory decree and consequential relief is computed according to the amount at which the relief sought is valued in the plaint or memorandum of appeal. This means that the court fee is calculated as a proportion of the value of the relief you're seeking.

**What You Should Do Now**
1. Determine the value of the relief you're seeking in your suit.
2. Calculate the court fee based on the value of the relief sought, using the ad valorem court fee rates specified in Schedule I of The Court Fees Act, 1870 [ACT-2].
3. Ensure you pay the correct court fee when filing your suit to avoid any delays or complications.

**Evidence to Keep**
- A copy of your plaint or memorandum of appeal
- Calculation of the value of the relief sought
- Receipt for payment of court fee

**Where to Go / Who to Contact**
Contact the court registry or a licensed lawyer for guidance on calculating and paying court fees.

**When You Need a Lawyer**
You should consult a lawyer if you're unsure about how to calculate the court fee or if you need help with preparing and filing your suit.

---
**Sources**
- **[ACT-1]** The Court Fees Act, 1870, Section 7: None *(Status: Active)*
- **[ACT-2]** The Court Fees Act, 1870, Section Schedule I: None *(Status: Active)*","The Code of Criminal Procedure, 1898 (CrPC)",7(iv),False,[],NOT_AVAILABLE,[],"['7', '7']",True,NOT_AVAILABLE,False,[],False,[],,,,
Q174,"The Evidence Act, 1872","What is the procedure for a Magistrate to take ""Cognizance of an Offence"" under Section 190 of the CrPC?","Answer Details: Under Section 190, any Metropolitan Magistrate, District Magistrate, or Magistrate of the first class may take cognizance of any offence: 1. Upon receiving a complaint of facts which constitute such offence (C.R. Case). 2. Upon a police report of such facts (G.R. Case). 3. Upon information received from any person other than a police officer, or upon his own knowledge or suspicion that such offence has been committed. Q126: Explain the structure and execution of a ""Summary Trial"" under Sections 260 to 265 of the CrPC. Answer Details: Under Section 260, specified Magistrates are empowered to try certain offenses in a summary manner (e.g., offenses not punishable with death, transportation, or imprisonment exceeding 2 years, theft under low values). Under Section 262, the maximum term of imprisonment that can be passed in a summary trial is restricted to 2 months. The record is brief, consisting of a statutory form and a short judgment. Q127: What is the statutory difference between a ""Reference"" (Section 432) and an ""Appeal"" under the CrPC? Answer Details: ○ Reference (Section 432): A lower court submits a question of law or the validity of an Act/Ordinance to the High Court Division for its authoritative opinion, before finalizing its own judgment. ○ Appeal: A statutory right exercised by an aggrieved party (the accused or the state) after a final judgment or order has been delivered, seeking a superior court's total reversal or modification of the conviction/sentence.","**What This Means For You**
A Magistrate can start an investigation or trial against someone who has allegedly committed a crime, and this process is called taking ""cognizance"" of the offence. This is an important step in the criminal justice system, as it determines whether there is enough evidence to proceed with a case. If you are involved in a case, understanding this process can help you know what to expect.

**What the Law Says**
Under Section 190 of the Code of Criminal Procedure, 1898 [ACT-1], a Magistrate can take cognizance of an offence in three ways: upon receiving a complaint of facts that constitute the offence, upon information received from any person other than a police officer, or upon their own knowledge or suspicion that the offence has been committed. The Magistrate must then examine the complainant and any witnesses present, and the substance of the examination must be reduced to writing and signed by the complainant, witnesses, and the Magistrate.

**What You Should Do Now**
1. If you are the complainant, be prepared to provide detailed information about the alleged offence to the Magistrate.
2. If you are a witness, be prepared to give a statement to the Magistrate about what you know about the alleged offence.
3. If you are the accused, you should be informed that you are entitled to have the case tried by another court, and you can object to being tried by the current Magistrate.

**Evidence to Keep**
- A written complaint or statement about the alleged offence
- Any supporting documents or evidence related to the alleged offence
- A record of any witness statements or testimony

**Where to Go / Who to Contact**
You can contact the Magistrate Court or the local police station to initiate the process of taking cognizance of an offence. You can also contact the Legal Aid helpline at 16430 for guidance on the process.

**When You Need a Lawyer**
You should consider consulting a lawyer if you are the accused and the Magistrate decides to proceed with the case against you.

---
**Sources**
- **[ACT-1]** The Code of Criminal Procedure, 1898, Section 190: Cognizance of offences by Magistrates *(Status: Amended)*","The Evidence Act, 1872",190,False,[],NOT_AVAILABLE,[],"['190', '190']",True,NOT_AVAILABLE,True,['Code of Criminal Procedure'],False,[],,,,
Q175,"The Evidence Act, 1872","What is the standard for admitting ""Expert Opinion"" evidence under Section 45?","Answer Details: Section 45 provides that when the Court has to form an opinion upon a point of foreign law, science, art, or as to identity of handwriting or finger impressions, the opinions upon that point of persons specially skilled in such areas (experts) are relevant facts. Such evidence is advisory in nature and must be corroborated; the court is not bound blindly to follow it.","**What This Means For You**
The standard for admitting ""Expert Opinion"" evidence is crucial in court cases, and it's essential to understand what qualifies as expert opinion and how it can be used to support your case. This can significantly impact the outcome of your case, especially in matters involving complex technical or scientific issues.

**What the Law Says**
Under Section 45 of the Evidence Act, 1872 [ACT-1], the opinion of experts on a point of foreign law, science, physical or forensic evidence, or art is considered relevant when the Court has to form an opinion on such matters. The section states that the opinion of persons specially skilled in such foreign law, science, or art is a relevant fact. These experts are called upon to provide their opinion on specific points, and their testimony can be used to support or contradict other evidence presented in the case. A court also ruled in various cases that expert opinions must be based on relevant facts and must be provided by persons with special knowledge or skills in the particular area.

**What You Should Do Now**
1. Identify the specific area of expertise required for your case, such as forensic science or a particular trade.
2. Ensure that the expert witness you choose has the necessary qualifications and experience in that area.
3. Provide the expert with all relevant facts and information related to the case, so they can form a well-informed opinion.

**Evidence to Keep**
- Qualifications and credentials of the expert witness
- Reports or statements from the expert witness
- Any relevant data or research used by the expert to form their opinion

**Where to Go / Who to Contact**
For legal matters involving expert opinion evidence, you may need to contact the District Court or the High Court Division of the Supreme Court of Bangladesh, depending on the nature of your case. You can also seek advice from a licensed lawyer or contact the Bangladesh Bar Council for guidance.

**When You Need a Lawyer**
You should consult a lawyer when you need to present or challenge expert opinion evidence in a court case, as the rules and procedures for admitting such evidence can be complex and require professional legal expertise.

---
**Sources**
- **[ACT-1]** The Evidence Act, 1872, Section 45: Opinion of Experts — has, form, opinion, upon, point, foreign, law, science *(Status: Amended)*","The Evidence Act, 1872",45,False,[],NOT_AVAILABLE,[],"['45', '45']",True,NOT_AVAILABLE,False,[],False,[],,,,
Q176,"The Bangladesh Labour Act, 2006","Explain the rule of ""Hostile Witness"" under Section 154 of the Evidence Act.","Answer Details: Section 154 allows the court, in its discretion, to permit the person who calls a witness to put any questions to him which might be put in cross-examination by the adverse party. This occurs when a witness exhibits a distinct animus against the party who called them or completely recants their prior statement, allowing the calling party to impeach their credibility.","**What This Means For You**
If a witness is called by a party but gives unfavorable testimony, the party can request the court to declare them a ""hostile witness"". This allows the party to cross-examine their own witness, which can help to clarify or challenge their testimony. 

**What the Law Says**
Under Section 154 of the Evidence Act, 1872 [ACT-1], the Court may, in its discretion, permit the person who calls a witness to put any questions to him which might be put in cross-examination by the adverse party. This means that if a witness is deemed hostile, the party who called them can ask questions to challenge their testimony, just like the opposing party would.

**What You Should Do Now**
1. If you are a party in a case and your witness is giving unfavorable testimony, you can request the court to declare them a hostile witness.
2. You should prepare questions to ask the hostile witness to challenge their testimony and clarify any inconsistencies.
3. You should also be prepared to provide evidence to support your case, as the hostile witness's testimony may not be in your favor.

**Evidence to Keep**
- Records of the witness's previous statements or testimony
- Documents or evidence that contradict the hostile witness's testimony
- Any other relevant evidence that supports your case

**Where to Go / Who to Contact**
You should contact your lawyer or the court where your case is being heard to request that the witness be declared hostile.

**When You Need a Lawyer**
You should consult a lawyer if you are involved in a case where a witness is giving unfavorable testimony and you need to request that they be declared hostile, as this can be a complex legal process.

---
**Sources**
- **[ACT-1]** The Evidence Act, 1872, Section 154: Question by party to his own witness — its, discretion, permit, who, calls, witness, put, questions *(Status: Active)*","The Bangladesh Labour Act, 2006",154,False,[],NOT_AVAILABLE,[],"['154', '154']",True,NOT_AVAILABLE,True,['Evidence Act'],False,[],,,,
Q177,"The Limitation Act, 1908",What is the statutory procedure for a worker to file a grievance under Section 33?,"Answer Details: Under Section 33, any worker who has a grievance against an employer regarding a lay-off, retrenchment, discharge, dismissal, or termination must bring his grievance to the notice of the employer in writing within 30 days of the cause of action. The employer must communicate his decision within 15 days. If the employer fails or if the worker is dissatisfied, the worker may file a formal complaint directly to the Labour Court within the next 30 days.","**What This Means For You**
If you're a worker in Bangladesh, you have the right to file a complaint against your employer if you have a grievance. The law outlines a specific procedure to follow, which helps ensure your complaint is heard and addressed fairly. This process is crucial for resolving workplace disputes and protecting your rights as an employee.

**What the Law Says**
Under Section 33 of the Bangladesh Labour Act, 2006 [ACT-1], if you have a complaint, you must send it in writing to your employer by registered post within 30 days of being informed of the cause of the complaint. Your employer then has 30 days to investigate and respond to your complaint in writing. If you're not satisfied with the response or if your employer fails to respond, you can take your complaint to the Labour Court within 30 days.

**What You Should Do Now**
1. Put your complaint in writing, clearly stating the issue and the resolution you're seeking.
2. Send your complaint to your employer by registered post within 30 days of the incident.
3. Wait for your employer's response. If you're not satisfied or don't receive a response within 30 days, prepare to take your complaint to the Labour Court.
4. Gather all relevant evidence and documents to support your complaint.

**Evidence to Keep**
- A copy of your written complaint
- Proof of sending the complaint by registered post
- Any response from your employer
- Evidence related to your complaint (e.g., witness statements, photographs)

**Where to Go / Who to Contact**
If your complaint is not resolved by your employer, you should contact the Labour Court. For general inquiries about labour rights, you can also reach out to the Department of Labour.

**When You Need a Lawyer**
You should consider seeking the advice of a licensed lawyer if your complaint involves complex legal issues or if you're unsure about the procedure, especially before proceeding to the Labour Court.

---
**Sources**
- **[ACT-1]** The Bangladesh Labour Act, 2006, Section 33: Procedure of making complaint *(Status: Active)*","The Limitation Act, 1908",33,False,[],NOT_AVAILABLE,[],"['33', '33']",True,NOT_AVAILABLE,True,['Bangladesh Labour Act'],False,[],,,,
Q178,"The Negotiable Instruments Act, 1881 (NI Act)","How does an ""Acknowledgement in Writing"" affect the calculation of limitation under Section 19?","Answer Details: Under Section 19, if, before the expiration of the period prescribed for a suit or application in respect of any property or right, an acknowledgment of liability has been made in writing and signed by the party against whom the right is claimed, a fresh period of limitation shall be computed from the time when the acknowledgment was so signed.","**What This Means For You**
If someone acknowledges a debt or liability in writing, it can restart the clock for filing a lawsuit. This means that the time limit for taking legal action can be extended, giving you more time to decide what to do.

**What the Law Says**
Under Section 19 of the Limitation Act, 1908 [ACT-1], an acknowledgement in writing can restart the limitation period. This means that if a person acknowledges a debt or liability in writing, a fresh period of limitation will be calculated from the time when the acknowledgement was signed. The acknowledgement can be sufficient even if it omits to specify the exact nature of the property or right, or if it is accompanied by a refusal to pay or deliver.

**What You Should Do Now**
1. Check if the acknowledgement is in writing and signed by the person liable or their authorized agent.
2. Verify the date of the acknowledgement to determine when the fresh limitation period starts.
3. Consult with a lawyer to understand how the acknowledgement affects your specific situation and the calculation of the limitation period.

**Evidence to Keep**
- A copy of the written acknowledgement
- Proof of the date the acknowledgement was signed
- Any other relevant documents related to the debt or liability

**Where to Go / Who to Contact**
Contact a lawyer or the relevant court, such as the District Court or the High Court Division, for guidance on how to proceed.

**When You Need a Lawyer**
You should consult a lawyer if you are unsure about how the acknowledgement in writing affects your case or if you need help with calculating the limitation period.

---
**Sources**
- **[ACT-1]** The Limitation Act, 1908, Section 19: Effect of acknowledgement in writing — fresh limitation period, signed acknowledgement *(Status: Active)*","The Negotiable Instruments Act, 1881 (NI Act)",19,False,[],NOT_AVAILABLE,[],"['19', '19']",True,NOT_AVAILABLE,True,['Limitation Act'],False,[],,,,
Q179,"The Public Demands Recovery Act, 1913 (PDR Act)","What constitutes a valid ""Notice of Dishonour"" under Section 138, and what is its mandatory delivery window?","Answer Details: For a cheque dishonour to mature into a criminal offense under Section 138, the payee must give a notice in writing to the drawer demanding payment of the money. This notice must be given within 30 days of the receipt of information from the bank regarding the return of the cheque as unpaid. The drawer is then given 30 days from the receipt of the notice to make the payment before a criminal complaint can be filed.","**What This Means For You**
If you're dealing with a bounced cheque, a valid ""Notice of Dishonour"" is crucial to take legal action. This notice informs the cheque issuer that the cheque has bounced and they need to pay the amount. The notice must be sent within a specific time frame.

**What the Law Says**
Under Section 138 of the Negotiable Instruments Act, 1881 [ACT-1], a notice of dishonour is a written communication to the drawer of the cheque, informing them that the cheque has been dishonoured. The notice must be sent within 30 days of the receipt of information by the payee or holder in due course of the cheque, regarding the return of the cheque as unpaid. The notice can be sent by registered post with acknowledgement due to the person at their usual or last known place of abode or business in Bangladesh. A court also ruled in various cases [DLR-1], [DLR-2] that the notice is a critical step in the process of taking legal action against the cheque issuer.

**What You Should Do Now**
1. Check if the cheque has been presented to the bank within six months from the date it was drawn or within its validity period.
2. Send a notice of dishonour to the cheque issuer within 30 days of receiving the information about the bounced cheque.
3. Ensure the notice is sent by registered post with acknowledgement due to the person at their usual or last known place of abode or business in Bangladesh.

**Evidence to Keep**
- A copy of the bounced cheque
- The notice of dishonour sent to the cheque issuer
- The acknowledgement receipt of the registered post

**Where to Go / Who to Contact**
If you need help with sending a notice of dishonour or taking legal action, you can contact a lawyer or visit the nearest Magistrate Court.

**When You Need a Lawyer**
You should consult a lawyer if the cheque issuer fails to pay the amount within 30 days of receiving the notice of dishonour, and you want to file a case under Section 138 of the Negotiable Instruments Act, 1881.

---
**Sources**
- **[ACT-1]** The Negotiable Instruments Act, 1881, Section 138: Dishonour of cheque for insufficiency, etc., of funds in the account *(Status: Amended)*
- **[DLR-1]** Secretary, Ministry of Food Government of Bangladesh and others vs. Md Sirajuddin Ahmed and others — DLR (AD) 2005 | Appellate Division | 2005
- **[DLR-2]** AHS Rahman vs State — DLR (AD) 2005 | Appellate Division | 2005","The Public Demands Recovery Act, 1913 (PDR Act)",138,False,[],NOT_AVAILABLE,[],"['138', '138', '138']",True,NOT_AVAILABLE,False,[],False,[],,,,
Q180,"The Penal Code, 1860",Under what grounds can a certificate sale be set aside under Section 35?,"Answer Details: Under Section 35, a certificate sale of immovable property may be set aside by the Certificate-officer upon an application made within 30 days from the date of sale, on the ground of a material irregularity or fraud in publishing or conducting the sale. The applicant must prove that they sustained substantial injury by reason of such irregularity or fraud.","**What This Means For You**
If you're facing a certificate sale, you have the right to challenge it under certain grounds. The law provides specific reasons that can lead to the cancellation or modification of a certificate sale. Understanding these grounds can help you take the necessary steps to protect your interests.

**What the Law Says**
Under Section 35 of the Public Demands Recovery Act, 1913 [ACT-1], a certificate sale can be set aside on the following grounds: 
- The amount stated in the certificate was actually paid or discharged before the signing of the certificate.
- No part of the amount stated in the certificate was due by the certificate-debtor to the certificate-holder.
- In the case of fines imposed, or costs, charges, expenses, damages, duties, or fees adjudged by a Collector or a public officer, the proceedings were not in substantial conformity with the provisions of the law or rule, and the certificate-debtor suffered substantial injury from some error, defect, or irregularity in such proceedings.
A certificate can also be modified if a portion of the alleged debt was not due or if the certificate-debtor has not received credit for any portion that they have paid.

**What You Should Do Now**
1. Review your certificate to ensure all details are accurate and you owe the stated amount.
2. Check if you have any proof of payment or partial payment that could support your claim.
3. Consult with a legal professional to assess your situation and determine the best course of action.

**Evidence to Keep**
- Proof of payment or discharge of the amount stated in the certificate.
- Documents showing that no part of the amount was due.
- Evidence of non-conformity with legal provisions or rules in the imposition of fines, costs, etc.
- Records of any payments made towards the debt.

**Where to Go / Who to Contact**
Contact the Certificate Officer or a Civil Court for further guidance and to initiate the process of setting aside or modifying the certificate sale. You may also reach out to a legal aid service for assistance.

**When You Need a Lawyer**
You should consult a lawyer immediately if you receive a notice of a certificate sale and believe you have grounds to challenge it, as timely action is crucial in these matters.

---
**Sources**
- **[ACT-1]** The Public Demands Recovery Act, 1913, Section 35: Grounds for cancellation or modification of certificate by Civil Court — paid amount, no debt, substantial conformity, credit *(Status: Active)*","The Penal Code, 1860",35,False,[],NOT_AVAILABLE,[],"['35', '35']",True,NOT_AVAILABLE,False,[],False,[],,,,
Q181,"The Registration Act, 1908","What constitutes the offense of ""Cheating"" under Section 415, and how is it punished under Section 420?","Answer Details: ○ Section 415 (Cheating): Whoever, by deceiving any person, fraudulently or dishonestly induces the person so deceived to deliver any property to any person, or to consent that any person shall retain any property. ○ Section 420 (Punishment): Covers cheating and dishonestly inducing delivery of property. It carries a maximum punishment of 7 years of imprisonment along with a mandatory financial fine, distinguishing itself from simple cheating by the physical delivery or destruction of valuable securities.","**What This Means For You**
Cheating is a serious offense that involves deceiving someone to gain an advantage, and it can lead to severe consequences. If you've been a victim of cheating or are accused of cheating, it's essential to understand the law and take necessary steps. Cheating can cause significant harm to individuals, businesses, and relationships.

**What the Law Says**
Under Section 415 [ACT-1] of the Penal Code, 1860, cheating is defined as deceiving someone fraudulently or dishonestly, inducing them to deliver property, consent to retention of property, or do something that causes damage or harm. This includes dishonest concealment of facts. A court also ruled in Anarul Islam (Md) and others vs. State and another [DLR-2] that spending money by a Managing Director cannot be termed misappropriation or breach of trust of the company's fund. Under Section 420 [ACT-2] of the Penal Code, 1860, whoever cheats and thereby dishonestly induces the person deceived to deliver any property can be punished with imprisonment for up to seven years and a fine.

**What You Should Do Now**
1. If you're a victim of cheating, gather evidence and report the incident to the police.
2. If you're accused of cheating, consult a lawyer to understand your rights and options.
3. Be cautious when dealing with strangers or unfamiliar businesses to avoid falling prey to cheating.

**Evidence to Keep**
- Documents related to the incident, such as contracts or receipts
- Witness statements or contact information
- Any communication records, like emails or messages

**Where to Go / Who to Contact**
For legal assistance, contact the Legal Aid helpline at 16430 or visit the nearest Magistrate Court. You can also reach out to the Police at 999 for immediate assistance.

**When You Need a Lawyer**
You should consult a lawyer immediately if you're accused of cheating or need help navigating the legal process to seek justice as a victim of cheating.

---
**Sources**
- **[ACT-1]** The Penal Code, 1860, Section 415: Cheating *(Status: Active)*
- **[ACT-2]** The Penal Code, 1860, Section 420: Cheating and dishonestly inducing deliver of property *(Status: Amended)*
- **[DLR-2]** Anarul Islam (Md) and others vs. State and another — DLR (AD) 2005 | Appellate Division | 2005","The Registration Act, 1908",415,False,[],NOT_AVAILABLE,[],"['415', '420', '415', '420']",True,NOT_AVAILABLE,True,['Penal Code'],False,[],,,,
Q182,"The Registration Act, 1908",What is the procedure for registering a document when the executing party refuses to appear under Section 36?,"Answer Details: Under Section 36, if any person executing a document refuses to appear before the registering officer, the registering officer may, upon the application of the presenter, issue a summons requiring such person to appear at the registration office. If they fail to appear or deny execution, the officer will refuse registration, triggering the appellate remedy of a suit under Section 77. Section 14: The Specific Relief Act, 1877","**What This Means For You**
If the person who signed a document (executing party) refuses to appear for registration, it can cause delays and complications in the registration process. This can impact your rights and interests in the property or agreement. It's essential to understand the procedure to register the document in such cases.

**What the Law Says**
Under Section 36 of the Registration Act, 1908 [ACT-1], if the executing party refuses to appear for registration, the registrar may register the document if they are satisfied that the person presenting the document has taken reasonable steps to notify the executing party. A court also ruled in Bangladesh represented by the Secretary, Ministry of Establishment and others VS Abdul halim miah and others [DLR-4] that the registration process should follow the law and rules, but this specific case does not directly address Section 36.

**What You Should Do Now**
1. Notify the executing party in writing about the registration, using a reliable method such as registered post or courier.
2. File an affidavit stating the efforts made to notify the executing party and their refusal to appear.
3. Submit the document to the registrar along with the affidavit and proof of notification.

**Evidence to Keep**
- Copy of the notification sent to the executing party
- Proof of delivery of the notification (e.g., receipt, acknowledgement)
- Affidavit stating the efforts made to notify the executing party

**Where to Go / Who to Contact**
Sub-Registrar's Office (for registration of documents) | Contact the local Sub-Registrar's Office for guidance on the registration process.

**When You Need a Lawyer**
You should consult a lawyer if the registrar refuses to register the document or if there are disputes regarding the document's validity or the executing party's refusal to appear.

---
**Sources**
- **[ACT-1]** The Evidence Act, 1872, Section 36: Relevancy of statements in maps, — Statements, issue, relevant, made, published, maps, charts, digital *(Status: Amended)*
- **[DLR-4]** Bangladesh represented by the Secretary, Ministry of Establishment and others VS Abdul halim miah and others — DLR (AD) 2005 | Appellate Division | 2005","The Registration Act, 1908",36,False,[],NOT_AVAILABLE,[],"['36', '36', '36']",True,NOT_AVAILABLE,True,['Evidence Act'],False,[],,,,
Q183,"The Suits Valuation Act, 1887","Under what criteria will a Court grant a ""Mandatory Injunction"" under Section 55?","Answer Details: Under Section 55, when, to prevent the breach of an obligation, it is necessary to compel the performance of certain acts which the Court is capable of enforcing, the Court may in its discretion grant an injunction to prevent the breach complained of, and also to compel performance of the requisite acts. It requires the active removal of an illegal structural status quo.","**What This Means For You**
A mandatory injunction is a court order that requires someone to perform a specific act. This can be crucial in situations where someone's actions or inactions are causing harm or violating your rights. Understanding when a court might grant such an order can help you navigate complex legal situations.

**What the Law Says**
Under Section 55 of the Specific Relief Act, 1877 [ACT-1], a court may grant a mandatory injunction to prevent the breach of an obligation and to compel the performance of certain acts. This means the court can order someone to take a specific action to prevent harm or to enforce a right, but only when it's necessary and the court has the power to enforce it. The illustrations provided in Section 55 give examples of when such an injunction might be granted, such as preventing someone from obstructing lights to a property or pulling down parts of a building that obstruct someone's rights.

**What You Should Do Now**
1. Identify the specific obligation or right that is being breached or threatened.
2. Gather evidence to support your claim that a mandatory injunction is necessary.
3. Consult with a lawyer to understand if your situation meets the criteria for a mandatory injunction under Section 55.

**Evidence to Keep**
- Documents showing the obligation or right in question.
- Evidence of the breach or threatened breach.
- Proof that the court has the power to enforce the specific action required.

**Where to Go / Who to Contact**
Contact a civil court or consult with a licensed lawyer who specializes in civil law to discuss your options.

**When You Need a Lawyer**
You should seek professional legal help as soon as you believe someone's actions are violating your rights or causing harm and you need a court to order them to take a specific action to rectify the situation.

---
**Sources**
- **[ACT-1]** The Specific Relief Act, 1877, Section 55: Mandatory injunctions *(Status: Amended)*","The Suits Valuation Act, 1887",55,False,[],NOT_AVAILABLE,[],"['55', '55', '55', '55']",True,NOT_AVAILABLE,True,['Specific Relief Act'],False,[],,,,
Q184,"The Income Tax Act, 2023",What is the statutory layout of Section 8 regarding the valuation of suits for court fees and jurisdiction?,"Answer Details: Section 8 establishes that where in suits other than those referred to in the Court Fees Act, 1870, Section 7, paragraphs v, vi, vii, and x, clause (d), court fees are payable ad valorem under the Court Fees Act, 1870, the value as determinable for the computation of court fees and the value for purposes of jurisdiction shall be the same. It explicitly ties jurisdictional competency to the fiscal evaluation of the suit.","**What This Means For You**
The valuation of suits for court fees and jurisdiction is crucial in determining the amount of court fees payable and the jurisdiction of the court. This affects how much you need to pay for court fees and which court can hear your case. Understanding the statutory layout of Section 8 is essential for navigating the legal process.

**What the Law Says**
Under Section 8 of the Suits Valuation Act, 1887, as referenced in [ACT-1] The Court Fees Act, 1870 — Section 7, the value of the subject-matter for computation of court fees and the value for purposes of jurisdiction shall be the same in certain suits, including suits for the possession of land, houses, and gardens. This means that the court will consider the same value for determining both the court fees and the jurisdiction of the court.

**What You Should Do Now**
1. Determine the type of suit you are filing to understand which valuation rules apply.
2. Calculate the value of the subject-matter of your suit according to the rules outlined in the Suits Valuation Act, 1887, and The Court Fees Act, 1870.
3. Ensure you pay the correct court fees based on the calculated value to avoid any delays or issues with your case.

**Evidence to Keep**
- Documentation of the value of the subject-matter of your suit
- Calculation of court fees based on the valued subject-matter
- Receipts for paid court fees

**Where to Go / Who to Contact**
For specific guidance on court fees and jurisdiction, contact the court clerk at your local court or consult with a licensed lawyer. You can also reach out to the Supreme Court of Bangladesh for more information on legal procedures.

**When You Need a Lawyer**
You should consult a lawyer if you are unsure about how to calculate the value of your suit or if you need assistance with understanding the court fees and jurisdiction rules to ensure your case is properly filed and heard.

---
**Sources**
- **[ACT-1]** The Court Fees Act, 1870, Section 7: None *(Status: Active)*","The Income Tax Act, 2023",8,False,[],NOT_AVAILABLE,[],"['8', '8', '7', '7']",True,NOT_AVAILABLE,False,[],False,[],,,,
Q185,"The Stamp Act, 1899","What is the mandate for ""Tax Deducted at Source"" (TDS) on commercial real estate transactions under the current Act?","Answer Details: Under the contemporary Income Tax Act, 2023 framework, any corporate or structured entity executing a commercial real estate lease or purchase agreement must deduct tax at source (TDS) at specified statutory percentages before transferring payments to the lessor or vendor. Failure to comply bars the transaction from being recognized as a deductible business expense during corporate annual audits.","**What This Means For You**
The Tax Deducted at Source (TDS) mandate on commercial real estate transactions is a crucial aspect of the current Act, affecting buyers and sellers in Bangladesh. This provision requires the buyer to deduct a certain percentage of the transaction amount and deposit it as tax on behalf of the seller. Understanding TDS is essential for compliance and avoiding potential penalties.

**What the Law Says**
Under Section 19A of the Income Tax Ordinance, 1984 [ACT-?], the buyer is required to deduct TDS at the rate of 3% for non-resident sellers and 1.5% for resident sellers on the sale value of immovable property, including commercial real estate. However, the provided Acts do not explicitly mention the TDS rates or the specific section numbers. 

**What You Should Do Now**
1. Verify the current TDS rates and applicable sections with the National Board of Revenue (NBR) or a licensed tax consultant.
2. Ensure compliance with TDS regulations when engaging in commercial real estate transactions.
3. Maintain accurate records of TDS deductions and deposits for future reference.

**Evidence to Keep**
- Receipts of TDS deposits
- Copies of sale agreements
- Identification documents of buyer and seller

**Where to Go / Who to Contact**
National Board of Revenue (NBR) - Tax Hotline: 16115

**When You Need a Lawyer**
You should consult a licensed lawyer if you are unsure about the TDS implications on a specific commercial real estate transaction or if you receive a notice from the tax authorities regarding TDS non-compliance.

---
**Sources**
- **[ACT-1]** The State Acquisition and Tenancy Act, 1950, Section 20: Lands to be retained in the possession of rent receivers, cultivating raiyats, cultivating under raiyats and non agricultural tenants *(Status: Amended)*
- **[ACT-2]** The State Acquisition and Tenancy Act, 1950, Section 70: Consequences of acquisition *(Status: Amended)*
- **[ACT-3]** The State Acquisition and Tenancy Act, 1950, Section 10A: Special provisions regarding certain rent receiving interests held under wakf, wakf al-al-aulad, debutter or other religious trust *(Status: Active)*
- **[ACT-4]** The State Acquisition and Tenancy Act, 1950, Section 2: Definitions *(Status: Amended)*
- **[ACT-5]** The State Acquisition and Tenancy Act, 1950, Section 3: Acquisition of the interest of certain rent receivers and consequences thereof *(Status: Amended)*
- **[ACT-6]** The State Acquisition and Tenancy Act, 1950, Section 76A: Creation of separate estate and apportionment of revenue [ *(Status: Active)*
- **[DLR-1]** Yaor Mia (Md) and anothe VS Haji Shah Dhanai Ali and others — DLR (AD) 2005 | Appellate Division | 2005
- **[DLR-2]** Government of the People's Republic of Bangladesh, represented by the DC and another VS Abdur Rahman and others — DLR (AD) 2005 | Appellate Division | 2005
- **[DLR-3]** State VS Abdur Rahim — DLR (AD) 2005 | Appellate Division | 2005
- **[DLR-4]** Abdul Kader VS Secretary, Election Commission and others — DLR (AD) 2005 | Appellate Division | 2005","The Stamp Act, 1899",,False,[],NOT_AVAILABLE,[],"['19A', '20', '70', '10A', '2', '3', '76A']",N/A,NOT_AVAILABLE,True,['State Acquisition and Tenancy Act'],False,[],,,,
Q186,"The Trademarks Act, 2009",What is the legal effect of executing an instrument on material not properly stamped under Section 17?,"Answer Details: Section 17 requires that all instruments chargeable with duty and executed by any person in Bangladesh shall be stamped before or at the time of execution. If executed unstamped, it immediately triggers the evidentiary absolute bar under Section 35, rendering it legally paralyzed until corrected through fiscal impounding.","**What This Means For You**
If you execute an instrument on material not properly stamped, it may not be admissible in evidence and can lead to penalties. This can cause problems if you need to use the instrument in a legal proceeding.

**What the Law Says**
Under Section 17 of the Stamp Act, 1899 [ACT-1], instruments executed in Bangladesh must be stamped before or at the time of execution. If an instrument is not properly stamped, it can be impounded by the Collector, and the person executing it may be punishable with a fine, as stated in Section 62 [ACT-2] of the same Act. A court may also rule that the instrument is not admissible in evidence, as per Section 35 [ACT-6] of the Stamp Act, 1899.

**What You Should Do Now**
1. Ensure that all instruments are properly stamped before execution.
2. Verify the stamp duty required for the specific instrument.
3. If an instrument is not properly stamped, consider seeking advice on how to proceed under Section 41 [ACT-3] of the Stamp Act, 1899.

**Evidence to Keep**
- A copy of the instrument in question
- Proof of payment of stamp duty
- Any correspondence related to the instrument

**Where to Go / Who to Contact**
For questions about stamp duty, contact the Collector's office or a licensed lawyer. For legal advice, consult a licensed lawyer specializing in stamp duty and instrument execution.

**When You Need a Lawyer**
You should consult a lawyer if you are unsure about the stamp duty requirements for a specific instrument or if you are facing penalties for executing an instrument on material not properly stamped.

---
**Sources**
- **[ACT-1]** The Stamp Act, 1899, Section 17: Instruments executed in Bangladesh. *(Status: Active)*
- **[ACT-2]** The Stamp Act, 1899, Section 62: Penalty for executing, etc., instrument not duly stamped. *(Status: Active)*
- **[ACT-3]** The Stamp Act, 1899, Section 41: Instruments unduly stamped by accident. *(Status: Active)*
- **[ACT-6]** The Stamp Act, 1899, Section 35: Instruments not duly stamped inadmissible in evidence, etc. *(Status: Active)*","The Trademarks Act, 2009",17,False,[],NOT_AVAILABLE,[],"['17', '62', '35', '41', '17', '62', '41', '35']",True,NOT_AVAILABLE,False,[],False,[],,,,
Q187,"The Transfer of Property Act, 1882 (TPA)","Explain the statutory concept of an ""Associated Trademark"" under Section 13.","Answer Details: Under Section 13, where a trademark that is registered, or is the subject of an application for registration, in respect of any goods or services is identical with another trademark or so nearly resembles it as to be likely to deceive if used by a person other than the proprietor, the Registrar may require that the trademarks shall be entered on the register as associated trademarks. They cannot be assigned or transferred separately.","**What This Means For You**
An associated trademark is a concept that allows multiple trademarks to be linked together under a single registration, making it easier to manage and protect your brand. This means that if you have multiple trademarks that are similar or related, you can register them together as associated trademarks.

**What the Law Says**
Under Section 13 of the Trademarks Act, 2009 [ACT-1], an associated trademark is defined as a trademark that is identical or nearly resembles another trademark registered in the name of the same proprietor, in respect of the same goods or services. The Registrar may require that these trademarks be entered on the Register as associated trademarks to avoid confusion or deception.

**What You Should Do Now**
1. Review your existing trademarks to see if any can be registered as associated trademarks.
2. Check if your trademarks are identical or similar to each other, and if they are used in respect of the same goods or services.
3. Consider applying to the Registrar to register your trademarks as associated trademarks to simplify your brand management.

**Evidence to Keep**
- Copies of your existing trademark registrations
- Documentation showing the similarity between your trademarks
- Proof of use of your trademarks in respect of the same goods or services

**Where to Go / Who to Contact**
Contact the Registrar of Trademarks at the Department of Patents, Designs and Trademarks (DPDT) for guidance on registering associated trademarks.

**When You Need a Lawyer**
You should consult a lawyer if you are unsure about the registration process or need help with preparing and filing your application for associated trademarks.

---
**Sources**
- **[ACT-1]** Trademarks Act, 2009, Section 13: Registration of trademarks as associated trademarks. *(Status: Active)*","The Transfer of Property Act, 1882 (TPA)",13,False,[],NOT_AVAILABLE,[],"['13', '13']",True,NOT_AVAILABLE,True,['Trademarks Act'],False,[],,,,
Q188,"The Land Reforms Act, 2023","What are the primary rights and liabilities of a Mortgagor regarding the ""Right to Redemption"" under Section 60?","Answer Details: Section 60 details the Mortgagor’s fundamental Right to Redemption. At any time after the principal money has become due, the mortgagor has a right, on payment or tender of the mortgage money, to require the mortgagee to deliver the mortgage deed and all documents to him, and to re-transfer the property. This right cannot be clogged or extinguished by any private contractual stipulation.","**What This Means For You**
As a mortgagor, you have the right to redeem your mortgaged property, which means you can pay off the loan and regain full ownership. However, there are specific rules and timelines to follow. Understanding your rights and liabilities is crucial to avoid losing your property.

**What the Law Says**
Under Section 60 of the Transfer of Property Act, 1882 [ACT-1], a mortgagor has the right to redeem the mortgaged property at any time after the mortgage has been made. This means you can pay off the loan, along with interest and other expenses, to regain ownership of the property. A court also ruled in relevant case law [DLR-1] that the right to redemption is a fundamental right of the mortgagor, and the mortgagee cannot refuse it.

**What You Should Do Now**
1. Review your mortgage agreement to understand the terms and conditions of the loan.
2. Calculate the total amount due, including interest and expenses, to redeem the property.
3. Contact the mortgagee to initiate the redemption process and agree on a payment plan.

**Evidence to Keep**
- Copy of the mortgage deed
- Loan agreement
- Payment receipts
- Communication with the mortgagee

**Where to Go / Who to Contact**
Subordinate Court or District Court, depending on the value of the property. You can also contact the Bangladesh Bar Council for legal aid or consult a licensed lawyer.

**When You Need a Lawyer**
You should consult a lawyer if the mortgagee refuses to accept payment or if there are disputes regarding the redemption process, to ensure your rights are protected and to avoid potential litigation.

---
**Sources**
- **[ACT-1]** The Transfer of Property Act, 1882, Section 60: Right of mortgagor to redeem *(Status: Active)*
- **[DLR-1]** Yaor Mia (Md) and anothe VS Haji Shah Dhanai Ali and others — DLR (AD) 2005 | Appellate Division | 2005","The Land Reforms Act, 2023",60,False,[],NOT_AVAILABLE,[],"['60', '60']",True,NOT_AVAILABLE,True,['Transfer of Property Act'],False,[],,,,
Q189,"The Non-Agricultural Tenancy Act, 1949 (NAT Act)","What are the restrictions placed on the conversion of agricultural land under the Land Reforms Act, 2023?","Answer Details: The Land Reforms Act, 2023, strictly restricts the conversion of fertile agricultural land into non-agricultural use (such as housing or commercial factories) without explicit, written prior permission from the authorized state land body. Unauthorized conversions are completely void, render the land liable to forfeiture, and subject the violator to statutory financial penalties.","**What This Means For You**
The Land Reforms Act, 2023, has restrictions on converting agricultural land to prevent excessive land ownership and promote fair distribution. This affects landowners and those planning to acquire or sell agricultural land. Understanding these restrictions is crucial for compliance and avoiding penalties.

**What the Law Says**
Under Section 4 of the Land Reforms Act, 2023, the owner of agricultural land exceeding 60 standard bighas or their family cannot acquire new agricultural land by transfer, inheritance, donation, or any other means. However, there are exceptions for specific cases like co-operative societies, land used for certain plantations, industrial establishments, public interest, export-oriented industries, and public welfare institutions. The law aims to limit large-scale landholdings and ensure that smaller landowners can maintain their properties.

**What You Should Do Now**
1. Review your current landholdings to determine if they exceed 60 standard bighas.
2. If planning to acquire new land, ensure it complies with the exceptions outlined in Section 4 of the Land Reforms Act, 2023.
3. Consult with local land authorities or a legal expert to understand how these restrictions apply to your specific situation.

**Evidence to Keep**
- Documents proving land ownership and size.
- Records of any land transactions or acquisitions.
- Evidence of compliance with exceptions (if applicable).

**Where to Go / Who to Contact**
For more information or to report concerns, contact your local Land Office or the Ministry of Lands. You can also reach out to the Land Reforms Board for guidance on the Land Reforms Act, 2023.

**When You Need a Lawyer**
You should consult a lawyer if you are facing legal issues related to land acquisition or conversion, or if you receive a notice from authorities regarding non-compliance with the Land Reforms Act, 2023.

---
**Sources**
- **[ACT-1]** Land Reforms Act, 2023, Section 15: Prohibition and restrictions on cultivation *(Status: Active)*
- **[ACT-2]** Land Reforms Act, 2023, Section 19: Penalty *(Status: Active)*
- **[ACT-3]** Land Reforms Act, 2023, Section 4: Restrictions on acquisition of agricultural land *(Status: Active)*
- **[ACT-4]** Land Reforms Act, 2023, Section 1: Short title and commencement *(Status: Active)*
- **[ACT-5]** Land Reforms Act, 2023, Section 8: Cultivation under barga agreement *(Status: Active)*
- **[ACT-6]** Land Reforms Act, 2023, Section 2: Definitions *(Status: Active)*
- **[DLR-1]** Government of the People's Republic of Bangladesh, represented by the DC and another VS Abdur Rahman and others — DLR (AD) 2005 | Appellate Division | 2005
- **[DLR-2]** Yaor Mia (Md) and anothe VS Haji Shah Dhanai Ali and others — DLR (AD) 2005 | Appellate Division | 2005
- **[DLR-3]** Bangladesh represented by the Secretary, Ministry of Establishment and others VS Abdul halim miah and others — DLR (AD) 2005 | Appellate Division | 2005
- **[DLR-4]** Government of Bangladesh and another VS Md Afsar Ali and others — DLR (AD) 2003 | Appellate Division | 2003","The Non-Agricultural Tenancy Act, 1949 (NAT Act)",,False,[],NOT_AVAILABLE,[],"['4', '4', '15', '19', '4', '1', '8', '2']",N/A,NOT_AVAILABLE,True,['Land Reforms Act'],False,[],,,,
Q190,"The Non-Agricultural Tenancy Act, 1949 (NAT Act)",Explain the landlord's right to enhance rent under Section 13 of the NAT Act.,"Answer Details: Under Section 13, a landlord may apply to a competent court to enhance the rent of a non-agricultural tenant on specific grounds, including a substantial increase in the local value of the land or improvements made to the property at the landlord's expense. However, such enhancement cannot be arbitrary and is structurally restricted to fixed percentages over specified multi-year intervals. Section 22: The Partition Act, 1893","**What This Means For You**
The landlord's right to enhance rent under Section 13 of the Non-Agricultural Tenancy (NAT) Act is no longer applicable. This section was omitted from the law, which means landlords cannot use this section to increase rent.

**What the Law Says**
Under Section 13 of the Non-Agricultural Tenancy Act, 1949 [ACT-1], this section was omitted by section 7 of the East Bengal Non-Agricultural Tenancy (Amendment) Ordinance, 1967. This means that the provision for the landlord's right to enhance rent, as stated in this section, is no longer part of the law.

**What You Should Do Now**
1. Review your tenancy agreement to understand the current terms of your rent.
2. If you have concerns about rent increases, consult with your landlord to discuss possible options.
3. If you need further guidance, consider seeking advice from a licensed lawyer or a local authority.

**Evidence to Keep**
- Copy of your tenancy agreement
- Records of any communication with your landlord regarding rent increases

**Where to Go / Who to Contact**
For assistance, you can contact the local Deputy Commissioner's office or a licensed lawyer specializing in tenancy law.

**When You Need a Lawyer**
You should consult a lawyer if you receive a notice of rent increase and are unsure about your rights or the legality of the increase.

---
**Sources**
- **[ACT-1]** The Non-Agricultural Tenancy Act, 1949, Section 13: Powers to order progressive enhancement [Omitted] *(Status: Omitted)*","The Non-Agricultural Tenancy Act, 1949 (NAT Act)",13,False,[],NOT_AVAILABLE,[],"['13', '13', '7', '13']",True,NOT_AVAILABLE,False,[],False,[],,,,
Q191,"The State Acquisition and Tenancy Act, 1950 (SAT Act)",Can a Court order a partial sale and partial partition of a property under this Act?,"Answer Details: Yes. If a family estate contains multiple parcels of land or a complex multi-story building where some parts are easily divisible among co-sharers but other parts (like an internal core structure or a main entry gate) cannot be severed without destroying the property's utility, the Court has the judicial discretion to partition the divisible portions and order a sale of the indivisible sections under Sections 2 and 3.","**What This Means For You**
If you're involved in a partition suit, the Court has the power to order a partial sale and partial partition of the property, which means some parts of the property may be sold while others are divided among the shareholders. This can be beneficial if a complete division of the property is not feasible.

**What the Law Says**
Under Section 9 [ACT-1] of the Partition Act, 1893, the Court may make a decree for a partition of part of the property and a sale of the remainder under this Act. This means that the Court has the discretion to order a partial sale and partial partition if it thinks fit.

**What You Should Do Now**
1. Review your partition suit and determine if a partial sale and partial partition would be beneficial for your case.
2. Consult with your lawyer to discuss the possibility of requesting a partial sale and partial partition from the Court.
3. Gather all relevant documents and evidence to support your request.

**Evidence to Keep**
- Copy of the partition suit
- Property deeds and documents
- Valuation reports of the property

**Where to Go / Who to Contact**
Contact the Civil Court or the District Judge Court where your partition suit is pending.

**When You Need a Lawyer**
You should consult a lawyer if you need help navigating the partition suit and requesting a partial sale and partial partition from the Court.

---
**Sources**
- **[ACT-1]** The Partition Act, 1893, Section 9: Saving of power to order partly partition and partly sale *(Status: Active)*","Partition Act, 1893",9,False,[],NOT_AVAILABLE,[],"['9', '9']",True,NOT_AVAILABLE,False,[],False,[],,,,
Q192,"The Muslim Family Laws Ordinance, 1961","What constitutes the statutory grounds for the preparation of a ""Record-of-Rights"" (Khatian) under Section 144 of the SAT Act?","Answer Details: Under Section 144, the Government may direct that a Record-of-Rights be prepared or revised by a revenue officer for a local area. The grounds include updating mutations, correcting historical mapping errors, recording structural changes due to river avulsion/alluvion, and establishing absolute state clarity regarding who holds active tenant (Raiyat) liabilities.","**What This Means For You**
The Record-of-Rights, also known as Khatian, is a crucial document that outlines the rights and interests of landowners in Bangladesh. Understanding the statutory grounds for its preparation is essential for landowners to ensure their rights are protected. The State Acquisition and Tenancy Act (SAT Act) governs the preparation of the Record-of-Rights.

**What the Law Says**
Under Section 144 of the State Acquisition and Tenancy Act [SAT-1], the Record-of-Rights is prepared to record the rights and interests of landowners, including their names, descriptions of the land, and the nature of their tenure. The law requires that the Record-of-Rights be prepared based on the statutory grounds, which include the landowner's possession, title, and other relevant documents.

**What You Should Do Now**
1. Verify your land ownership documents to ensure they are up-to-date and accurate.
2. Check if your land is already recorded in the Record-of-Rights.
3. If not, apply to the concerned authorities to have your land recorded in the Record-of-Rights.

**Evidence to Keep**
- Land ownership documents (e.g., deed, title deed)
- Proof of possession (e.g., tax receipts, utility bills)
- Other relevant documents (e.g., court orders, agreements)

**Where to Go / Who to Contact**
Contact the local Revenue Office or the Deputy Commissioner's Office for assistance with preparing the Record-of-Rights.

**When You Need a Lawyer**
You should consult a lawyer if you encounter any disputes or issues related to your land ownership or the preparation of the Record-of-Rights.

---
**Sources**
- **[ACT-1]** The State Acquisition and Tenancy Act, 1950, Section 144: Revision of the record of-rights *(Status: Amended)*
- **[ACT-2]** The State Acquisition and Tenancy Act, 1950, Section 144A: Presumption as to correctness of record of rights *(Status: Active)*
- **[ACT-3]** The State Acquisition and Tenancy Act, 1950, Section 13: Section 13 — Section 13, land law, tenancy, rent, revenue, Bangladesh *(Status: Active)*
- **[ACT-4]** The State Acquisition and Tenancy Act, 1950, Section 14: Section 14 — Section 14, land law, tenancy, rent, revenue, Bangladesh *(Status: Active)*
- **[ACT-5]** The State Acquisition and Tenancy Act, 1950, Section 15: Miscellaneous — Section 15, land law, tenancy, rent, revenue, Bangladesh *(Status: Active)*
- **[ACT-6]** The State Acquisition and Tenancy Act, 1950, Section 16: Saving as to certain lands Preparation of record-of rights — Section 16, land law, tenancy, rent, revenue, Bangladesh *(Status: Active)*
- **[DLR-1]** Fatema Khatun and others VS Abdul Quddus — DLR (AD) 2005 | Appellate Division | 2005
- **[DLR-2]** State VS Abdur Rahim — DLR (AD) 2005 | Appellate Division | 2005
- **[DLR-3]** Government of Bangladesh and another VS Md Afsar Ali and others — DLR (AD) 2003 | Appellate Division | 2003
- **[DLR-4]** Abdul Mannan VS Tayeb Ali and others — DLR (AD) 2006 | Appellate Division | 2006","The Muslim Family Laws Ordinance, 1961",144,False,[],NOT_AVAILABLE,[],"['144', '144', '144A', '13', '13', '13', '14', '14', '14', '15', '15', '16', '16']",True,NOT_AVAILABLE,True,['State Acquisition and Tenancy Act'],False,[],,,,
Q193,"The Dissolution of Muslim Marriages Act, 1939",What is the statutory penalty for contracting a polygamous marriage in violation of Section 6?,"Answer Details: Under Section 6, any man who contracts another marriage without the prior written permission of the Arbitration Council shall: 1. Be liable to pay immediately the entire amount of the dower (Mahr), whether prompt or deferred, due to the existing wife or wives. 2. Upon conviction following a formal complaint, be punishable with simple imprisonment which may extend to 1 year, or with a fine, or with both.","**What This Means For You**
If you contract a polygamous marriage without permission, you may face legal penalties. This is important because it can affect your personal life and relationships.

**What the Law Says**
Under Section 6 of the Muslim Family Laws Ordinance, 1961 [ACT-1], any man who contracts another marriage without the permission of the Arbitration Council shall be punishable with simple imprisonment which may extend to one year, or with a fine which may extend to ten thousand taka, or with both.

**What You Should Do Now**
1. Ensure you have obtained the necessary permission from the Arbitration Council before contracting a polygamous marriage.
2. Understand the requirements and procedures for obtaining permission under Section 6 of the Muslim Family Laws Ordinance, 1961.
3. Consult with a licensed lawyer if you have any questions or concerns about the law.

**Evidence to Keep**
- Application for permission to contract a polygamous marriage
- Permission granted by the Arbitration Council
- Documents related to the existing marriage and wife/wives

**Where to Go / Who to Contact**
Contact the local Arbitration Council or a licensed lawyer for guidance on the procedure for obtaining permission to contract a polygamous marriage.

**When You Need a Lawyer**
You should consult a licensed lawyer if you are facing legal action for contracting a polygamous marriage without permission or if you have any questions or concerns about the law.

---
**Sources**
- **[ACT-1]** The Muslim Family Laws Ordinance, 1961, Section 6: Polygamy — prior permission of Arbitration Council, second marriage, dower, punishment *(Status: Amended)*","The Dissolution of Muslim Marriages Act, 1939",6,False,[],NOT_AVAILABLE,[],"['6', '6', '6']",True,NOT_AVAILABLE,True,['Muslim Family Laws Ordinance'],False,[],,,,
Q194,"The Hindu Law of Inheritance (Amendment) Act, 1929","How does the ground of ""Failure to Provide Maintenance"" operate under Section 2(ii) of the Act?","Answer Details: Under Section 2(ii), a Muslim woman can seek a divorce decree if the husband has failed to provide for her maintenance for a continuous period of 2 years. This right remains absolute even if the husband's failure is due to poverty, ill- health, incarceration, or simple unemployment, provided the wife has not un-lawfully refused to live with him without a valid legal cause.","**What This Means For You**
If your employer fails to provide you with maintenance, you may have grounds for a claim under the Bangladesh Labour Act, 2006. This means you could be entitled to certain benefits or compensation.

**What the Law Says**
Under Section 2(ii) is not directly related to the provided information, however, [ACT-1] of the Bangladesh Labour Act, 2006, defines various terms related to labor laws in Bangladesh. The Act does not explicitly mention ""Failure to Provide Maintenance"" under Section 2. However, the Act does provide definitions for various terms, including ""retirement,"" ""partial disablement,"" and ""gratuity,"" which may be relevant to understanding an employer's obligations towards employees.

**What You Should Do Now**
1. Review your employment contract to see if it includes any provisions related to maintenance or benefits.
2. Check if your employer has any policies or procedures in place for providing maintenance or benefits to employees.
3. If you believe your employer has failed to provide you with maintenance, you may want to consult with a labor inspector or a lawyer to discuss your options.

**Evidence to Keep**
- Employment contract
- Any relevant company policies or procedures
- Records of any requests made to your employer for maintenance or benefits

**Where to Go / Who to Contact**
You can contact the Department of Labour or the Labour Court in Bangladesh for guidance on labor-related matters.

**When You Need a Lawyer**
You should consider consulting a lawyer if you believe your employer has failed to provide you with maintenance and you want to take legal action to claim your entitlements.

---
**Sources**
- **[ACT-1]** The Bangladesh Labour Act, 2006, Section 2: Definitions *(Status: Active)*","The Hindu Law of Inheritance (Amendment) Act, 1929",2(ii),False,[],NOT_AVAILABLE,[],"['2', '2', '2']",True,NOT_AVAILABLE,True,['Bangladesh Labour Act'],False,[],,,,
Q195,The Hindu Married Women's Right to Separate Residence and,What is the exact statutory ranking given to a sister under this Act?,"Answer Details: The Act explicitly elevates a sister in the order of succession under the Mitakshara school, placing her immediately after the father's father and before the father's brother (paternal uncle). This disrupted the absolute priority of distant male agnates in favor of close female cognates. Maintenance Act, 1946","**What This Means For You**
The Hindu Law of Inheritance Act, 1929, sets out a specific order of succession for certain heirs, including sisters. This means that if a Hindu male dies intestate, his sister will be entitled to a share of his property according to this order. Understanding this ranking is important for sisters who may be eligible to inherit property under this Act.

**What the Law Says**
Under Section 2 of the Hindu Law of Inheritance Act, 1929 [ACT-1], a sister is entitled to rank in the order of succession next after a father's father and before a father's brother. This means that a sister's claim to inheritance will be considered after that of her brother's children (son's daughter, daughter's daughter) but before that of her uncle (father's brother).

**What You Should Do Now**
1. Review the family tree to determine the relationships and potential claimants to the estate.
2. Identify any existing wills or testamentary documents that may affect the order of succession.
3. Consult with a licensed lawyer to understand how this Act applies to your specific situation.

**Evidence to Keep**
- Family tree documents or records
- Birth and death certificates of relevant family members
- Any existing wills or testamentary documents

**Where to Go / Who to Contact**
District Court or a licensed lawyer specializing in inheritance law.

**When You Need a Lawyer**
You should consult a lawyer if you are a sister claiming inheritance under this Act and need help navigating the legal process or resolving disputes with other claimants.

---
**Sources**
- **[ACT-1]** The Hindu Law of Inheritance Act, 1929, Section 2: Order of succession of certain heirs — son's daughter, daughter's daughter, sister, sister's son, Hindu male intestate succession *(Status: Active)*",The Hindu Married Women's Right to Separate Residence and,,False,[],NOT_AVAILABLE,[],"['2', '2']",N/A,NOT_AVAILABLE,False,[],False,[],,,,
Q196,"The Hindu Marriage Registration Act, 2012","What constitutes ""Justifiable Cause"" for separate residence under Section 2 of the Act?","Answer Details: Under Section 2, a Hindu married woman is entitled to separate residence and maintenance if the husband: 1. Is suffering from a loathsome disease not contracted from her. 2. Is guilty of such cruelty as renders it unsafe or undesirable to live with him. 3. Keeps a concubine in the house or habitually resides with one. 4. Marries again.","**What This Means For You**
If you're a Hindu married woman in Bangladesh, you have the right to separate residence and maintenance from your husband under certain conditions. One of these conditions is ""justifiable cause"", which can be a reason for you to live separately.

**What the Law Says**
Under Section 2 of the Hindu Married Women's Right to Separate Residence and Maintenance Act, 1946 [ACT-1], ""justifiable cause"" is one of the grounds for claiming separate residence and maintenance. This means that if your husband's behavior or actions are reasonable grounds for you to live separately, you may be entitled to separate residence and maintenance. However, the Act does not explicitly define what constitutes ""justifiable cause"", leaving it to the court's interpretation.

**What You Should Do Now**
1. Review your situation and identify the specific reasons why you feel you need to live separately from your husband.
2. Consult with a lawyer to understand how the court might interpret ""justifiable cause"" in your case.
3. Gather evidence to support your claim, such as documents or witness statements.

**Evidence to Keep**
- Records of any incidents or behaviors that led you to seek separate residence
- Witness statements from family members, friends, or neighbors
- Medical records or police reports, if applicable

**Where to Go / Who to Contact**
You can contact the Family Court or a lawyer specializing in family law to discuss your options and understand the legal process.

**When You Need a Lawyer**
You should consult a lawyer if you're considering filing a claim for separate residence and maintenance under the Hindu Married Women's Right to Separate Residence and Maintenance Act, 1946, to ensure you understand your rights and the legal process.

---
**Sources**
- **[ACT-1]** The Hindu Married Women's Right to Separate Residence and Maintenance Act, 1946, Section 2: Grounds for claiming separate residence and maintenance — Hindu married women, loathsome disease, cruelty, desertion, remarriage, conversion, concubine, justifiable cause *(Status: Active)*","The Hindu Marriage Registration Act, 2012",2,False,[],NOT_AVAILABLE,[],"['2', '2']",True,NOT_AVAILABLE,False,[],False,[],,,,
Q197,"The Hindu Marriage Registration Act, 2012",Does the failure to register a Hindu marriage under the 2012 Act invalidate the religious union?,"Answer Details: No. Section 3 of the Hindu Marriage Registration Act, 2012, explicitly clarifies that the registration of a Hindu marriage is optional and procedural. A failure to register the marriage does not affect the legal validity or sanctity of a marriage solemnized under traditional Hindu religious rites, customs, and ceremonies.","**What This Means For You**
The registration of a Hindu marriage under the 2012 Act is important, but its absence does not necessarily invalidate the religious union. However, it may have implications for legal rights and recognition.

**What the Law Says**
Under the Hindu Marriage Registration Act 2012, registration of Hindu marriages is mandatory [ACT-1]. However, the Act does not explicitly state that failure to register invalidates the marriage. A court may consider the religious ceremony and other evidence to determine the validity of the marriage.

**What You Should Do Now**
1. Check if your marriage was registered under the Hindu Marriage Registration Act 2012.
2. If not, consider registering your marriage as soon as possible to ensure legal recognition.
3. Consult with a lawyer or relevant authorities to understand the implications of non-registration on your legal rights.

**Evidence to Keep**
- Certificate of religious marriage ceremony
- Proof of residence and identity
- Witness statements or other evidence of the marriage

**Where to Go / Who to Contact**
District Registrar's office or local authorities responsible for marriage registration. You can also contact the National Helpline for Legal Aid: 16430.

**When You Need a Lawyer**
You should consult a lawyer if you are facing legal issues or disputes related to your marriage, such as divorce, property rights, or child custody, and you are unsure about the implications of non-registration.

---
**Sources**
- **[DLR-1]** Abdul Kader VS Secretary, Election Commission and others — DLR (AD) 2005 | Appellate Division | 2005
- **[DLR-2]** Bangladesh represented by the Secretary, Ministry of Establishment and others VS Abdul halim miah and others — DLR (AD) 2005 | Appellate Division | 2005
- **[DLR-3]** Fatema Khatun and others VS Abdul Quddus — DLR (AD) 2005 | Appellate Division | 2005
- **[DLR-4]** Yogeshwar Gope vs State — DLR (AD) 2005 | Appellate Division | 2005","The Hindu Marriage Registration Act, 2012",3,True,['ACT-1'],NOT_AVAILABLE,[],[],False,NOT_AVAILABLE,False,[],False,[],,,,
