id,category,source_file,question,gold_answer,expected_act,expected_section
Q01,Criminal Procedure,Bug.md,Does a police officer in Bangladesh need a warrant to arrest someone for 'Anticipatory Bail' under Section 438 of the CrPC?,"Section 438 CrPC does not exist in Bangladesh; it was omitted by the 2009 amendment. Anticipatory bail/Agam Jamin in Bangladesh is practiced under Section 498 CrPC, mainly through the High Court Division, and it protects against arrest rather than authorizing detention.","Code of Criminal Procedure, 1898",498
Q02,Limitation Act,Bug.md,What is the limitation period for a suit for 'Specific Performance of Contract' in Bangladesh? Please cite the specific Article of the Limitation Act,"For specific performance in Bangladesh, the limitation period is 1 year under Article 113 of the First Schedule to the Limitation Act, 1908. Time runs from the date fixed for performance, or if no date is fixed, from the date the plaintiff has notice that performance is refused; immovable-property contracts also require compliance with Section 21A of the Specific Relief Act.","Limitation Act, 1908",Article 113
Q03,Family Law,Bug.md,A man dies in 2025. He has a living son and a grandson (the son of another son who died in 2020). Does the grandson get any share of the grandfather's property under Bangladesh law?,"Yes. Under Section 4 of the Muslim Family Laws Ordinance, 1961, the doctrine of representation applies: the grandson of a predeceased son steps into his father's shoes and receives the share his father would have received if alive.","Muslim Family Laws Ordinance, 1961",4
Q04,Criminal Law,Bug.md,"If a person is accused of 'Defamation' under Section 500 of the Penal Code in Sylhet, can the police arrest them immediately without a warrant?","No. Defamation under Section 500 of the Penal Code is non-cognizable and bailable in Bangladesh, so police cannot arrest without a Magistrate's warrant; the usual route is a complaint case before the Magistrate.","Penal Code, 1860",500
Q05,Civil Procedure,Bug.md,Can I file a 'Second Appeal' to the High Court Division on a pure question of fact under Section 100 of the CPC?,"No. Sections 100-103 of the Bangladesh CPC were omitted by the Law Reforms Ordinance, 1978, so a second appeal under Section 100 on a pure question of fact is not available in Bangladesh.","Code of Civil Procedure, 1908",100
Q06,Criminal Procedure,Bug.md,Explain the procedure for 'Executive Magistrates' to conduct a full trial and award a 7-year rigorous imprisonment sentence for a theft case.,Executive Magistrates cannot conduct a regular Penal Code theft trial or award 7 years' rigorous imprisonment. Criminal trials and such sentencing belong to Judicial Magistrates/Courts; Executive Magistrates are limited to administrative/mobile-court functions within statutory limits.,"Code of Criminal Procedure, 1898",29C
Q07,Land Reform,Bug.md,I am a wealthy businessman. Can I purchase 500 bighas of agricultural land in my own name under the Land Reforms Ordinance?,"No. Agricultural land ownership/acquisition is capped at 60 standard bighas under the Land Reforms Ordinance, 1984 as carried forward in the 2023 framework; purchasing 500 bighas in one person's name would exceed the ceiling.","Land Reforms Ordinance, 1984 / Land Reforms Act, 2023",4
Q08,Tax,Bug.md,How much 'Wealth Tax' do I owe under the Income Tax Act 2023 if my assets exceed 5 Crore BDT?,"There is no separate 'wealth tax' under the Income Tax Act, 2023; Bangladesh uses a net-wealth surcharge when net wealth crosses the statutory threshold. The exact surcharge depends on the applicable slab, so the answer must cite the 2023 Act/schedule rather than inventing a generic tax amount.","Income Tax Act, 2023",
Q09,Property/Land,Bug.md,Does a 'Mutation Khatian' issued by the Assistant Commissioner (Land) serve as a conclusive document of title/ownership in Bangladesh?,"No. Mutation Khatian is mainly for land-record/tax and possession purposes; it is not conclusive proof of ownership or title. Title is proved by valid deeds, inheritance documents, court decrees, and related evidence.",,
Q10,Labour Law,Bug.md,"I am hiring a clerk in my office in Sylhet. Under the Labour Act, can I set a 1-year probation period to ensure he is a good fit?","No. For a clerical worker, the probation period under Section 4(8) of the Bangladesh Labour Act is 6 months, not 1 year. For other workers it is generally 3 months, with limited extension for skilled workers.","Bangladesh Labour Act, 2006",4(8)
Q13,Civil Procedure,Bug report 2.md,"I have a property dispute valued at Tk 4.5 Crore. Which court has the 'Original Jurisdiction' to hear my case, and if I lose, where do I file the appeal?","For a Tk 4.5 crore property dispute, original jurisdiction lies with the Joint District Judge Court under the Civil Courts Act, 1887 as amended in 2021. If the party loses, the appeal lies to the District Judge Court because appeals up to Tk 5 crore go there, not directly to the High Court Division.","Civil Courts Act, 1887",
Q14,Criminal Law/Evidence,Bug report 2.md,"While in police custody, an accused says, ""I killed the man and hid the knife under the bridge."" The police find the knife under the bridge. Is the statement ""I killed the man"" admissible in court?","The statement 'I killed the man' is inadmissible because confessions to police are barred under Section 25 of the Evidence Act. Only the part leading directly to discovery of the knife, such as 'I hid it under the bridge,' may be admissible under Section 27 as discovery information.","Evidence Act, 1872",25/27
Q15,Criminal Procedure,Bug report 2.md,A Magistrate receives a police report (Final Report) stating there is no evidence against the accused. Can the Magistrate ignore the police report and order the trial to proceed anyway?,"Yes. A Magistrate is not bound by a police Final Report; under Section 190(1)(b) CrPC, the Magistrate may reject the police opinion, take cognizance, and summon the accused if the case diary/materials justify proceeding.","Code of Criminal Procedure, 1898",190(1)(b)
Q17,Family Law,Bug report 2.md,"If a Hindu woman in Bangladesh inherits land under the Hindu Succession Act, can she sell it freely?","No. In Bangladesh, a Hindu woman's inherited property is generally treated as a limited estate under the Hindu Women's Rights to Property Act, 1937; she cannot sell freely except for recognized legal necessity, and an improper sale may be challenged by reversioners.","Hindu Women's Rights to Property Act, 1937",
Q18,Limitation Act,Bug report 2.md,"Under the Limitation Act in Bangladesh, how many years does a party have to file a suit for breach of a simple contract?","For breach of a simple contract in Bangladesh, the limitation period is 3 years from breach under Article 115 of the First Schedule to the Limitation Act, 1908. For written registered contracts, Article 116 may provide 6 years.","Limitation Act, 1908",Article 115
Q19,Tax,Bug report 2.md,"I am calculating my tax return for 2026. Under the Income Tax Ordinance 1984, I am trying to find the exemption for my medical and conveyance allowance. Can you guide me through the math?","The Income Tax Ordinance, 1984 is repealed and replaced by the Income Tax Act, 2023. Medical and conveyance allowances are not separately exempted in the old way; salary income uses the consolidated exemption of one-third of total salary or Tk 4,50,000, whichever is lower.","Income Tax Act, 2023",
Q21,Tenancy (NAT Act),Response report justor(1).md,My family has been living on a rented residential plot for 15 years. We want to build a small brick (pucca) house here. Do we need to ask our landlord for permission first?,"Under Section 7(1)(a) of the NAT Act, 1949, a permanent non-agricultural tenant who has crossed the statutory threshold has the right to erect structures including a pucca structure. Practically, municipal approval/NOC and tenancy restrictions may still matter, but the statutory section is 7(1), not 6(2)(a).","Non-Agricultural Tenancy Act, 1949",7(1)(a)
Q23,Tenancy (NAT Act),Response report justor(1).md,Distinguish between the classes of non-agricultural tenants recognized under Chapter II of the NAT Act 1949.,"Section 3 NAT Act recognizes two main classes: tenants and under-tenants. Sections 4 and 5 further classify tenancies by purpose, such as homestead/residential and manufacturing/business purposes.","Non-Agricultural Tenancy Act, 1949","3,4,5"
Q24,Tenancy (NAT Act),Response report justor(1).md,"What are the exact statutory consequences if a non-agricultural land lease has a fixed written term of 5 years, but the tenant continues to occupy it for a total period of 13 years?","Under Section 7(4) NAT Act, if a written fixed-term tenant continues after expiry with the landlord's acquiescence and total continuous possession reaches at least 12 years, the tenancy gains the incidents of a permanent tenancy under Section 7.","Non-Agricultural Tenancy Act, 1949",7(4)
Q25,Tenancy (NAT Act),Response report justor(1).md,Does the NAT Act 1949 permit a non-agricultural tenant to sub-let their tenancy? Quote the relevant restriction introduced by amendments.,"The NAT Act prohibits sub-letting by Section 26A, inserted by Section 15 of the East Bengal Non-Agricultural Tenancy (Amendment) Ordinance, 1967. Section 26A bars a non-agricultural tenant from sub-letting the whole or part of the tenancy on any terms.","Non-Agricultural Tenancy Act, 1949",26A
Q26,Tenancy (NAT Act),Response report justor(1).md,"I am preparing a civil revision regarding a Section 24 pre-emption case. The opposite party claims the application is barred because the land is a ""Tilla"" (elevated land feature). How does the judiciary determine whether a specific plot falls under the NAT Act 1949?","NAT Act Section 2(4) expressly defines non-agricultural land. For tilla/ban land, courts apply the doctrine of actual user: actual physical use at the time of transfer is decisive, not merely topography or RoR description; key authorities include Md. Sarafat Ali v Md. Abdul Gafur, 38 DLR (AD) 161 and Salamat Ali v Nurjahan Begum, 39 DLR (AD) 103.","Non-Agricultural Tenancy Act, 1949",2(4) / 24
Q27,Tenancy (NAT Act),Response report justor(1).md,The landlord has filed an ejectment suit on the ground that a residential tenant (holding for 14 years) dug a water tank on the land without consent. Will the suit succeed under Section 7?,"No. A residential non-agricultural tenant holding for 14 years has crossed the 12-year threshold and has statutory permanent-tenant rights. Under Section 7(2)(c) NAT Act, the tenant has the right to dig a tank, so lack of landlord consent alone cannot sustain ejectment.","Non-Agricultural Tenancy Act, 1949",7(2)(c)
Q28,Land Reform,Response report justor(1).md,"I just inherited an extra 10 bighas of agricultural land from my grandfather, making my total family land 70 bighas. Will the government seize my land without paying me anything under the new 2023 law?","Under Section 4 of the Land Reforms Act, 2023, the statutory ceiling on agricultural land applies even where additional land is acquired by inheritance. If the acquisition causes the holding to exceed the permitted ceiling, the excess land may vest in/accrue to the Government in accordance with the Act. Compensation is payable for the excess land under Section 4(5) in the manner prescribed by law.","Land Reforms Act, 2023",4 / 4(5)
Q29,Land Reform,Response report justor(1).md,"I am a sharecropper (bargadar). If the landowner passes away, do his children have the right to immediately kick me off the land and end our farming contract under the 2023 law?","No. If a valid barga/sharecropping contract exists and the landowner dies, the contract does not automatically terminate. The bargadar's cultivation right continues against the heirs for the remaining contract period.","Land Reforms Act, 2023",
Q31,Land Reform,Response report justor(1).md,"My neighbor says that if I cultivate his land without a written contract for a single season, I automatically become a permanent co-owner of that land under the 2023 Reforms. Is this true?",No. Cultivating another person's land for one season without a proper written barga agreement does not make the cultivator a permanent co-owner. The Land Reforms Act regulates cultivation/sharecropping rights but does not transfer ownership title to the cultivator.,"Land Reforms Act, 2023",
Q34,Land Reform,Response report justor(1).md,"If a landowner attempts to evict a bargadar or violate the provisions of a valid barga contract, what specific penal liabilities can be invoked directly under the Land Reforms Act, 2023?","A violation of the statutory provisions governing barga cultivation may attract the penal consequences prescribed by Section 19 of the Land Reforms Act, 2023. Accordingly, where conduct concerning a bargadar constitutes an offence under the Act, the applicable punishment must be determined under Section 19 and the relevant substantive barga provision. The penalty provision should not be attributed to Section 15.","Land Reforms Act, 2023",19
Q35,Land Reform,Response report justor(1).md,"Does the Land Reforms Act, 2023 recognize the oral creation of a barga contract, or does it mandate specific documentation?","The Land Reforms Act, 2023 requires a barga/sharecropping contract to be executed in the prescribed written form; an unrecorded oral arrangement is not treated as a protected statutory barga contract.","Land Reforms Act, 2023",
Q36,Land Reform,Response report justor(1).md,"I am drafting a defense for a client facing a land forfeiture notice from the Collector. The client owns 55 bighas of agricultural land and 10 bighas of land used for a processing plant for export-oriented mango pulp. Can we claim exemption under the Land Reforms Act, 2023?","Yes. Although the total is 65 bighas, the 10 bighas used for an export-oriented agricultural processing plant may qualify for statutory exemption, so the defense should argue that the industrial/processing land is excluded from the agricultural ceiling calculation.","Land Reforms Act, 2023",
Q37,Land Reform/SAT,Response report justor(1).md,"My family owns 80 bighas of agricultural land split between me, my brother, and our parents. Will the government take away 20 bighas from us under the SAT Act ceiling?","Under Section 4 of the Land Reforms Act, 2023, the current agricultural-land ceiling must be assessed according to the persons/family and holdings covered by that provision. The fact that the combined land associated with several family members totals 80 bighas does not by itself establish that 20 bighas will automatically be acquired by the Government. The ownership structure and the statutory ceiling calculation must first be determined under Section 4.","Land Reforms Act, 2023",4
Q38,Property/SAT,Response report justor(1).md,My neighbor is selling his agricultural plot next to mine to a complete stranger from another district. Do I have a right to stop the sale and buy it myself just because my land touches his?,"No. Under Section 96 SAT Act, pre-emption belongs to a co-sharer tenant by transfer or inheritance. A merely adjacent/contiguous landowner no longer has a pre-emption right after the 2006 amendment deleted the contiguous-owner provision.","State Acquisition and Tenancy Act, 1950",96
Q39,Property/SAT,Response report justor(1).md,Differentiate between the preparation of the Record-of-Rights (ROR) under Section 143 and the revision of the Record-of-Rights under Section 144 of the SAT Act 1950.,"Section 143 SAT Act concerns routine maintenance/mutation of the RoR by the AC Land after transfer, inheritance, subdivision, etc. Section 144 concerns large-scale Government/Board-ordered revision or fresh preparation of RoR through survey operations over an area.","State Acquisition and Tenancy Act, 1950",143/144
Q40,Property/SAT,Response report justor(1).md,Analyze the statutory consequences of an illegal subdivision of a holding below the subsistence size under Chapter XIII of the SAT Act 1950.,"Under SAT Act Section 117, co-sharer tenants may seek consolidation/subdivision, but the Revenue Officer can refuse subdivision that would reduce a holding below the prescribed minimum/subsistence size, preventing uneconomic fragmentation.","State Acquisition and Tenancy Act, 1950",117
Q42,Property/SAT,Response report justor(1).md,"I am representing a petitioner in a Section 96 pre-emption case. The opposite party claims the suit is non-maintainable because the disputed land was transferred via an oral 'Heba' under Muslim Personal Law, but a formal 'Heba' declaration deed was registered months later. When does the limitation period commence?","For Section 96 SAT pre-emption, a claimed oral Heba of immovable property cannot bypass registration requirements. Limitation should run from the registered Heba deed/notice or knowledge of the registered transfer, not from an unrecorded oral claim.","State Acquisition and Tenancy Act, 1950",96
Q44,Property/SAT,Response report justor(1).md,"The opposite party in a partition suit claims that a land parcel has automatically become 'Khas' (state property) because it was left uncultivated for over 10 years, referencing historical provisions of the SAT Act. How do we counter this?","Historical SAT provisions on abandoned/uncultivated land do not automatically convert a modern mutated raiyat/malik holding into Khas land merely because it was uncultivated for 10 years. Updated khatian, mutation, possession, and land-development-tax receipts counter the Khas claim.","State Acquisition and Tenancy Act, 1950",
Q45,Property/TPA,Response report justor(1).md,"I paid the full money to buy a flat from my uncle, and he gave me the physical keys and signed a 300 TK stamp paper document saying I own it now. Do I completely own this property legally under the law?","No. Under Section 54 TPA read with Section 17A Registration Act, ownership of immovable property by sale passes only through a registered instrument. Keys and a Tk 300 stamp-paper document do not create legal title.","Transfer of Property Act, 1882",54
Q46,Family/Property,Response report justor(1).md,"I am a Muslim. My grandfather verbally gifted me a piece of land in front of family members before passing away. Do I legally own this land now, or do I need a written paper?","No. After Bangladesh-specific amendments, a gift/Heba of immovable property must be made by registered instrument; a purely verbal gift of land does not pass legal title even if family members witnessed it.","Transfer of Property Act, 1882 / Registration Act, 1908",
Q47,Property/TPA,Response report justor(1).md,"I sold my land to a buyer and signed the final registered deed, but the buyer's cheque bounced and I only received half the money. Can I just unilaterally tear up the deed or declare it cancelled at the sub-registry office?",No. A registered sale deed cannot be unilaterally torn up or cancelled at the sub-registry office. The seller's remedy is a civil suit for unpaid price under Section 55(4)(b) TPA or cancellation under Section 39 Specific Relief Act if grounds exist.,"Transfer of Property Act, 1882",55(4)(b)
Q48,Property/TPA,Response report justor(1).md,"Explain the 'Rule against Perpetuity' under Section 14 of the Transfer of Property Act, 1882, and state its exact maximum statutory duration.","Under Section 14 TPA, a transfer cannot create an interest taking effect beyond the lifetime of living person(s) at the date of transfer plus the minority of a person then unborn. The maximum period is lives in being plus 18 years of minority.","Transfer of Property Act, 1882",14
Q49,Property/TPA,Response report justor(1).md,"Analyze the essential pre-conditions required to successfully claim protection as a transferee under Section 41 (Transfer by Ostensible Owner) of the Transfer of Property Act, 1882.","Section 41 protection requires: ostensible ownership, express/implied consent of the real owner, transfer for consideration, good faith, and reasonable care by the transferee to verify the transferor's authority.","Transfer of Property Act, 1882",41
Q50,Property/TPA,Response report justor(1).md,"Define the Doctrine of Election under Section 35 of the Transfer of Property Act, 1882, and explain what happens if a person refuses to accept the deed but retains an indirect benefit.","Under Section 35 TPA, where a deed transfers someone's property without authority but also gives that owner a benefit, the owner must elect either to accept the transfer and keep the benefit or reject the transfer and relinquish the benefit.","Transfer of Property Act, 1882",35
Q51,Civil Procedure/Property,Response report justor(1).md,"During the pendency of a partition suit, one of the co-sharers sells a specific demarcated portion of the suit land to a third-party purchaser without court permission. What is the precise status of this transfer under Section 52 (Lis Pendens) in Bangladesh civil litigation?","Under Section 52 TPA, a transfer during pending litigation is not automatically void, but it is subject to the final decree and cannot prejudice the rights of other parties. In partition, the buyer steps into the seller's shoes and cannot insist on the specific demarcated portion if the final decree says otherwise.","Transfer of Property Act, 1882",52
Q53,Property/TPA,Response report justor(1).md,A client purchased a property from a vendor who had previously executed a registered contract for sale (Bayanapatra) with another party. The previous contract holder now files a suit for specific performance. Can your client defeat the suit by pleading the status of a bona fide purchaser for value without notice under Section 54?,"A subsequent purchaser ordinarily cannot defeat rights arising from an earlier registered contract for sale merely by claiming to be a bona fide purchaser without notice. In Bangladesh, the decisive statutory protection is Section 53B of the Transfer of Property Act, 1882, which restricts transfer of immovable property while a subsisting registered contract for sale affecting that property remains in force. Registration may also be relevant to notice. The specific-performance claim must therefore be assessed principally with reference to Section 53B and the applicable Specific Relief Act provisions, rather than treating Section 54 alone as the governing provision.","Transfer of Property Act, 1882",53B
Q54,Commercial/IP,Response report justor(1).md,How long does a trademark registration stay valid in Bangladesh before I have to renew it?,"Under the Trademarks Act, 2009, initial trademark registration lasts 7 years from the application/registration date, and it can be renewed repeatedly for 10-year periods after that.","Trademarks Act, 2009",
Q55,Commercial/IP,Response report justor(1).md,Someone is selling exact copies of my products using my registered brand logo in a local market. Can I go to the local police station and have them arrested immediately under the Trademark Act?,"Yes, selling counterfeit goods using a registered mark can attract criminal liability under Sections 73 and 74 of the Trademarks Act, 2009. Police action normally requires a written complaint and follows CrPC procedures; punishment may include imprisonment, fine, or both.","Trademarks Act, 2009","73,74"
Q59,Commercial/IP,Response report justor(1).md,"What is the specific civil forum/court of original jurisdiction to institute a suit for trademark infringement in Bangladesh, and what is the statutory limitation period for filing such a suit?","A suit concerning infringement of a registered trademark must be instituted before the court having jurisdiction under Section 96 of the Trademarks Act, 2009, subject to the territorial and other jurisdictional requirements prescribed by Bangladesh law. The applicable limitation period for the civil claim should be determined under the Limitation Act, 1908. Indian Trade Marks Act provisions such as Sections 134–135 should not be used as Bangladesh authority.","Trademarks Act, 2009 / Limitation Act, 1908",96
Q046,"The Civil Courts Act, 1887",Correction 150 question.pdf,"What are the different classes of Civil Courts established under the Civil Courts Act, 1887, and what are their respective jurisdictions?","Answer Details: Under Section 3 of the Civil Courts Act, 1887, five distinct classes of Civil Courts are established in Bangladesh: 1. The Court of the District Judge 2. The Court of the Additional District Judge 3. The Court of the Joint District Judge 4. The Court of the Senior Civil Judge (formerly ""Senior Assistant Judge"" — renamed by the Civil Courts (Amendment) Act, 2026, effective 2 November 2025) 5. The Court of the Civil Judge (formerly ""Assistant Judge"" — renamed under the same 2026 amendment) Pecuniary Jurisdiction (Section 19): As amended by the Civil Courts (Amendment) Act, 2021, Section 19 now fixes specific monetary limits rather than leaving them to general government notification: • Civil Judge (formerly Assistant Judge): suits up to Tk 15 lakh • Senior Civil Judge (formerly Senior Assistant Judge): suits up to Tk 25 lakh • Joint District Judge: unlimited pecuniary jurisdiction over original civil suits Appellate Jurisdiction (Section 21): An appeal from a decree or order of a Joint District Judge lies to the District Judge only if the value of the original suit did not exceed Tk 5 crore; if it exceeds Tk 5 crore, the appeal lies directly to the High Court Division. (This specific threshold was introduced by the Civil Courts (Amendment) Act, 2021, replacing the earlier vaguer ""statutory limit"" language.) Reference: Civil Courts Act, 1887, ss. 3, 19, 21; Civil Courts (Amendment) Act, 2021; Civil Courts (Amendment) Act, 2026.","The Civil Courts Act, 1887",3
Q047,"The Code of Civil Procedure, 1908 (CPC)",Correction 150 question.pdf,"How is the place of sitting of Civil Courts determined, and can a judge hold court outside their designated station?","Answer Details: According to Section 14 of the Act, the Government fixes the place or places at which any Civil Court under this Act is to be held. Exception: If a judge feels it necessary to hold court at a place other than the designated station for the administration of justice (e.g., local inspection), it must generally be authorized by specific or general orders of the Government or the High Court Division. Reference: Civil Courts Act, 1887, s. 14.","The Code of Civil Procedure, 1908 (CPC)",14
Q048,"The Code of Civil Procedure, 1908 (CPC)",Correction 150 question.pdf,Explain the doctrine of Res Sub-Judice under the CPC and state its essential conditions.,"Answer Details: Section 10 of the Code of Civil Procedure, 1908, governs the stay of suits (Res Sub-Judice). It prohibits a court from proceeding with the trial of any suit in which the matter in issue is also directly and substantially in issue in a previously instituted suit between the same parties. Essential Conditions: 1. There must be two suits (one previously instituted, one subsequently instituted). 2. The matter in issue in both suits must be identical. 3. The suits must be between the same parties or their litigating representatives. 4. The court where the previous suit is pending must have jurisdiction to grant the relief claimed. 5. Both parties must be litigating under the same title. Reference: Code of Civil Procedure, 1908, s. 10.","The Code of Civil Procedure, 1908 (CPC)",10
Q049,"The Code of Civil Procedure, 1908 (CPC)",Correction 150 question.pdf,What is the distinction between Res Judicata (Section 11) and Constructive Res Judicata?,"Answer Details: Section 11 bars a court from trying any suit or issue where the matter has already been directly and substantially decided in a former suit between the same parties by a competent court. Constructive Res Judicata: Found in Explanation IV of Section 11, it states that any matter which might and ought to have been made a ground of defense or attack in such former suit shall be deemed to have been a matter directly and substantially in issue in such suit. If a party fails to raise a claim/defense when they had the chance, they are barred from raising it in subsequent litigation. Reference: Code of Civil Procedure, 1908, s. 11 & Explanation IV.","The Code of Civil Procedure, 1908 (CPC)",11
Q050,Civil Procedure,Correction 150 question.pdf,What are the temporary injunction rules under Order XXXIX of the CPC?,"Answer Details: Order XXXIX, Rules 1 and 2 outline the circumstances where a temporary injunction may be granted. Grounds (Rule 1): An injunction may be granted if it is proved by affidavit or otherwise that property in a suit is in danger of being wasted, damaged, or alienated by any party, or wrongfully sold in execution of a decree. Three Golden Principles: The court evaluates: 1. Prima facie case (a serious question to be tried). 2. Irreparable loss or injury (monetary compensation would not suffice). 3. Balance of convenience (greater inconvenience would be caused to the applicant if denied). Reference: Code of Civil Procedure, 1908, Order XXXIX, rr. 1–2.","Code of Civil Procedure, 1908",Order XXXIX
Q051,"The Contract Act, 1872",Correction 150 question.pdf,Define 'Proposal' and 'Acceptance' and explain when communication becomes complete under the Contract Act.,"Answer Details: Section 2(a) defines a proposal (offer) as when one person signifies to another his willingness to do or to abstain from doing anything, with a view to obtaining the assent of that other. Section 2(b) states that when the proposal is signified, it is deemed accepted. Completion of Communication (Section 4): ○ The communication of a proposal is complete when it comes to the knowledge of the person to whom it is made. ○ The communication of an acceptance is complete: as against the proposer, when it is put in a course of transmission to him so as to be out of the power of the acceptor; as against the acceptor, when it comes to the knowledge of the proposer. Reference: Contract Act, 1872, ss. 2(a), 2(b), 4","The Contract Act, 1872",2(a)
Q052,"The Copyright Act, 2023",Correction 150 question.pdf,"What are the essential elements of a valid contract under Section 10 of the Contract Act, 1872?","Answer Details: Section 10 establishes that all agreements are contracts if they are made by: 1. The free consent of parties competent to contract. 2. For a lawful consideration. 3. With a lawful object. 4. Are not hereby expressly declared to be void. Competency (Section 11): Parties must be of the age of majority according to the law to which they are subject, of sound mind, and not disqualified from contracting by any law. Reference: Contract Act, 1872, ss. 10, 11.","The Copyright Act, 2023",10
Q053,"The Copyright Act, 2023",Correction 150 question.pdf,"What is the statutory duration of copyright protection for literary, dramatic, and musical works under the Copyright Act, 2023?","Answer Details: Under the current statutory framework of the Copyright Act, 2023, copyright subsists in any literary, dramatic, musical, or artistic work published within the lifetime of the author. Term: Protection extends for the lifetime of the author plus 60 years from the beginning of the calendar year next following the year in which the author dies. Joint authorship is calculated from the death of the last surviving author. Reference: Copyright Act, 2023, s. 22.","The Copyright Act, 2023",
Q054,"The Court Fees Act, 1870",Correction 150 question.pdf,"What constitutes 'Fair Use' or acts that do not infringe copyright under the Copyright Act, 2023?","Answer Details: The Act explicitly provides statutory exemptions where utilization of a copyrighted work does not amount to infringement. These include: 1. Private or personal use, including research or private study. 2. Criticism or review of that work or any other work. 3. Reporting current events and current affairs in print, broadcast, or digital media. 4. Reproduction for judicial proceedings or educational purposes within statutory limits. Reference: Copyright Act, 2023, s. 72 (acts not constituting infringement); s. 2(42) (definitional fair-use standard).","The Court Fees Act, 1870",
Q055,"The Code of Criminal Procedure, 1898 (CrPC)",Correction 150 question.pdf,Distinguish between 'Ad Valorem' court fees and 'Fixed' court fees under this Act.,"Answer Details: ○ Ad Valorem Fees: Calculated as a percentage or variable scale based directly on the monetary valuation of the subject matter of the suit (governed primarily by Section 7 and Schedule I). Examples include suits for money recovery or declaration of title with consequential relief. ○ Fixed Fees: Set at a rigid, flat rate regardless of the value of the property or claim, governed by Schedule II. Examples include simple declaratory suits without consequential relief, or applications/petitions where no financial recovery is sought.","The Court-fees Act, 1870",7
Q056,"The Code of Criminal Procedure, 1898 (CrPC)",Correction 150 question.pdf,Explain the difference between a Cognizable and a Non-Cognizable offence.,"Answer Details: Under Section 4(1)(f), a ""cognizable offence"" is an offence for which a police officer may, in accordance with the second schedule or under any other law for the time being in force, arrest without a warrant. Non-Cognizable (Section 4(1)(n)): An offence for which a police officer may not arrest without a warrant. Investigation into non-cognizable cases requires an order from a competent Magistrate (Section 155).","The Code of Criminal Procedure, 1898 (CrPC)",4(1)
Q057,"The Evidence Act, 1872",Correction 150 question.pdf,What is the procedure for recording a First Information Report (FIR) under Section 154 of the CrPC?,"Answer Details: Section 154 mandates that every information relating to the commission of a cognizable offence, if given orally to an officer in charge of a police station, must be reduced to writing by him or under his direction. ● Key Protocols: 1. It must be read over to the informant. 2. It must be signed by the person giving it. 3. The substance thereof must be entered in a book kept by such officer (the General Diary/FIR register).","The Evidence Act, 1872",154
Q058,"The Evidence Act, 1872",Correction 150 question.pdf,"What is the doctrine of Res Gestae under the Evidence Act, 1872?","Answer Details: Section 6 of the Evidence Act embodies the principle of Res Gestae. It states that facts which, though not in issue, are so connected with a fact in issue as to form part of the same transaction, are relevant, whether they occurred at the same time and place or at different times and places. Example: Spontaneous exclamations made by bystanders at the exact moment a crime is committed are admissible because they are linked to the same transaction.","The Evidence Act, 1872",6
Q059,"The Bangladesh Labour Act, 2006",Correction 150 question.pdf,Distinguish between Primary and Secondary Evidence under Sections 62 and 63.,"Answer Details: ○ Primary Evidence (Section 62): Means the document itself produced for the inspection of the Court. It is considered the best evidence. ○ Secondary Evidence (Section 63): Includes certified copies, copies made from the original by mechanical processes, counterparts of documents, and oral accounts of the contents of a document given by some person who has himself seen it. It is admissible only under the specific conditions listed in Section 65.","The Bangladesh Labour Act, 2006",62
Q060,"The Limitation Act, 1908",Correction 150 question.pdf,"What are the different classifications of workers under the Bangladesh Labour Act, 2006?","Answer Details: Under Section 4 of the Act, workers are classified into seven distinct categories based on the nature and tenure of their work: 1. Apprentice (ি শক্ষািিবস) 2. Casual (আিি ি) 3. Badli (বিিল) 4. Temporary (অস্থায়ী) 5. Probationer (ি শক্ষাধীি) 6. Permanent (স্থায়ী) 7. Seasonal (মৗসুি ম)","The Limitation Act, 1908",4
Q061,"The Negotiable Instruments Act, 1881 (NI Act)",Correction 150 question.pdf,"Explain the concept of ""Condonation of Delay"" under Section 5 of the Limitation Act, 1908.","Answer Details: Section 5 permits the court to admit an appeal or an application (except an application under Order XXI of the CPC for execution of decrees) after the prescribed period of limitation if the appellant or applicant satisfies the court that he had sufficient cause for not preferring the appeal or making the application within such period. Note: Section 5 applies to appeals, applications for review, revision, or leave to appeal, but does not apply to original suits.","The Negotiable Instruments Act, 1881 (NI Act)",5
Q062,"The Public Demands Recovery Act, 1913 (PDR Act)",Correction 150 question.pdf,What are the mandatory ingredients to constitute an offence of dishonor of a cheque under Section 138 of the NI Act?,"Answer Details: To convict an individual under Section 138, the following statutory timeline and conditions must be strictly met: 1. The cheque must be presented to the bank within 6 months from the date on which it is drawn or within its validity. 2. The cheque must be returned by the bank unpaid due to insufficiency of funds or exceeding arrangements. 3. The payee must make a demand for payment by giving a notice in writing within 30 days of receiving information from the bank regarding the return. 4. The drawer must fail to make payment within 30 days of receiving the notice.","The Public Demands Recovery Act, 1913 (PDR Act)",138
Q063,"The Penal Code, 1860",Correction 150 question.pdf,What is the procedure for filing a certificate for public demand under Section 4 and Section 6 of the PDR Act?,"Answer Details: When a Certificate-officer is satisfied that any public demand is due, he signs a certificate in the prescribed form stating the demand and files it in his office under Section 4 (if the demand is due to the Collector) or Section 6 (if due to any other person/institution authorized). A notice along with a copy of the certificate is then served on the certificate-debtor under Section 7.","The Penal Code, 1860",4
Q064,"The Registration Act, 1908",Correction 150 question.pdf,Define 'Common Intention' under Section 34 of the Penal Code and differentiate it from 'Common Object' under Section 149.,"Answer Details: ○ Section 34 (Common Intention): When a criminal act is done by several persons in furtherance of the common intention of all, each of such persons is liable for that act in the same manner as if it were done by him alone. It requires a prior meeting of minds and active participation. ○ Section 149 (Common Object): Applies to members of an unlawful assembly (5 or more persons). If an offence is committed to achieve the common object of that assembly, every member is liable, even if they did not personally commit the specific criminal act.","The Registration Act, 1908",34
Q065,"The Specific Relief Act, 1877",Correction 150 question.pdf,"Which documents are compulsorily registrable under Section 17 of the Registration Act, 1908?","Answer Details: Section 17 mandates registration for several documents, including: 1. Instruments of gift of immovable property. 2. Non-testamentary instruments which purport or operate to create, declare, assign, limit, or extinguish any right, title, or interest in immovable property valued at 100 Taka or upwards. 3. Leases of immovable property from year to year, or for any term exceeding one year. 4. Instruments transferring or assigning any decree or order of a Court affecting immovable property of value 100 Taka and upwards.","The Specific Relief Act, 1877",17
Q066,"The Suits Valuation Act, 1887",Correction 150 question.pdf,What is the remedy for a person dispossessed of immovable property without his consent under Section 9 of the Specific Relief Act?,"Answer Details: Section 9 provides a summary remedy. If any person is dispossessed without his consent of immovable property otherwise than in due course of law, he (or any person claiming through him) may recover possession by filing a suit. Conditions: The suit must be brought within 6 months from the date of dispossession. No question of title can be raised or determined in such a suit, and no appeal or review lies from any order or decree passed under this section.","The Suits Valuation Act, 1887",9
Q067,"The Income Tax Act, 2023",Correction 150 question.pdf,"What is the object of the Suits Valuation Act, 1887, and how does it relate to the Court Fees Act?","Answer Details: The Act regulates the valuation of suits for determining both pecuniary jurisdiction and court fees. Under Section 8, in suits other than those referred to in the Court Fees Act Section 7, paragraphs v, vi, ix, and x (clause d), the value as determinable for the computation of court fees and the value for purposes of jurisdiction shall be the same.","The Income Tax Act, 2023",8
Q068,"The Stamp Act, 1899",Correction 150 question.pdf,"How is the residential status of an individual determined for tax purposes under the Income Tax Act, 2023?","Answer Details: Under the current statutory framework, an individual is considered a resident in Bangladesh for an income year if they stay in Bangladesh: 1. For a period of, or periods amounting in the aggregate to, 182 days or more in that income year; or 2. For a period of, or periods amounting in the aggregate to, 90 days or more in that income year, AND have been in Bangladesh for 365 days or more during the 4 years preceding that income year.","The Stamp Act, 1899",
Q069,"The Trademarks Act, 2009",Correction 150 question.pdf,"What are the consequences of an instrument not being duly stamped under Section 35 of the Stamp Act, 1899?","Answer Details: Under Section 35, any instrument chargeable with duty shall not be admitted in evidence for any purpose by any person having by law or consent of parties authority to receive evidence, nor shall it be acted upon, registered, or authenticated, unless such instrument is duly stamped. Cure: It can be admitted on payment of the unpaid duty along with a statutory penalty.","The Trademarks Act, 2009",35
Q070,"The Transfer of Property Act, 1882 (TPA)",Correction 150 question.pdf,"What is the difference between trademark infringement and an action for passing off under the Trademarks Act, 2009?","Answer Details: ○ Infringement: This is a statutory remedy available only to the owner of a registered trademark when another party uses an identical or deceptively similar mark without authorization. ○ Passing Off: This is a common law tort remedy preserved under Section 24 of the Act. It applies to unregistered trademarks. The owner must prove goodwill, misrepresentation by the defendant, and damage/likelihood of damage to their reputation.","Trademarks Act, 2009","24, 26"
Q071,"The Land Reforms Act, 2023",Correction 150 question.pdf,Define the principle of Lis Pendens under Section 52 of the TPA.,"Answer Details: Section 52 provides that during the pendency in any Court of any suit or proceeding which is not collusive and in which any right to immovable property is directly and specifically in question, the property cannot be transferred or otherwise dealt with by any party to the suit so as to affect the rights of any other party under any decree or order which may be made therein, except under the authority of the Court.","The Land Reforms Act, 2023",52
Q072,"The Non-Agricultural Tenancy Act, 1949 (NAT Act)",Correction 150 question.pdf,"What is the statutory ceiling on agricultural land ownership introduced/reaffirmed under the Land Reforms Act, 2023?","Answer Details: The Land Reforms Act, 2023, reaffirms limits on the concentration of agricultural land to ensure equitable distribution. No individual or family is permitted to acquire or hold new agricultural land exceeding 60 bighas in the aggregate. Exemptions apply to cooperative societies, tea estates, industrial plantations, and specialized commercial projects approved by the government.","The Non-Agricultural Tenancy Act, 1949 (NAT Act)",
Q073,"The Partition Act, 1893",Correction 150 question.pdf,Explain the right of pre-emption under Section 24 of the NAT Act.,"Answer Details: Under Section 24, if a portion or share of a non-agricultural land is transferred, the co-sharer tenants or immediate landlords have a right to apply to the court to have the said portion or share transferred to them upon depositing the consideration money along with a statutory compensation amount (typically 10% of the purchase price) within the prescribed limitation window.","The Partition Act, 1893",24
Q074,"The State Acquisition and Tenancy Act, 1950 (SAT Act)",Correction 150 question.pdf,"When can a court order a sale of property instead of physical division under Section 2 of the Partition Act, 1893?","Answer Details: Under Section 2, whenever in a suit for partition it appears to the court that, by reason of the nature of the property or the number of shareholders, a division of the property cannot reasonably or conveniently be made, and that a sale of the property and distribution of the proceeds would be more beneficial for all the shareholders, the court may, on the request of any of such shareholders interested individually or collectively to the extent of one-half or more, direct a sale.","The State Acquisition and Tenancy Act, 1950 (SAT Act)",2
Q075,"The Muslim Family Laws Ordinance, 1961",Correction 150 question.pdf,"Explain the right of pre-emption under Section 96 of the SAT Act, 1950.","Answer Details: Section 96 allows a co-sharer tenant of a holding to apply to the Civil Court to purchase a portion of land transferred to a stranger. Key Rules: The application must be filed within a strict limitation window from the date of knowledge or registration of the deed, accompanied by the consideration money plus 25% compensation.","The Muslim Family Laws Ordinance, 1961",96
Q076,"The Dissolution of Muslim Marriages Act, 1939",Correction 150 question.pdf,"What is the statutory requirement for entering into a polygamous marriage under Section 6 of the Muslim Family Laws Ordinance, 1961?","Answer Details: Section 6 mandates that no man, during the subsistence of an existing marriage, shall contract another marriage except with the prior permission in writing of the Arbitration Council. Consequence: Contracting a polygamous marriage without this permission makes the husband liable to immediate payment of the entire dower to the existing wife, potential criminal penalties (imprisonment and/or fine), and requires institutional intervention.","The Dissolution of Muslim Marriages Act, 1939",6
Q077,"The Hindu Law of Inheritance (Amendment) Act, 1929",Correction 150 question.pdf,On what grounds can a Muslim woman seek a decree for the dissolution of her marriage under Section 2 of the Act?,Answer Details: A woman married under Muslim law is entitled to obtain a decree for the dissolution of her marriage under Section 2 on grounds including: 1. The whereabouts of the husband have been unknown for a period of 4 years. 2. The husband has neglected or failed to provide for her maintenance for a period of 2 years. 3. The husband has been sentenced to imprisonment for a period of 7 years or upwards. 4. The husband has failed to perform his marital obligations for 3 years. 5. Cruelty by the husband.,"The Hindu Law of Inheritance (Amendment) Act, 1929",2
Q078,The Hindu Married Women's Right to Separate Residence and,Correction 150 question.pdf,Which female heirs were introduced into the line of succession under this amendment act?,"Answer Details: This Act altered the traditional order of succession under Mitakshara law by introducing specific female relatives into the line of inheritance immediately after the paternal grandfather. These include the son's daughter, daughter's daughter, and sister. Maintenance Act, 1946",The Hindu Married Women's Right to Separate Residence and,
Q079,"The Hindu Marriage Registration Act, 2012",Correction 150 question.pdf,What grounds allow a Hindu married woman to claim separate residence and maintenance under Section 2?,"Answer Details: Under Section 2, a Hindu married woman is entitled to separate residence and maintenance from her husband if: 1. He is suffering from a loathsome disease not contracted from her. 2. He treats her with such cruelty as renders it unsafe or undesirable for her to live with him. 3. He is guilty of desertion. 4. He marries again. 5. He ceases to be a Hindu by conversion.","The Hindu Marriage Registration Act, 2012",2
Q080,"The Civil Courts Act, 1887",Correction 150 question.pdf,Is Hindu marriage registration compulsory or optional under the Act of 2012?,"Answer Details: Under the Hindu Marriage Registration Act, 2012, the registration of a Hindu marriage is optional and voluntary. Non-registration does not invalidate a marriage contract or ritual performed under Hindu personal law, but registration serves as definitive documentary proof of the marriage before state authorities. Here is Part 2 of your comprehensive legal Q&A collection. It continues with the same structured, section- by-section breakdown across your 28 listed statutes, picking up from Question 36 to Question 75. To turn this into a PDF, you can append this text directly beneath Part 1 in your word processor before exporting. Part 2: Comprehensive Legal Q&A (Questions 36 to 75)","The Hindu Marriage Registration Act, 2012","2, 3"
Q081,"The Code of Civil Procedure, 1908 (CPC)",Correction 150 question.pdf,"What are the primary rules governing the ""Rejection of a Plaint"" under Order VII, Rule 11?","Answer Details: Order VII, Rule 11 mandates that a plaint shall be rejected by the court under four specific, distinct statutory scenarios: 1. Where it does not disclose a clear cause of action. 2. Where the relief claimed is undervalued, and the plaintiff fails to correct the valuation within the time fixed by the court. 3. Where the relief is properly valued, but the plaint is written upon paper insufficiently stamped, and the plaintiff fails to supply the requisite stamp paper within the court's timeline. 4. Where the suit appears from the statement in the plaint to be barred by any law.","The Code of Civil Procedure, 1908 (CPC)",
Q082,"The Code of Civil Procedure, 1908 (CPC)",Correction 150 question.pdf,"What is the distinction between a ""Review"" (Section 114, Order XLVII) and a ""Revision"" (Section 115)?","Answer Details: ○ Review: Filed in the same court that passed the original decree or order. It is permissible on grounds of discovery of new and important matter/evidence, a mistake or error apparent on the face of the record, or any other sufficient reason. ○ Revision: Filed strictly before a superior court (such as the High Court Division or District Judge as per jurisdiction) against a non-appealable order. It addresses errors of jurisdiction—where the subordinate court has exercised a jurisdiction not vested in it, failed to exercise a jurisdiction vested, or acted with material irregularity.","The Code of Civil Procedure, 1908 (CPC)",
Q083,"The Contract Act, 1872",Correction 150 question.pdf,"Under what conditions can a Court order a ""Judgment Debtors"" arrest and detention in civil prison?","Answer Details: Under Section 51 and Order XXI, Rule 37, execution of a decree by detention in prison requires the court to give the judgment-debtor an opportunity to show cause why he should not be committed to prison. The court must be satisfied that the debtor, with the object of obstructing execution, is about to abscond, has dishonestly transferred property, or has the means to pay but refuses/neglects to do so.","The Contract Act, 1872",51
Q084,"The Contract Act, 1872",Correction 150 question.pdf,What is the effect of an agreement where both parties are under a mistake as to a matter of fact under Section 20?,"Answer Details: Section 20 establishes that where both the parties to an agreement are under a mistake as to a matter of fact essential to the agreement, the agreement is completely void. Limitation: Section 21 clarifies that a contract is not voidable merely because it was caused by a mistake as to any law in force in Bangladesh; a mistake as to a foreign law has the same effect as a mistake of fact.","The Contract Act, 1872",20
Q085,"The Copyright Act, 2023",Correction 150 question.pdf,"Distinguish between ""Liquidated Damages"" and a ""Penalty"" under Section 74 of the Contract Act.","Answer Details: Section 74 eliminates the traditional English common law distinction between liquidated damages and penalties. It states that if a sum is named in the contract as the amount to be paid in case of breach, or if the contract contains any other stipulation by way of penalty, the party complaining of the breach is entitled to receive reasonable compensation not exceeding the amount so named, whether or not actual damage or loss is proved to have been caused.","The Copyright Act, 2023",74
Q086,"The Court Fees Act, 1870",Correction 150 question.pdf,"What constitutes a statutory assignment of copyright, and what are its formatting mandates?","Answer Details: Under the Copyright Act, 2023, the owner of a copyright can assign the right to any person. Mandates: The assignment must be executed in writing and signed by the assignor or their duly authorized agent. It must explicitly specify the exact rights assigned, the duration of the assignment, the territorial extent, and the amount of royalty or consideration payable. If the duration is not specifically mentioned, it defaults to a statutory limit of 5 years.","The Court Fees Act, 1870",
Q087,"The Code of Criminal Procedure, 1898 (CrPC)",Correction 150 question.pdf,What is the procedure if a court finds that the net profits or market value of a suit property has been wrongly estimated under Section 9?,"Answer Details: Under Section 9, if the Court has reason to believe that the market value or net profits of any property have been miscalculated, the Court may issue a commission to any proper person, directing him to make a local investigation and report back. Under Section 10, if it is found undervalued, the Court will require the plaintiff to pay the additional fees within a specified timeframe; if unpaid, the suit will be dismissed.","The Court-fees Act, 1870","9, 10"
Q088,"The Code of Criminal Procedure, 1898 (CrPC)",Correction 150 question.pdf,Explain the statutory power of a Magistrate to issue an order in urgent cases of nuisance or apprehended danger under Section 144.,"Answer Details: Section 144 empowers an Executive Magistrate, specially empowered by the Government, to issue an absolute or conditional written order directing any person to abstain from a certain act if the Magistrate considers that such direction is likely to prevent obstruction, annoyance, injury, or danger to human life, health, or safety, or a riot/affray. Duration: Such temporary orders cannot remain in force for more than 2 months unless extended by the government via official notification.","The Code of Criminal Procedure, 1898 (CrPC)",144
Q089,"The Code of Criminal Procedure, 1898 (CrPC)",Correction 150 question.pdf,What is the procedure for recording a confession by a Magistrate under Section 164?,"Answer Details: Section 164 allows any Metropolitan Magistrate or Magistrate of the first class to record statements or confessions made during an investigation. Mandatory Safeguards: 1. The Magistrate must explain to the accused person that he is not bound to make a confession and that if he does so, it may be used as evidence against him. 2. The Magistrate must not record it unless he believes it was made voluntarily. 3. A signed statutory memorandum must be appended at the foot of the record confirming these warnings.","The Code of Criminal Procedure, 1898 (CrPC)",164
Q090,"The Evidence Act, 1872",Correction 150 question.pdf,"What is the difference between an ""Acquittal"" and a ""Discharge"" under the CrPC?","Answer Details: ○ Discharge (Sections 241A, 265C): Occurs at the initial stage of the criminal proceedings before charges are formally framed. It happens when the Magistrate or Sessions Judge considers the charge groundless after perusing the police report and case documents. It does not bar a fresh trial if new facts emerge. ○ Acquittal (Sections 245, 265H): Occurs at the conclusion of a full trial when the court finds the accused not guilty after recording evidence from both sides. It operates as a absolute bar to a second trial for the same offence under Section 403 (Autrefois Acquit).","The Evidence Act, 1872",241A
Q091,"The Evidence Act, 1872",Correction 150 question.pdf,"What are the statutory rules governing a ""Dying Declaration"" under Section 32(1)?","Answer Details: Under Section 32(1), statements, written or verbal, of relevant facts made by a person who is dead are admissible when the statement is made by a person as to the cause of his death, or as to any of the circumstances of the transaction which resulted in his death, in cases in which the cause of that person's death comes into question. Validity Criterion: It is admissible even if the person was not under expectation of death at the time the statement was made.","The Evidence Act, 1872",32(1)
Q092,"The Bangladesh Labour Act, 2006",Correction 150 question.pdf,"Explain the principle of ""Estoppel"" under Section 115 of the Evidence Act.","Answer Details: Section 115 defines Estoppel: When one person has, by his declaration, act or omission, intentionally caused or permitted another person to believe a thing to be true and to act upon such belief, neither he nor his representative shall be allowed, in any suit or proceeding between himself and such person or his representative, to deny the truth of that thing. It acts as a rule of evidence that prevents a party from blowing hot and cold.","The Bangladesh Labour Act, 2006",115
Q093,"The Limitation Act, 1908",Correction 150 question.pdf,"What is the statutory layout for ""Maternity Benefit"" calculations and leave periods under Section 46?","Answer Details: Under Section 46, every woman worker is entitled to maternity leave for a total period of 16 weeks (8 weeks preceding the expected day of delivery and 8 weeks immediately following delivery). Eligibility: She must have worked under the employer for a total period of not less than 6 months immediately preceding the date of her delivery. Payment is calculated based on her average daily or weekly wage across the immediate past 3 months.","The Limitation Act, 1908",46
Q094,"The Negotiable Instruments Act, 1881 (NI Act)",Correction 150 question.pdf,"How does ""Legal Disability"" affect the calculation of limitation periods under Section 6?","Answer Details: Under Section 6, if a person entitled to institute a suit or make an application for the execution of a decree is, at the time from which the period of limitation is to be reckoned, a minor, insane, or an idiot, he may institute the suit or make the application within the same period after the disability has ceased, as would otherwise have been allowed from the time prescribed.","The Negotiable Instruments Act, 1881 (NI Act)",6
Q095,"The Public Demands Recovery Act, 1913 (PDR Act)",Correction 150 question.pdf,What are the statutory presumptions regarding negotiable instruments under Section 118?,"Answer Details: Section 118 mandates that until the contrary is proved, the following presumptions shall be made: 1. Of Consideration: That every negotiable instrument was made or drawn for consideration. 2. As to Date: That it was drawn on the date it bears. 3. As to Time of Acceptance: That it was accepted within a reasonable time after its date and before its maturity. 4. As to Order of Indorsements: That the indorsements appearing upon it were made in the order in which they appear.","The Public Demands Recovery Act, 1913 (PDR Act)",118
Q096,"The Penal Code, 1860",Correction 150 question.pdf,How can a certificate-debtor challenge a filed certificate under Section 9?,"Answer Details: Under Section 9, a certificate-debtor may, within 30 days from the service of the notice under Section 7, or where no notice has been served, within 30 days from the execution of any process for enforcing the certificate, file a written petition of objection denying his liability in whole or in part before the Certificate-officer. The officer will then hear and determine the objection under Section 10.","The Penal Code, 1860",9
Q097,"The Registration Act, 1908",Correction 150 question.pdf,"What constitutes ""Culpable Homicide"" under Section 299, and how does it differ from ""Murder"" under Section 300?","Answer Details: ○ Culpable Homicide (Section 299): Whoever causes death by doing an act with the intention of causing death, or with the intention of causing such bodily injury as is likely to cause death, or with the knowledge that he is likely by such act to cause death. ○ Murder (Section 300): Culpable homicide is murder if the act by which death is caused is done with the absolute intention of causing death, or if the bodily injury intended is sufficient in the ordinary course of nature to cause death, or the act is so imminently dangerous that it must in all probability cause death. Section 300 contains specific, higher thresholds of certainty and malicious intent, alongside 5 explicit statutory exceptions.","The Registration Act, 1908",299
Q098,"The Specific Relief Act, 1877",Correction 150 question.pdf,What is the time limit for presenting a document for compulsory registration under Section 23?,"Answer Details: Under Section 23, subject to certain statutory exceptions (such as a Will), no document other than a will shall be accepted for registration unless presented for that purpose to the proper officer within 4 months from the date of its execution.","The Specific Relief Act, 1877",23
Q099,"The Suits Valuation Act, 1887",Correction 150 question.pdf,"Under what circumstances can a contract be ""Specifically Enforced"" under Section 12?","Answer Details: Section 12 establishes that the specific performance of any contract may, in the discretion of the Court, be enforced: 1. When the act agreed to be done is in the performance, wholly or partly, of a trust. 2. When there exists no standard for ascertaining the actual damage caused by the non-performance of the act. 3. When the act agreed to be done is such that pecuniary compensation for its non- performance would not afford adequate relief.","The Suits Valuation Act, 1887",12
Q100,"The Income Tax Act, 2023",Correction 150 question.pdf,What are the consequences of entertaining a suit beyond a court's pecuniary limits due to overvaluation/undervaluation under Section 11?,Answer Details: Section 11 states that an objection that a Court which had no jurisdiction with respect to a suit or appeal did entertain it by reason of overvaluation or undervaluation shall not be entertained by an Appellate Court unless: 1. The objection was taken in the Court of first instance at or before the hearing at which issues were first framed; or 2. The Appellate Court is satisfied that the mistake has prejudicially affected the disposal of the suit on its merits.,"The Income Tax Act, 2023",11
Q101,"The Stamp Act, 1899",Correction 150 question.pdf,"What constitutes ""Income from Salaries"" and what statutory deductions are permitted under the current Income Tax Act?","Answer Details: Under the current provisions of the Income Tax Act, 2023, income from salaries encompasses basic salary, allowances, bonuses, perquisites, and any gratuities received from an employer. Permissible statutory deductions include employee contributions to a recognized provident fund, government-approved social security funds, and specific non-taxable basic allowance thresholds determined annually by the finance schedules.","The Stamp Act, 1899",
Q102,"The Trademarks Act, 2009",Correction 150 question.pdf,Who is liable to pay the stamp duty on a sale/conveyance deed under Section 29?,"Answer Details: Under Section 29(c), in the absence of an explicit written agreement between the contracting parties to the contrary, the expense of providing the proper stamp duty shall be borne by the grantee or transferee (the buyer) in the case of a conveyance or sale deed.","The Trademarks Act, 2009",29(c)
Q103,"The Transfer of Property Act, 1882 (TPA)",Correction 150 question.pdf,What is the initial term of a trademark registration and its renewal mechanism under Section 22?,"Answer Details: Under Section 22, the registration of a trademark is valid for an initial term of 7 years from the date of application. It can be extended continuously for successive periods of 10 years upon filing a renewal application in the prescribed manner and paying the required statutory renewal fees before the expiration of the active registration.","The Transfer of Property Act, 1882 (TPA)",22
Q104,"The Land Reforms Act, 2023",Correction 150 question.pdf,"Define ""Sale"" and explain how a transfer of title is effected under Section 54 of the TPA.","Answer Details: Section 54 defines ""Sale"" as a transfer of ownership in exchange for a price paid or promised or part-paid and part-promised. Execution: A transfer of tangible immovable property of the value of 100 Taka and upwards, or in the case of a reversion or other intangible thing, can be made only by a registered instrument. (Note: In Bangladesh, all sales of immovable property require compulsory registration regardless of value due to structural updates).","The Land Reforms Act, 2023",54
Q105,"The Non-Agricultural Tenancy Act, 1949 (NAT Act)",Correction 150 question.pdf,"What protections are given to ""Bargadars"" (sharecroppers) under the Land Reforms Act, 2023?","Answer Details: The Land Reforms Act, 2023, provides updated legal safeguards for Bargadars. Any barga contract must be explicitly made in writing for a statutory period. A barga contract cannot be terminated arbitrarily unless the bargadar fails to cultivate the land properly, fails to deliver the owner's share of the harvest without reasonable cause, or uses the land for non-agricultural operations.","The Non-Agricultural Tenancy Act, 1949 (NAT Act)",
Q106,"The Partition Act, 1893",Correction 150 question.pdf,Distinguish between a tenant who has held non-agricultural land for more than 12 years versus less than 12 years.,"Answer Details: Under Sections 7 and 9, if a non-agricultural tenant holds land continuously for a period of 12 years or more, they acquire a right of occupancy, making them less susceptible to arbitrary eviction, and their tenancy becomes heritable and transferable. If held for less than 12 years, they do not hold an unconditional heritable right, and the landlord may terminate the lease by giving appropriate statutory notice under Section 11 upon specific grounds.","The Partition Act, 1893",7
Q107,"The State Acquisition and Tenancy Act, 1950 (SAT Act)",Correction 150 question.pdf,Explain the right of a co-sharer to buy out a stranger who has purchased a share in a dwelling-house under Section 4.,"Answer Details: Under Section 4, where a share of a dwelling-house belonging to an undivided family has been transferred to a person who is not a member of such family, and such transferee sues for partition, the court shall—if any member of the family being a shareholder shall undertake to buy the share of such transferee—make a valuation of such share and direct the sale of it to such shareholder. This prevents external strangers from forcing entry into a private family home.","The State Acquisition and Tenancy Act, 1950 (SAT Act)",4
Q108,"The State Acquisition and Tenancy Act, 1950 (SAT Act)",Correction 150 question.pdf,What is the statutory limit on holding land (Khas land ceilings) under Section 90 of the SAT Act?,"Answer Details: Section 90 explicitly restricts any person or family from acquiring or holding land by any means that causes the total aggregate area of land in their possession to exceed 60 bighas. Any land acquired in excess of this limit is liable to be vested in the Government as Khas land without compensation. Section 24: The Muslim Family Laws Ordinance, 1961","The State Acquisition and Tenancy Act, 1950 (SAT Act)",90
Q109,"The Dissolution of Muslim Marriages Act, 1939",Correction 150 question.pdf,"What is the statutory legal procedure for a valid ""Talaq"" (Divorce) under Section 7?","Answer Details: Section 7 mandates that any man who wishes to divorce his wife must, as soon as may be after the pronouncement of Talaq in any form, give the Chairman of the Union Parishad/Paurashava notice in writing of his having done so, and must supply a copy thereof to the wife. Effectiveness Window: The Talaq does not become effective until the expiration of 90 days from the day on which notice is delivered to the Chairman. The Chairman must constitute an Arbitration Council to try and bring about a reconciliation.","The Dissolution of Muslim Marriages Act, 1939",7
Q110,"The Hindu Law of Inheritance (Amendment) Act, 1929",Correction 150 question.pdf,"Explain the concept of ""Option of Puberty"" (Khyar-ul-Balugh) under Section 2(vii) of the Act.","Answer Details: Under Section 2(vii), a Muslim woman is entitled to seek dissolution of her marriage if she was given in marriage by her father or other guardian before she attained the age of 15 years, provided that she repudiated the marriage before attaining the age of 18 years, and provided further that the marriage has not been consummated.","The Hindu Law of Inheritance (Amendment) Act, 1929",2(vii)
Q111,The Hindu Married Women's Right to Separate Residence and,Correction 150 question.pdf,Does this Act completely abolish the Dayabhaga or Mitakshara systems of succession?,"Answer Details: No, the Act does not completely abolish the traditional systems. It merely introduces a targeted statutory amendment to alter the order of succession under the Mitakshara school, specifically inserting missing female relatives into positions of higher priority to improve their traditional inheritance status without overriding the broader systemic structures. Maintenance Act, 1946",The Hindu Married Women's Right to Separate Residence and,
Q112,"The Hindu Marriage Registration Act, 2012",Correction 150 question.pdf,When does a Hindu married woman forfeit her right to separate residence and maintenance under this Act?,Answer Details: A Hindu married woman forfeits her statutory right to claim separate residence and maintenance under the Act if she is proved to be guilty of unchastity or if she renounces Hinduism by converting to another religion.,"The Hindu Marriage Registration Act, 2012",
Q113,"The Hindu Marriage Registration Act, 2012",Correction 150 question.pdf,"Who is authorized to register marriages under the Hindu Marriage Registration Act, 2012?","Answer Details: The Government appoints specific individuals known as Hindu Marriage Registrars for designated local areas. These registrars are authorized to maintain the official Hindu Marriage Register, record the statutory details of the marriages brought before them, and issue valid government-recognized marriage certificates. Transitioning to Focus Areas: Deep Dive Multi-Act Scenarios","The Hindu Marriage Registration Act, 2012",
Q114,"The Hindu Marriage Registration Act, 2012",Correction 150 question.pdf,How do Section 52 of the TPA (Lis Pendens) and Order XXXIX of the CPC (Injunctions) complement each other during property litigation?,"Answer Details: They act as complementary statutory shields. While Section 52 of the TPA automatically voids or subordinates any external title creation during pendency, it does not stop physical damage or unauthorized construction. Therefore, litigants must seek an active injunction under Order XXXIX, Rules 1 & 2 of the CPC to structurally halt physical modifications or destruction of the property during the suit.","The Hindu Marriage Registration Act, 2012",52
Q115,"The Hindu Marriage Registration Act, 2012",Correction 150 question.pdf,Compare the limitation calculation for recovering possession under Section 9 of the Specific Relief Act versus a standard title recovery suit.,"Answer Details: A suit under Section 9 of the Specific Relief Act is a summary procedure requiring filing within 6 months of dispossession, and title is irrelevant. Conversely, a regular suit for recovery of possession based on proprietary title falls under the Limitation Act’s schedule, allowing a 12-year limitation window, wherein full title ownership must be judicially established.","The Hindu Marriage Registration Act, 2012",9
Q116,"The Hindu Marriage Registration Act, 2012",Correction 150 question.pdf,What is the interplay between Section 17 of the Registration Act and Section 49 of the same Act regarding unregistered sales?,"Answer Details: While Section 17 declares that a conveyance deed over 100 Taka must be compulsorily registered, Section 49 acts as the enforcement mechanism. It dictates that an unregistered document required to be registered shall not affect any immovable property comprised therein, nor be received as evidence of any transaction affecting such property, except as evidence of part-performance of a contract in a suit for specific performance.","The Hindu Marriage Registration Act, 2012",17
Q117,"The Hindu Marriage Registration Act, 2012",Correction 150 question.pdf,How does the Penal Code's criminal breach of trust (Section 405) intersect with civil liability under the Contract Act?,"Answer Details: A single act can generate both civil and criminal actions. If an agent misappropriates property entrusted to him, he breaches a civil contract, making him liable for damages/accounting under the Contract Act, 1872. Simultaneously, because dishonest misappropriation contains mens rea, it satisfies the definition of Criminal Breach of Trust under Section 405 of the Penal Code, rendering him liable to imprisonment under Section 406.","The Hindu Marriage Registration Act, 2012",405
Q118,"The Civil Courts Act, 1887",Correction 150 question.pdf,How does Section 138 of the NI Act interact with civil suits for money recovery under the CPC?,"Answer Details: A criminal prosecution under Section 138 of the NI Act for a dishonored cheque is an independent punitive action aimed at penalizing the offender. It does not bar the payee from concurrently filing a summary civil suit under Order XXXVII of the CPC for the recovery of the debt amount using the same dishonored cheque as primary documentary evidence. Moving Forward to the Remaining Questions To generate the next set of questions (Questions 76–115), please reply with ""Proceed with Part 3"". Here is Part 2 of your comprehensive legal Q&A collection. It continues with the same structured, section-by-section breakdown across your 28 listed statutes, picking up from Question 36 to Question 75. To turn this into a PDF, you can append this text directly beneath Part 1 in your word processor before exporting.","The Civil Courts Act, 1887",138
Q119,"The Civil Courts Act, 1887",Correction 150 question.pdf,What is the procedure for administrative subordination of Civil Courts under Section 11?,"Answer Details: Under Section 11, the administrative control and subordination of civil courts are clearly mapped. All Assistant Judges, Senior Assistant Judges, and Joint District Judges within a district are structurally subordinate to the Court of the District Judge. The District Judge possesses the administrative power to distribute civil business among these courts, subject to any overarching circulars or rules issued by the High Court Division.","The Civil Courts Act, 1887",11
Q120,"The Civil Courts Act, 1887",Correction 150 question.pdf,How are temporary vacancies in the office of a District Judge managed under Section 10?,"Answer Details: Section 10 dictates that if the office of the District Judge becomes vacant or if the judge is prevented by absence or illness from performing duties, the Additional District Judge or, if there is none, the senior-most officer among the Joint District Judges or Senior Assistant Judges takes charge of the current duties of the office. They can perform routine administrative tasks until a formal appointment or assignment is designated by the Government or High Court Division. Section 2: The Code of Civil Procedure, 1908 (CPC)","The Civil Courts Act, 1887",10
Q121,"The Civil Courts Act, 1887",Correction 150 question.pdf,Can a District Judge invest an Assistant Judge with small cause court powers under this Act?,"Answer Details: Under Section 25 of the Civil Courts Act, 1887, the Government, in consultation with the High Court Division, may invest any Civil Court Judge (including Assistant Judges or Senior Assistant Judges) with the jurisdiction of a Small Cause Court for the trial of suits cognizable by such courts up to a specified pecuniary limit. This allows for a more rapid, summary trial of low-value commercial or debt matters.","The Civil Courts Act, 1887",25
Q122,"The Code of Civil Procedure, 1908 (CPC)",Correction 150 question.pdf,What are the statutory rules regarding the sealing of Civil Court processes under Section 15?,"Answer Details: Section 15 dictates that every Civil Court must use a seal of a form and dimensions prescribed by the Government. Every summons, warrant, order, mandate, or process issued by a Civil Court must be signed by the presiding Judge (or an authorized officer) and must explicitly bear the official seal of that specific court to carry legal force.","The Code of Civil Procedure, 1908 (CPC)",15
Q123,"The Code of Civil Procedure, 1908 (CPC)",Correction 150 question.pdf,"What is a ""Mesne Profit"" under Section 2(12) of the CPC, and how is it calculated?","Answer Details: Section 2(12) defines ""mesne profits"" as those profits which the person in wrongful possession of such property actually received or might with ordinary diligence have received therefrom, together with interest on such profits. Exclusion: It explicitly excludes profits due to improvements made by the person in wrongful possession. It is claimed when a plaintiff sues for the recovery of immovable property from an unauthorized occupant.","The Code of Civil Procedure, 1908 (CPC)",2(12)
Q124,"The Code of Civil Procedure, 1908 (CPC)",Correction 150 question.pdf,Explain the summary procedure under Order XXXVII of the CPC and the conditions for a defendant to appear.,"Answer Details: Order XXXVII provides a fast-track summary procedure for suits upon bills of exchange, hundis, or promissory notes (and extended to specific debt-recovery contracts). Leave to Defend: Unlike ordinary suits, the defendant cannot file a written statement as a matter of right. They must enter an appearance within 10 days of service of the summons and apply for ""leave to defend."" The court will grant leave only if the defendant’s affidavit discloses a bona fide or triable defense.","The Code of Civil Procedure, 1908 (CPC)",
Q125,"The Contract Act, 1872",Correction 150 question.pdf,"What is the purpose of a ""Garnishee Order"" under Order XXI of the CPC?","Answer Details: A Garnishee Order is an execution mechanism under Order XXI, Rules 46A to 46I. It allows a decree-holder to attach and recover monetary sums owed to the judgment-debtor by a third party (the ""Garnishee""). The court orders the Garnishee directly to pay the debt into court instead of paying it to the judgment-debtor.","The Contract Act, 1872",
Q126,"The Contract Act, 1872",Correction 150 question.pdf,Distinguish between a Contract of Indemnity (Section 124) and a Contract of Guarantee (Section 126).,"Answer Details: ○ Indemnity (Section 124): A contract by which one party promises to save the other from loss caused to him by the conduct of the promisor himself, or by the conduct of any other person. There are only two parties (indemnifier and indemnified). Liability is primary. ○ Guarantee (Section 126): A contract to perform the promise, or discharge the liability, of a third person in case of his default. There are three parties (principal debtor, creditor, and surety). Liability of the surety is secondary and collateral to that of the principal debtor.","The Contract Act, 1872",124
Q127,"The Copyright Act, 2023",Correction 150 question.pdf,Explain the doctrine of frustration of contract under Section 56 of the Contract Act.,"Answer Details: Section 56 establishes that an agreement to do an act impossible in itself is void. It further states that a contract to do an act which, after the contract is made, becomes impossible, or, by reason of some event which the promisor could not prevent, unlawful, becomes void when the act becomes impossible or unlawful. This covers subsequent, unforeseen interventions that destroy the core commercial foundation of the agreement.","The Copyright Act, 2023",56
Q128,"The Court Fees Act, 1870",Correction 150 question.pdf,"What civil remedies are available to a copyright owner for infringement under the Copyright Act, 2023?",Answer Details: The owner of a copyright can initiate a civil lawsuit in the Court of the District Judge. The available statutory remedies include: 1. Injunctions (to restrain the continuation of the infringing activity). 2. Damages or an account of profits made by the infringer. 3. Delivery up of all infringing copies and plates used for manufacturing the unauthorized copies.,"The Court Fees Act, 1870",
Q129,"The Code of Criminal Procedure, 1898 (CrPC)",Correction 150 question.pdf,What is the procedure for a refund of court fees on a plaint rejected for undervaluation under Section 13?,"Answer Details: Under Section 13, if an appellate court remands a case for retrial, or if a plaint was rejected by a subordinate court and subsequently the appellate court reverses that decision, the appellant is entitled to receive a certificate from the court authorizing a refund of the court fee paid on the memorandum of appeal or plaint, preventing double taxation for administrative corrections.","The Code of Criminal Procedure, 1898 (CrPC)",13
Q130,"The Code of Criminal Procedure, 1898 (CrPC)",Correction 150 question.pdf,What are the statutory powers of a Court to issue a Proclamation and Attachment for an absconding person under Sections 87 and 88?,"Answer Details: ○ Section 87 (Proclamation): If a Court has reason to believe that any person against whom a warrant has been issued has absconded, it may publish a written proclamation requiring him to appear at a specified place and time not less than 30 days from the date of publishing. ○ Section 88 (Attachment): Simultaneously or after the proclamation, the Court may order the attachment of any property, movable or immovable, belonging to the proclaimed person to compel compliance.","The Code of Criminal Procedure, 1898 (CrPC)",87
Q131,"The Code of Criminal Procedure, 1898 (CrPC)",Correction 150 question.pdf,Explain the statutory provisions for regular bail under Section 497 of the CrPC for non-bailable offences.,"Answer Details: Section 497 dictates that a person accused of a non-bailable offence may be released on bail, except if there appear reasonable grounds for believing that he has been guilty of an offence punishable with death or imprisonment for life. Exceptions for Release: The section contains an explicit proviso stating that the Court may direct that any person under the age of sixteen years, or any woman, or any sick or infirm person be released on bail even if the offence carries capital punishment.","The Code of Criminal Procedure, 1898 (CrPC)",497
Q132,"The Evidence Act, 1872",Correction 150 question.pdf,"What is the procedure for an ""Inquest Report"" under Section 174 of the CrPC?","Answer Details: Under Section 174, an officer in charge of a police station or an authorized Magistrate, upon receiving information that a person has committed suicide, or has been killed by another, or by an animal, machinery, or accident, must immediately proceed to the place where the body is and make an investigation into the apparent cause of death. They prepare an Inquest Report detailing wounds, fractures, and bruises, signed by the officer and local witnesses.","The Evidence Act, 1872",174
Q133,"The Evidence Act, 1872",Correction 150 question.pdf,"When is an ""Admission"" relevant, and can it be used in favor of the person making it under Sections 17 and 21?","Answer Details: Section 17 defines an admission as a statement, oral or documentary, which suggests any inference as to any fact in issue or relevant fact. Rule of Relevancy (Section 21): Admissions are relevant and can generally be proved against the person who makes them or his representative in interest. They cannot be proved by or on behalf of the person who makes them, except under specific statutory exceptions (e.g., if it is of such a nature that, if the person making it were dead, it would be admissible as a dying declaration).","The Evidence Act, 1872",17
Q134,"The Bangladesh Labour Act, 2006",Correction 150 question.pdf,"What is the difference between ""Presumption of Fact"" (May Presume) and ""Presumption of Law"" (Shall Presume) under Section 4?","Answer Details: ○ May Presume: Whenever it is provided by the Act that the Court may presume a fact, it may either regard such fact as proved, unless and until it is disproved, or may call for proof of it (discretionary). ○ Shall Presume: Whenever it is directed by the Act that the Court shall presume a fact, it shall regard such fact as proved, unless and until it is disproved (mandatory; the court has no discretion to call for proof initially, but the opposing party can lead evidence to rebut it).","The Bangladesh Labour Act, 2006",
Q135,"The Limitation Act, 1908",Correction 150 question.pdf,What are the statutory requirements for the termination of employment by a worker via resignation under Section 27?,"Answer Details: Under Section 27, a permanent worker may resign from employment by giving the employer notice in writing. Notice Period: The worker must give 60 days' notice if they are a permanent monthly- rated worker, or 30 days' notice if they are a piece-rated/hourly worker. If a worker resigns without notice, they must pay the employer wages in lieu of the notice period. Permanent workers with at least 5 years of service are entitled to compensation/gratuity upon resignation.","The Limitation Act, 1908",27
Q136,"The Negotiable Instruments Act, 1881 (NI Act)",Correction 150 question.pdf,"What is the effect of ""Fraud"" or concealment on the calculation of a limitation period under Section 18?","Answer Details: Section 18 establishes that where a person having a right to institute a suit or make an application has been kept from the knowledge of such right or title by fraud, or where any document necessary to establish such right has been fraudulently concealed, the time for computing limitation shall be reckoned from the time when the fraud first became known to the affected party, or when they first had the means of producing the concealed document.","The Negotiable Instruments Act, 1881 (NI Act)",18
Q137,"The Public Demands Recovery Act, 1913 (PDR Act)",Correction 150 question.pdf,"Explain the concept of a ""Holder in Due Course"" under Section 9 of the NI Act.","Answer Details: Section 9 defines a ""Holder in Due Course"" as any person who for consideration becomes the possessor of a promissory note, bill of exchange, or cheque, if payable to bearer, or the payee or indorsee thereof, before the amount mentioned in it became payable, and without having sufficient cause to believe that any defect existed in the title of the person from whom he derived his title.","The Public Demands Recovery Act, 1913 (PDR Act)",9
Q138,"The Penal Code, 1860",Correction 150 question.pdf,What is the process of execution available to a Certificate-officer to realize public arrears under Section 22?,"Answer Details: Under Section 22, if a certificate is not satisfied after notice and the resolution of any objections, the Certificate-officer may execute it by: 1. Attachment and sale, or sale without attachment, of any property belonging to the debtor. 2. Attachment of any decree passed by a Civil Court in favor of the debtor. 3. Arrest of the certificate-debtor and detention in civil prison.","The Penal Code, 1860",22
Q139,"The Registration Act, 1908",Correction 150 question.pdf,What are the boundaries and limitations of the Right of Private Defence of the body under Sections 96 to 102?,"Answer Details: Section 96 states nothing is an offence which is done in the exercise of the right of private defence. Limitations (Section 99): There is no right of private defence against an act which does not reasonably cause the apprehension of death or of grievous hurt, if done by a public servant acting in good faith. Crucially, the right in no case extends to the inflicting of more harm than it is necessary to inflict for the purpose of defence (proportionality principle).","Penal Code, 1860",96
Q140,"The Specific Relief Act, 1877",Correction 150 question.pdf,What is the consequence of non-registration of documents required to be registered under Section 49?,"Answer Details: Under Section 49, any document required by Section 17 to be registered shall not: 1. Affect any immovable property comprised therein. 2. Confer any power to adopt. 3. Be received as evidence of any transaction affecting such property or conferring such power. Proviso Exception: It can be received as evidence of part-performance of a contract in a suit for specific performance under the Specific Relief Act, or as evidence of collateral transactions.","The Specific Relief Act, 1877",49
Q141,"The Suits Valuation Act, 1887",Correction 150 question.pdf,"Under what conditions can a Court order the ""Rectification of Instruments"" under Section 31?","Answer Details: Section 31 states that when, through fraud or a mutual mistake of the parties, a contract or other instrument in writing does not express their real intention, either party or their representative in interest may institute a suit to have the instrument rectified. The Court must be satisfied that the instrument failed to show the true intent without overriding the rights acquired by third parties in good faith.","The Suits Valuation Act, 1887",31
Q142,"The Income Tax Act, 2023",Correction 150 question.pdf,Power of the Government to make rules determining the value of land for jurisdictional purposes under Section 3.,"Answer Details: Under Section 3, the Government may make rules for determining the value of land for the purposes of jurisdiction in suits mentioned in the Court Fees Act, 1870, Section 7, paragraphs v and vi, and paragraph x, clause (d). This creates an objective state standard for valuation separate from fluctuating local market speculations.","The Income Tax Act, 2023",3
Q143,"The Stamp Act, 1899",Correction 150 question.pdf,What are the penal consequences for intentional non-filing of income tax returns under the current Income Tax Act?,"Answer Details: Under the current Income Tax Act, 2023 framework, an assessee who fails to file their income tax return within the statutory ""Tax Day"" deadline without a valid extension is subject to a mandatory financial penalty. Additionally, continuing defaults can result in the suspension of utility connections, commercial licenses, or the withholding of their Taxpayer's Identification Number (TIN) verifications for essential civic transactions.","The Stamp Act, 1899",
Q144,"The Trademarks Act, 2009",Correction 150 question.pdf,What is the procedure for the adjudication of proper stamp duty by a Collector under Section 31?,"Answer Details: Under Section 31, when an instrument, whether executed or not and whether sufficiently stamped or not, is brought to the Collector, and the person bringing it applies to have the proper duty determined, the Collector shall determine the duty based on the statutory rates and endorse the instrument accordingly upon payment of any deficiency.","The Trademarks Act, 2009",31
Q145,"The Transfer of Property Act, 1882 (TPA)",Correction 150 question.pdf,What is the statutory penalty for falsifying or applying a false trademark under Section 73?,"Answer Details: Under Section 73, any person who falsifies any trademark or falsely applies to goods any trademark shall be punishable with imprisonment for a term which may extend to 2 years, or with a fine, or with both. For a second or subsequent conviction, the penalty can extend to a term of 3 years.","The Transfer of Property Act, 1882 (TPA)",73
Q146,"The Land Reforms Act, 2023",Correction 150 question.pdf,"Explain the doctrine of ""Part Performance"" under Section 53A of the TPA.","Answer Details: Section 53A protects a transferee who has taken possession of an immovable property under an un-registered contract for transfer. If the transferee has performed or is willing to perform his part of the contract and has taken possession, the transferor is barred from enforcing any right against the transferee in respect of that property other than a right expressly provided by the contract terms.","The Land Reforms Act, 2023",53A
Q147,"The Non-Agricultural Tenancy Act, 1949 (NAT Act)",Correction 150 question.pdf,"What is the legal status of ""Benami"" transactions of land under the Land Reforms Act, 2023?","Answer Details: The Land Reforms Act, 2023, takes a strict stance on Benami land transfers (holding land in the name of another to mask true ownership). Any land held Benami is subject to direct statutory confiscation by the state without any compensation, and the real beneficial owner as well as the apparent titleholder face additional regulatory penalties and criminal prosecution under state asset tracking guidelines.","The Non-Agricultural Tenancy Act, 1949 (NAT Act)",
Q148,"The Partition Act, 1893",Correction 150 question.pdf,What are the components that must accompany a pre-emption application under Section 24?,Answer Details: An application for pre-emption under Section 24 must be filed before a competent Civil Court accompanied by: 1. The full consideration money of the transferred land as stated in the registered deed. 2. Statutory compensation calculated at 10% of the consideration money. 3. An annual interest payment if delayed within acceptable statutory notice boundaries.,"The Partition Act, 1893",24
Q149,"The State Acquisition and Tenancy Act, 1950 (SAT Act)",Correction 150 question.pdf,What is the procedure for buying out a share of a party requesting a sale under Section 3?,"Answer Details: Under Section 3, if a party applies for a sale of property under Section 2, any other shareholder may apply to the court for leave to buy at a valuation the share of the party asking for the sale. The court will order a valuation of the share and offer it to the non-selling co-sharer, preventing a complete public auction if internal buyouts are viable.","The State Acquisition and Tenancy Act, 1950 (SAT Act)",96
Q150,"The Muslim Family Laws Ordinance, 1961",Correction 150 question.pdf,What is the limitation period and deposit rule for a pre-emption application under Section 96 of the SAT Act?,"Answer Details: Under Section 96, an application must be made within 4 months of the date of service of notice of transfer, or within 4 months of the date of knowledge if no notice was served. The applicant must deposit the full purchase money into court alongside a mandatory 25% statutory compensation fee to make the application legally maintainable.","The Muslim Family Laws Ordinance, 1961",96
Q151,"The Dissolution of Muslim Marriages Act, 1939",Correction 150 question.pdf,"Explain the statutory composition and function of the ""Arbitration Council"" under this Ordinance.","Answer Details: Under Section 2, the ""Arbitration Council"" consists of the Chairman of the local government body (e.g., Union Parishad) and one representative nominated by each of the two contesting parties (e.g., husband and wife). Its statutory function is to arbitrate matters of polygamy, divorce reconciliation, and the execution of maintenance claims.","The Dissolution of Muslim Marriages Act, 1939",2
Q152,"The Hindu Law of Inheritance (Amendment) Act, 1929",Correction 150 question.pdf,"How does the ground of ""Husband’s Impotency"" operate under Section 2(v) of the Act?","Answer Details: Under Section 2(v), a wife can sue for dissolution if the husband was impotent at the time of the marriage and continues to be so. Procedural Rule: Before passing a decree on this ground, the Court must, on application by the husband, make an order requiring the husband to satisfy the Court within a period of 1 year from the date of such order that he has ceased to be impotent. If he fails to do so, the decree is passed.","The Hindu Law of Inheritance (Amendment) Act, 1929",2(v)
Q153,The Hindu Married Women's Right to Separate Residence and,Correction 150 question.pdf,Does this Act apply to a Hindu who dies leaving behind a Will (Testate Succession)?,"Answer Details: No. This Act specifically governs and amends the rules of intestate succession (where a person dies without leaving a valid Will). It does not affect or limit the right of a Hindu to dispose of their self-acquired property via a valid testamentary Will under general Hindu law frameworks. Maintenance Act, 1946",The Hindu Married Women's Right to Separate Residence and,
Q154,"The Hindu Marriage Registration Act, 2012",Correction 150 question.pdf,Can a court reduce or alter the maintenance amount once fixed under this Act?,"Answer Details: Yes. The right to maintenance is continuous but subject to economic fluctuations. A competent civil court retains the statutory discretion to modify, increase, or reduce the maintenance amount upon proof of a material change in the financial circumstances of either the husband or the separated wife.","The Hindu Marriage Registration Act, 2012",
Q155,"The Hindu Marriage Registration Act, 2012",Correction 150 question.pdf,What information must be contained in a Hindu Marriage Registration Form under the 2012 Rules?,"Answer Details: The official registration form must explicitly verify: 1. The names, ages, and signatures/thumb impressions of the bride and groom. 2. The formal addresses and parentage of both parties. 3. The date and place where the religious marriage rites were performed. 4. The names and signatures of at least two witnesses alongside the signature of the authorized Hindu Marriage Registrar. Multi-Act Intersections & Practical Litigation Scenarios","The Hindu Marriage Registration Act, 2012",
Q156,"The Hindu Marriage Registration Act, 2012",Correction 150 question.pdf,"Detail the procedural friction between Section 138 of the NI Act and the Limitation Act, 1908.","Answer Details: Section 138 of the NI Act is a self-contained code containing strict, non-extendable statutory limitation windows for sending notices (30 days) and filing complaints (1 month from cause of action). The general provisions for condonation of delay under Section 5 of the Limitation Act, 1908, cannot be routinely applied to override a complete failure to meet the NI Act's internal timelines.","The Hindu Marriage Registration Act, 2012",138
Q157,"The Hindu Marriage Registration Act, 2012",Correction 150 question.pdf,How does a plaintiff balance Section 9 of the Specific Relief Act with Section 11 of the CPC?,"Answer Details: A suit under Section 9 of the Specific Relief Act only decides immediate possession, not ultimate ownership title. Therefore, a decree under Section 9 does not operate as Res Judicata under Section 11 of the CPC against a subsequent, regular title-suit filed by either party to conclusively establish ownership and recover permanent possession.","The Hindu Marriage Registration Act, 2012",9
Q158,"The Hindu Marriage Registration Act, 2012",Correction 150 question.pdf,"What is the impact of an unstamped document (Stamp Act, Section 35) when establishing a contract under Section 10 of the Contract Act?","Answer Details: An unstamped document does not invalidate the underlying contract's existence under Section 10 of the Contract Act, but Section 35 of the Stamp Act completely bars its admissibility as evidence in court. The contract remains valid but procedurally unenforceable until the document is ""impounded"" and the deficit stamp duty along with the statutory penalty is paid.","The Hindu Marriage Registration Act, 2012",10
Q159,"The Hindu Marriage Registration Act, 2012",Correction 150 question.pdf,Explain the interaction between Section 54 of the TPA and Section 17 of the Registration Act in Bangladesh.,"Answer Details: They form an ironclad rule for land transactions. While Section 54 of the TPA sets the substantive requirement that sales must be executed via written, registered instruments, Section 17 of the Registration Act provides the formal procedural mandate making registration compulsory. Without their concurrent satisfaction, no real property title passes to a buyer.","The Hindu Marriage Registration Act, 2012",54
Q160,"The Hindu Marriage Registration Act, 2012",Correction 150 question.pdf,How do Section 144 orders under the CrPC assist in maintaining status quo during pending civil land suits under the CPC?,"Answer Details: When a civil court takes time to process an injunction application under Order XXXIX of the CPC, local parties may attempt to forcefully alter the land's physical layout, risking a breach of peace. Litigants frequently use Section 144 of the CrPC as an emergency measure through law enforcement to halt all entry or work on the disputed land until the civil court issues its formal order.","The Hindu Marriage Registration Act, 2012",144
Q161,"The Hindu Marriage Registration Act, 2012",Correction 150 question.pdf,Discuss how Section 34 of the Penal Code is proved using circumstantial evidence under the Evidence Act.,"Answer Details: ""Common intention"" under Section 34 of the Penal Code is a mental state and is rarely proven by direct documentation. Under the Evidence Act, 1872, it is established through conduct, surrounding circumstances, and subsequent actions of the co-accused (relevant under Sections 6 and 8), proving a prior meeting of minds or spontaneous alignment at the crime scene.","The Hindu Marriage Registration Act, 2012",34
Q162,"The Hindu Marriage Registration Act, 2012",Correction 150 question.pdf,How do the pre-emption rights under Section 96 of the SAT Act and Section 24 of the NAT Act differ regarding agricultural vs. non-agricultural land?,"Answer Details: The fundamental difference lies in the subject matter and financial rules. Section 96 of the SAT Act applies strictly to agricultural land and requires a 25% statutory compensation deposit. Conversely, Section 24 of the NAT Act applies to non-agricultural land situated in urban/suburban zones and requires a 10% compensation deposit.","The Hindu Marriage Registration Act, 2012",96
Q163,"The Hindu Marriage Registration Act, 2012",Correction 150 question.pdf,What happens if a worker files a claim under Section 27 of the Labour Act but the contract violates Section 10 of the Contract Act?,"Answer Details: If an employment contract is void ab initio under Section 10 of the Contract Act (e.g., signed by a minor or for an illegal object), the Labour Court will reject the claim. A worker must have a legally valid, lawful employment status under general contract principles to claim the statutory benefits or protections of the Bangladesh Labour Act, 2006.","The Hindu Marriage Registration Act, 2012",10
Q164,"The Hindu Marriage Registration Act, 2012",Correction 150 question.pdf,Contrast the evidentiary value of a confession under Section 164 of the CrPC with an admission under Section 17 of the Evidence Act.,"Answer Details: A Section 164 confession is a formal statement of guilt made by an accused before a Magistrate under judicial warnings, carrying the highest weight and capable of forming the sole basis of conviction if voluntary. An admission under Section 17 of the Evidence Act is a broader civil or criminal statement regarding specific facts, which acts as an estoppel but is not conclusive proof by itself.","The Hindu Marriage Registration Act, 2012",164
Q165,"The Civil Courts Act, 1887",Correction 150 question.pdf,"How does a Partition Suit under the Partition Act, 1893, interact with the Court Fees Act, 1870, for fixed vs. ad valorem fees?","Answer Details: If the plaintiff is in joint physical possession of the family property and merely seeks a formal separation of shares, they pay a fixed court fee under Schedule II of the Court Fees Act. However, if they have been completely excluded or dispossessed from the property by other co-sharers, they must pay an ad valorem court fee based on the market value of their specific share to recover possession.","The Civil Courts Act, 1887",
Q166,"The Civil Courts Act, 1887",Correction 150 question.pdf,What are the statutory limits regarding the alteration of local limits of jurisdiction under Section 13?,"Answer Details: Under Section 13, the Government may, by notification in the Official Gazette, fix and alter the local limits of the jurisdiction of any Civil Court. Where the local limits of a court's jurisdiction are altered, any pending suit or proceeding which would have been triable in that court remains unaffected unless the notification or a specific directive from the High Court Division expressly transfers those active cases to another court.","The Civil Courts Act, 1887",13
Q167,"The Code of Civil Procedure, 1908 (CPC)",Correction 150 question.pdf,What is the provision for the investment of a District or Joint District Judge with special powers under Section 24?,"Answer Details: Section 24 allows the Government, upon the recommendation of the High Court Division, to invest any District Judge or Joint District Judge with the power to hear appeals from decrees or orders of Senior Assistant Judges or Assistant Judges. This is an administrative mechanism designed to alleviate case backlogs by distributing appellate workloads.","The Code of Civil Procedure, 1908 (CPC)",24
Q168,"The Code of Civil Procedure, 1908 (CPC)",Correction 150 question.pdf,"Explain the statutory principle of ""Inherent Powers of the Court"" under Section 151 of the CPC.","Answer Details: Section 151 explicitly preserves the inherent powers of a Civil Court. It states that nothing in the CPC shall be deemed to limit or otherwise affect the inherent power of the court to make such orders as may be necessary for the ends of justice or to prevent abuse of the process of the court. It is an extraordinary residual power used only when no specific, explicit provision exists in the Code to address a particular procedural anomaly.","The Code of Civil Procedure, 1908 (CPC)",151
Q169,"The Code of Civil Procedure, 1908 (CPC)",Correction 150 question.pdf,"What are the mandatory rules for serving a summons on a corporate entity under Order XXIX, Rule 2?","Answer Details: Under Order XXIX, Rule 2, where the suit is against a corporation, the summons may be served: 1. On the secretary, or on any director, or other principal officer of the corporation; or 2. By leaving it or sending it by post addressed to the corporation at its registered office, or if there is no registered office, at the place where the corporation carries on business.","The Code of Civil Procedure, 1908 (CPC)",
Q170,"The Contract Act, 1872",Correction 150 question.pdf,"Under what circumstances can an appellate court accept ""Additional Evidence"" under Order XLI, Rule 27?","Answer Details: Order XLI, Rule 27 restricts the production of additional evidence in an appellate court. It is permissible only if: 1. The court from whose decree the appeal is preferred refused to admit evidence which ought to have been admitted; or 2. The appellate court requires any document to be produced or any witness to be examined to enable it to pronounce judgment; or 3. For any other substantial cause.","The Contract Act, 1872",
Q171,"The Copyright Act, 2023",Correction 150 question.pdf,"What is the status of an agreement in restraint of trade under Section 27, and what is its sole exception?","Answer Details: Section 27 states that every agreement by which any person is restrained from exercising a lawful profession, trade, or business of any kind is to that extent void. Statutory Exception: The only exception is the sale of the goodwill of a business, where a buyer may agree with the seller to refrain from carrying on a similar business within specified local limits, provided such limits appear reasonable to the Court. Q122: Explain the principle of ""Agency by Ratification"" and its limits under Sections 196 and 197. Answer Details: Under Section 196, where acts are done by one person on behalf of another but without his knowledge or authority, the person may elect to ratify or to disown such acts. If he ratifies them, the same effects will follow as if they had been performed by his prior authority. Under Section 197, ratification may be expressed or implied by conduct, but it cannot validly validate an act that would injure a third party or violate public policy.","The Copyright Act, 2023",27
Q172,"The Court Fees Act, 1870",Correction 150 question.pdf,"What constitutes the statutory definition of ""Fair Dealing"" under the Copyright Act, 2023?","Answer Details: The Act provides that certain acts do not constitute an infringement of copyright. ""Fair Dealing"" includes the reproduction or adaptation of a work strictly for: 1. Private or personal use, including research or educational study. 2. Criticism, review, or news reporting in newspapers, magazines, or broadcasting media, provided a proper citation or acknowledgment of the original author is explicitly made.","The Court Fees Act, 1870",
Q173,"The Code of Criminal Procedure, 1898 (CrPC)",Correction 150 question.pdf,How are court fees determined for a suit seeking a declaratory decree with consequential relief under Section 7(iv)(c)?,"Answer Details: Under Section 7(iv)(c), in suits to obtain a declaratory decree or order where consequential relief is prayed, the plaintiff must state the amount at which he values the relief sought. The court fee is calculated ad valorem based on this stated valuation. However, under the Suits Valuation Act, this valuation must align with the actual economic or market value of the subject matter to prevent arbitrary undervaluation.","The Code of Criminal Procedure, 1898 (CrPC)",7(iv)
Q174,"The Evidence Act, 1872",Correction 150 question.pdf,"What is the procedure for a Magistrate to take ""Cognizance of an Offence"" under Section 190 of the CrPC?","Answer Details: Under Section 190, any Metropolitan Magistrate, District Magistrate, or Magistrate of the first class may take cognizance of any offence: 1. Upon receiving a complaint of facts which constitute such offence (C.R. Case). 2. Upon a police report of such facts (G.R. Case). 3. Upon information received from any person other than a police officer, or upon his own knowledge or suspicion that such offence has been committed. Q126: Explain the structure and execution of a ""Summary Trial"" under Sections 260 to 265 of the CrPC. Answer Details: Under Section 260, specified Magistrates are empowered to try certain offenses in a summary manner (e.g., offenses not punishable with death, transportation, or imprisonment exceeding 2 years, theft under low values). Under Section 262, the maximum term of imprisonment that can be passed in a summary trial is restricted to 2 months. The record is brief, consisting of a statutory form and a short judgment. Q127: What is the statutory difference between a ""Reference"" (Section 432) and an ""Appeal"" under the CrPC? Answer Details: ○ Reference (Section 432): A lower court submits a question of law or the validity of an Act/Ordinance to the High Court Division for its authoritative opinion, before finalizing its own judgment. ○ Appeal: A statutory right exercised by an aggrieved party (the accused or the state) after a final judgment or order has been delivered, seeking a superior court's total reversal or modification of the conviction/sentence.","The Evidence Act, 1872",190
Q175,"The Evidence Act, 1872",Correction 150 question.pdf,"What is the standard for admitting ""Expert Opinion"" evidence under Section 45?","Answer Details: Section 45 provides that when the Court has to form an opinion upon a point of foreign law, science, art, or as to identity of handwriting or finger impressions, the opinions upon that point of persons specially skilled in such areas (experts) are relevant facts. Such evidence is advisory in nature and must be corroborated; the court is not bound blindly to follow it.","The Evidence Act, 1872",45
Q176,"The Bangladesh Labour Act, 2006",Correction 150 question.pdf,"Explain the rule of ""Hostile Witness"" under Section 154 of the Evidence Act.","Answer Details: Section 154 allows the court, in its discretion, to permit the person who calls a witness to put any questions to him which might be put in cross-examination by the adverse party. This occurs when a witness exhibits a distinct animus against the party who called them or completely recants their prior statement, allowing the calling party to impeach their credibility.","The Bangladesh Labour Act, 2006",154
Q177,"The Limitation Act, 1908",Correction 150 question.pdf,What is the statutory procedure for a worker to file a grievance under Section 33?,"Answer Details: Under Section 33, any worker who has a grievance against an employer regarding a lay-off, retrenchment, discharge, dismissal, or termination must bring his grievance to the notice of the employer in writing within 30 days of the cause of action. The employer must communicate his decision within 15 days. If the employer fails or if the worker is dissatisfied, the worker may file a formal complaint directly to the Labour Court within the next 30 days.","The Limitation Act, 1908",33
Q178,"The Negotiable Instruments Act, 1881 (NI Act)",Correction 150 question.pdf,"How does an ""Acknowledgement in Writing"" affect the calculation of limitation under Section 19?","Answer Details: Under Section 19, if, before the expiration of the period prescribed for a suit or application in respect of any property or right, an acknowledgment of liability has been made in writing and signed by the party against whom the right is claimed, a fresh period of limitation shall be computed from the time when the acknowledgment was so signed.","The Negotiable Instruments Act, 1881 (NI Act)",19
Q179,"The Public Demands Recovery Act, 1913 (PDR Act)",Correction 150 question.pdf,"What constitutes a valid ""Notice of Dishonour"" under Section 138, and what is its mandatory delivery window?","Answer Details: For a cheque dishonour to mature into a criminal offense under Section 138, the payee must give a notice in writing to the drawer demanding payment of the money. This notice must be given within 30 days of the receipt of information from the bank regarding the return of the cheque as unpaid. The drawer is then given 30 days from the receipt of the notice to make the payment before a criminal complaint can be filed.","The Public Demands Recovery Act, 1913 (PDR Act)",138
Q180,"The Penal Code, 1860",Correction 150 question.pdf,Under what grounds can a certificate sale be set aside under Section 35?,"Answer Details: Under Section 35, a certificate sale of immovable property may be set aside by the Certificate-officer upon an application made within 30 days from the date of sale, on the ground of a material irregularity or fraud in publishing or conducting the sale. The applicant must prove that they sustained substantial injury by reason of such irregularity or fraud.","The Penal Code, 1860",35
Q181,"The Registration Act, 1908",Correction 150 question.pdf,"What constitutes the offense of ""Cheating"" under Section 415, and how is it punished under Section 420?","Answer Details: ○ Section 415 (Cheating): Whoever, by deceiving any person, fraudulently or dishonestly induces the person so deceived to deliver any property to any person, or to consent that any person shall retain any property. ○ Section 420 (Punishment): Covers cheating and dishonestly inducing delivery of property. It carries a maximum punishment of 7 years of imprisonment along with a mandatory financial fine, distinguishing itself from simple cheating by the physical delivery or destruction of valuable securities.","The Registration Act, 1908",415
Q182,"The Registration Act, 1908",Correction 150 question.pdf,What is the procedure for registering a document when the executing party refuses to appear under Section 36?,"Answer Details: Under Section 36, if any person executing a document refuses to appear before the registering officer, the registering officer may, upon the application of the presenter, issue a summons requiring such person to appear at the registration office. If they fail to appear or deny execution, the officer will refuse registration, triggering the appellate remedy of a suit under Section 77. Section 14: The Specific Relief Act, 1877","The Registration Act, 1908",36
Q183,"The Suits Valuation Act, 1887",Correction 150 question.pdf,"Under what criteria will a Court grant a ""Mandatory Injunction"" under Section 55?","Answer Details: Under Section 55, when, to prevent the breach of an obligation, it is necessary to compel the performance of certain acts which the Court is capable of enforcing, the Court may in its discretion grant an injunction to prevent the breach complained of, and also to compel performance of the requisite acts. It requires the active removal of an illegal structural status quo.","The Suits Valuation Act, 1887",55
Q184,"The Income Tax Act, 2023",Correction 150 question.pdf,What is the statutory layout of Section 8 regarding the valuation of suits for court fees and jurisdiction?,"Answer Details: Section 8 establishes that where in suits other than those referred to in the Court Fees Act, 1870, Section 7, paragraphs v, vi, vii, and x, clause (d), court fees are payable ad valorem under the Court Fees Act, 1870, the value as determinable for the computation of court fees and the value for purposes of jurisdiction shall be the same. It explicitly ties jurisdictional competency to the fiscal evaluation of the suit.","The Income Tax Act, 2023",8
Q185,"The Stamp Act, 1899",Correction 150 question.pdf,"What is the mandate for ""Tax Deducted at Source"" (TDS) on commercial real estate transactions under the current Act?","Answer Details: Under the contemporary Income Tax Act, 2023 framework, any corporate or structured entity executing a commercial real estate lease or purchase agreement must deduct tax at source (TDS) at specified statutory percentages before transferring payments to the lessor or vendor. Failure to comply bars the transaction from being recognized as a deductible business expense during corporate annual audits.","The Stamp Act, 1899",
Q186,"The Trademarks Act, 2009",Correction 150 question.pdf,What is the legal effect of executing an instrument on material not properly stamped under Section 17?,"Answer Details: Section 17 requires that all instruments chargeable with duty and executed by any person in Bangladesh shall be stamped before or at the time of execution. If executed unstamped, it immediately triggers the evidentiary absolute bar under Section 35, rendering it legally paralyzed until corrected through fiscal impounding.","The Trademarks Act, 2009",17
Q187,"The Transfer of Property Act, 1882 (TPA)",Correction 150 question.pdf,"Explain the statutory concept of an ""Associated Trademark"" under Section 13.","Answer Details: Under Section 13, where a trademark that is registered, or is the subject of an application for registration, in respect of any goods or services is identical with another trademark or so nearly resembles it as to be likely to deceive if used by a person other than the proprietor, the Registrar may require that the trademarks shall be entered on the register as associated trademarks. They cannot be assigned or transferred separately.","The Transfer of Property Act, 1882 (TPA)",13
Q188,"The Land Reforms Act, 2023",Correction 150 question.pdf,"What are the primary rights and liabilities of a Mortgagor regarding the ""Right to Redemption"" under Section 60?","Answer Details: Section 60 details the Mortgagor’s fundamental Right to Redemption. At any time after the principal money has become due, the mortgagor has a right, on payment or tender of the mortgage money, to require the mortgagee to deliver the mortgage deed and all documents to him, and to re-transfer the property. This right cannot be clogged or extinguished by any private contractual stipulation.","The Land Reforms Act, 2023",60
Q189,"The Non-Agricultural Tenancy Act, 1949 (NAT Act)",Correction 150 question.pdf,"What are the restrictions placed on the conversion of agricultural land under the Land Reforms Act, 2023?","Answer Details: The Land Reforms Act, 2023, strictly restricts the conversion of fertile agricultural land into non-agricultural use (such as housing or commercial factories) without explicit, written prior permission from the authorized state land body. Unauthorized conversions are completely void, render the land liable to forfeiture, and subject the violator to statutory financial penalties.","The Non-Agricultural Tenancy Act, 1949 (NAT Act)",
Q190,"The Non-Agricultural Tenancy Act, 1949 (NAT Act)",Correction 150 question.pdf,Explain the landlord's right to enhance rent under Section 13 of the NAT Act.,"Answer Details: Under Section 13, a landlord may apply to a competent court to enhance the rent of a non-agricultural tenant on specific grounds, including a substantial increase in the local value of the land or improvements made to the property at the landlord's expense. However, such enhancement cannot be arbitrary and is structurally restricted to fixed percentages over specified multi-year intervals. Section 22: The Partition Act, 1893","The Non-Agricultural Tenancy Act, 1949 (NAT Act)",13
Q191,"The State Acquisition and Tenancy Act, 1950 (SAT Act)",Correction 150 question.pdf,Can a Court order a partial sale and partial partition of a property under this Act?,"Answer Details: Yes. If a family estate contains multiple parcels of land or a complex multi-story building where some parts are easily divisible among co-sharers but other parts (like an internal core structure or a main entry gate) cannot be severed without destroying the property's utility, the Court has the judicial discretion to partition the divisible portions and order a sale of the indivisible sections under Sections 2 and 3.","Partition Act, 1893",9
Q192,"The Muslim Family Laws Ordinance, 1961",Correction 150 question.pdf,"What constitutes the statutory grounds for the preparation of a ""Record-of-Rights"" (Khatian) under Section 144 of the SAT Act?","Answer Details: Under Section 144, the Government may direct that a Record-of-Rights be prepared or revised by a revenue officer for a local area. The grounds include updating mutations, correcting historical mapping errors, recording structural changes due to river avulsion/alluvion, and establishing absolute state clarity regarding who holds active tenant (Raiyat) liabilities.","The Muslim Family Laws Ordinance, 1961",144
Q193,"The Dissolution of Muslim Marriages Act, 1939",Correction 150 question.pdf,What is the statutory penalty for contracting a polygamous marriage in violation of Section 6?,"Answer Details: Under Section 6, any man who contracts another marriage without the prior written permission of the Arbitration Council shall: 1. Be liable to pay immediately the entire amount of the dower (Mahr), whether prompt or deferred, due to the existing wife or wives. 2. Upon conviction following a formal complaint, be punishable with simple imprisonment which may extend to 1 year, or with a fine, or with both.","The Dissolution of Muslim Marriages Act, 1939",6
Q194,"The Hindu Law of Inheritance (Amendment) Act, 1929",Correction 150 question.pdf,"How does the ground of ""Failure to Provide Maintenance"" operate under Section 2(ii) of the Act?","Answer Details: Under Section 2(ii), a Muslim woman can seek a divorce decree if the husband has failed to provide for her maintenance for a continuous period of 2 years. This right remains absolute even if the husband's failure is due to poverty, ill- health, incarceration, or simple unemployment, provided the wife has not un-lawfully refused to live with him without a valid legal cause.","The Hindu Law of Inheritance (Amendment) Act, 1929",2(ii)
Q195,The Hindu Married Women's Right to Separate Residence and,Correction 150 question.pdf,What is the exact statutory ranking given to a sister under this Act?,"Answer Details: The Act explicitly elevates a sister in the order of succession under the Mitakshara school, placing her immediately after the father's father and before the father's brother (paternal uncle). This disrupted the absolute priority of distant male agnates in favor of close female cognates. Maintenance Act, 1946",The Hindu Married Women's Right to Separate Residence and,
Q196,"The Hindu Marriage Registration Act, 2012",Correction 150 question.pdf,"What constitutes ""Justifiable Cause"" for separate residence under Section 2 of the Act?","Answer Details: Under Section 2, a Hindu married woman is entitled to separate residence and maintenance if the husband: 1. Is suffering from a loathsome disease not contracted from her. 2. Is guilty of such cruelty as renders it unsafe or undesirable to live with him. 3. Keeps a concubine in the house or habitually resides with one. 4. Marries again.","The Hindu Marriage Registration Act, 2012",2
Q197,"The Hindu Marriage Registration Act, 2012",Correction 150 question.pdf,Does the failure to register a Hindu marriage under the 2012 Act invalidate the religious union?,"Answer Details: No. Section 3 of the Hindu Marriage Registration Act, 2012, explicitly clarifies that the registration of a Hindu marriage is optional and procedural. A failure to register the marriage does not affect the legal validity or sanctity of a marriage solemnized under traditional Hindu religious rites, customs, and ceremonies.","The Hindu Marriage Registration Act, 2012",3
